[  0%] Building C object examples/sentai_runtime/CMakeFiles/libh3_arm.dir/__/__/third_party/h3/src/h3lib/lib/algos.c.obj
[  0%] Building C object libs/littlefs/CMakeFiles/libs_littlefs-m4.dir/__/__/third_party/nxp/rt1176-sdk/middleware/littlefs/lfs_util.c.obj
[  0%] Building C object libs/littlefs/CMakeFiles/libs_littlefs-m4.dir/__/__/third_party/nxp/rt1176-sdk/middleware/littlefs/lfs.c.obj
[  0%] Building C object examples/sentai_runtime/CMakeFiles/libh3_arm.dir/__/__/third_party/h3/src/h3lib/lib/area.c.obj
[  0%] Incrementing build version...
[  0%] Building C object examples/sentai_runtime/CMakeFiles/shine.dir/__/__/third_party/shine/src/lib/bitstream.c.obj
[  0%] Building C object examples/sentai_runtime/CMakeFiles/shine.dir/__/__/third_party/shine/src/lib/l3bitstream.c.obj
[  0%] Building C object examples/sentai_runtime/CMakeFiles/libh3_arm.dir/__/__/third_party/h3/src/h3lib/lib/bbox.c.obj
[  0%] Building C object examples/sentai_runtime/CMakeFiles/shine.dir/__/__/third_party/shine/src/lib/huffman.c.obj
[  0%] Building C object examples/sentai_runtime/CMakeFiles/libh3_arm.dir/__/__/third_party/h3/src/h3lib/lib/baseCells.c.obj
[  0%] Embedding browser.html as C array
[  0%] Building C object libs/levelx/CMakeFiles/libs_levelx.dir/__/__/third_party/eclipse-threadx/levelx/common/src/lx_nand_flash_256byte_ecc_check.c.obj
[  0%] Building C object examples/sentai_runtime/CMakeFiles/libh3_arm.dir/__/__/third_party/h3/src/h3lib/lib/cellsToMultiPoly.c.obj
[  0%] Building C object libs/CMSIS/CMakeFiles/libs_CMSIS-m4.dir/__/__/third_party/CMSIS/CMSIS/NN/Source/ActivationFunctions/arm_relu6_s8.c.obj
[  0%] Building C object examples/sentai_runtime/CMakeFiles/shine.dir/__/__/third_party/shine/src/lib/l3loop.c.obj
[  0%] Building C object libs/FreeRTOS/CMakeFiles/libs_FreeRTOS.dir/app_callbacks.c.obj
[  0%] Building C object libs/FreeRTOS/CMakeFiles/libs_FreeRTOS-m4.dir/app_callbacks.c.obj
[  0%] Building C object libs/kissfft/CMakeFiles/libs_kissfft-m7.dir/__/__/third_party/kissfft/kiss_fft.c.obj
-- Build #1547 at 2026-06-26 15:34:40
[  0%] Building C object libs/CMSIS/CMakeFiles/libs_CMSIS-m7.dir/__/__/third_party/CMSIS/CMSIS/NN/Source/ActivationFunctions/arm_relu6_s8.c.obj
[  0%] Building C object libs/aifes/CMakeFiles/libs_aifes_m7.dir/__/__/third_party/aifes/src/basic/base/aialgo/aialgo_sequential_inference.c.obj
[  0%] Building C object libs/libjpeg/CMakeFiles/libs_libjpeg.dir/__/__/third_party/nxp/rt1176-sdk/middleware/libjpeg/src/jaricom.c.obj
[  0%] Building C object libs/littlefs/CMakeFiles/libs_littlefs.dir/__/__/third_party/nxp/rt1176-sdk/middleware/littlefs/lfs.c.obj
[  0%] Building C object examples/sentai_runtime/CMakeFiles/nanopb.dir/__/__/third_party/nanopb/pb_common.c.obj
[  0%] Building C object libs/filex/CMakeFiles/libs_filex.dir/__/__/third_party/eclipse-threadx/filex/common/src/fx_directory_attributes_read.c.obj
[  0%] Built target increment_build_version
[  0%] Building C object examples/sentai_runtime/CMakeFiles/nanopb.dir/__/__/third_party/nanopb/pb_encode.c.obj
/home/bogdan/work/coralmicro/libs/FreeRTOS/app_callbacks.c: In function 'vApplicationMallocFailedHook':
/home/bogdan/work/coralmicro/libs/FreeRTOS/app_callbacks.c:43:3: warning: implicit declaration of function 'DbgConsole_Printf' [-Wimplicit-function-declaration]
   43 |   DbgConsole_Printf("malloc failed, spin...\r\n");
      |   ^~~~~~~~~~~~~~~~~
[  0%] Built target sentai_browser_html
/home/bogdan/work/coralmicro/libs/FreeRTOS/app_callbacks.c: In function 'vApplicationMallocFailedHook':
/home/bogdan/work/coralmicro/libs/FreeRTOS/app_callbacks.c:43:3: warning: implicit declaration of function 'DbgConsole_Printf' [-Wimplicit-function-declaration]
   43 |   DbgConsole_Printf("malloc failed, spin...\r\n");
      |   ^~~~~~~~~~~~~~~~~
[  0%] Building C object libs/levelx/CMakeFiles/libs_levelx.dir/__/__/third_party/eclipse-threadx/levelx/common/src/lx_nand_flash_256byte_ecc_compute.c.obj
[  0%] Building C object libs/FreeRTOS/CMakeFiles/libs_FreeRTOS-m4.dir/multicore.c.obj
[  0%] Building C object libs/libjpeg/CMakeFiles/libs_libjpeg.dir/__/__/third_party/nxp/rt1176-sdk/middleware/libjpeg/src/jcapimin.c.obj
[  0%] Building C object libs/FreeRTOS/CMakeFiles/libs_FreeRTOS-m4.dir/__/__/third_party/freertos_kernel/event_groups.c.obj
[  0%] Building C object libs/CMSIS/CMakeFiles/libs_CMSIS-m7.dir/__/__/third_party/CMSIS/CMSIS/NN/Source/BasicMathFunctions/arm_elementwise_add_s8.c.obj
[  0%] Building C object libs/CMSIS/CMakeFiles/libs_CMSIS-m4.dir/__/__/third_party/CMSIS/CMSIS/NN/Source/BasicMathFunctions/arm_elementwise_add_s8.c.obj
[  1%] Building C object libs/filex/CMakeFiles/libs_filex.dir/__/__/third_party/eclipse-threadx/filex/common/src/fx_directory_attributes_set.c.obj
[  2%] Building C object libs/FreeRTOS/CMakeFiles/libs_FreeRTOS.dir/multicore.c.obj
[  2%] Building C object libs/CMSIS/CMakeFiles/libs_CMSIS-m4.dir/__/__/third_party/CMSIS/CMSIS/NN/Source/BasicMathFunctions/arm_elementwise_mul_s8.c.obj
/home/bogdan/work/coralmicro/third_party/nxp/rt1176-sdk/middleware/littlefs/lfs.c:429:13: warning: 'lfs_mlist_isopen' defined but not used [-Wunused-function]
  429 | static bool lfs_mlist_isopen(struct lfs_mlist *head,
      |             ^~~~~~~~~~~~~~~~
[  2%] Building C object libs/CMSIS/CMakeFiles/libs_CMSIS-m7.dir/__/__/third_party/CMSIS/CMSIS/NN/Source/BasicMathFunctions/arm_elementwise_mul_s8.c.obj
[  2%] Building C object libs/filex/CMakeFiles/libs_filex.dir/__/__/third_party/eclipse-threadx/filex/common/src/fx_directory_create.c.obj
[  2%] Building C object libs/FreeRTOS/CMakeFiles/libs_FreeRTOS-m4.dir/__/__/third_party/freertos_kernel/list.c.obj
[  2%] Building C object libs/levelx/CMakeFiles/libs_levelx.dir/__/__/third_party/eclipse-threadx/levelx/common/src/lx_nand_flash_block_allocate.c.obj
[  2%] Building C object libs/aifes/CMakeFiles/libs_aifes_m7.dir/__/__/third_party/aifes/src/basic/base/aialgo/aialgo_sequential_training.c.obj
[  2%] Building C object libs/FreeRTOS/CMakeFiles/libs_FreeRTOS.dir/__/__/third_party/freertos_kernel/event_groups.c.obj
[  2%] Building C object examples/sentai_runtime/CMakeFiles/nanopb.dir/__/__/third_party/nanopb/pb_decode.c.obj
[  2%] Building C object libs/aifes/CMakeFiles/libs_aifes_m7.dir/__/__/third_party/aifes/src/basic/base/ailayer/ailayer_dense.c.obj
[  2%] Building C object libs/FreeRTOS/CMakeFiles/libs_FreeRTOS-m4.dir/__/__/third_party/freertos_kernel/portable/GCC/ARM_CM4F/port.c.obj
[  2%] Building C object libs/libjpeg/CMakeFiles/libs_libjpeg.dir/__/__/third_party/nxp/rt1176-sdk/middleware/libjpeg/src/jcapistd.c.obj
[  2%] Building C object libs/libjpeg/CMakeFiles/libs_libjpeg.dir/__/__/third_party/nxp/rt1176-sdk/middleware/libjpeg/src/jcarith.c.obj
[  2%] Building C object libs/levelx/CMakeFiles/libs_levelx.dir/__/__/third_party/eclipse-threadx/levelx/common/src/lx_nand_flash_block_data_move.c.obj
[  2%] Building C object libs/littlefs/CMakeFiles/libs_littlefs.dir/__/__/third_party/nxp/rt1176-sdk/middleware/littlefs/lfs_util.c.obj
/home/bogdan/work/coralmicro/third_party/aifes/src/basic/base/aialgo/aialgo_sequential_inference.c: In function 'aialgo_inference_model':
/home/bogdan/work/coralmicro/third_party/aifes/src/basic/base/aialgo/aialgo_sequential_inference.c:287:56: warning: 'output_batch' may be used uninitialized in this function [-Wmaybe-uninitialized]
  287 |         memcpy(output_data->tensor_params, output_batch->tensor_params, output_batch->dtype->tensor_params_size);
      |                                            ~~~~~~~~~~~~^~~~~~~~~~~~~~~
[  2%] Building C object examples/sentai_runtime/CMakeFiles/libmicropython.dir/micropython_embed/py/argcheck.c.obj
[  2%] Building C object libs/aifes/CMakeFiles/libs_aifes_m7.dir/__/__/third_party/aifes/src/basic/base/ailayer/ailayer_elu.c.obj
[  4%] Building C object libs/kissfft/CMakeFiles/libs_kissfft-m7.dir/__/__/third_party/kissfft/tools/kiss_fftr.c.obj
[  4%] Building C object libs/CMSIS/CMakeFiles/libs_CMSIS-m4.dir/__/__/third_party/CMSIS/CMSIS/NN/Source/ConcatenationFunctions/arm_concatenation_s8_w.c.obj
[  4%] Building C object libs/levelx/CMakeFiles/libs_levelx.dir/__/__/third_party/eclipse-threadx/levelx/common/src/lx_nand_flash_block_find.c.obj
[  4%] Building C object examples/sentai_runtime/CMakeFiles/shine.dir/__/__/third_party/shine/src/lib/l3mdct.c.obj
[  4%] Building C object libs/CMSIS/CMakeFiles/libs_CMSIS-m4.dir/__/__/third_party/CMSIS/CMSIS/NN/Source/ConcatenationFunctions/arm_concatenation_s8_x.c.obj
[  4%] Building C object examples/sentai_runtime/CMakeFiles/libh3_arm.dir/__/__/third_party/h3/src/h3lib/lib/directedEdge.c.obj
[  4%] Building C object libs/FreeRTOS/CMakeFiles/libs_FreeRTOS-m4.dir/__/__/third_party/freertos_kernel/queue.c.obj
[  4%] Building C object libs/CMSIS/CMakeFiles/libs_CMSIS-m7.dir/__/__/third_party/CMSIS/CMSIS/NN/Source/ConcatenationFunctions/arm_concatenation_s8_w.c.obj
[  4%] Building C object libs/filex/CMakeFiles/libs_filex.dir/__/__/third_party/eclipse-threadx/filex/common/src/fx_directory_default_get.c.obj
[  4%] Building C object libs/FreeRTOS/CMakeFiles/libs_FreeRTOS-m4.dir/__/__/third_party/freertos_kernel/stream_buffer.c.obj
[  4%] Building C object libs/aifes/CMakeFiles/libs_aifes_m7.dir/__/__/third_party/aifes/src/basic/base/ailayer/ailayer_input.c.obj
[  4%] Building C object examples/sentai_runtime/CMakeFiles/shine.dir/__/__/third_party/shine/src/lib/l3subband.c.obj
[  4%] Building C object libs/FreeRTOS/CMakeFiles/libs_FreeRTOS-m4.dir/__/__/third_party/freertos_kernel/tasks.c.obj
[  4%] Building C object examples/sentai_runtime/CMakeFiles/libh3_arm.dir/__/__/third_party/h3/src/h3lib/lib/faceijk.c.obj
[  4%] Building C object examples/sentai_runtime/CMakeFiles/shine.dir/__/__/third_party/shine/src/lib/layer3.c.obj
[  4%] Building C object libs/levelx/CMakeFiles/libs_levelx.dir/__/__/third_party/eclipse-threadx/levelx/common/src/lx_nand_flash_block_mapping_set.c.obj
[  4%] Building C object libs/filex/CMakeFiles/libs_filex.dir/__/__/third_party/eclipse-threadx/filex/common/src/fx_directory_default_get_copy.c.obj
[  4%] Building C object libs/FreeRTOS/CMakeFiles/libs_FreeRTOS.dir/__/__/third_party/freertos_kernel/list.c.obj
[  4%] Building C object examples/sentai_runtime/CMakeFiles/shine.dir/__/__/third_party/shine/src/lib/reservoir.c.obj
[  4%] Building C object examples/sentai_runtime/CMakeFiles/libmicropython.dir/micropython_embed/py/asmarm.c.obj
[  4%] Building C object libs/CMSIS/CMakeFiles/libs_CMSIS-m4.dir/__/__/third_party/CMSIS/CMSIS/NN/Source/ConcatenationFunctions/arm_concatenation_s8_y.c.obj
[  4%] Building C object libs/CMSIS/CMakeFiles/libs_CMSIS-m7.dir/__/__/third_party/CMSIS/CMSIS/NN/Source/ConcatenationFunctions/arm_concatenation_s8_x.c.obj
[  4%] Building C object libs/filex/CMakeFiles/libs_filex.dir/__/__/third_party/eclipse-threadx/filex/common/src/fx_directory_default_set.c.obj
[  4%] Building C object libs/FreeRTOS/CMakeFiles/libs_FreeRTOS-m4.dir/__/__/third_party/freertos_kernel/timers.c.obj
[  4%] Linking C static library liblibs_kissfft-m7.a
[  4%] Building C object examples/sentai_runtime/CMakeFiles/libmicropython.dir/micropython_embed/py/asmbase.c.obj
[  4%] Building C object libs/FreeRTOS/CMakeFiles/libs_FreeRTOS.dir/__/__/third_party/freertos_kernel/portable/GCC/ARM_CM4F/port.c.obj
[  4%] Building C object libs/aifes/CMakeFiles/libs_aifes_m7.dir/__/__/third_party/aifes/src/basic/base/ailayer/ailayer_leaky_relu.c.obj
[  5%] Building C object libs/FreeRTOS/CMakeFiles/libs_FreeRTOS-m4.dir/__/__/third_party/FreeRTOS_helpers/heap_useNewlib_NXP.c.obj
[  5%] Building C object libs/levelx/CMakeFiles/libs_levelx.dir/__/__/third_party/eclipse-threadx/levelx/common/src/lx_nand_flash_block_status_set.c.obj
[  5%] Building C object libs/aifes/CMakeFiles/libs_aifes_m7.dir/__/__/third_party/aifes/src/basic/base/ailayer/ailayer_relu.c.obj
[  5%] Building C object libs/CMSIS/CMakeFiles/libs_CMSIS-m4.dir/__/__/third_party/CMSIS/CMSIS/NN/Source/ConcatenationFunctions/arm_concatenation_s8_z.c.obj
[  5%] Building C object libs/CMSIS/CMakeFiles/libs_CMSIS-m7.dir/__/__/third_party/CMSIS/CMSIS/NN/Source/ConcatenationFunctions/arm_concatenation_s8_y.c.obj
[  5%] Building C object libs/FreeRTOS/CMakeFiles/libs_FreeRTOS.dir/__/__/third_party/freertos_kernel/queue.c.obj
[  5%] Building C object examples/sentai_runtime/CMakeFiles/libh3_arm.dir/__/__/third_party/h3/src/h3lib/lib/h3Assert.c.obj
/home/bogdan/work/coralmicro/third_party/FreeRTOS_helpers/heap_useNewlib_NXP.c:68:4: warning: #warning "This wrapper was verified for newlib versions 2.5 - 3.1; please ensure newlib's external requirements for malloc-family are unchanged!" [-Wcpp]
   68 |   #warning "This wrapper was verified for newlib versions 2.5 - 3.1; please ensure newlib's external requirements for malloc-family are unchanged!"
      |    ^~~~~~~
[  5%] Building C object libs/filex/CMakeFiles/libs_filex.dir/__/__/third_party/eclipse-threadx/filex/common/src/fx_directory_delete.c.obj
[  5%] Built target libs_kissfft-m7
[  5%] Building C object libs/CMSIS/CMakeFiles/libs_CMSIS-m7.dir/__/__/third_party/CMSIS/CMSIS/NN/Source/ConcatenationFunctions/arm_concatenation_s8_z.c.obj
[  5%] Building C object examples/sentai_runtime/CMakeFiles/libmicropython.dir/micropython_embed/py/asmthumb.c.obj
[  5%] Building C object libs/levelx/CMakeFiles/libs_levelx.dir/__/__/third_party/eclipse-threadx/levelx/common/src/lx_nand_flash_close.c.obj
[  5%] Building C object libs/CMSIS/CMakeFiles/libs_CMSIS-m7.dir/__/__/third_party/CMSIS/CMSIS/NN/Source/ConvolutionFunctions/arm_convolve_1_x_n_s8.c.obj
[  5%] Building C object libs/filex/CMakeFiles/libs_filex.dir/__/__/third_party/eclipse-threadx/filex/common/src/fx_directory_entry_read.c.obj
[  5%] Building C object examples/sentai_runtime/CMakeFiles/shine.dir/__/__/third_party/shine/src/lib/tables.c.obj
[  5%] Building C object libs/CMSIS/CMakeFiles/libs_CMSIS-m4.dir/__/__/third_party/CMSIS/CMSIS/NN/Source/ConvolutionFunctions/arm_convolve_1_x_n_s8.c.obj
[  5%] Building C object libs/FreeRTOS/CMakeFiles/libs_FreeRTOS.dir/__/__/third_party/freertos_kernel/stream_buffer.c.obj
[  5%] Building C object libs/aifes/CMakeFiles/libs_aifes_m7.dir/__/__/third_party/aifes/src/basic/base/ailayer/ailayer_sigmoid.c.obj
[  5%] Building C object libs/levelx/CMakeFiles/libs_levelx.dir/__/__/third_party/eclipse-threadx/levelx/common/src/lx_nand_flash_data_page_copy.c.obj
[  5%] Building C object libs/libjpeg/CMakeFiles/libs_libjpeg.dir/__/__/third_party/nxp/rt1176-sdk/middleware/libjpeg/src/jccoefct.c.obj
[  5%] Building C object libs/filex/CMakeFiles/libs_filex.dir/__/__/third_party/eclipse-threadx/filex/common/src/fx_directory_entry_write.c.obj
[  5%] Building C object examples/sentai_runtime/CMakeFiles/libmicropython.dir/micropython_embed/py/asmx64.c.obj
[  5%] Building C object libs/libjpeg/CMakeFiles/libs_libjpeg.dir/__/__/third_party/nxp/rt1176-sdk/middleware/libjpeg/src/jccolor.c.obj
[  5%] Building C object libs/FreeRTOS/CMakeFiles/libs_FreeRTOS.dir/__/__/third_party/freertos_kernel/tasks.c.obj
[  7%] Linking C static library libshine.a
[  7%] Linking C static library libnanopb.a
[  7%] Building C object libs/FreeRTOS/CMakeFiles/libs_FreeRTOS.dir/__/__/third_party/freertos_kernel/timers.c.obj
[  7%] Building C object libs/CMSIS/CMakeFiles/libs_CMSIS-m7.dir/__/__/third_party/CMSIS/CMSIS/NN/Source/ConvolutionFunctions/arm_convolve_1x1_s8_fast.c.obj
[  7%] Building C object libs/CMSIS/CMakeFiles/libs_CMSIS-m4.dir/__/__/third_party/CMSIS/CMSIS/NN/Source/ConvolutionFunctions/arm_convolve_1x1_s8_fast.c.obj
[  7%] Building C object libs/libjpeg/CMakeFiles/libs_libjpeg.dir/__/__/third_party/nxp/rt1176-sdk/middleware/libjpeg/src/jcdctmgr.c.obj
[  7%] Built target shine
[  8%] Building C object libs/aifes/CMakeFiles/libs_aifes_m7.dir/__/__/third_party/aifes/src/basic/base/ailayer/ailayer_softmax.c.obj
[  8%] Building C object examples/sentai_runtime/CMakeFiles/libmicropython.dir/micropython_embed/py/asmx86.c.obj
[  8%] Built target nanopb
[  8%] Building C object libs/levelx/CMakeFiles/libs_levelx.dir/__/__/third_party/eclipse-threadx/levelx/common/src/lx_nand_flash_defragment.c.obj
[  8%] Building C object libs/levelx/CMakeFiles/libs_levelx.dir/__/__/third_party/eclipse-threadx/levelx/common/src/lx_nand_flash_driver_block_erase.c.obj
[  8%] Building C object examples/sentai_runtime/CMakeFiles/libh3_arm.dir/__/__/third_party/h3/src/h3lib/lib/h3Index.c.obj
[  8%] Building C object libs/filex/CMakeFiles/libs_filex.dir/__/__/third_party/eclipse-threadx/filex/common/src/fx_directory_first_entry_find.c.obj
[  8%] Building C object libs/CMSIS/CMakeFiles/libs_CMSIS-m7.dir/__/__/third_party/CMSIS/CMSIS/NN/Source/ConvolutionFunctions/arm_convolve_s8.c.obj
[  8%] Building C object libs/levelx/CMakeFiles/libs_levelx.dir/__/__/third_party/eclipse-threadx/levelx/common/src/lx_nand_flash_driver_block_erased_verify.c.obj
[  8%] Building C object libs/CMSIS/CMakeFiles/libs_CMSIS-m4.dir/__/__/third_party/CMSIS/CMSIS/NN/Source/ConvolutionFunctions/arm_convolve_s8.c.obj
[  8%] Building C object libs/levelx/CMakeFiles/libs_levelx.dir/__/__/third_party/eclipse-threadx/levelx/common/src/lx_nand_flash_driver_block_status_get.c.obj
[  8%] Building C object libs/filex/CMakeFiles/libs_filex.dir/__/__/third_party/eclipse-threadx/filex/common/src/fx_directory_first_full_entry_find.c.obj
[  8%] Building C object libs/CMSIS/CMakeFiles/libs_CMSIS-m7.dir/__/__/third_party/CMSIS/CMSIS/NN/Source/ConvolutionFunctions/arm_convolve_wrapper_s8.c.obj
[  8%] Building C object examples/sentai_runtime/CMakeFiles/libmicropython.dir/micropython_embed/py/bc.c.obj
[  8%] Building C object examples/sentai_runtime/CMakeFiles/libmicropython.dir/micropython_embed/py/asmxtensa.c.obj
[  8%] Building C object libs/CMSIS/CMakeFiles/libs_CMSIS-m7.dir/__/__/third_party/CMSIS/CMSIS/NN/Source/ConvolutionFunctions/arm_depthwise_conv_3x3_s8.c.obj
[  8%] Building C object libs/aifes/CMakeFiles/libs_aifes_m7.dir/__/__/third_party/aifes/src/basic/base/ailayer/ailayer_softsign.c.obj
[  8%] Building C object libs/aifes/CMakeFiles/libs_aifes_m7.dir/__/__/third_party/aifes/src/basic/base/ailayer/ailayer_tanh.c.obj
[  8%] Building C object examples/sentai_runtime/CMakeFiles/meshtastic_pb.dir/generated/meshtastic/mesh.pb.c.obj
[  8%] Building C object libs/levelx/CMakeFiles/libs_levelx.dir/__/__/third_party/eclipse-threadx/levelx/common/src/lx_nand_flash_driver_block_status_set.c.obj
[  8%] Building C object libs/libjpeg/CMakeFiles/libs_libjpeg.dir/__/__/third_party/nxp/rt1176-sdk/middleware/libjpeg/src/jcinit.c.obj
[  8%] Building C object libs/libjpeg/CMakeFiles/libs_libjpeg.dir/__/__/third_party/nxp/rt1176-sdk/middleware/libjpeg/src/jchuff.c.obj
[  8%] Building C object libs/aifes/CMakeFiles/libs_aifes_m7.dir/__/__/third_party/aifes/src/basic/base/ailoss/ailoss_crossentropy.c.obj
[  8%] Building C object libs/filex/CMakeFiles/libs_filex.dir/__/__/third_party/eclipse-threadx/filex/common/src/fx_directory_free_search.c.obj
[  8%] Building C object libs/CMSIS/CMakeFiles/libs_CMSIS-m4.dir/__/__/third_party/CMSIS/CMSIS/NN/Source/ConvolutionFunctions/arm_convolve_wrapper_s8.c.obj
[  8%] Building C object libs/CMSIS/CMakeFiles/libs_CMSIS-m4.dir/__/__/third_party/CMSIS/CMSIS/NN/Source/ConvolutionFunctions/arm_depthwise_conv_3x3_s8.c.obj
[  8%] Building C object libs/FreeRTOS/CMakeFiles/libs_FreeRTOS.dir/__/__/third_party/FreeRTOS_helpers/heap_useNewlib_NXP.c.obj
[  8%] Building C object examples/sentai_runtime/CMakeFiles/meshtastic_pb.dir/generated/meshtastic/portnums.pb.c.obj
[  8%] Building C object libs/levelx/CMakeFiles/libs_levelx.dir/__/__/third_party/eclipse-threadx/levelx/common/src/lx_nand_flash_driver_page_erased_verify.c.obj
[  8%] Building C object libs/libjpeg/CMakeFiles/libs_libjpeg.dir/__/__/third_party/nxp/rt1176-sdk/middleware/libjpeg/src/jcmainct.c.obj
[  8%] Building C object libs/aifes/CMakeFiles/libs_aifes_m7.dir/__/__/third_party/aifes/src/basic/base/ailoss/ailoss_mse.c.obj
/home/bogdan/work/coralmicro/third_party/FreeRTOS_helpers/heap_useNewlib_NXP.c:68:4: warning: #warning "This wrapper was verified for newlib versions 2.5 - 3.1; please ensure newlib's external requirements for malloc-family are unchanged!" [-Wcpp]
   68 |   #warning "This wrapper was verified for newlib versions 2.5 - 3.1; please ensure newlib's external requirements for malloc-family are unchanged!"
      |    ^~~~~~~
[  8%] Building C object libs/filex/CMakeFiles/libs_filex.dir/__/__/third_party/eclipse-threadx/filex/common/src/fx_directory_information_get.c.obj
[  8%] Building C object examples/sentai_runtime/CMakeFiles/libmicropython.dir/micropython_embed/py/binary.c.obj
[  8%] Building C object libs/CMSIS/CMakeFiles/libs_CMSIS-m4.dir/__/__/third_party/CMSIS/CMSIS/NN/Source/ConvolutionFunctions/arm_depthwise_conv_s8.c.obj
[  8%] Building C object libs/filex/CMakeFiles/libs_filex.dir/__/__/third_party/eclipse-threadx/filex/common/src/fx_directory_local_path_clear.c.obj
[  8%] Building C object libs/levelx/CMakeFiles/libs_levelx.dir/__/__/third_party/eclipse-threadx/levelx/common/src/lx_nand_flash_erase_count_set.c.obj
[  8%] Building C object libs/CMSIS/CMakeFiles/libs_CMSIS-m7.dir/__/__/third_party/CMSIS/CMSIS/NN/Source/ConvolutionFunctions/arm_depthwise_conv_s8.c.obj
[  8%] Building C object libs/libjpeg/CMakeFiles/libs_libjpeg.dir/__/__/third_party/nxp/rt1176-sdk/middleware/libjpeg/src/jcmarker.c.obj
[  8%] Building C object examples/sentai_runtime/CMakeFiles/libh3_arm.dir/__/__/third_party/h3/src/h3lib/lib/iterators.c.obj
[ 10%] Building C object libs/CMSIS/CMakeFiles/libs_CMSIS-m4.dir/__/__/third_party/CMSIS/CMSIS/NN/Source/ConvolutionFunctions/arm_depthwise_conv_s8_opt.c.obj
[ 10%] Building C object libs/aifes/CMakeFiles/libs_aifes_m7.dir/__/__/third_party/aifes/src/basic/base/aimath/aimath_basic.c.obj
[ 10%] Building C object libs/CMSIS/CMakeFiles/libs_CMSIS-m4.dir/__/__/third_party/CMSIS/CMSIS/NN/Source/ConvolutionFunctions/arm_depthwise_conv_wrapper_s8.c.obj
[ 11%] Building C object examples/sentai_runtime/CMakeFiles/meshtastic_pb.dir/generated/meshtastic/channel.pb.c.obj
[ 11%] Building C object examples/sentai_runtime/CMakeFiles/libh3_arm.dir/__/__/third_party/h3/src/h3lib/lib/latLng.c.obj
[ 11%] Building C object libs/CMSIS/CMakeFiles/libs_CMSIS-m7.dir/__/__/third_party/CMSIS/CMSIS/NN/Source/ConvolutionFunctions/arm_depthwise_conv_s8_opt.c.obj
[ 11%] Building C object examples/sentai_runtime/CMakeFiles/meshtastic_pb.dir/generated/meshtastic/config.pb.c.obj
[ 11%] Building C object libs/levelx/CMakeFiles/libs_levelx.dir/__/__/third_party/eclipse-threadx/levelx/common/src/lx_nand_flash_extended_cache_enable.c.obj
[ 11%] Building C object libs/aifes/CMakeFiles/libs_aifes_m7.dir/__/__/third_party/aifes/src/basic/base/aimath/aimath_f32.c.obj
[ 11%] Building C object examples/sentai_runtime/CMakeFiles/meshtastic_pb.dir/generated/meshtastic/module_config.pb.c.obj
/home/bogdan/work/coralmicro/third_party/aifes/src/basic/base/aimath/aimath_f32.c: In function 'aimath_f32_print_aitensor':
/home/bogdan/work/coralmicro/third_party/aifes/src/basic/base/aimath/aimath_f32.c:71:11: warning: unused variable 'tensor_data' [-Wunused-variable]
   71 |   float (*tensor_data)[tensor->shape[0]][tensor->shape[1]][tensor->shape[2]][tensor->shape[3]] = tensor->data;
      |           ^~~~~~~~~~~
[ 11%] Building C object libs/CMSIS/CMakeFiles/libs_CMSIS-m7.dir/__/__/third_party/CMSIS/CMSIS/NN/Source/ConvolutionFunctions/arm_depthwise_conv_wrapper_s8.c.obj
[ 11%] Building C object libs/CMSIS/CMakeFiles/libs_CMSIS-m7.dir/__/__/third_party/CMSIS/CMSIS/NN/Source/ConvolutionFunctions/arm_nn_depthwise_conv_s8_core.c.obj
[ 11%] Building C object libs/filex/CMakeFiles/libs_filex.dir/__/__/third_party/eclipse-threadx/filex/common/src/fx_directory_local_path_get.c.obj
[ 13%] Building C object libs/levelx/CMakeFiles/libs_levelx.dir/__/__/third_party/eclipse-threadx/levelx/common/src/lx_nand_flash_format.c.obj
[ 13%] Building C object libs/filex/CMakeFiles/libs_filex.dir/__/__/third_party/eclipse-threadx/filex/common/src/fx_directory_local_path_get_copy.c.obj
[ 13%] Building C object examples/sentai_runtime/CMakeFiles/meshtastic_pb.dir/generated/meshtastic/telemetry.pb.c.obj
[ 14%] Building C object libs/libjpeg/CMakeFiles/libs_libjpeg.dir/__/__/third_party/nxp/rt1176-sdk/middleware/libjpeg/src/jcmaster.c.obj
[ 14%] Building C object examples/sentai_runtime/CMakeFiles/libmicropython.dir/micropython_embed/py/builtinevex.c.obj
[ 14%] Building C object libs/aifes/CMakeFiles/libs_aifes_m7.dir/__/__/third_party/aifes/src/basic/base/aiopti/aiopti_adam.c.obj
[ 15%] Building C object libs/aifes/CMakeFiles/libs_aifes_m7.dir/__/__/third_party/aifes/src/basic/base/aiopti/aiopti_sgd.c.obj
[ 15%] Building C object libs/levelx/CMakeFiles/libs_levelx.dir/__/__/third_party/eclipse-threadx/levelx/common/src/lx_nand_flash_free_block_list_add.c.obj
[ 15%] Building C object libs/CMSIS/CMakeFiles/libs_CMSIS-m7.dir/__/__/third_party/CMSIS/CMSIS/NN/Source/ConvolutionFunctions/arm_nn_mat_mult_kernel_s8_s16.c.obj
[ 15%] Building C object examples/sentai_runtime/CMakeFiles/meshtastic_pb.dir/generated/meshtastic/xmodem.pb.c.obj
[ 15%] Building C object libs/libjpeg/CMakeFiles/libs_libjpeg.dir/__/__/third_party/nxp/rt1176-sdk/middleware/libjpeg/src/jcomapi.c.obj
[ 15%] Building C object examples/sentai_runtime/CMakeFiles/libh3_arm.dir/__/__/third_party/h3/src/h3lib/lib/linkedGeo.c.obj
[ 15%] Building C object libs/CMSIS/CMakeFiles/libs_CMSIS-m4.dir/__/__/third_party/CMSIS/CMSIS/NN/Source/ConvolutionFunctions/arm_nn_depthwise_conv_s8_core.c.obj
[ 15%] Building C object libs/filex/CMakeFiles/libs_filex.dir/__/__/third_party/eclipse-threadx/filex/common/src/fx_directory_local_path_restore.c.obj
[ 15%] Built target libs_FreeRTOS-m4
[ 15%] Building C object libs/levelx/CMakeFiles/libs_levelx.dir/__/__/third_party/eclipse-threadx/levelx/common/src/lx_nand_flash_format_extended.c.obj
[ 15%] Building C object libs/filex/CMakeFiles/libs_filex.dir/__/__/third_party/eclipse-threadx/filex/common/src/fx_directory_local_path_set.c.obj
[ 15%] Building C object libs/CMSIS/CMakeFiles/libs_CMSIS-m7.dir/__/__/third_party/CMSIS/CMSIS/NN/Source/ConvolutionFunctions/arm_nn_mat_mult_s8.c.obj
[ 15%] Building C object examples/sentai_runtime/CMakeFiles/meshtastic_pb.dir/generated/meshtastic/device_ui.pb.c.obj
[ 15%] Building C object examples/sentai_runtime/CMakeFiles/libmicropython.dir/micropython_embed/py/builtinhelp.c.obj
[ 15%] Building C object libs/levelx/CMakeFiles/libs_levelx.dir/__/__/third_party/eclipse-threadx/levelx/common/src/lx_nand_flash_mapped_block_list_add.c.obj
[ 15%] Building C object libs/libjpeg/CMakeFiles/libs_libjpeg.dir/__/__/third_party/nxp/rt1176-sdk/middleware/libjpeg/src/jcparam.c.obj
[ 15%] Building C object libs/levelx/CMakeFiles/libs_levelx.dir/__/__/third_party/eclipse-threadx/levelx/common/src/lx_nand_flash_initialize.c.obj
[ 15%] Building C object libs/CMSIS/CMakeFiles/libs_CMSIS-m7.dir/__/__/third_party/CMSIS/CMSIS/NN/Source/FullyConnectedFunctions/arm_fully_connected_s8.c.obj
[ 15%] Building C object libs/aifes/CMakeFiles/libs_aifes_m7.dir/__/__/third_party/aifes/src/basic/default/ailayer/ailayer_dense_default.c.obj
[ 15%] Building C object libs/filex/CMakeFiles/libs_filex.dir/__/__/third_party/eclipse-threadx/filex/common/src/fx_directory_long_name_get.c.obj
[ 15%] Building C object examples/sentai_runtime/CMakeFiles/meshtastic_pb.dir/generated/meshtastic/atak.pb.c.obj
[ 15%] Building C object libs/aifes/CMakeFiles/libs_aifes_m7.dir/__/__/third_party/aifes/src/basic/default/ailayer/ailayer_elu_default.c.obj
[ 15%] Building C object examples/sentai_runtime/CMakeFiles/meshtastic_pb.dir/generated/visionmesh.pb.c.obj
[ 15%] Building C object libs/CMSIS/CMakeFiles/libs_CMSIS-m7.dir/__/__/third_party/CMSIS/CMSIS/NN/Source/NNSupportFunctions/arm_nn_depthwise_conv_nt_t_padded_s8.c.obj
[ 15%] Building C object examples/sentai_runtime/CMakeFiles/libh3_arm.dir/__/__/third_party/h3/src/h3lib/lib/localij.c.obj
[ 15%] Building C object examples/sentai_runtime/CMakeFiles/libmicropython.dir/micropython_embed/py/builtinimport.c.obj
[ 15%] Building C object libs/CMSIS/CMakeFiles/libs_CMSIS-m4.dir/__/__/third_party/CMSIS/CMSIS/NN/Source/ConvolutionFunctions/arm_nn_mat_mult_kernel_s8_s16.c.obj
[ 15%] Building C object libs/libjpeg/CMakeFiles/libs_libjpeg.dir/__/__/third_party/nxp/rt1176-sdk/middleware/libjpeg/src/jcprepct.c.obj
[ 15%] Building C object libs/levelx/CMakeFiles/libs_levelx.dir/__/__/third_party/eclipse-threadx/levelx/common/src/lx_nand_flash_mapped_block_list_get.c.obj
[ 18%] Building C object libs/filex/CMakeFiles/libs_filex.dir/__/__/third_party/eclipse-threadx/filex/common/src/fx_directory_long_name_get_extended.c.obj
[ 18%] Building C object examples/sentai_runtime/CMakeFiles/libh3_arm.dir/__/__/third_party/h3/src/h3lib/lib/mathExtensions.c.obj
[ 20%] Building C object examples/sentai_runtime/CMakeFiles/libmicropython.dir/micropython_embed/py/compile.c.obj
[ 20%] Building C object examples/sentai_runtime/CMakeFiles/libh3_arm.dir/__/__/third_party/h3/src/h3lib/lib/polyfill.c.obj
[ 20%] Building C object libs/filex/CMakeFiles/libs_filex.dir/__/__/third_party/eclipse-threadx/filex/common/src/fx_directory_name_extract.c.obj
[ 20%] Building C object libs/levelx/CMakeFiles/libs_levelx.dir/__/__/third_party/eclipse-threadx/levelx/common/src/lx_nand_flash_mapped_block_list_remove.c.obj
[ 20%] Linking C static library libmeshtastic_pb.a
[ 20%] Building C object libs/levelx/CMakeFiles/libs_levelx.dir/__/__/third_party/eclipse-threadx/levelx/common/src/lx_nand_flash_memory_initialize.c.obj
[ 20%] Building C object libs/CMSIS/CMakeFiles/libs_CMSIS-m7.dir/__/__/third_party/CMSIS/CMSIS/NN/Source/NNSupportFunctions/arm_nn_depthwise_conv_nt_t_s8.c.obj
[ 20%] Building C object libs/CMSIS/CMakeFiles/libs_CMSIS-m4.dir/__/__/third_party/CMSIS/CMSIS/NN/Source/ConvolutionFunctions/arm_nn_mat_mult_s8.c.obj
[ 20%] Building C object examples/sentai_runtime/CMakeFiles/libh3_arm.dir/__/__/third_party/h3/src/h3lib/lib/polygon.c.obj
[ 20%] Building C object libs/libjpeg/CMakeFiles/libs_libjpeg.dir/__/__/third_party/nxp/rt1176-sdk/middleware/libjpeg/src/jcsample.c.obj
[ 20%] Building C object libs/filex/CMakeFiles/libs_filex.dir/__/__/third_party/eclipse-threadx/filex/common/src/fx_directory_name_test.c.obj
[ 20%] Building C object examples/sentai_runtime/CMakeFiles/libmicropython.dir/micropython_embed/py/emitcommon.c.obj
[ 20%] Building C object examples/sentai_runtime/CMakeFiles/libmicropython.dir/micropython_embed/py/emitglue.c.obj
[ 20%] Building C object examples/sentai_runtime/CMakeFiles/libmicropython.dir/micropython_embed/py/emitbc.c.obj
[ 20%] Built target meshtastic_pb
[ 20%] Building C object libs/aifes/CMakeFiles/libs_aifes_m7.dir/__/__/third_party/aifes/src/basic/default/ailayer/ailayer_input_default.c.obj
[ 20%] Building C object libs/CMSIS/CMakeFiles/libs_CMSIS-m4.dir/__/__/third_party/CMSIS/CMSIS/NN/Source/FullyConnectedFunctions/arm_fully_connected_s8.c.obj
[ 20%] Building C object libs/CMSIS/CMakeFiles/libs_CMSIS-m7.dir/__/__/third_party/CMSIS/CMSIS/NN/Source/NNSupportFunctions/arm_nn_mat_mul_core_1x_s8.c.obj
[ 20%] Building C object libs/levelx/CMakeFiles/libs_levelx.dir/__/__/third_party/eclipse-threadx/levelx/common/src/lx_nand_flash_metadata_allocate.c.obj
[ 20%] Building C object libs/CMSIS/CMakeFiles/libs_CMSIS-m7.dir/__/__/third_party/CMSIS/CMSIS/NN/Source/NNSupportFunctions/arm_nn_mat_mult_nt_t_s8.c.obj
[ 20%] Building C object libs/CMSIS/CMakeFiles/libs_CMSIS-m7.dir/__/__/third_party/CMSIS/CMSIS/NN/Source/NNSupportFunctions/arm_nn_mat_mul_core_4x_s8.c.obj
[ 20%] Building C object examples/sentai_runtime/CMakeFiles/libmicropython.dir/micropython_embed/py/emitinlinethumb.c.obj
[ 20%] Built target libs_FreeRTOS
[ 20%] Building C object libs/aifes/CMakeFiles/libs_aifes_m7.dir/__/__/third_party/aifes/src/basic/default/ailayer/ailayer_leaky_relu_default.c.obj
[ 20%] Building C object libs/CMSIS/CMakeFiles/libs_CMSIS-m4.dir/__/__/third_party/CMSIS/CMSIS/NN/Source/NNSupportFunctions/arm_nn_depthwise_conv_nt_t_padded_s8.c.obj
[ 20%] Building C object libs/filex/CMakeFiles/libs_filex.dir/__/__/third_party/eclipse-threadx/filex/common/src/fx_directory_next_entry_find.c.obj
[ 20%] Building C object examples/sentai_runtime/CMakeFiles/libmicropython.dir/micropython_embed/py/emitinlinextensa.c.obj
[ 20%] Building C object libs/libjpeg/CMakeFiles/libs_libjpeg.dir/__/__/third_party/nxp/rt1176-sdk/middleware/libjpeg/src/jctrans.c.obj
[ 20%] Building C object examples/sentai_runtime/CMakeFiles/libmicropython.dir/micropython_embed/py/emitnarm.c.obj
[ 20%] Building C object examples/sentai_runtime/CMakeFiles/libh3_arm.dir/__/__/third_party/h3/src/h3lib/lib/vec2d.c.obj
[ 20%] Building C object examples/sentai_runtime/CMakeFiles/libh3_arm.dir/__/__/third_party/h3/src/h3lib/lib/vertex.c.obj
[ 20%] Building C object libs/libjpeg/CMakeFiles/libs_libjpeg.dir/__/__/third_party/nxp/rt1176-sdk/middleware/libjpeg/src/jdapimin.c.obj
[ 20%] Building C object libs/filex/CMakeFiles/libs_filex.dir/__/__/third_party/eclipse-threadx/filex/common/src/fx_directory_next_full_entry_find.c.obj
[ 20%] Building C object libs/aifes/CMakeFiles/libs_aifes_m7.dir/__/__/third_party/aifes/src/basic/default/ailayer/ailayer_relu_default.c.obj
[ 20%] Building C object libs/CMSIS/CMakeFiles/libs_CMSIS-m7.dir/__/__/third_party/CMSIS/CMSIS/NN/Source/NNSupportFunctions/arm_nn_vec_mat_mult_t_s8.c.obj
[ 20%] Building C object libs/levelx/CMakeFiles/libs_levelx.dir/__/__/third_party/eclipse-threadx/levelx/common/src/lx_nand_flash_metadata_build.c.obj
[ 20%] Building C object libs/CMSIS/CMakeFiles/libs_CMSIS-m4.dir/__/__/third_party/CMSIS/CMSIS/NN/Source/NNSupportFunctions/arm_nn_depthwise_conv_nt_t_s8.c.obj
[ 20%] Building C object libs/CMSIS/CMakeFiles/libs_CMSIS-m7.dir/__/__/third_party/CMSIS/CMSIS/NN/Source/NNSupportFunctions/arm_nn_vec_mat_mult_t_svdf_s8.c.obj
[ 20%] Building C object libs/levelx/CMakeFiles/libs_levelx.dir/__/__/third_party/eclipse-threadx/levelx/common/src/lx_nand_flash_metadata_write.c.obj
[ 20%] Building C object libs/CMSIS/CMakeFiles/libs_CMSIS-m7.dir/__/__/third_party/CMSIS/CMSIS/NN/Source/NNSupportFunctions/arm_q7_to_q15_with_offset.c.obj
[ 20%] Building C object libs/filex/CMakeFiles/libs_filex.dir/__/__/third_party/eclipse-threadx/filex/common/src/fx_directory_rename.c.obj
[ 20%] Building C object libs/CMSIS/CMakeFiles/libs_CMSIS-m4.dir/__/__/third_party/CMSIS/CMSIS/NN/Source/NNSupportFunctions/arm_nn_mat_mul_core_1x_s8.c.obj
[ 20%] Building C object libs/libjpeg/CMakeFiles/libs_libjpeg.dir/__/__/third_party/nxp/rt1176-sdk/middleware/libjpeg/src/jdapistd.c.obj
[ 20%] Building C object libs/aifes/CMakeFiles/libs_aifes_m7.dir/__/__/third_party/aifes/src/basic/default/ailayer/ailayer_sigmoid_default.c.obj
[ 20%] Building C object libs/CMSIS/CMakeFiles/libs_CMSIS-m4.dir/__/__/third_party/CMSIS/CMSIS/NN/Source/NNSupportFunctions/arm_nn_mat_mul_core_4x_s8.c.obj
[ 20%] Building C object libs/CMSIS/CMakeFiles/libs_CMSIS-m7.dir/__/__/third_party/CMSIS/CMSIS/NN/Source/PoolingFunctions/arm_avgpool_s8.c.obj
[ 20%] Building C object libs/CMSIS/CMakeFiles/libs_CMSIS-m4.dir/__/__/third_party/CMSIS/CMSIS/NN/Source/NNSupportFunctions/arm_nn_mat_mult_nt_t_s8.c.obj
[ 20%] Building C object libs/CMSIS/CMakeFiles/libs_CMSIS-m4.dir/__/__/third_party/CMSIS/CMSIS/NN/Source/NNSupportFunctions/arm_nn_vec_mat_mult_t_s8.c.obj
[ 20%] Building C object libs/aifes/CMakeFiles/libs_aifes_m7.dir/__/__/third_party/aifes/src/basic/default/ailayer/ailayer_softmax_default.c.obj
[ 20%] Building C object libs/aifes/CMakeFiles/libs_aifes_m7.dir/__/__/third_party/aifes/src/basic/default/ailayer/ailayer_softsign_default.c.obj
[ 20%] Building C object libs/levelx/CMakeFiles/libs_levelx.dir/__/__/third_party/eclipse-threadx/levelx/common/src/lx_nand_flash_open.c.obj
[ 20%] Building C object libs/aifes/CMakeFiles/libs_aifes_m7.dir/__/__/third_party/aifes/src/basic/default/ailayer/ailayer_tanh_default.c.obj
[ 20%] Building C object libs/filex/CMakeFiles/libs_filex.dir/__/__/third_party/eclipse-threadx/filex/common/src/fx_directory_search.c.obj
[ 20%] Building C object examples/sentai_runtime/CMakeFiles/libmicropython.dir/micropython_embed/py/emitnative.c.obj
[ 20%] Building C object examples/sentai_runtime/CMakeFiles/libmicropython.dir/micropython_embed/py/emitnx64.c.obj
[ 20%] Building C object examples/sentai_runtime/CMakeFiles/libmicropython.dir/micropython_embed/py/emitnthumb.c.obj
[ 20%] Building C object libs/filex/CMakeFiles/libs_filex.dir/__/__/third_party/eclipse-threadx/filex/common/src/fx_directory_short_name_get_extended.c.obj
[ 20%] Building C object libs/filex/CMakeFiles/libs_filex.dir/__/__/third_party/eclipse-threadx/filex/common/src/fx_directory_short_name_get.c.obj
[ 20%] Linking C static library liblibh3_arm.a
[ 20%] Building C object libs/libjpeg/CMakeFiles/libs_libjpeg.dir/__/__/third_party/nxp/rt1176-sdk/middleware/libjpeg/src/jdarith.c.obj
[ 20%] Building C object examples/sentai_runtime/CMakeFiles/libmicropython.dir/micropython_embed/py/emitnx86.c.obj
[ 20%] Building C object libs/levelx/CMakeFiles/libs_levelx.dir/__/__/third_party/eclipse-threadx/levelx/common/src/lx_nand_flash_open_extended.c.obj
[ 20%] Building C object libs/libjpeg/CMakeFiles/libs_libjpeg.dir/__/__/third_party/nxp/rt1176-sdk/middleware/libjpeg/src/jdatadst.c.obj
[ 20%] Building C object examples/sentai_runtime/CMakeFiles/libmicropython.dir/micropython_embed/py/emitnxtensa.c.obj
[ 20%] Building C object examples/sentai_runtime/CMakeFiles/libmicropython.dir/micropython_embed/py/emitnxtensawin.c.obj
[ 20%] Building C object libs/CMSIS/CMakeFiles/libs_CMSIS-m4.dir/__/__/third_party/CMSIS/CMSIS/NN/Source/NNSupportFunctions/arm_nn_vec_mat_mult_t_svdf_s8.c.obj
[ 20%] Building C object libs/filex/CMakeFiles/libs_filex.dir/__/__/third_party/eclipse-threadx/filex/common/src/fx_fault_tolerant_add_FAT_log.c.obj
[ 20%] Building C object libs/aifes/CMakeFiles/libs_aifes_m7.dir/__/__/third_party/aifes/src/basic/default/ailoss/ailoss_crossentropy_default.c.obj
[ 20%] Building C object libs/filex/CMakeFiles/libs_filex.dir/__/__/third_party/eclipse-threadx/filex/common/src/fx_fault_tolerant_add_bitmap_log.c.obj
[ 20%] Built target libh3_arm
[ 20%] Building C object examples/sentai_runtime/CMakeFiles/libmicropython.dir/micropython_embed/py/formatfloat.c.obj
[ 21%] Building C object libs/aifes/CMakeFiles/libs_aifes_m7.dir/__/__/third_party/aifes/src/basic/default/ailoss/ailoss_mse_default.c.obj
[ 21%] Building C object libs/CMSIS/CMakeFiles/libs_CMSIS-m4.dir/__/__/third_party/CMSIS/CMSIS/NN/Source/NNSupportFunctions/arm_q7_to_q15_with_offset.c.obj
[ 21%] Building C object libs/CMSIS/CMakeFiles/libs_CMSIS-m7.dir/__/__/third_party/CMSIS/CMSIS/NN/Source/PoolingFunctions/arm_max_pool_s8.c.obj
[ 21%] Building C object libs/filex/CMakeFiles/libs_filex.dir/__/__/third_party/eclipse-threadx/filex/common/src/fx_fault_tolerant_add_checksum_log.c.obj
[ 21%] Building C object libs/aifes/CMakeFiles/libs_aifes_m7.dir/__/__/third_party/aifes/src/basic/default/aimath/aimath_f32_default.c.obj
[ 21%] Building C object libs/CMSIS/CMakeFiles/libs_CMSIS-m4.dir/__/__/third_party/CMSIS/CMSIS/NN/Source/PoolingFunctions/arm_avgpool_s8.c.obj
[ 21%] Building C object libs/filex/CMakeFiles/libs_filex.dir/__/__/third_party/eclipse-threadx/filex/common/src/fx_fault_tolerant_add_dir_log.c.obj
[ 21%] Building C object libs/levelx/CMakeFiles/libs_levelx.dir/__/__/third_party/eclipse-threadx/levelx/common/src/lx_nand_flash_page_ecc_check.c.obj
[ 21%] Building C object libs/aifes/CMakeFiles/libs_aifes_m7.dir/__/__/third_party/aifes/src/basic/default/aiopti/aiopti_adam_default.c.obj
[ 21%] Building C object libs/CMSIS/CMakeFiles/libs_CMSIS-m7.dir/__/__/third_party/CMSIS/CMSIS/NN/Source/ReshapeFunctions/arm_reshape_s8.c.obj
[ 21%] Building C object libs/libjpeg/CMakeFiles/libs_libjpeg.dir/__/__/third_party/nxp/rt1176-sdk/middleware/libjpeg/src/jdatasrc.c.obj
[ 21%] Building C object libs/CMSIS/CMakeFiles/libs_CMSIS-m7.dir/__/__/third_party/CMSIS/CMSIS/NN/Source/SVDFunctions/arm_svdf_s8.c.obj
[ 21%] Building C object libs/CMSIS/CMakeFiles/libs_CMSIS-m4.dir/__/__/third_party/CMSIS/CMSIS/NN/Source/PoolingFunctions/arm_max_pool_s8.c.obj
[ 21%] Linking C static library liblibs_littlefs.a
[ 21%] Building C object libs/filex/CMakeFiles/libs_filex.dir/__/__/third_party/eclipse-threadx/filex/common/src/fx_fault_tolerant_apply_logs.c.obj
[ 21%] Building C object libs/CMSIS/CMakeFiles/libs_CMSIS-m4.dir/__/__/third_party/CMSIS/CMSIS/NN/Source/ReshapeFunctions/arm_reshape_s8.c.obj
[ 21%] Building C object libs/CMSIS/CMakeFiles/libs_CMSIS-m4.dir/__/__/third_party/CMSIS/CMSIS/NN/Source/SVDFunctions/arm_svdf_s8.c.obj
[ 21%] Building C object examples/sentai_runtime/CMakeFiles/libmicropython.dir/micropython_embed/py/gc.c.obj
[ 21%] Building C object examples/sentai_runtime/CMakeFiles/libmicropython.dir/micropython_embed/py/frozenmod.c.obj
[ 21%] Building C object libs/levelx/CMakeFiles/libs_levelx.dir/__/__/third_party/eclipse-threadx/levelx/common/src/lx_nand_flash_page_ecc_compute.c.obj
[ 21%] Building C object examples/sentai_runtime/CMakeFiles/libmicropython.dir/micropython_embed/py/lexer.c.obj
[ 21%] Building C object examples/sentai_runtime/CMakeFiles/libmicropython.dir/micropython_embed/py/malloc.c.obj
[ 21%] Building C object libs/aifes/CMakeFiles/libs_aifes_m7.dir/__/__/third_party/aifes/src/basic/default/aiopti/aiopti_sgd_default.c.obj
[ 21%] Building C object libs/levelx/CMakeFiles/libs_levelx.dir/__/__/third_party/eclipse-threadx/levelx/common/src/lx_nand_flash_partial_defragment.c.obj
[ 21%] Built target libs_littlefs
[ 21%] Building C object libs/CMSIS/CMakeFiles/libs_CMSIS-m7.dir/__/__/third_party/CMSIS/CMSIS/NN/Source/SoftmaxFunctions/arm_nn_softmax_common_s8.c.obj
[ 21%] Building C object examples/sentai_runtime/CMakeFiles/libmicropython.dir/micropython_embed/py/map.c.obj
[ 21%] Building C object libs/CMSIS/CMakeFiles/libs_CMSIS-m7.dir/__/__/third_party/CMSIS/CMSIS/NN/Source/SoftmaxFunctions/arm_softmax_s8.c.obj
[ 21%] Building C object libs/filex/CMakeFiles/libs_filex.dir/__/__/third_party/eclipse-threadx/filex/common/src/fx_fault_tolerant_calculate_checksum.c.obj
[ 21%] Building C object libs/CMSIS/CMakeFiles/libs_CMSIS-m7.dir/__/__/third_party/CMSIS/CMSIS/NN/Source/ConvolutionFunctions/arm_convolve_fast_s16.c.obj
[ 21%] Building C object libs/levelx/CMakeFiles/libs_levelx.dir/__/__/third_party/eclipse-threadx/levelx/common/src/lx_nand_flash_sector_read.c.obj
[ 21%] Building C object libs/aifes/CMakeFiles/libs_aifes_m7.dir/__/__/third_party/aifes/src/basic/express/aifes_express_f32_fnn.c.obj
[ 21%] Building C object libs/CMSIS/CMakeFiles/libs_CMSIS-m7.dir/__/__/third_party/CMSIS/CMSIS/NN/Source/ConvolutionFunctions/arm_convolve_s16.c.obj
[ 21%] Building C object libs/levelx/CMakeFiles/libs_levelx.dir/__/__/third_party/eclipse-threadx/levelx/common/src/lx_nand_flash_sector_release.c.obj
[ 23%] Building C object libs/levelx/CMakeFiles/libs_levelx.dir/__/__/third_party/eclipse-threadx/levelx/common/src/lx_nand_flash_sector_write.c.obj
[ 23%] Building C object libs/CMSIS/CMakeFiles/libs_CMSIS-m4.dir/__/__/third_party/CMSIS/CMSIS/NN/Source/SoftmaxFunctions/arm_nn_softmax_common_s8.c.obj
[ 23%] Building C object libs/levelx/CMakeFiles/libs_levelx.dir/__/__/third_party/eclipse-threadx/levelx/common/src/lx_nand_flash_sectors_read.c.obj
[ 24%] Building C object libs/CMSIS/CMakeFiles/libs_CMSIS-m7.dir/__/__/third_party/CMSIS/CMSIS/NN/Source/ConvolutionFunctions/arm_convolve_wrapper_s16.c.obj
[ 26%] Building C object libs/CMSIS/CMakeFiles/libs_CMSIS-m4.dir/__/__/third_party/CMSIS/CMSIS/NN/Source/SoftmaxFunctions/arm_softmax_s8.c.obj
[ 26%] Building C object libs/libjpeg/CMakeFiles/libs_libjpeg.dir/__/__/third_party/nxp/rt1176-sdk/middleware/libjpeg/src/jdcoefct.c.obj
[ 26%] Linking C static library liblibs_littlefs-m4.a
[ 26%] Building C object libs/filex/CMakeFiles/libs_filex.dir/__/__/third_party/eclipse-threadx/filex/common/src/fx_fault_tolerant_cleanup_FAT_chain.c.obj
[ 26%] Building C object libs/libjpeg/CMakeFiles/libs_libjpeg.dir/__/__/third_party/nxp/rt1176-sdk/middleware/libjpeg/src/jdcolor.c.obj
[ 27%] Building C object examples/sentai_runtime/CMakeFiles/libmicropython.dir/micropython_embed/py/modarray.c.obj
[ 27%] Building C object libs/filex/CMakeFiles/libs_filex.dir/__/__/third_party/eclipse-threadx/filex/common/src/fx_fault_tolerant_create_log_file.c.obj
[ 27%] Building C object libs/libjpeg/CMakeFiles/libs_libjpeg.dir/__/__/third_party/nxp/rt1176-sdk/middleware/libjpeg/src/jddctmgr.c.obj
[ 27%] Building C object libs/libjpeg/CMakeFiles/libs_libjpeg.dir/__/__/third_party/nxp/rt1176-sdk/middleware/libjpeg/src/jdhuff.c.obj
[ 27%] Built target libs_littlefs-m4
[ 27%] Building C object libs/CMSIS/CMakeFiles/libs_CMSIS-m7.dir/__/__/third_party/CMSIS/CMSIS/NN/Source/ConvolutionFunctions/arm_depthwise_conv_s16.c.obj
[ 27%] Building C object libs/levelx/CMakeFiles/libs_levelx.dir/__/__/third_party/eclipse-threadx/levelx/common/src/lx_nand_flash_sectors_release.c.obj
[ 27%] Building C object libs/libjpeg/CMakeFiles/libs_libjpeg.dir/__/__/third_party/nxp/rt1176-sdk/middleware/libjpeg/src/jdinput.c.obj
[ 27%] Building C object libs/levelx/CMakeFiles/libs_levelx.dir/__/__/third_party/eclipse-threadx/levelx/common/src/lx_nand_flash_sectors_write.c.obj
[ 27%] Building C object libs/CMSIS/CMakeFiles/libs_CMSIS-m7.dir/__/__/third_party/CMSIS/CMSIS/NN/Source/FullyConnectedFunctions/arm_fully_connected_s16.c.obj
[ 27%] Building C object libs/filex/CMakeFiles/libs_filex.dir/__/__/third_party/eclipse-threadx/filex/common/src/fx_fault_tolerant_enable.c.obj
[ 27%] Building C object libs/CMSIS/CMakeFiles/libs_CMSIS-m4.dir/__/__/third_party/CMSIS/CMSIS/NN/Source/ConvolutionFunctions/arm_convolve_fast_s16.c.obj
[ 27%] Building C object examples/sentai_runtime/CMakeFiles/libmicropython.dir/micropython_embed/py/modbuiltins.c.obj
[ 28%] Building C object libs/libjpeg/CMakeFiles/libs_libjpeg.dir/__/__/third_party/nxp/rt1176-sdk/middleware/libjpeg/src/jdmainct.c.obj
[ 28%] Building C object libs/filex/CMakeFiles/libs_filex.dir/__/__/third_party/eclipse-threadx/filex/common/src/fx_fault_tolerant_read_FAT.c.obj
[ 28%] Building C object libs/CMSIS/CMakeFiles/libs_CMSIS-m4.dir/__/__/third_party/CMSIS/CMSIS/NN/Source/ConvolutionFunctions/arm_convolve_s16.c.obj
[ 28%] Building C object libs/libjpeg/CMakeFiles/libs_libjpeg.dir/__/__/third_party/nxp/rt1176-sdk/middleware/libjpeg/src/jdmarker.c.obj
[ 28%] Building C object libs/CMSIS/CMakeFiles/libs_CMSIS-m4.dir/__/__/third_party/CMSIS/CMSIS/NN/Source/ConvolutionFunctions/arm_convolve_wrapper_s16.c.obj
[ 28%] Building C object libs/filex/CMakeFiles/libs_filex.dir/__/__/third_party/eclipse-threadx/filex/common/src/fx_fault_tolerant_read_directory_sector.c.obj
[ 28%] Building C object libs/levelx/CMakeFiles/libs_levelx.dir/__/__/third_party/eclipse-threadx/levelx/common/src/lx_nand_flash_system_error.c.obj
[ 28%] Building C object libs/CMSIS/CMakeFiles/libs_CMSIS-m4.dir/__/__/third_party/CMSIS/CMSIS/NN/Source/ConvolutionFunctions/arm_depthwise_conv_s16.c.obj
[ 28%] Building C object examples/sentai_runtime/CMakeFiles/libmicropython.dir/micropython_embed/py/modcmath.c.obj
[ 30%] Building C object libs/libjpeg/CMakeFiles/libs_libjpeg.dir/__/__/third_party/nxp/rt1176-sdk/middleware/libjpeg/src/jdmaster.c.obj
[ 30%] Building C object libs/CMSIS/CMakeFiles/libs_CMSIS-m7.dir/__/__/third_party/CMSIS/CMSIS/NN/Source/NNSupportFunctions/arm_nn_mat_mul_kernel_s16.c.obj
[ 30%] Building C object libs/filex/CMakeFiles/libs_filex.dir/__/__/third_party/eclipse-threadx/filex/common/src/fx_fault_tolerant_read_log_file.c.obj
[ 30%] Building C object examples/sentai_runtime/CMakeFiles/libmicropython.dir/micropython_embed/py/modcollections.c.obj
[ 30%] Building C object libs/levelx/CMakeFiles/libs_levelx.dir/__/__/third_party/eclipse-threadx/levelx/common/src/lx_nor_flash_block_reclaim.c.obj
[ 30%] Building C object examples/sentai_runtime/CMakeFiles/libmicropython.dir/micropython_embed/py/moderrno.c.obj
[ 30%] Building C object libs/CMSIS/CMakeFiles/libs_CMSIS-m4.dir/__/__/third_party/CMSIS/CMSIS/NN/Source/FullyConnectedFunctions/arm_fully_connected_s16.c.obj
[ 30%] Building C object libs/libjpeg/CMakeFiles/libs_libjpeg.dir/__/__/third_party/nxp/rt1176-sdk/middleware/libjpeg/src/jdmerge.c.obj
[ 30%] Building C object libs/CMSIS/CMakeFiles/libs_CMSIS-m4.dir/__/__/third_party/CMSIS/CMSIS/NN/Source/NNSupportFunctions/arm_nn_mat_mul_kernel_s16.c.obj
[ 30%] Building C object libs/filex/CMakeFiles/libs_filex.dir/__/__/third_party/eclipse-threadx/filex/common/src/fx_fault_tolerant_recover.c.obj
[ 30%] Building C object libs/CMSIS/CMakeFiles/libs_CMSIS-m4.dir/__/__/third_party/CMSIS/CMSIS/NN/Source/NNSupportFunctions/arm_nn_vec_mat_mult_t_s16.c.obj
[ 30%] Building C object libs/levelx/CMakeFiles/libs_levelx.dir/__/__/third_party/eclipse-threadx/levelx/common/src/lx_nor_flash_close.c.obj
[ 30%] Building C object examples/sentai_runtime/CMakeFiles/libmicropython.dir/micropython_embed/py/modgc.c.obj
[ 30%] Building C object libs/libjpeg/CMakeFiles/libs_libjpeg.dir/__/__/third_party/nxp/rt1176-sdk/middleware/libjpeg/src/jdpostct.c.obj
[ 30%] Building C object libs/CMSIS/CMakeFiles/libs_CMSIS-m4.dir/__/__/third_party/CMSIS/CMSIS/NN/Source/SoftmaxFunctions/arm_softmax_s16.c.obj
[ 30%] Building C object libs/CMSIS/CMakeFiles/libs_CMSIS-m4.dir/__/__/third_party/CMSIS/CMSIS/NN/Source/SVDFunctions/arm_svdf_state_s16_s8.c.obj
[ 30%] Building C object libs/filex/CMakeFiles/libs_filex.dir/__/__/third_party/eclipse-threadx/filex/common/src/fx_fault_tolerant_reset_log_file.c.obj
[ 30%] Building C object libs/libjpeg/CMakeFiles/libs_libjpeg.dir/__/__/third_party/nxp/rt1176-sdk/middleware/libjpeg/src/jdsample.c.obj
[ 30%] Building C object libs/libjpeg/CMakeFiles/libs_libjpeg.dir/__/__/third_party/nxp/rt1176-sdk/middleware/libjpeg/src/jdtrans.c.obj
[ 30%] Building C object libs/levelx/CMakeFiles/libs_levelx.dir/__/__/third_party/eclipse-threadx/levelx/common/src/lx_nor_flash_defragment.c.obj
[ 30%] Building C object libs/CMSIS/CMakeFiles/libs_CMSIS-m4.dir/__/__/third_party/CMSIS/CMSIS/NN/Source/SoftmaxFunctions/arm_softmax_s8_s16.c.obj
[ 30%] Building C object libs/CMSIS/CMakeFiles/libs_CMSIS-m7.dir/__/__/third_party/CMSIS/CMSIS/NN/Source/NNSupportFunctions/arm_nn_vec_mat_mult_t_s16.c.obj
[ 30%] Building C object libs/CMSIS/CMakeFiles/libs_CMSIS-m7.dir/__/__/third_party/CMSIS/CMSIS/NN/Source/SVDFunctions/arm_svdf_state_s16_s8.c.obj
[ 30%] Building C object libs/CMSIS/CMakeFiles/libs_CMSIS-m7.dir/__/__/third_party/CMSIS/CMSIS/NN/Source/SoftmaxFunctions/arm_softmax_s16.c.obj
[ 30%] Building C object libs/filex/CMakeFiles/libs_filex.dir/__/__/third_party/eclipse-threadx/filex/common/src/fx_fault_tolerant_set_FAT_chain.c.obj
[ 30%] Building C object libs/libjpeg/CMakeFiles/libs_libjpeg.dir/__/__/third_party/nxp/rt1176-sdk/middleware/libjpeg/src/jerror.c.obj
[ 30%] Building C object libs/levelx/CMakeFiles/libs_levelx.dir/__/__/third_party/eclipse-threadx/levelx/common/src/lx_nor_flash_driver_block_erase.c.obj
[ 30%] Building C object libs/CMSIS/CMakeFiles/libs_CMSIS-m7.dir/__/__/third_party/CMSIS/CMSIS/NN/Source/SoftmaxFunctions/arm_softmax_s8_s16.c.obj
[ 30%] Building C object libs/libjpeg/CMakeFiles/libs_libjpeg.dir/__/__/third_party/nxp/rt1176-sdk/middleware/libjpeg/src/jfdctflt.c.obj
[ 30%] Building C object libs/CMSIS/CMakeFiles/libs_CMSIS-m7.dir/__/__/third_party/CMSIS/CMSIS/DSP/Source/TransformFunctions/arm_cfft_f32.c.obj
[ 30%] Building C object libs/levelx/CMakeFiles/libs_levelx.dir/__/__/third_party/eclipse-threadx/levelx/common/src/lx_nor_flash_driver_read.c.obj
[ 30%] Building C object libs/libjpeg/CMakeFiles/libs_libjpeg.dir/__/__/third_party/nxp/rt1176-sdk/middleware/libjpeg/src/jfdctfst.c.obj
[ 30%] Building C object libs/CMSIS/CMakeFiles/libs_CMSIS-m7.dir/__/__/third_party/CMSIS/CMSIS/DSP/Source/TransformFunctions/arm_cfft_init_f32.c.obj
[ 30%] Building C object libs/CMSIS/CMakeFiles/libs_CMSIS-m7.dir/__/__/third_party/CMSIS/CMSIS/DSP/Source/TransformFunctions/arm_cfft_radix2_f32.c.obj
[ 30%] Building C object libs/libjpeg/CMakeFiles/libs_libjpeg.dir/__/__/third_party/nxp/rt1176-sdk/middleware/libjpeg/src/jfdctint.c.obj
[ 30%] Building C object examples/sentai_runtime/CMakeFiles/libmicropython.dir/micropython_embed/py/modio.c.obj
[ 30%] Building C object libs/filex/CMakeFiles/libs_filex.dir/__/__/third_party/eclipse-threadx/filex/common/src/fx_fault_tolerant_transaction_end.c.obj
[ 30%] Building C object libs/libjpeg/CMakeFiles/libs_libjpeg.dir/__/__/third_party/nxp/rt1176-sdk/middleware/libjpeg/src/jidctflt.c.obj
[ 30%] Linking C static library liblibs_aifes_m7.a
[ 30%] Building C object libs/levelx/CMakeFiles/libs_levelx.dir/__/__/third_party/eclipse-threadx/levelx/common/src/lx_nor_flash_driver_write.c.obj
[ 30%] Building C object libs/libjpeg/CMakeFiles/libs_libjpeg.dir/__/__/third_party/nxp/rt1176-sdk/middleware/libjpeg/src/jidctfst.c.obj
[ 30%] Building C object libs/libjpeg/CMakeFiles/libs_libjpeg.dir/__/__/third_party/nxp/rt1176-sdk/middleware/libjpeg/src/jidctint.c.obj
[ 30%] Building C object examples/sentai_runtime/CMakeFiles/libmicropython.dir/micropython_embed/py/modmath.c.obj
[ 30%] Building C object libs/filex/CMakeFiles/libs_filex.dir/__/__/third_party/eclipse-threadx/filex/common/src/fx_fault_tolerant_transaction_fail.c.obj
[ 30%] Building C object libs/CMSIS/CMakeFiles/libs_CMSIS-m4.dir/__/__/third_party/CMSIS/CMSIS/DSP/Source/TransformFunctions/arm_cfft_f32.c.obj
[ 30%] Building C object libs/CMSIS/CMakeFiles/libs_CMSIS-m7.dir/__/__/third_party/CMSIS/CMSIS/DSP/Source/TransformFunctions/arm_cfft_radix4_f32.c.obj
[ 30%] Building C object libs/levelx/CMakeFiles/libs_levelx.dir/__/__/third_party/eclipse-threadx/levelx/common/src/lx_nor_flash_extended_cache_enable.c.obj
[ 30%] Building C object libs/levelx/CMakeFiles/libs_levelx.dir/__/__/third_party/eclipse-threadx/levelx/common/src/lx_nor_flash_format.c.obj
[ 30%] Building C object libs/libjpeg/CMakeFiles/libs_libjpeg.dir/__/__/third_party/nxp/rt1176-sdk/middleware/libjpeg/src/jmemmgr.c.obj
[ 30%] Building C object libs/CMSIS/CMakeFiles/libs_CMSIS-m7.dir/__/__/third_party/CMSIS/CMSIS/DSP/Source/TransformFunctions/arm_cfft_radix8_f32.c.obj
[ 30%] Built target libs_aifes_m7
[ 30%] Building C object libs/libjpeg/CMakeFiles/libs_libjpeg.dir/__/__/third_party/nxp/rt1176-sdk/middleware/libjpeg/src/jmemnobs.c.obj
[ 30%] Building C object examples/sentai_runtime/CMakeFiles/libmicropython.dir/micropython_embed/py/modmicropython.c.obj
[ 30%] Building C object libs/levelx/CMakeFiles/libs_levelx.dir/__/__/third_party/eclipse-threadx/levelx/common/src/lx_nor_flash_initialize.c.obj
[ 30%] Building C object libs/libjpeg/CMakeFiles/libs_libjpeg.dir/__/__/third_party/nxp/rt1176-sdk/middleware/libjpeg/src/jquant1.c.obj
[ 30%] Building C object libs/CMSIS/CMakeFiles/libs_CMSIS-m7.dir/__/__/third_party/CMSIS/CMSIS/DSP/Source/TransformFunctions/arm_bitreversal2.c.obj
[ 30%] Building C object libs/levelx/CMakeFiles/libs_levelx.dir/__/__/third_party/eclipse-threadx/levelx/common/src/lx_nor_flash_logical_sector_find.c.obj
[ 30%] Building C object libs/filex/CMakeFiles/libs_filex.dir/__/__/third_party/eclipse-threadx/filex/common/src/fx_fault_tolerant_transaction_start.c.obj
[ 30%] Building C object examples/sentai_runtime/CMakeFiles/libmicropython.dir/micropython_embed/py/modstruct.c.obj
[ 30%] Building C object libs/CMSIS/CMakeFiles/libs_CMSIS-m4.dir/__/__/third_party/CMSIS/CMSIS/DSP/Source/TransformFunctions/arm_cfft_init_f32.c.obj
[ 30%] Building C object libs/CMSIS/CMakeFiles/libs_CMSIS-m4.dir/__/__/third_party/CMSIS/CMSIS/DSP/Source/TransformFunctions/arm_cfft_radix2_f32.c.obj
[ 30%] Building C object libs/CMSIS/CMakeFiles/libs_CMSIS-m7.dir/__/__/third_party/CMSIS/CMSIS/DSP/Source/CommonTables/arm_common_tables.c.obj
[ 30%] Building C object libs/libjpeg/CMakeFiles/libs_libjpeg.dir/__/__/third_party/nxp/rt1176-sdk/middleware/libjpeg/src/jquant2.c.obj
[ 30%] Building C object libs/filex/CMakeFiles/libs_filex.dir/__/__/third_party/eclipse-threadx/filex/common/src/fx_fault_tolerant_write_log_file.c.obj
[ 30%] Building C object libs/CMSIS/CMakeFiles/libs_CMSIS-m7.dir/__/__/third_party/CMSIS/CMSIS/DSP/Source/CommonTables/arm_const_structs.c.obj
[ 30%] Building C object examples/sentai_runtime/CMakeFiles/libmicropython.dir/micropython_embed/py/modsys.c.obj
[ 30%] Building C object libs/CMSIS/CMakeFiles/libs_CMSIS-m4.dir/__/__/third_party/CMSIS/CMSIS/DSP/Source/TransformFunctions/arm_cfft_radix4_f32.c.obj
[ 30%] Building C object examples/sentai_runtime/CMakeFiles/libmicropython.dir/micropython_embed/py/modthread.c.obj
[ 30%] Building C object libs/filex/CMakeFiles/libs_filex.dir/__/__/third_party/eclipse-threadx/filex/common/src/fx_file_allocate.c.obj
[ 30%] Building C object libs/filex/CMakeFiles/libs_filex.dir/__/__/third_party/eclipse-threadx/filex/common/src/fx_file_attributes_read.c.obj
[ 30%] Building C object libs/libjpeg/CMakeFiles/libs_libjpeg.dir/__/__/third_party/nxp/rt1176-sdk/middleware/libjpeg/src/jutils.c.obj
[ 30%] Building C object libs/levelx/CMakeFiles/libs_levelx.dir/__/__/third_party/eclipse-threadx/levelx/common/src/lx_nor_flash_next_block_to_erase_find.c.obj
[ 30%] Building C object libs/filex/CMakeFiles/libs_filex.dir/__/__/third_party/eclipse-threadx/filex/common/src/fx_file_attributes_set.c.obj
[ 30%] Building C object examples/sentai_runtime/CMakeFiles/libmicropython.dir/micropython_embed/py/mpprint.c.obj
[ 30%] Building C object libs/levelx/CMakeFiles/libs_levelx.dir/__/__/third_party/eclipse-threadx/levelx/common/src/lx_nor_flash_open.c.obj
[ 30%] Building C object libs/CMSIS/CMakeFiles/libs_CMSIS-m4.dir/__/__/third_party/CMSIS/CMSIS/DSP/Source/TransformFunctions/arm_cfft_radix8_f32.c.obj
[ 30%] Building C object examples/sentai_runtime/CMakeFiles/libmicropython.dir/micropython_embed/py/mpstate.c.obj
[ 30%] Building C object libs/levelx/CMakeFiles/libs_levelx.dir/__/__/third_party/eclipse-threadx/levelx/common/src/lx_nor_flash_open_extended.c.obj
[ 31%] Building C object libs/levelx/CMakeFiles/libs_levelx.dir/__/__/third_party/eclipse-threadx/levelx/common/src/lx_nor_flash_partial_defragment.c.obj
[ 31%] Building C object libs/filex/CMakeFiles/libs_filex.dir/__/__/third_party/eclipse-threadx/filex/common/src/fx_file_best_effort_allocate.c.obj
/home/bogdan/work/coralmicro/third_party/eclipse-threadx/levelx/common/src/lx_nor_flash_next_block_to_erase_find.c: In function '_lx_nor_flash_next_block_to_erase_find':
/home/bogdan/work/coralmicro/third_party/eclipse-threadx/levelx/common/src/lx_nor_flash_next_block_to_erase_find.c:411:8: warning: 'mapped_sectors_available' may be used uninitialized in this function [-Wmaybe-uninitialized]
  411 |     if (mapped_sectors_available == LX_FALSE)
      |        ^
/home/bogdan/work/coralmicro/third_party/eclipse-threadx/levelx/common/src/lx_nor_flash_next_block_to_erase_find.c:327:36: warning: 'mapped_sectors' may be used uninitialized in this function [-Wmaybe-uninitialized]
  327 |             *return_mapped_sectors =    mapped_sectors;
      |             ~~~~~~~~~~~~~~~~~~~~~~~^~~~~~~~~~~~~~~~~~~
[ 31%] Building C object libs/filex/CMakeFiles/libs_filex.dir/__/__/third_party/eclipse-threadx/filex/common/src/fx_file_close.c.obj
[ 31%] Building C object libs/levelx/CMakeFiles/libs_levelx.dir/__/__/third_party/eclipse-threadx/levelx/common/src/lx_nor_flash_sector_mapping_cache_invalidate.c.obj
[ 31%] Building C object libs/levelx/CMakeFiles/libs_levelx.dir/__/__/third_party/eclipse-threadx/levelx/common/src/lx_nor_flash_sector_read.c.obj
[ 31%] Building C object libs/levelx/CMakeFiles/libs_levelx.dir/__/__/third_party/eclipse-threadx/levelx/common/src/lx_nor_flash_physical_sector_allocate.c.obj
[ 31%] Building C object libs/filex/CMakeFiles/libs_filex.dir/__/__/third_party/eclipse-threadx/filex/common/src/fx_file_create.c.obj
[ 31%] Linking C static library liblibs_CMSIS-m7.a
[ 31%] Building C object libs/CMSIS/CMakeFiles/libs_CMSIS-m4.dir/__/__/third_party/CMSIS/CMSIS/DSP/Source/TransformFunctions/arm_bitreversal2.c.obj
[ 31%] Building C object libs/CMSIS/CMakeFiles/libs_CMSIS-m4.dir/__/__/third_party/CMSIS/CMSIS/DSP/Source/CommonTables/arm_common_tables.c.obj
[ 31%] Building C object examples/sentai_runtime/CMakeFiles/libmicropython.dir/micropython_embed/py/mpz.c.obj
[ 31%] Building C object libs/filex/CMakeFiles/libs_filex.dir/__/__/third_party/eclipse-threadx/filex/common/src/fx_file_date_time_set.c.obj
[ 33%] Building C object examples/sentai_runtime/CMakeFiles/libmicropython.dir/micropython_embed/py/nativeglue.c.obj
[ 33%] Building C object libs/CMSIS/CMakeFiles/libs_CMSIS-m4.dir/__/__/third_party/CMSIS/CMSIS/DSP/Source/CommonTables/arm_const_structs.c.obj
[ 33%] Building C object examples/sentai_runtime/CMakeFiles/libmicropython.dir/micropython_embed/py/nlr.c.obj
[ 33%] Built target libs_CMSIS-m7
[ 33%] Building C object libs/filex/CMakeFiles/libs_filex.dir/__/__/third_party/eclipse-threadx/filex/common/src/fx_file_delete.c.obj
[ 33%] Building C object libs/levelx/CMakeFiles/libs_levelx.dir/__/__/third_party/eclipse-threadx/levelx/common/src/lx_nor_flash_sector_release.c.obj
[ 33%] Building C object libs/levelx/CMakeFiles/libs_levelx.dir/__/__/third_party/eclipse-threadx/levelx/common/src/lx_nor_flash_sector_write.c.obj
[ 33%] Building C object libs/filex/CMakeFiles/libs_filex.dir/__/__/third_party/eclipse-threadx/filex/common/src/fx_file_extended_allocate.c.obj
[ 34%] Building C object examples/sentai_runtime/CMakeFiles/libmicropython.dir/micropython_embed/py/nlrmips.c.obj
[ 34%] Building C object examples/sentai_runtime/CMakeFiles/libmicropython.dir/micropython_embed/py/nlraarch64.c.obj
[ 34%] Building C object libs/levelx/CMakeFiles/libs_levelx.dir/__/__/third_party/eclipse-threadx/levelx/common/src/lx_nor_flash_system_error.c.obj
[ 34%] Building C object examples/sentai_runtime/CMakeFiles/libmicropython.dir/micropython_embed/py/nlrpowerpc.c.obj
[ 34%] Building C object libs/nxp/rt1176-sdk/CMakeFiles/libs_nxp_rt1176-sdk_freertos.dir/__/__/__/third_party/nxp/rt1176-sdk/components/osa/fsl_os_abstraction_free_rtos.c.obj
[ 36%] Building C object libs/filex/CMakeFiles/libs_filex.dir/__/__/third_party/eclipse-threadx/filex/common/src/fx_file_extended_best_effort_allocate.c.obj
[ 36%] Building C object examples/sentai_runtime/CMakeFiles/libmicropython.dir/micropython_embed/py/nlrsetjmp.c.obj
[ 36%] Building C object libs/nxp/rt1176-sdk/CMakeFiles/libs_nxp_rt1176-sdk_freertos.dir/__/__/__/third_party/nxp/rt1176-sdk/devices/MIMXRT1176/drivers/fsl_lpi2c_freertos.c.obj
[ 36%] Building C object libs/nxp/rt1176-sdk/CMakeFiles/libs_nxp_rt1176-sdk_freertos.dir/__/__/__/third_party/nxp/rt1176-sdk/devices/MIMXRT1176/drivers/fsl_lpspi_freertos.c.obj
[ 36%] Building C object libs/filex/CMakeFiles/libs_filex.dir/__/__/third_party/eclipse-threadx/filex/common/src/fx_file_extended_relative_seek.c.obj
[ 36%] Building C object examples/sentai_runtime/CMakeFiles/libmicropython.dir/micropython_embed/py/nlrthumb.c.obj
[ 36%] Building C object examples/sentai_runtime/CMakeFiles/libmicropython.dir/micropython_embed/py/nlrx64.c.obj
[ 36%] Building C object examples/sentai_runtime/CMakeFiles/libmicropython.dir/micropython_embed/py/nlrx86.c.obj
[ 36%] Building C object libs/filex/CMakeFiles/libs_filex.dir/__/__/third_party/eclipse-threadx/filex/common/src/fx_file_extended_truncate.c.obj
[ 36%] Building C object libs/filex/CMakeFiles/libs_filex.dir/__/__/third_party/eclipse-threadx/filex/common/src/fx_file_extended_seek.c.obj
[ 36%] Building C object libs/filex/CMakeFiles/libs_filex.dir/__/__/third_party/eclipse-threadx/filex/common/src/fx_file_extended_truncate_release.c.obj
[ 36%] Linking C static library liblibs_levelx.a
[ 36%] Building C object libs/nxp/rt1176-sdk/CMakeFiles/libs_nxp_rt1176-sdk_freertos.dir/__/__/__/third_party/modified/nxp/rt1176-sdk/fsl_tickless_gpt.c.obj
[ 36%] Building C object libs/nxp/rt1176-sdk/CMakeFiles/libs_nxp_rt1176-sdk_freertos.dir/__/__/__/third_party/nxp/rt1176-sdk/devices/MIMXRT1176/drivers/fsl_lpuart_freertos.c.obj
[ 36%] Building C object examples/sentai_runtime/CMakeFiles/libmicropython.dir/micropython_embed/py/nlrxtensa.c.obj
[ 36%] Building C object libs/filex/CMakeFiles/libs_filex.dir/__/__/third_party/eclipse-threadx/filex/common/src/fx_file_open.c.obj
[ 36%] Building C object libs/nxp/rt1176-sdk/CMakeFiles/libs_nxp_rt1176-sdk_freertos.dir/__/__/__/third_party/nxp/rt1176-sdk/devices/MIMXRT1176/drivers/cm7/fsl_cache.c.obj
[ 36%] Building C object examples/sentai_runtime/CMakeFiles/libmicropython.dir/micropython_embed/py/obj.c.obj
[ 36%] Building C object examples/sentai_runtime/CMakeFiles/libmicropython.dir/micropython_embed/py/objarray.c.obj
[ 36%] Building ASM object libs/nxp/rt1176-sdk/CMakeFiles/libs_nxp_rt1176-sdk_freertos.dir/__/__/__/third_party/nxp/rt1176-sdk/devices/MIMXRT1176/gcc/startup_MIMXRT1176_cm7.S.obj
[ 36%] Building C object libs/nxp/rt1176-sdk/CMakeFiles/libs_nxp_rt1176-sdk_freertos.dir/__/__/__/third_party/nxp/rt1176-sdk/devices/MIMXRT1176/system_MIMXRT1176_cm7.c.obj
[ 36%] Building C object libs/nxp/rt1176-sdk/CMakeFiles/libs_nxp_rt1176-sdk_freertos.dir/board_hardware.c.obj
[ 36%] Built target libs_levelx
[ 36%] Building C object examples/sentai_runtime/CMakeFiles/libmicropython.dir/micropython_embed/py/objattrtuple.c.obj
[ 36%] Building C object libs/filex/CMakeFiles/libs_filex.dir/__/__/third_party/eclipse-threadx/filex/common/src/fx_file_read.c.obj
[ 36%] Building C object libs/filex/CMakeFiles/libs_filex.dir/__/__/third_party/eclipse-threadx/filex/common/src/fx_file_relative_seek.c.obj
[ 36%] Building C object libs/filex/CMakeFiles/libs_filex.dir/__/__/third_party/eclipse-threadx/filex/common/src/fx_file_rename.c.obj
[ 36%] Building C object libs/filex/CMakeFiles/libs_filex.dir/__/__/third_party/eclipse-threadx/filex/common/src/fx_file_seek.c.obj
[ 36%] Building C object libs/nxp/rt1176-sdk/CMakeFiles/libs_nxp_rt1176-sdk_freertos.dir/clock_config.c.obj
[ 36%] Building C object libs/nxp/rt1176-sdk/CMakeFiles/libs_nxp_rt1176-sdk_freertos.dir/usb_device_cdc_eem.c.obj
[ 36%] Building C object libs/filex/CMakeFiles/libs_filex.dir/__/__/third_party/eclipse-threadx/filex/common/src/fx_file_truncate.c.obj
[ 36%] Building C object examples/sentai_runtime/CMakeFiles/libmicropython.dir/micropython_embed/py/objboundmeth.c.obj
[ 36%] Building C object examples/sentai_runtime/CMakeFiles/libmicropython.dir/micropython_embed/py/objbool.c.obj
[ 36%] Building C object libs/filex/CMakeFiles/libs_filex.dir/__/__/third_party/eclipse-threadx/filex/common/src/fx_file_truncate_release.c.obj
[ 37%] Building C object libs/nxp/rt1176-sdk/CMakeFiles/libs_nxp_rt1176-sdk_freertos.dir/__/__/__/third_party/nxp/rt1176-sdk/middleware/usb/output/source/device/class/usb_device_msc.c.obj
[ 37%] Building C object examples/sentai_runtime/CMakeFiles/libmicropython.dir/micropython_embed/py/objcell.c.obj
[ 37%] Building C object examples/sentai_runtime/CMakeFiles/libmicropython.dir/micropython_embed/py/objclosure.c.obj
[ 37%] Building C object libs/nxp/rt1176-sdk/CMakeFiles/libs_nxp_rt1176-sdk_freertos.dir/__/__/__/third_party/nxp/rt1176-sdk/middleware/usb/output/source/device/class/usb_device_msc_ufi.c.obj
[ 37%] Building C object libs/nxp/rt1176-sdk/CMakeFiles/libs_nxp_rt1176-sdk_freertos.dir/__/__/__/third_party/modified/nxp/rt1176-sdk/board.c.obj
[ 37%] Building C object examples/sentai_runtime/CMakeFiles/libmicropython.dir/micropython_embed/py/objcomplex.c.obj
[ 37%] Building C object libs/filex/CMakeFiles/libs_filex.dir/__/__/third_party/eclipse-threadx/filex/common/src/fx_file_write.c.obj
[ 37%] Building C object libs/nxp/rt1176-sdk/CMakeFiles/libs_nxp_rt1176-sdk_freertos.dir/__/__/__/third_party/modified/nxp/rt1176-sdk/pin_mux.c.obj
[ 37%] Building C object libs/nxp/rt1176-sdk/CMakeFiles/libs_nxp_rt1176-sdk_freertos.dir/__/__/__/third_party/modified/nxp/rt1176-sdk/usb_device_class.c.obj
[ 37%] Building C object libs/nxp/rt1176-sdk/CMakeFiles/libs_nxp_rt1176-sdk_freertos.dir/__/__/__/third_party/nxp/rt1176-sdk/components/flash/nand/flexspi/fsl_flexspi_nand_flash.c.obj
[ 37%] Building C object examples/sentai_runtime/CMakeFiles/libmicropython.dir/micropython_embed/py/objdeque.c.obj
[ 37%] Building C object libs/filex/CMakeFiles/libs_filex.dir/__/__/third_party/eclipse-threadx/filex/common/src/fx_file_write_notify_set.c.obj
[ 37%] Building C object libs/filex/CMakeFiles/libs_filex.dir/__/__/third_party/eclipse-threadx/filex/common/src/fx_media_abort.c.obj
[ 37%] Building C object examples/sentai_runtime/CMakeFiles/libmicropython.dir/micropython_embed/py/objdict.c.obj
[ 37%] Building C object libs/nxp/rt1176-sdk/CMakeFiles/libs_nxp_rt1176-sdk_freertos.dir/__/__/__/third_party/nxp/rt1176-sdk/components/lists/fsl_component_generic_list.c.obj
[ 37%] Building C object libs/nxp/rt1176-sdk/CMakeFiles/libs_nxp_rt1176-sdk_freertos.dir/__/__/__/third_party/nxp/rt1176-sdk/components/phy/device/phyrtl8211f/fsl_phyrtl8211f.c.obj
[ 37%] Building C object libs/filex/CMakeFiles/libs_filex.dir/__/__/third_party/eclipse-threadx/filex/common/src/fx_media_boot_info_extract.c.obj
[ 37%] Building C object libs/filex/CMakeFiles/libs_filex.dir/__/__/third_party/eclipse-threadx/filex/common/src/fx_media_cache_invalidate.c.obj
[ 37%] Building C object libs/nxp/rt1176-sdk/CMakeFiles/libs_nxp_rt1176-sdk_freertos.dir/__/__/__/third_party/nxp/rt1176-sdk/components/phy/mdio/enet/fsl_enet_mdio.c.obj
[ 37%] Building C object libs/filex/CMakeFiles/libs_filex.dir/__/__/third_party/eclipse-threadx/filex/common/src/fx_media_check.c.obj
[ 37%] Building C object libs/nxp/rt1176-sdk/CMakeFiles/libs_nxp_rt1176-sdk_freertos.dir/__/__/__/third_party/nxp/rt1176-sdk/components/serial_manager/fsl_component_serial_manager.c.obj
[ 37%] Building C object libs/nxp/rt1176-sdk/CMakeFiles/libs_nxp_rt1176-sdk_freertos.dir/__/__/__/third_party/nxp/rt1176-sdk/components/serial_manager/fsl_component_serial_port_uart.c.obj
[ 37%] Building C object examples/sentai_runtime/CMakeFiles/libmicropython.dir/micropython_embed/py/objenumerate.c.obj
[ 37%] Building C object libs/nxp/rt1176-sdk/CMakeFiles/libs_nxp_rt1176-sdk_freertos.dir/__/__/__/third_party/nxp/rt1176-sdk/components/uart/fsl_adapter_lpuart.c.obj
[ 39%] Building C object libs/filex/CMakeFiles/libs_filex.dir/__/__/third_party/eclipse-threadx/filex/common/src/fx_media_check_FAT_chain_check.c.obj
[ 39%] Building C object examples/sentai_runtime/CMakeFiles/libmicropython.dir/micropython_embed/py/objexcept.c.obj
[ 40%] Building C object examples/sentai_runtime/CMakeFiles/libmicropython.dir/micropython_embed/py/objfilter.c.obj
[ 40%] Building C object libs/nxp/rt1176-sdk/CMakeFiles/libs_nxp_rt1176-sdk_freertos.dir/__/__/__/third_party/nxp/rt1176-sdk/devices/MIMXRT1176/drivers/fsl_anatop_ai.c.obj
[ 40%] Building C object libs/nxp/rt1176-sdk/CMakeFiles/libs_nxp_rt1176-sdk_freertos.dir/__/__/__/third_party/nxp/rt1176-sdk/devices/MIMXRT1176/drivers/fsl_caam.c.obj
[ 40%] Building C object libs/nxp/rt1176-sdk/CMakeFiles/libs_nxp_rt1176-sdk_freertos.dir/__/__/__/third_party/nxp/rt1176-sdk/devices/MIMXRT1176/drivers/fsl_clock.c.obj
[ 40%] Building C object libs/nxp/rt1176-sdk/CMakeFiles/libs_nxp_rt1176-sdk_freertos.dir/__/__/__/third_party/nxp/rt1176-sdk/devices/MIMXRT1176/drivers/fsl_common.c.obj
[ 40%] Building C object libs/filex/CMakeFiles/libs_filex.dir/__/__/third_party/eclipse-threadx/filex/common/src/fx_media_check_lost_cluster_check.c.obj
[ 40%] Building C object examples/sentai_runtime/CMakeFiles/libmicropython.dir/micropython_embed/py/objfun.c.obj
[ 40%] Building C object examples/sentai_runtime/CMakeFiles/libmicropython.dir/micropython_embed/py/objfloat.c.obj
[ 40%] Building C object libs/filex/CMakeFiles/libs_filex.dir/__/__/third_party/eclipse-threadx/filex/common/src/fx_media_close.c.obj
[ 40%] Building C object libs/filex/CMakeFiles/libs_filex.dir/__/__/third_party/eclipse-threadx/filex/common/src/fx_media_close_notify_set.c.obj
[ 40%] Building C object examples/sentai_runtime/CMakeFiles/libmicropython.dir/micropython_embed/py/objgenerator.c.obj
[ 40%] Building C object libs/nxp/rt1176-sdk/CMakeFiles/libs_nxp_rt1176-sdk_freertos.dir/__/__/__/third_party/nxp/rt1176-sdk/devices/MIMXRT1176/drivers/fsl_common_arm.c.obj
[ 40%] Building C object examples/sentai_runtime/CMakeFiles/libmicropython.dir/micropython_embed/py/objgetitemiter.c.obj
[ 40%] Building C object examples/sentai_runtime/CMakeFiles/libmicropython.dir/micropython_embed/py/objint.c.obj
[ 40%] Building C object examples/sentai_runtime/CMakeFiles/libmicropython.dir/micropython_embed/py/objint_longlong.c.obj
[ 40%] Building C object libs/filex/CMakeFiles/libs_filex.dir/__/__/third_party/eclipse-threadx/filex/common/src/fx_media_extended_space_available.c.obj
[ 40%] Building C object libs/nxp/rt1176-sdk/CMakeFiles/libs_nxp_rt1176-sdk_freertos.dir/__/__/__/third_party/nxp/rt1176-sdk/devices/MIMXRT1176/drivers/fsl_csi.c.obj
[ 42%] Building C object libs/nxp/rt1176-sdk/CMakeFiles/libs_nxp_rt1176-sdk_freertos.dir/__/__/__/third_party/nxp/rt1176-sdk/devices/MIMXRT1176/drivers/fsl_dac12.c.obj
[ 42%] Building C object libs/filex/CMakeFiles/libs_filex.dir/__/__/third_party/eclipse-threadx/filex/common/src/fx_media_flush.c.obj
[ 42%] Building C object libs/nxp/rt1176-sdk/CMakeFiles/libs_nxp_rt1176-sdk_freertos.dir/__/__/__/third_party/nxp/rt1176-sdk/devices/MIMXRT1176/drivers/fsl_dcdc.c.obj
[ 42%] Building C object libs/nxp/rt1176-sdk/CMakeFiles/libs_nxp_rt1176-sdk_freertos.dir/__/__/__/third_party/nxp/rt1176-sdk/devices/MIMXRT1176/drivers/fsl_dmamux.c.obj
[ 42%] Building C object examples/sentai_runtime/CMakeFiles/libmicropython.dir/micropython_embed/py/objint_mpz.c.obj
[ 42%] Building C object libs/nxp/rt1176-sdk/CMakeFiles/libs_nxp_rt1176-sdk_freertos.dir/__/__/__/third_party/nxp/rt1176-sdk/devices/MIMXRT1176/drivers/fsl_edma.c.obj
[ 42%] Building C object libs/filex/CMakeFiles/libs_filex.dir/__/__/third_party/eclipse-threadx/filex/common/src/fx_media_format.c.obj
[ 42%] Building C object libs/nxp/rt1176-sdk/CMakeFiles/libs_nxp_rt1176-sdk_freertos.dir/__/__/__/third_party/nxp/rt1176-sdk/devices/MIMXRT1176/drivers/fsl_enet.c.obj
[ 42%] Building C object examples/sentai_runtime/CMakeFiles/libmicropython.dir/micropython_embed/py/objlist.c.obj
[ 42%] Building C object libs/filex/CMakeFiles/libs_filex.dir/__/__/third_party/eclipse-threadx/filex/common/src/fx_media_format_type_set.c.obj
[ 42%] Building C object libs/filex/CMakeFiles/libs_filex.dir/__/__/third_party/eclipse-threadx/filex/common/src/fx_media_format_oem_name_set.c.obj
[ 42%] Building C object libs/filex/CMakeFiles/libs_filex.dir/__/__/third_party/eclipse-threadx/filex/common/src/fx_media_format_volume_id_set.c.obj
[ 42%] Building C object libs/nxp/rt1176-sdk/CMakeFiles/libs_nxp_rt1176-sdk_freertos.dir/__/__/__/third_party/nxp/rt1176-sdk/devices/MIMXRT1176/drivers/fsl_flexspi.c.obj
[ 42%] Building C object libs/filex/CMakeFiles/libs_filex.dir/__/__/third_party/eclipse-threadx/filex/common/src/fx_media_open.c.obj
[ 42%] Building C object examples/sentai_runtime/CMakeFiles/libmicropython.dir/micropython_embed/py/objmap.c.obj
[ 42%] Building C object libs/nxp/rt1176-sdk/CMakeFiles/libs_nxp_rt1176-sdk_freertos.dir/__/__/__/third_party/nxp/rt1176-sdk/devices/MIMXRT1176/drivers/fsl_gpio.c.obj
[ 42%] Building C object libs/filex/CMakeFiles/libs_filex.dir/__/__/third_party/eclipse-threadx/filex/common/src/fx_media_open_notify_set.c.obj
[ 42%] Building C object examples/sentai_runtime/CMakeFiles/libmicropython.dir/micropython_embed/py/objmodule.c.obj
[ 42%] Building C object examples/sentai_runtime/CMakeFiles/libmicropython.dir/micropython_embed/py/objnamedtuple.c.obj
[ 42%] Building C object libs/filex/CMakeFiles/libs_filex.dir/__/__/third_party/eclipse-threadx/filex/common/src/fx_media_read.c.obj
[ 42%] Building C object examples/sentai_runtime/CMakeFiles/libmicropython.dir/micropython_embed/py/objnone.c.obj
[ 42%] Building C object libs/nxp/rt1176-sdk/CMakeFiles/libs_nxp_rt1176-sdk_freertos.dir/__/__/__/third_party/nxp/rt1176-sdk/devices/MIMXRT1176/drivers/fsl_gpc.c.obj
[ 42%] Building C object examples/sentai_runtime/CMakeFiles/libmicropython.dir/micropython_embed/py/objobject.c.obj
[ 42%] Building C object libs/nxp/rt1176-sdk/CMakeFiles/libs_nxp_rt1176-sdk_freertos.dir/__/__/__/third_party/nxp/rt1176-sdk/devices/MIMXRT1176/drivers/fsl_gpt.c.obj
[ 42%] Building C object examples/sentai_runtime/CMakeFiles/libmicropython.dir/micropython_embed/py/objpolyiter.c.obj
[ 42%] Building C object libs/nxp/rt1176-sdk/CMakeFiles/libs_nxp_rt1176-sdk_freertos.dir/__/__/__/third_party/nxp/rt1176-sdk/devices/MIMXRT1176/drivers/fsl_lpadc.c.obj
[ 42%] Building C object libs/nxp/rt1176-sdk/CMakeFiles/libs_nxp_rt1176-sdk_freertos.dir/__/__/__/third_party/nxp/rt1176-sdk/devices/MIMXRT1176/drivers/fsl_lpi2c.c.obj
[ 42%] Building C object examples/sentai_runtime/CMakeFiles/libmicropython.dir/micropython_embed/py/objproperty.c.obj
[ 42%] Building C object libs/nxp/rt1176-sdk/CMakeFiles/libs_nxp_rt1176-sdk_freertos.dir/__/__/__/third_party/nxp/rt1176-sdk/devices/MIMXRT1176/drivers/fsl_lpspi.c.obj
[ 42%] Building C object examples/sentai_runtime/CMakeFiles/libmicropython.dir/micropython_embed/py/objrange.c.obj
[ 42%] Building C object libs/filex/CMakeFiles/libs_filex.dir/__/__/third_party/eclipse-threadx/filex/common/src/fx_media_space_available.c.obj
[ 42%] Building C object libs/nxp/rt1176-sdk/CMakeFiles/libs_nxp_rt1176-sdk_freertos.dir/__/__/__/third_party/nxp/rt1176-sdk/devices/MIMXRT1176/drivers/fsl_lpuart.c.obj
[ 42%] Building C object libs/nxp/rt1176-sdk/CMakeFiles/libs_nxp_rt1176-sdk_freertos.dir/__/__/__/third_party/nxp/rt1176-sdk/devices/MIMXRT1176/drivers/fsl_mu.c.obj
[ 42%] Linking C static library liblibs_CMSIS-m4.a
[ 42%] Building C object examples/sentai_runtime/CMakeFiles/libmicropython.dir/micropython_embed/py/objreversed.c.obj
[ 42%] Building C object libs/nxp/rt1176-sdk/CMakeFiles/libs_nxp_rt1176-sdk_freertos.dir/__/__/__/third_party/nxp/rt1176-sdk/devices/MIMXRT1176/drivers/fsl_ocotp.c.obj
[ 42%] Building C object libs/filex/CMakeFiles/libs_filex.dir/__/__/third_party/eclipse-threadx/filex/common/src/fx_media_volume_get.c.obj
[ 42%] Building C object libs/nxp/rt1176-sdk/CMakeFiles/libs_nxp_rt1176-sdk_freertos.dir/__/__/__/third_party/nxp/rt1176-sdk/devices/MIMXRT1176/drivers/fsl_pdm.c.obj
[ 42%] Built target libs_CMSIS-m4
[ 43%] Building C object examples/sentai_runtime/CMakeFiles/libmicropython.dir/micropython_embed/py/objset.c.obj
[ 43%] Building C object examples/sentai_runtime/CMakeFiles/libmicropython.dir/micropython_embed/py/objsingleton.c.obj
[ 43%] Building C object libs/filex/CMakeFiles/libs_filex.dir/__/__/third_party/eclipse-threadx/filex/common/src/fx_media_volume_get_extended.c.obj
[ 43%] Building C object libs/filex/CMakeFiles/libs_filex.dir/__/__/third_party/eclipse-threadx/filex/common/src/fx_media_volume_set.c.obj
[ 43%] Building C object examples/sentai_runtime/CMakeFiles/libmicropython.dir/micropython_embed/py/objslice.c.obj
[ 43%] Building C object libs/nxp/rt1176-sdk/CMakeFiles/libs_nxp_rt1176-sdk_freertos.dir/__/__/__/third_party/nxp/rt1176-sdk/devices/MIMXRT1176/drivers/fsl_pdm_edma.c.obj
[ 43%] Building C object libs/nxp/rt1176-sdk/CMakeFiles/libs_nxp_rt1176-sdk_freertos.dir/__/__/__/third_party/nxp/rt1176-sdk/devices/MIMXRT1176/drivers/fsl_pmu.c.obj
[ 43%] Building C object libs/nxp/rt1176-sdk/CMakeFiles/libs_nxp_rt1176-sdk_freertos-m4.dir/__/__/__/third_party/nxp/rt1176-sdk/components/osa/fsl_os_abstraction_free_rtos.c.obj
[ 43%] Building C object libs/filex/CMakeFiles/libs_filex.dir/__/__/third_party/eclipse-threadx/filex/common/src/fx_media_write.c.obj
[ 43%] Building C object examples/sentai_runtime/CMakeFiles/libmicropython.dir/micropython_embed/py/objstr.c.obj
[ 43%] Building C object libs/filex/CMakeFiles/libs_filex.dir/__/__/third_party/eclipse-threadx/filex/common/src/fx_partition_offset_calculate.c.obj
[ 44%] Building C object libs/nxp/rt1176-sdk/CMakeFiles/libs_nxp_rt1176-sdk_freertos.dir/__/__/__/third_party/nxp/rt1176-sdk/devices/MIMXRT1176/drivers/fsl_pwm.c.obj
[ 44%] Building C object libs/nxp/rt1176-sdk/CMakeFiles/libs_nxp_rt1176-sdk_freertos.dir/__/__/__/third_party/nxp/rt1176-sdk/devices/MIMXRT1176/drivers/fsl_pxp.c.obj
[ 44%] Building C object libs/nxp/rt1176-sdk/CMakeFiles/libs_nxp_rt1176-sdk_freertos-m4.dir/__/__/__/third_party/nxp/rt1176-sdk/devices/MIMXRT1176/drivers/fsl_lpi2c_freertos.c.obj
[ 44%] Building C object libs/nxp/rt1176-sdk/CMakeFiles/libs_nxp_rt1176-sdk_freertos-m4.dir/__/__/__/third_party/nxp/rt1176-sdk/devices/MIMXRT1176/drivers/fsl_lpspi_freertos.c.obj
[ 44%] Building C object examples/sentai_runtime/CMakeFiles/libmicropython.dir/micropython_embed/py/objstrunicode.c.obj
[ 44%] Building C object examples/sentai_runtime/CMakeFiles/libmicropython.dir/micropython_embed/py/objstringio.c.obj
[ 46%] Building C object libs/filex/CMakeFiles/libs_filex.dir/__/__/third_party/eclipse-threadx/filex/common/src/fx_ram_driver.c.obj
[ 46%] Building C object examples/sentai_runtime/CMakeFiles/libmicropython.dir/micropython_embed/py/objtuple.c.obj
[ 46%] Building C object libs/nxp/rt1176-sdk/CMakeFiles/libs_nxp_rt1176-sdk_freertos-m4.dir/__/__/__/third_party/nxp/rt1176-sdk/devices/MIMXRT1176/drivers/fsl_lpuart_freertos.c.obj
[ 46%] Building C object examples/sentai_runtime/CMakeFiles/libmicropython.dir/micropython_embed/py/objtype.c.obj
[ 46%] Linking C static library liblibs_libjpeg.a
[ 46%] Building C object examples/sentai_runtime/CMakeFiles/libmicropython.dir/micropython_embed/py/objzip.c.obj
[ 46%] Building C object libs/nxp/rt1176-sdk/CMakeFiles/libs_nxp_rt1176-sdk_freertos.dir/__/__/__/third_party/nxp/rt1176-sdk/devices/MIMXRT1176/drivers/fsl_romapi.c.obj
[ 46%] Building C object libs/filex/CMakeFiles/libs_filex.dir/__/__/third_party/eclipse-threadx/filex/common/src/fx_system_date_get.c.obj
[ 46%] Building C object libs/nxp/rt1176-sdk/CMakeFiles/libs_nxp_rt1176-sdk_freertos-m4.dir/__/__/__/third_party/modified/nxp/rt1176-sdk/fsl_tickless_gpt.c.obj
[ 47%] Building C object libs/nxp/rt1176-sdk/CMakeFiles/libs_nxp_rt1176-sdk_freertos-m4.dir/__/__/__/third_party/nxp/rt1176-sdk/devices/MIMXRT1176/drivers/cm4/fsl_cache.c.obj
[ 47%] Built target libs_libjpeg
[ 47%] Building C object examples/sentai_runtime/CMakeFiles/libmicropython.dir/micropython_embed/py/opmethods.c.obj
[ 47%] Building C object libs/filex/CMakeFiles/libs_filex.dir/__/__/third_party/eclipse-threadx/filex/common/src/fx_system_date_set.c.obj
[ 47%] Building C object libs/filex/CMakeFiles/libs_filex.dir/__/__/third_party/eclipse-threadx/filex/common/src/fx_system_initialize.c.obj
[ 47%] Building ASM object libs/nxp/rt1176-sdk/CMakeFiles/libs_nxp_rt1176-sdk_freertos-m4.dir/__/__/__/third_party/nxp/rt1176-sdk/devices/MIMXRT1176/gcc/startup_MIMXRT1176_cm4.S.obj
[ 47%] Building C object libs/nxp/rt1176-sdk/CMakeFiles/libs_nxp_rt1176-sdk_freertos-m4.dir/__/__/__/third_party/nxp/rt1176-sdk/devices/MIMXRT1176/system_MIMXRT1176_cm4.c.obj
[ 47%] Building C object libs/filex/CMakeFiles/libs_filex.dir/__/__/third_party/eclipse-threadx/filex/common/src/fx_system_time_get.c.obj
[ 47%] Building C object libs/nxp/rt1176-sdk/CMakeFiles/libs_nxp_rt1176-sdk_freertos.dir/__/__/__/third_party/nxp/rt1176-sdk/devices/MIMXRT1176/drivers/fsl_sema4.c.obj
[ 47%] Building C object examples/sentai_runtime/CMakeFiles/libmicropython.dir/micropython_embed/py/pairheap.c.obj
[ 47%] Building C object libs/nxp/rt1176-sdk/CMakeFiles/libs_nxp_rt1176-sdk_freertos-m4.dir/board_hardware.c.obj
[ 47%] Building C object libs/nxp/rt1176-sdk/CMakeFiles/libs_nxp_rt1176-sdk_freertos-m4.dir/clock_config.c.obj
[ 47%] Building C object examples/sentai_runtime/CMakeFiles/libmicropython.dir/micropython_embed/py/parse.c.obj
[ 47%] Building C object libs/filex/CMakeFiles/libs_filex.dir/__/__/third_party/eclipse-threadx/filex/common/src/fx_system_time_set.c.obj
[ 47%] Building C object examples/sentai_runtime/CMakeFiles/libmicropython.dir/micropython_embed/py/parsenum.c.obj
[ 47%] Building C object examples/sentai_runtime/CMakeFiles/libmicropython.dir/micropython_embed/py/parsenumbase.c.obj
[ 47%] Building C object libs/nxp/rt1176-sdk/CMakeFiles/libs_nxp_rt1176-sdk_freertos-m4.dir/usb_device_cdc_eem.c.obj
[ 47%] Building C object libs/nxp/rt1176-sdk/CMakeFiles/libs_nxp_rt1176-sdk_freertos.dir/__/__/__/third_party/nxp/rt1176-sdk/devices/MIMXRT1176/drivers/fsl_semc.c.obj
[ 47%] Building C object libs/nxp/rt1176-sdk/CMakeFiles/libs_nxp_rt1176-sdk_freertos-m4.dir/__/__/__/third_party/nxp/rt1176-sdk/middleware/usb/output/source/device/class/usb_device_msc.c.obj
[ 47%] Building C object libs/filex/CMakeFiles/libs_filex.dir/__/__/third_party/eclipse-threadx/filex/common/src/fx_system_timer_entry.c.obj
[ 47%] Building C object libs/filex/CMakeFiles/libs_filex.dir/__/__/third_party/eclipse-threadx/filex/common/src/fx_trace_event_insert.c.obj
[ 47%] Building C object libs/nxp/rt1176-sdk/CMakeFiles/libs_nxp_rt1176-sdk_freertos-m4.dir/__/__/__/third_party/nxp/rt1176-sdk/middleware/usb/output/source/device/class/usb_device_msc_ufi.c.obj
[ 47%] Building C object examples/sentai_runtime/CMakeFiles/libmicropython.dir/micropython_embed/py/persistentcode.c.obj
[ 47%] Building C object libs/filex/CMakeFiles/libs_filex.dir/__/__/third_party/eclipse-threadx/filex/common/src/fx_trace_object_register.c.obj
[ 47%] Building C object examples/sentai_runtime/CMakeFiles/libmicropython.dir/micropython_embed/py/profile.c.obj
[ 47%] Building C object libs/filex/CMakeFiles/libs_filex.dir/__/__/third_party/eclipse-threadx/filex/common/src/fx_trace_event_update.c.obj
[ 47%] Building C object libs/nxp/rt1176-sdk/CMakeFiles/libs_nxp_rt1176-sdk_freertos.dir/__/__/__/third_party/nxp/rt1176-sdk/devices/MIMXRT1176/drivers/fsl_snvs_hp.c.obj
[ 47%] Building C object libs/nxp/rt1176-sdk/CMakeFiles/libs_nxp_rt1176-sdk_freertos-m4.dir/__/__/__/third_party/modified/nxp/rt1176-sdk/board.c.obj
[ 47%] Building C object libs/nxp/rt1176-sdk/CMakeFiles/libs_nxp_rt1176-sdk_freertos-m4.dir/__/__/__/third_party/modified/nxp/rt1176-sdk/pin_mux.c.obj
[ 47%] Building C object libs/filex/CMakeFiles/libs_filex.dir/__/__/third_party/eclipse-threadx/filex/common/src/fx_unicode_directory_create.c.obj
[ 47%] Building C object libs/filex/CMakeFiles/libs_filex.dir/__/__/third_party/eclipse-threadx/filex/common/src/fx_trace_object_unregister.c.obj
[ 47%] Building C object libs/nxp/rt1176-sdk/CMakeFiles/libs_nxp_rt1176-sdk_freertos-m4.dir/__/__/__/third_party/modified/nxp/rt1176-sdk/usb_device_class.c.obj
[ 47%] Building C object libs/filex/CMakeFiles/libs_filex.dir/__/__/third_party/eclipse-threadx/filex/common/src/fx_unicode_directory_entry_change.c.obj
[ 47%] Building C object libs/filex/CMakeFiles/libs_filex.dir/__/__/third_party/eclipse-threadx/filex/common/src/fx_unicode_directory_entry_read.c.obj
[ 47%] Building C object libs/nxp/rt1176-sdk/CMakeFiles/libs_nxp_rt1176-sdk_freertos-m4.dir/__/__/__/third_party/nxp/rt1176-sdk/components/flash/nand/flexspi/fsl_flexspi_nand_flash.c.obj
[ 47%] Building C object examples/sentai_runtime/CMakeFiles/libmicropython.dir/micropython_embed/py/pystack.c.obj
[ 47%] Building C object libs/filex/CMakeFiles/libs_filex.dir/__/__/third_party/eclipse-threadx/filex/common/src/fx_unicode_directory_rename.c.obj
[ 47%] Building C object libs/nxp/rt1176-sdk/CMakeFiles/libs_nxp_rt1176-sdk_freertos-m4.dir/__/__/__/third_party/nxp/rt1176-sdk/components/lists/fsl_component_generic_list.c.obj
[ 47%] Building C object libs/filex/CMakeFiles/libs_filex.dir/__/__/third_party/eclipse-threadx/filex/common/src/fx_unicode_directory_search.c.obj
[ 47%] Building C object libs/nxp/rt1176-sdk/CMakeFiles/libs_nxp_rt1176-sdk_freertos-m4.dir/__/__/__/third_party/nxp/rt1176-sdk/components/phy/device/phyrtl8211f/fsl_phyrtl8211f.c.obj
[ 47%] Building C object examples/sentai_runtime/CMakeFiles/libmicropython.dir/micropython_embed/py/qstr.c.obj
[ 49%] Building C object examples/sentai_runtime/CMakeFiles/libmicropython.dir/micropython_embed/py/reader.c.obj
[ 49%] Building C object libs/nxp/rt1176-sdk/CMakeFiles/libs_nxp_rt1176-sdk_freertos.dir/__/__/__/third_party/nxp/rt1176-sdk/devices/MIMXRT1176/drivers/fsl_snvs_lp.c.obj
[ 49%] Building C object libs/nxp/rt1176-sdk/CMakeFiles/libs_nxp_rt1176-sdk_freertos.dir/__/__/__/third_party/nxp/rt1176-sdk/devices/MIMXRT1176/drivers/fsl_soc_src.c.obj
[ 49%] Building C object examples/sentai_runtime/CMakeFiles/libmicropython.dir/micropython_embed/py/repl.c.obj
[ 49%] Building C object libs/nxp/rt1176-sdk/CMakeFiles/libs_nxp_rt1176-sdk_freertos-m4.dir/__/__/__/third_party/nxp/rt1176-sdk/components/phy/mdio/enet/fsl_enet_mdio.c.obj
[ 49%] Building C object libs/nxp/rt1176-sdk/CMakeFiles/libs_nxp_rt1176-sdk_freertos-m4.dir/__/__/__/third_party/nxp/rt1176-sdk/components/serial_manager/fsl_component_serial_manager.c.obj
[ 49%] Building C object libs/nxp/rt1176-sdk/CMakeFiles/libs_nxp_rt1176-sdk_freertos.dir/__/__/__/third_party/nxp/rt1176-sdk/devices/MIMXRT1176/drivers/fsl_tempsensor.c.obj
[ 49%] Building C object libs/filex/CMakeFiles/libs_filex.dir/__/__/third_party/eclipse-threadx/filex/common/src/fx_unicode_file_create.c.obj
[ 49%] Building C object examples/sentai_runtime/CMakeFiles/libmicropython.dir/micropython_embed/py/ringbuf.c.obj
[ 49%] Building C object libs/nxp/rt1176-sdk/CMakeFiles/libs_nxp_rt1176-sdk_freertos-m4.dir/__/__/__/third_party/nxp/rt1176-sdk/components/serial_manager/fsl_component_serial_port_uart.c.obj
[ 49%] Building C object libs/nxp/rt1176-sdk/CMakeFiles/libs_nxp_rt1176-sdk_freertos-m4.dir/__/__/__/third_party/nxp/rt1176-sdk/components/uart/fsl_adapter_lpuart.c.obj
[ 49%] Building C object libs/filex/CMakeFiles/libs_filex.dir/__/__/third_party/eclipse-threadx/filex/common/src/fx_unicode_file_rename.c.obj
[ 49%] Building C object libs/nxp/rt1176-sdk/CMakeFiles/libs_nxp_rt1176-sdk_freertos.dir/__/__/__/third_party/nxp/rt1176-sdk/devices/MIMXRT1176/drivers/fsl_wdog.c.obj
[ 49%] Building C object libs/nxp/rt1176-sdk/CMakeFiles/libs_nxp_rt1176-sdk_freertos.dir/__/__/__/third_party/nxp/rt1176-sdk/devices/MIMXRT1176/drivers/fsl_xbara.c.obj
[ 49%] Building C object libs/nxp/rt1176-sdk/CMakeFiles/libs_nxp_rt1176-sdk_freertos-m4.dir/__/__/__/third_party/nxp/rt1176-sdk/devices/MIMXRT1176/drivers/fsl_anatop_ai.c.obj
[ 50%] Building C object libs/filex/CMakeFiles/libs_filex.dir/__/__/third_party/eclipse-threadx/filex/common/src/fx_unicode_length_get.c.obj
[ 52%] Building C object libs/nxp/rt1176-sdk/CMakeFiles/libs_nxp_rt1176-sdk_freertos-m4.dir/__/__/__/third_party/nxp/rt1176-sdk/devices/MIMXRT1176/drivers/fsl_caam.c.obj
[ 52%] Building C object libs/nxp/rt1176-sdk/CMakeFiles/libs_nxp_rt1176-sdk_freertos-m4.dir/__/__/__/third_party/nxp/rt1176-sdk/devices/MIMXRT1176/drivers/fsl_clock.c.obj
[ 52%] Building C object examples/sentai_runtime/CMakeFiles/libmicropython.dir/micropython_embed/py/runtime.c.obj
[ 52%] Building C object examples/sentai_runtime/CMakeFiles/libmicropython.dir/micropython_embed/py/runtime_utils.c.obj
[ 52%] Building C object libs/nxp/rt1176-sdk/CMakeFiles/libs_nxp_rt1176-sdk_freertos-m4.dir/__/__/__/third_party/nxp/rt1176-sdk/devices/MIMXRT1176/drivers/fsl_common.c.obj
[ 52%] Building C object libs/filex/CMakeFiles/libs_filex.dir/__/__/third_party/eclipse-threadx/filex/common/src/fx_unicode_length_get_extended.c.obj
[ 52%] Building C object libs/nxp/rt1176-sdk/CMakeFiles/libs_nxp_rt1176-sdk_freertos.dir/__/__/__/third_party/nxp/rt1176-sdk/devices/MIMXRT1176/utilities/debug_console/fsl_debug_console.c.obj
[ 52%] Building C object libs/nxp/rt1176-sdk/CMakeFiles/libs_nxp_rt1176-sdk_freertos.dir/__/__/__/third_party/nxp/rt1176-sdk/devices/MIMXRT1176/utilities/str/fsl_str.c.obj
[ 52%] Building C object libs/filex/CMakeFiles/libs_filex.dir/__/__/third_party/eclipse-threadx/filex/common/src/fx_unicode_name_get.c.obj
[ 52%] Building C object examples/sentai_runtime/CMakeFiles/libmicropython.dir/micropython_embed/py/scheduler.c.obj
[ 52%] Building C object libs/nxp/rt1176-sdk/CMakeFiles/libs_nxp_rt1176-sdk_freertos-m4.dir/__/__/__/third_party/nxp/rt1176-sdk/devices/MIMXRT1176/drivers/fsl_common_arm.c.obj
[ 52%] Building C object examples/sentai_runtime/CMakeFiles/libmicropython.dir/micropython_embed/py/scope.c.obj
[ 52%] Building C object libs/nxp/rt1176-sdk/CMakeFiles/libs_nxp_rt1176-sdk_freertos.dir/__/__/__/third_party/nxp/rt1176-sdk/middleware/usb/device/usb_device_dci.c.obj
[ 52%] Building C object libs/nxp/rt1176-sdk/CMakeFiles/libs_nxp_rt1176-sdk_freertos.dir/__/__/__/third_party/nxp/rt1176-sdk/middleware/usb/device/usb_device_ehci.c.obj
[ 52%] Building C object examples/sentai_runtime/CMakeFiles/libmicropython.dir/micropython_embed/py/sequence.c.obj
[ 52%] Building C object examples/sentai_runtime/CMakeFiles/libmicropython.dir/micropython_embed/py/showbc.c.obj
[ 52%] Building C object libs/filex/CMakeFiles/libs_filex.dir/__/__/third_party/eclipse-threadx/filex/common/src/fx_unicode_name_get_extended.c.obj
[ 52%] Building C object libs/nxp/rt1176-sdk/CMakeFiles/libs_nxp_rt1176-sdk_freertos.dir/__/__/__/third_party/nxp/rt1176-sdk/middleware/usb/host/class/usb_host_dfu.c.obj
[ 52%] Building C object libs/nxp/rt1176-sdk/CMakeFiles/libs_nxp_rt1176-sdk_freertos-m4.dir/__/__/__/third_party/nxp/rt1176-sdk/devices/MIMXRT1176/drivers/fsl_csi.c.obj
[ 52%] Building C object examples/sentai_runtime/CMakeFiles/libmicropython.dir/micropython_embed/py/smallint.c.obj
[ 52%] Building C object libs/nxp/rt1176-sdk/CMakeFiles/libs_nxp_rt1176-sdk_freertos.dir/__/__/__/third_party/nxp/rt1176-sdk/middleware/usb/host/class/usb_host_hub.c.obj
[ 52%] Building C object libs/filex/CMakeFiles/libs_filex.dir/__/__/third_party/eclipse-threadx/filex/common/src/fx_unicode_short_name_get.c.obj
[ 52%] Building C object libs/nxp/rt1176-sdk/CMakeFiles/libs_nxp_rt1176-sdk_freertos.dir/__/__/__/third_party/nxp/rt1176-sdk/middleware/usb/host/class/usb_host_hub_app.c.obj
[ 52%] Building C object libs/nxp/rt1176-sdk/CMakeFiles/libs_nxp_rt1176-sdk_freertos.dir/__/__/__/third_party/nxp/rt1176-sdk/middleware/usb/host/usb_host_devices.c.obj
[ 52%] Building C object libs/nxp/rt1176-sdk/CMakeFiles/libs_nxp_rt1176-sdk_freertos-m4.dir/__/__/__/third_party/nxp/rt1176-sdk/devices/MIMXRT1176/drivers/fsl_dac12.c.obj
[ 52%] Building C object libs/filex/CMakeFiles/libs_filex.dir/__/__/third_party/eclipse-threadx/filex/common/src/fx_unicode_short_name_get_extended.c.obj
[ 52%] Building C object libs/nxp/rt1176-sdk/CMakeFiles/libs_nxp_rt1176-sdk_freertos-m4.dir/__/__/__/third_party/nxp/rt1176-sdk/devices/MIMXRT1176/drivers/fsl_dmamux.c.obj
[ 52%] Building C object examples/sentai_runtime/CMakeFiles/libmicropython.dir/micropython_embed/py/stackctrl.c.obj
[ 52%] Building C object libs/nxp/rt1176-sdk/CMakeFiles/libs_nxp_rt1176-sdk_freertos-m4.dir/__/__/__/third_party/nxp/rt1176-sdk/devices/MIMXRT1176/drivers/fsl_dcdc.c.obj
[ 52%] Building C object examples/sentai_runtime/CMakeFiles/libmicropython.dir/micropython_embed/py/unicode.c.obj
[ 52%] Building C object examples/sentai_runtime/CMakeFiles/libmicropython.dir/micropython_embed/py/stream.c.obj
[ 53%] Building C object libs/nxp/rt1176-sdk/CMakeFiles/libs_nxp_rt1176-sdk_freertos.dir/__/__/__/third_party/nxp/rt1176-sdk/middleware/usb/host/usb_host_ehci.c.obj
[ 53%] Building C object libs/filex/CMakeFiles/libs_filex.dir/__/__/third_party/eclipse-threadx/filex/common/src/fx_utility_16_unsigned_read.c.obj
[ 53%] Building C object libs/filex/CMakeFiles/libs_filex.dir/__/__/third_party/eclipse-threadx/filex/common/src/fx_utility_16_unsigned_write.c.obj
[ 53%] Building C object libs/nxp/rt1176-sdk/CMakeFiles/libs_nxp_rt1176-sdk_freertos.dir/__/__/__/third_party/nxp/rt1176-sdk/middleware/usb/host/usb_host_framework.c.obj
[ 53%] Building C object libs/nxp/rt1176-sdk/CMakeFiles/libs_nxp_rt1176-sdk_freertos-m4.dir/__/__/__/third_party/nxp/rt1176-sdk/devices/MIMXRT1176/drivers/fsl_edma.c.obj
[ 53%] Building C object libs/nxp/rt1176-sdk/CMakeFiles/libs_nxp_rt1176-sdk_freertos-m4.dir/__/__/__/third_party/nxp/rt1176-sdk/devices/MIMXRT1176/drivers/fsl_enet.c.obj
[ 53%] Building C object libs/nxp/rt1176-sdk/CMakeFiles/libs_nxp_rt1176-sdk_freertos.dir/__/__/__/third_party/nxp/rt1176-sdk/middleware/usb/host/usb_host_hci.c.obj
[ 53%] Building C object libs/filex/CMakeFiles/libs_filex.dir/__/__/third_party/eclipse-threadx/filex/common/src/fx_utility_32_unsigned_read.c.obj
[ 53%] Building C object examples/sentai_runtime/CMakeFiles/libmicropython.dir/micropython_embed/py/vm.c.obj
[ 53%] Building C object libs/nxp/rt1176-sdk/CMakeFiles/libs_nxp_rt1176-sdk_freertos.dir/__/__/__/third_party/modified/nxp/rt1176-sdk/usb_device_cdc_acm.c.obj
[ 53%] Building C object libs/filex/CMakeFiles/libs_filex.dir/__/__/third_party/eclipse-threadx/filex/common/src/fx_utility_32_unsigned_write.c.obj
[ 53%] Building C object libs/nxp/rt1176-sdk/CMakeFiles/libs_nxp_rt1176-sdk_freertos-m4.dir/__/__/__/third_party/nxp/rt1176-sdk/devices/MIMXRT1176/drivers/fsl_flexspi.c.obj
[ 53%] Building C object libs/nxp/rt1176-sdk/CMakeFiles/libs_nxp_rt1176-sdk_freertos-m4.dir/__/__/__/third_party/nxp/rt1176-sdk/devices/MIMXRT1176/drivers/fsl_gpio.c.obj
[ 53%] Building C object libs/filex/CMakeFiles/libs_filex.dir/__/__/third_party/eclipse-threadx/filex/common/src/fx_utility_64_unsigned_write.c.obj
[ 53%] Building C object examples/sentai_runtime/CMakeFiles/libmicropython.dir/micropython_embed/py/vstr.c.obj
[ 53%] Building C object libs/filex/CMakeFiles/libs_filex.dir/__/__/third_party/eclipse-threadx/filex/common/src/fx_utility_64_unsigned_read.c.obj
[ 53%] Building C object libs/nxp/rt1176-sdk/CMakeFiles/libs_nxp_rt1176-sdk_freertos-m4.dir/__/__/__/third_party/nxp/rt1176-sdk/devices/MIMXRT1176/drivers/fsl_gpc.c.obj
[ 53%] Building C object examples/sentai_runtime/CMakeFiles/libmicropython.dir/micropython_embed/py/warning.c.obj
[ 53%] Building C object examples/sentai_runtime/CMakeFiles/libmicropython.dir/micropython_embed/port/embed_util.c.obj
[ 53%] Building C object examples/sentai_runtime/CMakeFiles/libmicropython.dir/micropython_embed/port/mphalport.c.obj
/home/bogdan/work/coralmicro/third_party/nxp/rt1176-sdk/middleware/usb/host/usb_host_hci.c:30:2: warning: #warning USB_HOST_CONFIG_BUFFER_PROPERTY_CACHEABLE is not supported. [-Wcpp]
   30 | #warning USB_HOST_CONFIG_BUFFER_PROPERTY_CACHEABLE is not supported.
      |  ^~~~~~~
[ 53%] Building C object libs/filex/CMakeFiles/libs_filex.dir/__/__/third_party/eclipse-threadx/filex/common/src/fx_utility_FAT_entry_read.c.obj
[ 53%] Building C object libs/nxp/rt1176-sdk/CMakeFiles/libs_nxp_rt1176-sdk_freertos-m4.dir/__/__/__/third_party/nxp/rt1176-sdk/devices/MIMXRT1176/drivers/fsl_gpt.c.obj
[ 53%] Building C object libs/filex/CMakeFiles/libs_filex.dir/__/__/third_party/eclipse-threadx/filex/common/src/fx_utility_FAT_entry_write.c.obj
[ 53%] Building C object examples/sentai_runtime/CMakeFiles/libmicropython.dir/micropython_embed/shared/runtime/gchelper_generic.c.obj
[ 53%] Building C object libs/nxp/rt1176-sdk/CMakeFiles/libs_nxp_rt1176-sdk_freertos-m4.dir/__/__/__/third_party/nxp/rt1176-sdk/devices/MIMXRT1176/drivers/fsl_lpadc.c.obj
[ 53%] Building C object libs/filex/CMakeFiles/libs_filex.dir/__/__/third_party/eclipse-threadx/filex/common/src/fx_utility_FAT_flush.c.obj
[ 55%] Building C object examples/sentai_runtime/CMakeFiles/libmicropython.dir/modsentai.c.obj
[ 55%] Building C object libs/nxp/rt1176-sdk/CMakeFiles/libs_nxp_rt1176-sdk_freertos.dir/__/__/__/third_party/nxp/rt1176-sdk/middleware/usb/output/source/device/class/usb_device_hid.c.obj
[ 55%] Building C object examples/sentai_runtime/CMakeFiles/libmicropython.dir/micropython_task.c.obj
[ 55%] Building C object libs/nxp/rt1176-sdk/CMakeFiles/libs_nxp_rt1176-sdk_freertos.dir/__/__/__/third_party/nxp/rt1176-sdk/middleware/usb/output/source/device/usb_device_ch9.c.obj
[ 55%] Building C object libs/nxp/rt1176-sdk/CMakeFiles/libs_nxp_rt1176-sdk_freertos-m4.dir/__/__/__/third_party/nxp/rt1176-sdk/devices/MIMXRT1176/drivers/fsl_lpi2c.c.obj
[ 55%] Building C object libs/filex/CMakeFiles/libs_filex.dir/__/__/third_party/eclipse-threadx/filex/common/src/fx_utility_FAT_sector_get.c.obj
[ 55%] Building C object libs/filex/CMakeFiles/libs_filex.dir/__/__/third_party/eclipse-threadx/filex/common/src/fx_utility_FAT_map_flush.c.obj
[ 55%] Building C object libs/nxp/rt1176-sdk/CMakeFiles/libs_nxp_rt1176-sdk_freertos-m4.dir/__/__/__/third_party/nxp/rt1176-sdk/devices/MIMXRT1176/drivers/fsl_lpspi.c.obj
[ 55%] Building C object examples/sentai_runtime/CMakeFiles/libmicropython.dir/mp_port_import.c.obj
In file included from /home/bogdan/work/coralmicro/examples/sentai_runtime/modsentai.c:334:
/home/bogdan/work/coralmicro/examples/sentai_runtime/bindings/modsentai_crazy.c: In function 'mod_sentai_crazy_hl_stop':
/home/bogdan/work/coralmicro/examples/sentai_runtime/bindings/modsentai_crazy.c:100:27: warning: implicit declaration of function 'sentai_crazy_hl_stop'; did you mean 'sentai_crazy_fly_stop'? [-Wimplicit-function-declaration]
  100 |     return mp_obj_new_int(sentai_crazy_hl_stop(group));
      |                           ^~~~~~~~~~~~~~~~~~~~
      |                           sentai_crazy_fly_stop
/home/bogdan/work/coralmicro/examples/sentai_runtime/bindings/modsentai_crazy.c: In function 'mod_sentai_crazy_attitude_release_no_disarm':
/home/bogdan/work/coralmicro/examples/sentai_runtime/bindings/modsentai_crazy.c:199:27: warning: implicit declaration of function 'sentai_crazy_attitude_release_no_disarm'; did you mean 'mod_sentai_crazy_attitude_release_no_disarm'? [-Wimplicit-function-declaration]
  199 |     return mp_obj_new_int(sentai_crazy_attitude_release_no_disarm());
      |                           ^~~~~~~~~~~~~~~~~~~~~~~~~~~~~~~~~~~~~~~
      |                           mod_sentai_crazy_attitude_release_no_disarm
[ 55%] Building C object examples/sentai_runtime/CMakeFiles/libmicropython.dir/mp_embed_safe.c.obj
[ 55%] Building C object libs/nxp/rt1176-sdk/CMakeFiles/libs_nxp_rt1176-sdk_freertos.dir/__/__/__/third_party/nxp/rt1176-sdk/devices/MIMXRT1176/drivers/fsl_mipi_csi2rx.c.obj
[ 55%] Building C object libs/nxp/rt1176-sdk/CMakeFiles/libs_nxp_rt1176-sdk_freertos.dir/__/__/__/third_party/nxp/rt1176-sdk/middleware/usb/phy/usb_phy.c.obj
[ 55%] Building C object libs/nxp/rt1176-sdk/CMakeFiles/libs_nxp_rt1176-sdk_freertos-m4.dir/__/__/__/third_party/nxp/rt1176-sdk/devices/MIMXRT1176/drivers/fsl_lpuart.c.obj
[ 55%] Building C object libs/filex/CMakeFiles/libs_filex.dir/__/__/third_party/eclipse-threadx/filex/common/src/fx_utility_absolute_path_get.c.obj
[ 56%] Building C object libs/nxp/rt1176-sdk/CMakeFiles/libs_nxp_rt1176-sdk_freertos-m4.dir/__/__/__/third_party/nxp/rt1176-sdk/devices/MIMXRT1176/drivers/fsl_mu.c.obj
[ 57%] Building C object libs/filex/CMakeFiles/libs_filex.dir/__/__/third_party/eclipse-threadx/filex/common/src/fx_utility_logical_sector_cache_entry_read.c.obj
[ 57%] Building C object libs/nxp/rt1176-sdk/CMakeFiles/libs_nxp_rt1176-sdk_freertos-m4.dir/__/__/__/third_party/nxp/rt1176-sdk/devices/MIMXRT1176/drivers/fsl_ocotp.c.obj
[ 57%] Building C object libs/nxp/rt1176-sdk/CMakeFiles/libs_nxp_rt1176-sdk_freertos.dir/__/__/__/third_party/nxp/rt1176-sdk/devices/MIMXRT1176/drivers/fsl_soc_mipi_csi2rx.c.obj
[ 57%] Building C object libs/nxp/rt1176-sdk/CMakeFiles/libs_nxp_rt1176-sdk_freertos-m4.dir/__/__/__/third_party/nxp/rt1176-sdk/devices/MIMXRT1176/drivers/fsl_pdm.c.obj
[ 57%] Building C object libs/nxp/rt1176-sdk/CMakeFiles/libs_nxp_rt1176-sdk_freertos-m4.dir/__/__/__/third_party/nxp/rt1176-sdk/devices/MIMXRT1176/drivers/fsl_pdm_edma.c.obj
[ 57%] Building C object libs/nxp/rt1176-sdk/CMakeFiles/libs_nxp_rt1176-sdk_freertos.dir/__/__/__/third_party/nxp/rt1176-sdk/components/video/camera/device/ov5640/fsl_ov5640.c.obj
[ 57%] Building C object libs/nxp/rt1176-sdk/CMakeFiles/libs_nxp_rt1176-sdk_freertos.dir/__/__/__/third_party/nxp/rt1176-sdk/components/video/camera/device/sccb/fsl_sccb.c.obj
[ 57%] Building C object libs/nxp/rt1176-sdk/CMakeFiles/libs_nxp_rt1176-sdk_freertos.dir/__/__/__/third_party/nxp/rt1176-sdk/components/video/fsl_video_common.c.obj
[ 57%] Building C object libs/filex/CMakeFiles/libs_filex.dir/__/__/third_party/eclipse-threadx/filex/common/src/fx_utility_logical_sector_flush.c.obj
[ 57%] Building C object libs/nxp/rt1176-sdk/CMakeFiles/libs_nxp_rt1176-sdk_freertos.dir/__/__/__/third_party/nxp/rt1176-sdk/components/video/camera/receiver/csi/fsl_csi_camera_adapter.c.obj
[ 57%] Building C object libs/filex/CMakeFiles/libs_filex.dir/__/__/third_party/eclipse-threadx/filex/common/src/fx_utility_logical_sector_read.c.obj
[ 57%] Building C object libs/filex/CMakeFiles/libs_filex.dir/__/__/third_party/eclipse-threadx/filex/common/src/fx_utility_logical_sector_write.c.obj
[ 57%] Building C object libs/filex/CMakeFiles/libs_filex.dir/__/__/third_party/eclipse-threadx/filex/common/src/fx_utility_memory_copy.c.obj
[ 57%] Building C object libs/nxp/rt1176-sdk/CMakeFiles/libs_nxp_rt1176-sdk_freertos-m4.dir/__/__/__/third_party/nxp/rt1176-sdk/devices/MIMXRT1176/drivers/fsl_pmu.c.obj
[ 57%] Building C object libs/nxp/rt1176-sdk/CMakeFiles/libs_nxp_rt1176-sdk_freertos-m4.dir/__/__/__/third_party/nxp/rt1176-sdk/devices/MIMXRT1176/drivers/fsl_pwm.c.obj
[ 57%] Building C object libs/filex/CMakeFiles/libs_filex.dir/__/__/third_party/eclipse-threadx/filex/common/src/fx_utility_memory_set.c.obj
[ 57%] Building C object libs/filex/CMakeFiles/libs_filex.dir/__/__/third_party/eclipse-threadx/filex/common/src/fx_utility_string_length_get.c.obj
[ 57%] Building C object libs/filex/CMakeFiles/libs_filex.dir/__/__/third_party/eclipse-threadx/filex/common/src/fx_utility_token_length_get.c.obj
[ 57%] Building C object libs/filex/CMakeFiles/libs_filex.dir/__/__/third_party/eclipse-threadx/filex/common/src/fxe_directory_attributes_read.c.obj
[ 57%] Building C object libs/nxp/rt1176-sdk/CMakeFiles/libs_nxp_rt1176-sdk_freertos-m4.dir/__/__/__/third_party/nxp/rt1176-sdk/devices/MIMXRT1176/drivers/fsl_pxp.c.obj
[ 57%] Building C object libs/filex/CMakeFiles/libs_filex.dir/__/__/third_party/eclipse-threadx/filex/common/src/fxe_directory_attributes_set.c.obj
[ 57%] Building C object libs/nxp/rt1176-sdk/CMakeFiles/libs_nxp_rt1176-sdk_freertos-m4.dir/__/__/__/third_party/nxp/rt1176-sdk/devices/MIMXRT1176/drivers/fsl_romapi.c.obj
[ 57%] Building C object libs/filex/CMakeFiles/libs_filex.dir/__/__/third_party/eclipse-threadx/filex/common/src/fxe_directory_default_get.c.obj
[ 57%] Building C object libs/nxp/rt1176-sdk/CMakeFiles/libs_nxp_rt1176-sdk_freertos-m4.dir/__/__/__/third_party/nxp/rt1176-sdk/devices/MIMXRT1176/drivers/fsl_sema4.c.obj
[ 57%] Building C object libs/filex/CMakeFiles/libs_filex.dir/__/__/third_party/eclipse-threadx/filex/common/src/fxe_directory_create.c.obj
[ 57%] Building C object libs/nxp/rt1176-sdk/CMakeFiles/libs_nxp_rt1176-sdk_freertos-m4.dir/__/__/__/third_party/nxp/rt1176-sdk/devices/MIMXRT1176/drivers/fsl_semc.c.obj
[ 57%] Building C object libs/nxp/rt1176-sdk/CMakeFiles/libs_nxp_rt1176-sdk_freertos-m4.dir/__/__/__/third_party/nxp/rt1176-sdk/devices/MIMXRT1176/drivers/fsl_snvs_hp.c.obj
[ 57%] Building C object libs/nxp/rt1176-sdk/CMakeFiles/libs_nxp_rt1176-sdk_freertos-m4.dir/__/__/__/third_party/nxp/rt1176-sdk/devices/MIMXRT1176/drivers/fsl_snvs_lp.c.obj
[ 57%] Building C object libs/nxp/rt1176-sdk/CMakeFiles/libs_nxp_rt1176-sdk_freertos-m4.dir/__/__/__/third_party/nxp/rt1176-sdk/devices/MIMXRT1176/drivers/fsl_soc_src.c.obj
[ 57%] Building C object libs/filex/CMakeFiles/libs_filex.dir/__/__/third_party/eclipse-threadx/filex/common/src/fxe_directory_default_get_copy.c.obj
[ 57%] Building C object libs/nxp/rt1176-sdk/CMakeFiles/libs_nxp_rt1176-sdk_freertos-m4.dir/__/__/__/third_party/nxp/rt1176-sdk/devices/MIMXRT1176/drivers/fsl_tempsensor.c.obj
[ 57%] Building C object libs/filex/CMakeFiles/libs_filex.dir/__/__/third_party/eclipse-threadx/filex/common/src/fxe_directory_default_set.c.obj
[ 57%] Building C object libs/nxp/rt1176-sdk/CMakeFiles/libs_nxp_rt1176-sdk_freertos-m4.dir/__/__/__/third_party/nxp/rt1176-sdk/devices/MIMXRT1176/drivers/fsl_xbara.c.obj
[ 57%] Building C object libs/filex/CMakeFiles/libs_filex.dir/__/__/third_party/eclipse-threadx/filex/common/src/fxe_directory_delete.c.obj
[ 57%] Building C object libs/nxp/rt1176-sdk/CMakeFiles/libs_nxp_rt1176-sdk_freertos-m4.dir/__/__/__/third_party/nxp/rt1176-sdk/devices/MIMXRT1176/drivers/fsl_wdog.c.obj
[ 57%] Building C object libs/nxp/rt1176-sdk/CMakeFiles/libs_nxp_rt1176-sdk_freertos-m4.dir/__/__/__/third_party/nxp/rt1176-sdk/devices/MIMXRT1176/utilities/debug_console/fsl_debug_console.c.obj
[ 57%] Building C object libs/filex/CMakeFiles/libs_filex.dir/__/__/third_party/eclipse-threadx/filex/common/src/fxe_directory_first_entry_find.c.obj
[ 57%] Building C object libs/nxp/rt1176-sdk/CMakeFiles/libs_nxp_rt1176-sdk_freertos-m4.dir/__/__/__/third_party/nxp/rt1176-sdk/devices/MIMXRT1176/utilities/str/fsl_str.c.obj
[ 59%] Building C object libs/nxp/rt1176-sdk/CMakeFiles/libs_nxp_rt1176-sdk_freertos-m4.dir/__/__/__/third_party/nxp/rt1176-sdk/middleware/usb/device/usb_device_dci.c.obj
[ 59%] Building C object libs/filex/CMakeFiles/libs_filex.dir/__/__/third_party/eclipse-threadx/filex/common/src/fxe_directory_first_full_entry_find.c.obj
[ 59%] Building C object libs/nxp/rt1176-sdk/CMakeFiles/libs_nxp_rt1176-sdk_freertos-m4.dir/__/__/__/third_party/nxp/rt1176-sdk/middleware/usb/device/usb_device_ehci.c.obj
[ 59%] Building C object libs/filex/CMakeFiles/libs_filex.dir/__/__/third_party/eclipse-threadx/filex/common/src/fxe_directory_local_path_clear.c.obj
[ 59%] Building C object libs/filex/CMakeFiles/libs_filex.dir/__/__/third_party/eclipse-threadx/filex/common/src/fxe_directory_information_get.c.obj
[ 59%] Built target libs_nxp_rt1176-sdk_freertos
[ 59%] Building C object libs/nxp/rt1176-sdk/CMakeFiles/libs_nxp_rt1176-sdk_freertos-m4.dir/__/__/__/third_party/nxp/rt1176-sdk/middleware/usb/host/class/usb_host_dfu.c.obj
[ 60%] Building C object libs/filex/CMakeFiles/libs_filex.dir/__/__/third_party/eclipse-threadx/filex/common/src/fxe_directory_local_path_get.c.obj
[ 60%] Building C object libs/filex/CMakeFiles/libs_filex.dir/__/__/third_party/eclipse-threadx/filex/common/src/fxe_directory_local_path_get_copy.c.obj
[ 60%] Building C object libs/nxp/rt1176-sdk/CMakeFiles/libs_nxp_rt1176-sdk_freertos-m4.dir/__/__/__/third_party/nxp/rt1176-sdk/middleware/usb/host/class/usb_host_hub.c.obj
[ 60%] Building C object libs/filex/CMakeFiles/libs_filex.dir/__/__/third_party/eclipse-threadx/filex/common/src/fxe_directory_local_path_restore.c.obj
[ 60%] Building C object libs/nxp/rt1176-sdk/CMakeFiles/libs_nxp_rt1176-sdk_freertos-m4.dir/__/__/__/third_party/nxp/rt1176-sdk/middleware/usb/host/class/usb_host_hub_app.c.obj
[ 60%] Building C object libs/nxp/rt1176-sdk/CMakeFiles/libs_nxp_rt1176-sdk_freertos-m4.dir/__/__/__/third_party/nxp/rt1176-sdk/middleware/usb/host/usb_host_devices.c.obj
[ 60%] Building CXX object libs/usb/CMakeFiles/libs_usb_host_task_freertos.dir/usb_host_task.cc.obj
[ 60%] Building CXX object libs/pmic/CMakeFiles/libs_pmic_freertos.dir/pmic.cc.obj
[ 60%] Building C object libs/filex/CMakeFiles/libs_filex.dir/__/__/third_party/eclipse-threadx/filex/common/src/fxe_directory_local_path_set.c.obj
[ 60%] Building C object libs/nxp/rt1176-sdk/CMakeFiles/libs_nxp_rt1176-sdk-mcmgr_m7.dir/__/__/__/third_party/nxp/rt1176-sdk/middleware/multicore/mcmgr/src/mcmgr.c.obj
[ 60%] Building C object libs/filex/CMakeFiles/libs_filex.dir/__/__/third_party/eclipse-threadx/filex/common/src/fxe_directory_long_name_get.c.obj
[ 60%] Building C object libs/filex/CMakeFiles/libs_filex.dir/__/__/third_party/eclipse-threadx/filex/common/src/fxe_directory_long_name_get_extended.c.obj
[ 60%] Building C object libs/nxp/rt1176-sdk/CMakeFiles/libs_nxp_rt1176-sdk-mcmgr_m7.dir/__/__/__/third_party/nxp/rt1176-sdk/middleware/multicore/mcmgr/src/mcmgr_internal_core_api_imxrt1170.c.obj
[ 60%] Building C object libs/nxp/rt1176-sdk/CMakeFiles/libs_nxp_rt1176-sdk-mcmgr_m7.dir/__/__/__/third_party/nxp/rt1176-sdk/middleware/multicore/mcmgr/src/mcmgr_mu_internal.c.obj
[ 60%] Building C object libs/filex/CMakeFiles/libs_filex.dir/__/__/third_party/eclipse-threadx/filex/common/src/fxe_directory_name_test.c.obj
[ 60%] Building C object libs/filex/CMakeFiles/libs_filex.dir/__/__/third_party/eclipse-threadx/filex/common/src/fxe_directory_next_full_entry_find.c.obj
[ 60%] Building C object libs/filex/CMakeFiles/libs_filex.dir/__/__/third_party/eclipse-threadx/filex/common/src/fxe_directory_next_entry_find.c.obj
[ 60%] Building C object libs/filex/CMakeFiles/libs_filex.dir/__/__/third_party/eclipse-threadx/filex/common/src/fxe_directory_rename.c.obj
[ 60%] Building C object libs/tpu/CMakeFiles/libs_usb_host_edgetpu_freertos.dir/usb_host_edgetpu.c.obj
[ 60%] Building C object libs/filex/CMakeFiles/libs_filex.dir/__/__/third_party/eclipse-threadx/filex/common/src/fxe_directory_short_name_get.c.obj
[ 60%] Building CXX object libs/t5838/CMakeFiles/libs_t5838_freertos.dir/t5838.cc.obj
[ 60%] Building C object libs/nxp/rt1176-sdk/CMakeFiles/libs_nxp_rt1176-sdk_lwip.dir/__/__/__/third_party/nxp/rt1176-sdk/middleware/lwip/src/apps/sntp/sntp.c.obj
[ 60%] Building C object libs/nxp/rt1176-sdk/CMakeFiles/libs_nxp_rt1176-sdk_lwip.dir/__/__/__/third_party/modified/nxp/rt1176-sdk/dhcp_server.c.obj
[ 60%] Building C object libs/filex/CMakeFiles/libs_filex.dir/__/__/third_party/eclipse-threadx/filex/common/src/fxe_directory_short_name_get_extended.c.obj
[ 60%] Building C object libs/tpu/CMakeFiles/libs_usb_host_edgetpu_freertos.dir/sentai_edgetpu_ep_log.c.obj
[ 60%] Building C object libs/nxp/rt1176-sdk/CMakeFiles/libs_nxp_rt1176-sdk_freertos-m4.dir/__/__/__/third_party/nxp/rt1176-sdk/middleware/usb/host/usb_host_ehci.c.obj
[ 60%] Building C object libs/filex/CMakeFiles/libs_filex.dir/__/__/third_party/eclipse-threadx/filex/common/src/fxe_fault_tolerant_enable.c.obj
[ 60%] Building C object libs/nxp/rt1176-sdk/CMakeFiles/libs_nxp_rt1176-sdk_freertos-m4.dir/__/__/__/third_party/nxp/rt1176-sdk/middleware/usb/host/usb_host_framework.c.obj
[ 60%] Building C object libs/nxp/rt1176-sdk/CMakeFiles/libs_nxp_rt1176-sdk_lwip.dir/__/__/__/third_party/nxp/rt1176-sdk/middleware/lwip/src/apps/lwiperf/lwiperf.c.obj
[ 60%] Building C object libs/nxp/rt1176-sdk/CMakeFiles/libs_nxp_rt1176-sdk_freertos-m4.dir/__/__/__/third_party/nxp/rt1176-sdk/middleware/usb/host/usb_host_hci.c.obj
[ 60%] Building C object libs/nxp/rt1176-sdk/CMakeFiles/libs_nxp_rt1176-sdk_freertos-m4.dir/__/__/__/third_party/modified/nxp/rt1176-sdk/usb_device_cdc_acm.c.obj
[ 60%] Building C object libs/filex/CMakeFiles/libs_filex.dir/__/__/third_party/eclipse-threadx/filex/common/src/fxe_file_allocate.c.obj
[ 60%] Building C object libs/nxp/rt1176-sdk/CMakeFiles/libs_nxp_rt1176-sdk_lwip.dir/__/__/__/third_party/nxp/rt1176-sdk/middleware/lwip/port/enet_ethernetif.c.obj
[ 60%] Building C object libs/nxp/rt1176-sdk/CMakeFiles/libs_nxp_rt1176-sdk_freertos-m4.dir/__/__/__/third_party/nxp/rt1176-sdk/middleware/usb/output/source/device/class/usb_device_hid.c.obj
[ 60%] Building C object libs/filex/CMakeFiles/libs_filex.dir/__/__/third_party/eclipse-threadx/filex/common/src/fxe_file_attributes_read.c.obj
[ 60%] Building C object libs/nxp/rt1176-sdk/CMakeFiles/libs_nxp_rt1176-sdk_freertos-m4.dir/__/__/__/third_party/nxp/rt1176-sdk/middleware/usb/output/source/device/usb_device_ch9.c.obj
[ 60%] Building C object libs/nxp/rt1176-sdk/CMakeFiles/libs_nxp_rt1176-sdk_lwip.dir/__/__/__/third_party/nxp/rt1176-sdk/middleware/lwip/port/enet_ethernetif_kinetis.c.obj
[ 60%] Building C object libs/nxp/rt1176-sdk/CMakeFiles/libs_nxp_rt1176-sdk_freertos-m4.dir/__/__/__/third_party/nxp/rt1176-sdk/middleware/usb/phy/usb_phy.c.obj
[ 60%] Building C object libs/filex/CMakeFiles/libs_filex.dir/__/__/third_party/eclipse-threadx/filex/common/src/fxe_file_attributes_set.c.obj
[ 60%] Building C object libs/nxp/rt1176-sdk/CMakeFiles/libs_nxp_rt1176-sdk_lwip.dir/__/__/__/third_party/nxp/rt1176-sdk/middleware/lwip/port/sys_arch.c.obj
[ 60%] Building C object libs/nxp/rt1176-sdk/CMakeFiles/libs_nxp_rt1176-sdk_freertos-m4.dir/__/__/__/third_party/nxp/rt1176-sdk/devices/MIMXRT1176/drivers/fsl_mipi_csi2rx.c.obj
[ 60%] Built target libs_nxp_rt1176-sdk-mcmgr_m7
[ 60%] Building C object libs/filex/CMakeFiles/libs_filex.dir/__/__/third_party/eclipse-threadx/filex/common/src/fxe_file_best_effort_allocate.c.obj
[ 60%] Building C object libs/nxp/rt1176-sdk/CMakeFiles/libs_nxp_rt1176-sdk_lwip.dir/__/__/__/third_party/nxp/rt1176-sdk/middleware/lwip/src/api/api_lib.c.obj
[ 60%] Building C object libs/filex/CMakeFiles/libs_filex.dir/__/__/third_party/eclipse-threadx/filex/common/src/fxe_file_close.c.obj
In file included from /home/bogdan/work/coralmicro/third_party/nxp/rt1176-sdk/middleware/lwip/src/include/lwip/opt.h:51,
                 from /home/bogdan/work/coralmicro/third_party/nxp/rt1176-sdk/middleware/lwip/src/include/lwip/apps/sntp_opts.h:40,
                 from /home/bogdan/work/coralmicro/third_party/nxp/rt1176-sdk/middleware/lwip/src/include/lwip/apps/sntp.h:40,
                 from /home/bogdan/work/coralmicro/third_party/nxp/rt1176-sdk/middleware/lwip/src/apps/sntp/sntp.c:54:
/home/bogdan/work/coralmicro/third_party/nxp/rt1176-sdk/middleware/lwip/src/apps/sntp/sntp.c: In function 'sntp_process':
/home/bogdan/work/coralmicro/third_party/modified/nxp/rt1176-sdk/lwipopts.h:287:35: warning: implicit declaration of function 'sntp_set_system_time' [-Wimplicit-function-declaration]
  287 | #define SNTP_SET_SYSTEM_TIME(sec) sntp_set_system_time(sec)
      |                                   ^~~~~~~~~~~~~~~~~~~~
/home/bogdan/work/coralmicro/third_party/nxp/rt1176-sdk/middleware/lwip/src/apps/sntp/sntp.c:141:5: note: in expansion of macro 'SNTP_SET_SYSTEM_TIME'
  141 |     SNTP_SET_SYSTEM_TIME((u32_t)((s) + DIFF_SEC_1970_2036))
      |     ^~~~~~~~~~~~~~~~~~~~
/home/bogdan/work/coralmicro/third_party/nxp/rt1176-sdk/middleware/lwip/src/apps/sntp/sntp.c:331:3: note: in expansion of macro 'SNTP_SET_SYSTEM_TIME_NTP'
  331 |   SNTP_SET_SYSTEM_TIME_NTP(sec, frac);
      |   ^~~~~~~~~~~~~~~~~~~~~~~~
[ 60%] Building C object libs/nxp/rt1176-sdk/CMakeFiles/libs_nxp_rt1176-sdk_freertos-m4.dir/__/__/__/third_party/nxp/rt1176-sdk/devices/MIMXRT1176/drivers/fsl_soc_mipi_csi2rx.c.obj
[ 60%] Building C object libs/nxp/rt1176-sdk/CMakeFiles/libs_nxp_rt1176-sdk_freertos-m4.dir/__/__/__/third_party/nxp/rt1176-sdk/components/video/camera/device/ov5640/fsl_ov5640.c.obj
[ 60%] Building C object libs/nxp/rt1176-sdk/CMakeFiles/libs_nxp_rt1176-sdk_lwip.dir/__/__/__/third_party/nxp/rt1176-sdk/middleware/lwip/src/api/api_msg.c.obj
[ 62%] Building C object libs/filex/CMakeFiles/libs_filex.dir/__/__/third_party/eclipse-threadx/filex/common/src/fxe_file_create.c.obj
[ 62%] Building C object libs/nxp/rt1176-sdk/CMakeFiles/libs_nxp_rt1176-sdk_lwip.dir/__/__/__/third_party/nxp/rt1176-sdk/middleware/lwip/src/api/err.c.obj
[ 62%] Building C object libs/nxp/rt1176-sdk/CMakeFiles/libs_nxp_rt1176-sdk_freertos-m4.dir/__/__/__/third_party/nxp/rt1176-sdk/components/video/camera/device/sccb/fsl_sccb.c.obj
[ 62%] Building C object libs/nxp/rt1176-sdk/CMakeFiles/libs_nxp_rt1176-sdk_lwip.dir/__/__/__/third_party/nxp/rt1176-sdk/middleware/lwip/src/api/netbuf.c.obj
[ 62%] Linking C static library liblibs_usb_host_edgetpu_freertos.a
[ 62%] Building C object libs/filex/CMakeFiles/libs_filex.dir/__/__/third_party/eclipse-threadx/filex/common/src/fxe_file_date_time_set.c.obj
[ 62%] Building C object libs/nxp/rt1176-sdk/CMakeFiles/libs_nxp_rt1176-sdk_lwip.dir/__/__/__/third_party/nxp/rt1176-sdk/middleware/lwip/src/api/netdb.c.obj
[ 62%] Building C object libs/nxp/rt1176-sdk/CMakeFiles/libs_nxp_rt1176-sdk_lwip.dir/__/__/__/third_party/nxp/rt1176-sdk/middleware/lwip/src/api/netifapi.c.obj
[ 62%] Building C object libs/nxp/rt1176-sdk/CMakeFiles/libs_nxp_rt1176-sdk_freertos-m4.dir/__/__/__/third_party/nxp/rt1176-sdk/components/video/fsl_video_common.c.obj
[ 62%] Building C object libs/filex/CMakeFiles/libs_filex.dir/__/__/third_party/eclipse-threadx/filex/common/src/fxe_file_delete.c.obj
[ 62%] Building C object libs/nxp/rt1176-sdk/CMakeFiles/libs_nxp_rt1176-sdk_freertos-m4.dir/__/__/__/third_party/nxp/rt1176-sdk/components/video/camera/receiver/csi/fsl_csi_camera_adapter.c.obj
[ 62%] Building C object libs/nxp/rt1176-sdk/CMakeFiles/libs_nxp_rt1176-sdk_lwip.dir/__/__/__/third_party/nxp/rt1176-sdk/middleware/lwip/src/api/sockets.c.obj
[ 62%] Building C object libs/nxp/rt1176-sdk/CMakeFiles/libs_nxp_rt1176-sdk_lwip.dir/__/__/__/third_party/nxp/rt1176-sdk/middleware/lwip/src/api/tcpip.c.obj
[ 62%] Built target libs_usb_host_edgetpu_freertos
[ 62%] Building C object libs/filex/CMakeFiles/libs_filex.dir/__/__/third_party/eclipse-threadx/filex/common/src/fxe_file_extended_allocate.c.obj
[ 63%] Building C object libs/nxp/rt1176-sdk/CMakeFiles/libs_nxp_rt1176-sdk_freertos-m4.dir/__/__/__/third_party/nxp/rt1176-sdk/middleware/multicore/mcmgr/src/mcmgr.c.obj
[ 63%] Building C object libs/nxp/rt1176-sdk/CMakeFiles/libs_nxp_rt1176-sdk_freertos-m4.dir/__/__/__/third_party/nxp/rt1176-sdk/middleware/multicore/mcmgr/src/mcmgr_internal_core_api_imxrt1170.c.obj
[ 63%] Building C object libs/nxp/rt1176-sdk/CMakeFiles/libs_nxp_rt1176-sdk_freertos-m4.dir/__/__/__/third_party/nxp/rt1176-sdk/middleware/multicore/mcmgr/src/mcmgr_mu_internal.c.obj
[ 63%] Building C object libs/filex/CMakeFiles/libs_filex.dir/__/__/third_party/eclipse-threadx/filex/common/src/fxe_file_extended_best_effort_allocate.c.obj
[ 63%] Building C object libs/nxp/rt1176-sdk/CMakeFiles/libs_nxp_rt1176-sdk_lwip.dir/__/__/__/third_party/nxp/rt1176-sdk/middleware/lwip/src/core/raw.c.obj
[ 65%] Building C object libs/nxp/rt1176-sdk/CMakeFiles/libs_nxp_rt1176-sdk_lwip.dir/__/__/__/third_party/nxp/rt1176-sdk/middleware/lwip/src/core/def.c.obj
[ 65%] Building C object libs/nxp/rt1176-sdk/CMakeFiles/libs_nxp_rt1176-sdk_lwip.dir/__/__/__/third_party/nxp/rt1176-sdk/middleware/lwip/src/core/dns.c.obj
[ 65%] Building C object libs/nxp/rt1176-sdk/CMakeFiles/libs_nxp_rt1176-sdk_lwip.dir/__/__/__/third_party/nxp/rt1176-sdk/middleware/lwip/src/core/inet_chksum.c.obj
[ 65%] Building C object libs/filex/CMakeFiles/libs_filex.dir/__/__/third_party/eclipse-threadx/filex/common/src/fxe_file_extended_relative_seek.c.obj
[ 65%] Building C object libs/nxp/rt1176-sdk/CMakeFiles/libs_nxp_rt1176-sdk_lwip.dir/__/__/__/third_party/nxp/rt1176-sdk/middleware/lwip/src/core/sys.c.obj
[ 65%] Linking CXX static library liblibs_t5838_freertos.a
[ 65%] Building C object libs/filex/CMakeFiles/libs_filex.dir/__/__/third_party/eclipse-threadx/filex/common/src/fxe_file_extended_seek.c.obj
[ 65%] Building C object libs/filex/CMakeFiles/libs_filex.dir/__/__/third_party/eclipse-threadx/filex/common/src/fxe_file_extended_truncate.c.obj
[ 65%] Building C object libs/nxp/rt1176-sdk/CMakeFiles/libs_nxp_rt1176-sdk_lwip.dir/__/__/__/third_party/nxp/rt1176-sdk/middleware/lwip/src/core/init.c.obj
[ 65%] Building C object libs/nxp/rt1176-sdk/CMakeFiles/libs_nxp_rt1176-sdk_lwip.dir/__/__/__/third_party/nxp/rt1176-sdk/middleware/lwip/src/core/ip.c.obj
[ 65%] Building C object libs/nxp/rt1176-sdk/CMakeFiles/libs_nxp_rt1176-sdk_lwip.dir/__/__/__/third_party/nxp/rt1176-sdk/middleware/lwip/src/core/ipv4/acd.c.obj
[ 65%] Building C object libs/filex/CMakeFiles/libs_filex.dir/__/__/third_party/eclipse-threadx/filex/common/src/fxe_file_extended_truncate_release.c.obj
[ 65%] Built target libs_t5838_freertos
[ 65%] Building C object libs/filex/CMakeFiles/libs_filex.dir/__/__/third_party/eclipse-threadx/filex/common/src/fxe_file_open.c.obj
[ 65%] Building C object libs/nxp/rt1176-sdk/CMakeFiles/libs_nxp_rt1176-sdk_lwip.dir/__/__/__/third_party/nxp/rt1176-sdk/middleware/lwip/src/core/ipv4/autoip.c.obj
[ 65%] Building C object libs/filex/CMakeFiles/libs_filex.dir/__/__/third_party/eclipse-threadx/filex/common/src/fxe_file_read.c.obj
[ 65%] Building C object libs/nxp/rt1176-sdk/CMakeFiles/libs_nxp_rt1176-sdk_lwip.dir/__/__/__/third_party/nxp/rt1176-sdk/middleware/lwip/src/core/ipv4/dhcp.c.obj
[ 65%] Building C object libs/nxp/rt1176-sdk/CMakeFiles/libs_nxp_rt1176-sdk_lwip.dir/__/__/__/third_party/nxp/rt1176-sdk/middleware/lwip/src/core/ipv4/etharp.c.obj
[ 65%] Building C object libs/filex/CMakeFiles/libs_filex.dir/__/__/third_party/eclipse-threadx/filex/common/src/fxe_file_relative_seek.c.obj
[ 65%] Building C object libs/filex/CMakeFiles/libs_filex.dir/__/__/third_party/eclipse-threadx/filex/common/src/fxe_file_rename.c.obj
[ 65%] Building C object libs/filex/CMakeFiles/libs_filex.dir/__/__/third_party/eclipse-threadx/filex/common/src/fxe_file_seek.c.obj
[ 65%] Building C object libs/filex/CMakeFiles/libs_filex.dir/__/__/third_party/eclipse-threadx/filex/common/src/fxe_file_truncate.c.obj
[ 65%] Building C object libs/filex/CMakeFiles/libs_filex.dir/__/__/third_party/eclipse-threadx/filex/common/src/fxe_file_truncate_release.c.obj
[ 65%] Building C object libs/filex/CMakeFiles/libs_filex.dir/__/__/third_party/eclipse-threadx/filex/common/src/fxe_file_write_notify_set.c.obj
[ 66%] Building C object libs/filex/CMakeFiles/libs_filex.dir/__/__/third_party/eclipse-threadx/filex/common/src/fxe_media_abort.c.obj
[ 66%] Building C object libs/filex/CMakeFiles/libs_filex.dir/__/__/third_party/eclipse-threadx/filex/common/src/fxe_file_write.c.obj
[ 66%] Building C object libs/nxp/rt1176-sdk/CMakeFiles/libs_nxp_rt1176-sdk_lwip.dir/__/__/__/third_party/nxp/rt1176-sdk/middleware/lwip/src/core/ipv4/icmp.c.obj
[ 66%] Building C object libs/nxp/rt1176-sdk/CMakeFiles/libs_nxp_rt1176-sdk_lwip.dir/__/__/__/third_party/nxp/rt1176-sdk/middleware/lwip/src/core/ipv4/ip4.c.obj
[ 66%] Building C object libs/nxp/rt1176-sdk/CMakeFiles/libs_nxp_rt1176-sdk_lwip.dir/__/__/__/third_party/nxp/rt1176-sdk/middleware/lwip/src/core/ipv4/igmp.c.obj
[ 66%] Building C object libs/filex/CMakeFiles/libs_filex.dir/__/__/third_party/eclipse-threadx/filex/common/src/fxe_media_cache_invalidate.c.obj
[ 66%] Building C object libs/filex/CMakeFiles/libs_filex.dir/__/__/third_party/eclipse-threadx/filex/common/src/fxe_media_check.c.obj
[ 66%] Building C object libs/filex/CMakeFiles/libs_filex.dir/__/__/third_party/eclipse-threadx/filex/common/src/fxe_media_close.c.obj
[ 66%] Building C object libs/filex/CMakeFiles/libs_filex.dir/__/__/third_party/eclipse-threadx/filex/common/src/fxe_media_close_notify_set.c.obj
/home/bogdan/work/coralmicro/libs/pmic/pmic.cc: In member function 'bool coralmicro::PmicTask::Transfer(lpi2c_master_transfer_t*)':
/home/bogdan/work/coralmicro/libs/pmic/pmic.cc:232:27: warning: format '%X' expects argument of type 'unsigned int', but argument 3 has type 'uint32_t' {aka 'long unsigned int'} [-Wformat=]
  232 |   printf("[PMIC]: %s|0x%04X=0x%02X%02X|(s1: %ld)\n",
      |                        ~~~^
      |                           |
      |                           unsigned int
      |                        %04lX
  233 |       transfer->direction == kLPI2C_Read ? "Rx" : "Tx",
  234 |       transfer->subaddress,
      |       ~~~~~~~~~~~~~~~~~~~~ 
      |                 |
      |                 uint32_t {aka long unsigned int}
/home/bogdan/work/coralmicro/libs/pmic/pmic.cc:229:12: warning: unused variable 'attempts' [-Wunused-variable]
  229 |   uint32_t attempts = 0;
      |            ^~~~~~~~
/home/bogdan/work/coralmicro/libs/pmic/pmic.cc: In member function 'void coralmicro::PmicTask::HandleRailRequest(const coralmicro::pmic::RailRequest&)':
/home/bogdan/work/coralmicro/libs/pmic/pmic.cc:314:10: warning: enumeration value 'kMic1V8' not handled in switch [-Wswitch]
  314 |   switch (rail.rail) {
      |          ^
[ 66%] Building C object libs/nxp/rt1176-sdk/CMakeFiles/libs_nxp_rt1176-sdk_lwip.dir/__/__/__/third_party/nxp/rt1176-sdk/middleware/lwip/src/core/ipv4/ip4_addr.c.obj
[ 66%] Building C object libs/filex/CMakeFiles/libs_filex.dir/__/__/third_party/eclipse-threadx/filex/common/src/fxe_media_extended_space_available.c.obj
[ 66%] Built target libs_nxp_rt1176-sdk_freertos-m4
[ 66%] Building C object libs/filex/CMakeFiles/libs_filex.dir/__/__/third_party/eclipse-threadx/filex/common/src/fxe_media_flush.c.obj
[ 66%] Building C object libs/nxp/rt1176-sdk/CMakeFiles/libs_nxp_rt1176-sdk_lwip.dir/__/__/__/third_party/nxp/rt1176-sdk/middleware/lwip/src/core/ipv4/ip4_frag.c.obj
[ 66%] Building C object libs/filex/CMakeFiles/libs_filex.dir/__/__/third_party/eclipse-threadx/filex/common/src/fxe_media_format.c.obj
[ 66%] Building C object libs/filex/CMakeFiles/libs_filex.dir/__/__/third_party/eclipse-threadx/filex/common/src/fxe_media_open.c.obj
[ 66%] Building C object libs/nxp/rt1176-sdk/CMakeFiles/libs_nxp_rt1176-sdk_lwip.dir/__/__/__/third_party/nxp/rt1176-sdk/middleware/lwip/src/core/mem.c.obj
[ 66%] Building C object libs/nxp/rt1176-sdk/CMakeFiles/libs_nxp_rt1176-sdk_lwip.dir/__/__/__/third_party/nxp/rt1176-sdk/middleware/lwip/src/core/memp.c.obj
[ 66%] Building C object libs/nxp/rt1176-sdk/CMakeFiles/libs_nxp_rt1176-sdk_lwip.dir/__/__/__/third_party/nxp/rt1176-sdk/middleware/lwip/src/core/netif.c.obj
[ 66%] Building C object libs/nxp/rt1176-sdk/CMakeFiles/libs_nxp_rt1176-sdk_lwip.dir/__/__/__/third_party/nxp/rt1176-sdk/middleware/lwip/src/core/pbuf.c.obj
[ 66%] Building C object libs/filex/CMakeFiles/libs_filex.dir/__/__/third_party/eclipse-threadx/filex/common/src/fxe_media_open_notify_set.c.obj
[ 68%] Building C object libs/nxp/rt1176-sdk/CMakeFiles/libs_nxp_rt1176-sdk_lwip.dir/__/__/__/third_party/nxp/rt1176-sdk/middleware/lwip/src/core/stats.c.obj
[ 68%] Building CXX object libs/pmic/CMakeFiles/libs_pmic_freertos-m4.dir/pmic.cc.obj
[ 68%] Building C object libs/nxp/rt1176-sdk/CMakeFiles/libs_nxp_rt1176-sdk_lwip.dir/__/__/__/third_party/nxp/rt1176-sdk/middleware/lwip/src/core/tcp.c.obj
[ 68%] Building C object libs/filex/CMakeFiles/libs_filex.dir/__/__/third_party/eclipse-threadx/filex/common/src/fxe_media_read.c.obj
[ 68%] Building C object libs/filex/CMakeFiles/libs_filex.dir/__/__/third_party/eclipse-threadx/filex/common/src/fxe_media_space_available.c.obj
[ 68%] Building C object libs/nxp/rt1176-sdk/CMakeFiles/libs_nxp_rt1176-sdk_lwip.dir/__/__/__/third_party/nxp/rt1176-sdk/middleware/lwip/src/core/tcp_in.c.obj
[ 68%] Building C object libs/nxp/rt1176-sdk/CMakeFiles/libs_nxp_rt1176-sdk_lwip.dir/__/__/__/third_party/nxp/rt1176-sdk/middleware/lwip/src/core/tcp_out.c.obj
[ 68%] Building C object libs/filex/CMakeFiles/libs_filex.dir/__/__/third_party/eclipse-threadx/filex/common/src/fxe_media_volume_get.c.obj
[ 68%] Building C object libs/filex/CMakeFiles/libs_filex.dir/__/__/third_party/eclipse-threadx/filex/common/src/fxe_media_volume_get_extended.c.obj
[ 68%] Building C object libs/filex/CMakeFiles/libs_filex.dir/__/__/third_party/eclipse-threadx/filex/common/src/fxe_media_volume_set.c.obj
[ 68%] Building C object libs/filex/CMakeFiles/libs_filex.dir/__/__/third_party/eclipse-threadx/filex/common/src/fxe_media_write.c.obj
[ 68%] Building C object libs/filex/CMakeFiles/libs_filex.dir/__/__/third_party/eclipse-threadx/filex/common/src/fxe_system_date_get.c.obj
[ 68%] Building C object libs/nxp/rt1176-sdk/CMakeFiles/libs_nxp_rt1176-sdk_lwip.dir/__/__/__/third_party/nxp/rt1176-sdk/middleware/lwip/src/core/timeouts.c.obj
[ 68%] Building C object libs/nxp/rt1176-sdk/CMakeFiles/libs_nxp_rt1176-sdk_lwip.dir/__/__/__/third_party/nxp/rt1176-sdk/middleware/lwip/src/core/udp.c.obj
[ 68%] Building C object libs/filex/CMakeFiles/libs_filex.dir/__/__/third_party/eclipse-threadx/filex/common/src/fxe_system_date_set.c.obj
[ 68%] Building C object libs/nxp/rt1176-sdk/CMakeFiles/libs_nxp_rt1176-sdk_lwip.dir/__/__/__/third_party/nxp/rt1176-sdk/middleware/lwip/src/netif/ethernet.c.obj
[ 68%] Building C object libs/filex/CMakeFiles/libs_filex.dir/__/__/third_party/eclipse-threadx/filex/common/src/fxe_system_time_get.c.obj
[ 69%] Building C object libs/filex/CMakeFiles/libs_filex.dir/__/__/third_party/eclipse-threadx/filex/common/src/fxe_system_time_set.c.obj
[ 69%] Building C object libs/filex/CMakeFiles/libs_filex.dir/__/__/third_party/eclipse-threadx/filex/common/src/fxe_unicode_directory_create.c.obj
[ 69%] Building C object libs/filex/CMakeFiles/libs_filex.dir/__/__/third_party/eclipse-threadx/filex/common/src/fxe_unicode_directory_rename.c.obj
[ 69%] Building C object libs/filex/CMakeFiles/libs_filex.dir/__/__/third_party/eclipse-threadx/filex/common/src/fxe_unicode_file_create.c.obj
[ 69%] Building C object libs/filex/CMakeFiles/libs_filex.dir/__/__/third_party/eclipse-threadx/filex/common/src/fxe_unicode_name_get.c.obj
[ 69%] Building C object libs/filex/CMakeFiles/libs_filex.dir/__/__/third_party/eclipse-threadx/filex/common/src/fxe_unicode_file_rename.c.obj
[ 69%] Building C object libs/filex/CMakeFiles/libs_filex.dir/__/__/third_party/eclipse-threadx/filex/common/src/fxe_unicode_name_get_extended.c.obj
[ 69%] Building C object libs/filex/CMakeFiles/libs_filex.dir/__/__/third_party/eclipse-threadx/filex/common/src/fxe_unicode_short_name_get.c.obj
[ 69%] Building C object libs/filex/CMakeFiles/libs_filex.dir/__/__/third_party/eclipse-threadx/filex/common/src/fxe_unicode_short_name_get_extended.c.obj
[ 69%] Linking C static library liblibs_filex.a
[ 69%] Linking CXX static library liblibs_usb_host_task_freertos.a
[ 69%] Built target libs_filex
[ 69%] Built target libs_usb_host_task_freertos
[ 71%] Linking CXX static library liblibs_pmic_freertos.a
[ 71%] Built target libs_pmic_freertos
[ 71%] Building CXX object libs/audio/CMakeFiles/libs_audio_freertos.dir/audio_driver.cc.obj
[ 71%] Building CXX object libs/audio/CMakeFiles/libs_audio_freertos.dir/audio_service.cc.obj
/home/bogdan/work/coralmicro/libs/pmic/pmic.cc: In member function 'bool coralmicro::PmicTask::Transfer(lpi2c_master_transfer_t*)':
/home/bogdan/work/coralmicro/libs/pmic/pmic.cc:232:27: warning: format '%X' expects argument of type 'unsigned int', but argument 3 has type 'uint32_t' {aka 'long unsigned int'} [-Wformat=]
  232 |   printf("[PMIC]: %s|0x%04X=0x%02X%02X|(s1: %ld)\n",
      |                        ~~~^
      |                           |
      |                           unsigned int
      |                        %04lX
  233 |       transfer->direction == kLPI2C_Read ? "Rx" : "Tx",
  234 |       transfer->subaddress,
      |       ~~~~~~~~~~~~~~~~~~~~ 
      |                 |
      |                 uint32_t {aka long unsigned int}
/home/bogdan/work/coralmicro/libs/pmic/pmic.cc:229:12: warning: unused variable 'attempts' [-Wunused-variable]
  229 |   uint32_t attempts = 0;
      |            ^~~~~~~~
/home/bogdan/work/coralmicro/libs/pmic/pmic.cc: In member function 'void coralmicro::PmicTask::HandleRailRequest(const coralmicro::pmic::RailRequest&)':
/home/bogdan/work/coralmicro/libs/pmic/pmic.cc:314:10: warning: enumeration value 'kMic1V8' not handled in switch [-Wswitch]
  314 |   switch (rail.rail) {
      |          ^
[ 71%] Linking C static library liblibs_nxp_rt1176-sdk_lwip.a
[ 71%] Built target libs_nxp_rt1176-sdk_lwip
[ 71%] Building CXX object libs/nxp/rt1176-sdk/CMakeFiles/libs_nxp_rt1176-sdk-mbedtls.dir/mbedtls.cc.obj
[ 71%] Building C object libs/nxp/rt1176-sdk/CMakeFiles/libs_nxp_rt1176-sdk-mbedtls.dir/__/__/__/third_party/nxp/rt1176-sdk/middleware/mbedtls/library/arc4.c.obj
[ 71%] Building C object libs/nxp/rt1176-sdk/CMakeFiles/libs_nxp_rt1176-sdk_lwip_httpd.dir/__/__/__/third_party/nxp/rt1176-sdk/middleware/lwip/src/apps/http/httpd.c.obj
[ 71%] Building C object libs/nxp/rt1176-sdk/CMakeFiles/libs_nxp_rt1176-sdk_lwip_httpd.dir/__/__/__/third_party/nxp/rt1176-sdk/middleware/lwip/src/apps/http/fs.c.obj
[ 71%] Building C object libs/nxp/rt1176-sdk/CMakeFiles/libs_nxp_rt1176-sdk-mbedtls.dir/__/__/__/third_party/nxp/rt1176-sdk/middleware/mbedtls/library/asn1parse.c.obj
[ 71%] Building C object libs/nxp/rt1176-sdk/CMakeFiles/libs_nxp_rt1176-sdk-mbedtls.dir/__/__/__/third_party/nxp/rt1176-sdk/middleware/mbedtls/library/camellia.c.obj
[ 71%] Building C object libs/nxp/rt1176-sdk/CMakeFiles/libs_nxp_rt1176-sdk-mbedtls.dir/__/__/__/third_party/nxp/rt1176-sdk/middleware/mbedtls/library/ccm.c.obj
[ 71%] Building C object libs/nxp/rt1176-sdk/CMakeFiles/libs_nxp_rt1176-sdk-mbedtls.dir/__/__/__/third_party/nxp/rt1176-sdk/middleware/mbedtls/library/aes.c.obj
[ 71%] Building C object libs/nxp/rt1176-sdk/CMakeFiles/libs_nxp_rt1176-sdk-mbedtls.dir/__/__/__/third_party/nxp/rt1176-sdk/middleware/mbedtls/library/certs.c.obj
[ 71%] Building C object libs/nxp/rt1176-sdk/CMakeFiles/libs_nxp_rt1176-sdk-mbedtls.dir/__/__/__/third_party/nxp/rt1176-sdk/middleware/mbedtls/library/chacha20.c.obj
[ 71%] Building C object libs/nxp/rt1176-sdk/CMakeFiles/libs_nxp_rt1176-sdk-mbedtls.dir/__/__/__/third_party/nxp/rt1176-sdk/middleware/mbedtls/library/asn1write.c.obj
[ 71%] Building C object libs/nxp/rt1176-sdk/CMakeFiles/libs_nxp_rt1176-sdk-mbedtls.dir/__/__/__/third_party/nxp/rt1176-sdk/middleware/mbedtls/library/base64.c.obj
[ 71%] Building C object libs/nxp/rt1176-sdk/CMakeFiles/libs_nxp_rt1176-sdk-mbedtls.dir/__/__/__/third_party/nxp/rt1176-sdk/middleware/mbedtls/library/cipher.c.obj
[ 71%] Building C object libs/nxp/rt1176-sdk/CMakeFiles/libs_nxp_rt1176-sdk-mbedtls.dir/__/__/__/third_party/nxp/rt1176-sdk/middleware/mbedtls/library/chachapoly.c.obj
[ 72%] Building C object libs/nxp/rt1176-sdk/CMakeFiles/libs_nxp_rt1176-sdk-mbedtls.dir/__/__/__/third_party/nxp/rt1176-sdk/middleware/mbedtls/library/bignum.c.obj
[ 72%] Building C object libs/nxp/rt1176-sdk/CMakeFiles/libs_nxp_rt1176-sdk-mbedtls.dir/__/__/__/third_party/nxp/rt1176-sdk/middleware/mbedtls/library/debug.c.obj
[ 72%] Building C object libs/nxp/rt1176-sdk/CMakeFiles/libs_nxp_rt1176-sdk-mbedtls.dir/__/__/__/third_party/nxp/rt1176-sdk/middleware/mbedtls/library/des.c.obj
[ 72%] Building C object libs/nxp/rt1176-sdk/CMakeFiles/libs_nxp_rt1176-sdk-mbedtls.dir/__/__/__/third_party/nxp/rt1176-sdk/middleware/mbedtls/library/cipher_wrap.c.obj
[ 72%] Building C object libs/nxp/rt1176-sdk/CMakeFiles/libs_nxp_rt1176-sdk-mbedtls.dir/__/__/__/third_party/nxp/rt1176-sdk/middleware/mbedtls/library/ctr_drbg.c.obj
[ 72%] Building C object libs/nxp/rt1176-sdk/CMakeFiles/libs_nxp_rt1176-sdk-mbedtls.dir/__/__/__/third_party/nxp/rt1176-sdk/middleware/mbedtls/library/dhm.c.obj
[ 72%] Linking CXX static library liblibs_pmic_freertos-m4.a
[ 72%] Built target libs_pmic_freertos-m4
[ 72%] Building C object libs/nxp/rt1176-sdk/CMakeFiles/libs_nxp_rt1176-sdk-mbedtls.dir/__/__/__/third_party/nxp/rt1176-sdk/middleware/mbedtls/library/ecdh.c.obj
[ 72%] Building C object libs/nxp/rt1176-sdk/CMakeFiles/libs_nxp_rt1176-sdk-mbedtls.dir/__/__/__/third_party/nxp/rt1176-sdk/middleware/mbedtls/library/ecp.c.obj
[ 72%] Building C object libs/nxp/rt1176-sdk/CMakeFiles/libs_nxp_rt1176-sdk-mbedtls.dir/__/__/__/third_party/nxp/rt1176-sdk/middleware/mbedtls/library/ecdsa.c.obj
[ 72%] Building CXX object libs/base/CMakeFiles/libs_base-m4_freertos.dir/console_m4.cc.obj
[ 72%] Building C object libs/nxp/rt1176-sdk/CMakeFiles/libs_nxp_rt1176-sdk-mbedtls.dir/__/__/__/third_party/nxp/rt1176-sdk/middleware/mbedtls/library/entropy.c.obj
[ 72%] Building CXX object libs/base/CMakeFiles/libs_base-m4_freertos.dir/filesystem.cc.obj
[ 72%] Building CXX object libs/base/CMakeFiles/libs_base-m4_freertos.dir/gpio.cc.obj
[ 72%] Building C object libs/nxp/rt1176-sdk/CMakeFiles/libs_nxp_rt1176-sdk-mbedtls.dir/__/__/__/third_party/nxp/rt1176-sdk/middleware/mbedtls/library/error.c.obj
[ 72%] Building CXX object libs/base/CMakeFiles/libs_base-m4_freertos.dir/ipc_m4.cc.obj
[ 72%] Building CXX object libs/base/CMakeFiles/libs_base-m4_freertos.dir/ipc.cc.obj
[ 72%] Building C object libs/nxp/rt1176-sdk/CMakeFiles/libs_nxp_rt1176-sdk-mbedtls.dir/__/__/__/third_party/nxp/rt1176-sdk/middleware/mbedtls/library/gcm.c.obj
[ 73%] Building C object libs/nxp/rt1176-sdk/CMakeFiles/libs_nxp_rt1176-sdk-mbedtls.dir/__/__/__/third_party/nxp/rt1176-sdk/middleware/mbedtls/library/hmac_drbg.c.obj
[ 75%] Building CXX object libs/base/CMakeFiles/libs_base-m4_freertos.dir/led.cc.obj
[ 75%] Building C object libs/nxp/rt1176-sdk/CMakeFiles/libs_nxp_rt1176-sdk-mbedtls.dir/__/__/__/third_party/nxp/rt1176-sdk/middleware/mbedtls/library/md.c.obj
[ 75%] Building CXX object libs/base/CMakeFiles/libs_base-m4_freertos.dir/main_freertos_m4.cc.obj
[ 75%] Building CXX object libs/base/CMakeFiles/libs_base-m4_freertos.dir/timer.cc.obj
[ 75%] Building C object libs/nxp/rt1176-sdk/CMakeFiles/libs_nxp_rt1176-sdk-mbedtls.dir/__/__/__/third_party/nxp/rt1176-sdk/middleware/mbedtls/library/md5.c.obj
[ 75%] Building C object libs/nxp/rt1176-sdk/CMakeFiles/libs_nxp_rt1176-sdk-mbedtls.dir/__/__/__/third_party/nxp/rt1176-sdk/middleware/mbedtls/library/oid.c.obj
[ 75%] Linking C static library liblibs_nxp_rt1176-sdk_lwip_httpd.a
[ 75%] Building C object libs/nxp/rt1176-sdk/CMakeFiles/libs_nxp_rt1176-sdk-mbedtls.dir/__/__/__/third_party/nxp/rt1176-sdk/middleware/mbedtls/library/pk.c.obj
[ 75%] Building C object libs/nxp/rt1176-sdk/CMakeFiles/libs_nxp_rt1176-sdk-mbedtls.dir/__/__/__/third_party/nxp/rt1176-sdk/middleware/mbedtls/library/pem.c.obj
[ 75%] Built target libs_nxp_rt1176-sdk_lwip_httpd
[ 75%] Building C object libs/nxp/rt1176-sdk/CMakeFiles/libs_nxp_rt1176-sdk-mbedtls.dir/__/__/__/third_party/nxp/rt1176-sdk/middleware/mbedtls/library/pk_wrap.c.obj
[ 75%] Building C object libs/nxp/rt1176-sdk/CMakeFiles/libs_nxp_rt1176-sdk-mbedtls.dir/__/__/__/third_party/nxp/rt1176-sdk/middleware/mbedtls/library/pkcs12.c.obj
[ 75%] Building C object libs/nxp/rt1176-sdk/CMakeFiles/libs_nxp_rt1176-sdk-mbedtls.dir/__/__/__/third_party/nxp/rt1176-sdk/middleware/mbedtls/library/pkcs5.c.obj
[ 75%] Building C object libs/nxp/rt1176-sdk/CMakeFiles/libs_nxp_rt1176-sdk-mbedtls.dir/__/__/__/third_party/nxp/rt1176-sdk/middleware/mbedtls/library/pkparse.c.obj
[ 75%] Building CXX object libs/base/CMakeFiles/libs_base-m7_http_server.dir/http_server.cc.obj
[ 75%] Building C object libs/nxp/rt1176-sdk/CMakeFiles/libs_nxp_rt1176-sdk-mbedtls.dir/__/__/__/third_party/nxp/rt1176-sdk/middleware/mbedtls/library/pkwrite.c.obj
[ 75%] Building CXX object libs/base/CMakeFiles/libs_base-m7_http_server.dir/http_server_handlers.cc.obj
[ 75%] Building C object libs/nxp/rt1176-sdk/CMakeFiles/libs_nxp_rt1176-sdk-mbedtls.dir/__/__/__/third_party/nxp/rt1176-sdk/middleware/mbedtls/library/platform.c.obj
[ 75%] Building C object libs/nxp/rt1176-sdk/CMakeFiles/libs_nxp_rt1176-sdk-mbedtls.dir/__/__/__/third_party/nxp/rt1176-sdk/middleware/mbedtls/library/platform_util.c.obj
[ 75%] Building C object libs/nxp/rt1176-sdk/CMakeFiles/libs_nxp_rt1176-sdk-mbedtls.dir/__/__/__/third_party/nxp/rt1176-sdk/middleware/mbedtls/library/poly1305.c.obj
[ 75%] Building C object libs/nxp/rt1176-sdk/CMakeFiles/libs_nxp_rt1176-sdk-mbedtls.dir/__/__/__/third_party/nxp/rt1176-sdk/middleware/mbedtls/library/ripemd160.c.obj
[ 75%] Building C object libs/nxp/rt1176-sdk/CMakeFiles/libs_nxp_rt1176-sdk-mbedtls.dir/__/__/__/third_party/nxp/rt1176-sdk/middleware/mbedtls/library/rsa.c.obj
[ 75%] Building C object libs/nxp/rt1176-sdk/CMakeFiles/libs_nxp_rt1176-sdk-mbedtls.dir/__/__/__/third_party/nxp/rt1176-sdk/middleware/mbedtls/library/rsa_internal.c.obj
[ 75%] Building C object libs/nxp/rt1176-sdk/CMakeFiles/libs_nxp_rt1176-sdk-mbedtls.dir/__/__/__/third_party/nxp/rt1176-sdk/middleware/mbedtls/library/sha1.c.obj
[ 76%] Building C object libs/nxp/rt1176-sdk/CMakeFiles/libs_nxp_rt1176-sdk-mbedtls.dir/__/__/__/third_party/nxp/rt1176-sdk/middleware/mbedtls/library/sha512.c.obj
[ 76%] Building C object libs/nxp/rt1176-sdk/CMakeFiles/libs_nxp_rt1176-sdk-mbedtls.dir/__/__/__/third_party/nxp/rt1176-sdk/middleware/mbedtls/library/sha256.c.obj
[ 76%] Building C object libs/nxp/rt1176-sdk/CMakeFiles/libs_nxp_rt1176-sdk-mbedtls.dir/__/__/__/third_party/nxp/rt1176-sdk/middleware/mbedtls/library/ssl_ciphersuites.c.obj
[ 76%] Building C object libs/nxp/rt1176-sdk/CMakeFiles/libs_nxp_rt1176-sdk-mbedtls.dir/__/__/__/third_party/nxp/rt1176-sdk/middleware/mbedtls/library/ssl_msg.c.obj
[ 76%] Building C object libs/nxp/rt1176-sdk/CMakeFiles/libs_nxp_rt1176-sdk-mbedtls.dir/__/__/__/third_party/nxp/rt1176-sdk/middleware/mbedtls/library/ssl_cli.c.obj
[ 76%] Building C object libs/nxp/rt1176-sdk/CMakeFiles/libs_nxp_rt1176-sdk-mbedtls.dir/__/__/__/third_party/nxp/rt1176-sdk/middleware/mbedtls/library/ssl_srv.c.obj
[ 76%] Building C object libs/nxp/rt1176-sdk/CMakeFiles/libs_nxp_rt1176-sdk-mbedtls.dir/__/__/__/third_party/nxp/rt1176-sdk/middleware/mbedtls/library/ssl_tls.c.obj
[ 76%] Building C object libs/nxp/rt1176-sdk/CMakeFiles/libs_nxp_rt1176-sdk-mbedtls.dir/__/__/__/third_party/nxp/rt1176-sdk/middleware/mbedtls/library/timing.c.obj
[ 76%] Building C object libs/nxp/rt1176-sdk/CMakeFiles/libs_nxp_rt1176-sdk-mbedtls.dir/__/__/__/third_party/nxp/rt1176-sdk/middleware/mbedtls/library/version.c.obj
[ 76%] Building C object libs/nxp/rt1176-sdk/CMakeFiles/libs_nxp_rt1176-sdk-mbedtls.dir/__/__/__/third_party/nxp/rt1176-sdk/middleware/mbedtls/library/x509.c.obj
[ 76%] Building C object libs/nxp/rt1176-sdk/CMakeFiles/libs_nxp_rt1176-sdk-mbedtls.dir/__/__/__/third_party/nxp/rt1176-sdk/middleware/mbedtls/library/x509_crl.c.obj
[ 76%] Building C object libs/nxp/rt1176-sdk/CMakeFiles/libs_nxp_rt1176-sdk-mbedtls.dir/__/__/__/third_party/nxp/rt1176-sdk/middleware/mbedtls/library/x509_crt.c.obj
[ 76%] Building C object libs/nxp/rt1176-sdk/CMakeFiles/libs_nxp_rt1176-sdk-mbedtls.dir/__/__/__/third_party/nxp/rt1176-sdk/middleware/mbedtls/port/ksdk/ecp_alt.c.obj
[ 76%] Building C object libs/nxp/rt1176-sdk/CMakeFiles/libs_nxp_rt1176-sdk-mbedtls.dir/__/__/__/third_party/nxp/rt1176-sdk/middleware/mbedtls/port/ksdk/ecp_curves_alt.c.obj
[ 76%] Linking CXX static library liblibs_audio_freertos.a
[ 76%] Built target libs_audio_freertos
[ 76%] Linking CXX static library liblibs_base-m4_freertos.a
[ 76%] Built target libs_base-m4_freertos
[ 76%] Building CXX object libs/camera/CMakeFiles/libs_camera_freertos-m4.dir/camera.cc.obj
[ 76%] Building C object libs/camera/CMakeFiles/libs_camera_freertos-m4.dir/camera_support.c.obj
/home/bogdan/work/coralmicro/libs/camera/camera_support.c:110:17: warning: excess elements in array initializer
  110 |     0xFF, 0xFF, 0xFF, 0xFF};
      |                 ^~~~
/home/bogdan/work/coralmicro/libs/camera/camera_support.c:110:17: note: (near initialization for 'g_cam_buf_id')
/home/bogdan/work/coralmicro/libs/camera/camera_support.c:110:23: warning: excess elements in array initializer
  110 |     0xFF, 0xFF, 0xFF, 0xFF};
      |                       ^~~~
/home/bogdan/work/coralmicro/libs/camera/camera_support.c:110:23: note: (near initialization for 'g_cam_buf_id')
/home/bogdan/work/coralmicro/libs/camera/camera_support.c:126:17: warning: excess elements in array initializer
  126 |     0xFF, 0xFF, 0xFF, 0xFF};
      |                 ^~~~
/home/bogdan/work/coralmicro/libs/camera/camera_support.c:126:17: note: (near initialization for 'g_cam_buf_id_task')
/home/bogdan/work/coralmicro/libs/camera/camera_support.c:126:23: warning: excess elements in array initializer
  126 |     0xFF, 0xFF, 0xFF, 0xFF};
      |                       ^~~~
/home/bogdan/work/coralmicro/libs/camera/camera_support.c:126:23: note: (near initialization for 'g_cam_buf_id_task')
/home/bogdan/work/coralmicro/libs/camera/camera_support.c:169:70: warning: excess elements in array initializer
  169 | volatile uint8_t  g_cam_buf_dirty[DEMO_CAMERA_BUFFER_COUNT] = {0, 0, 0, 0};
      |                                                                      ^
/home/bogdan/work/coralmicro/libs/camera/camera_support.c:169:70: note: (near initialization for 'g_cam_buf_dirty')
/home/bogdan/work/coralmicro/libs/camera/camera_support.c:169:73: warning: excess elements in array initializer
  169 | volatile uint8_t  g_cam_buf_dirty[DEMO_CAMERA_BUFFER_COUNT] = {0, 0, 0, 0};
      |                                                                         ^
/home/bogdan/work/coralmicro/libs/camera/camera_support.c:169:73: note: (near initialization for 'g_cam_buf_dirty')
/home/bogdan/work/coralmicro/libs/camera/camera_support.c:244:17: warning: excess elements in array initializer
  244 |     0xFF, 0xFF, 0xFF, 0xFF};
      |                 ^~~~
/home/bogdan/work/coralmicro/libs/camera/camera_support.c:244:17: note: (near initialization for 'g_cam_buf_id_csi')
/home/bogdan/work/coralmicro/libs/camera/camera_support.c:244:23: warning: excess elements in array initializer
  244 |     0xFF, 0xFF, 0xFF, 0xFF};
      |                       ^~~~
/home/bogdan/work/coralmicro/libs/camera/camera_support.c:244:23: note: (near initialization for 'g_cam_buf_id_csi')
[ 76%] Linking CXX static library liblibs_nxp_rt1176-sdk-mbedtls.a
[ 76%] Linking CXX static library liblibs_base-m7_http_server.a
[ 76%] Built target libs_base-m7_http_server
/home/bogdan/work/coralmicro/libs/camera/camera.cc: In member function 'bool coralmicro::CameraTask::Read(uint16_t, uint8_t*)':
/home/bogdan/work/coralmicro/libs/camera/camera.cc:536:12: warning: unused variable 'status2' [-Wunused-variable]
  536 |   status_t status2 = LPI2C_RTOS_Transfer(i2c_handle2_, &transfer);
      |            ^~~~~~~
/home/bogdan/work/coralmicro/libs/camera/camera.cc: In member function 'bool coralmicro::CameraTask::Write(uint16_t, const uint8_t*, int)':
/home/bogdan/work/coralmicro/libs/camera/camera.cc:559:12: warning: unused variable 'status2' [-Wunused-variable]
  559 |   status_t status2 = LPI2C_RTOS_Transfer(i2c_handle2_, &transfer);
      |            ^~~~~~~
/home/bogdan/work/coralmicro/libs/camera/camera.cc: In member function 'void coralmicro::CameraTask::Init(lpi2c_rtos_handle_t*, lpi2c_rtos_handle_t*)':
/home/bogdan/work/coralmicro/libs/camera/camera.cc:667:31: warning: format '%x' expects argument of type 'unsigned int', but argument 3 has type 'lpi2c_rtos_handle_t*' {aka '_lpi2c_rtos_handle*'} [-Wformat=]
  667 |   printf ("%s: i2c_Handle: 0x%x, i2c_handle2: 0x%x", __func__, i2c_handle, i2c_handle2);
      |                              ~^                                ~~~~~~~~~~
      |                               |                                |
      |                               unsigned int                     lpi2c_rtos_handle_t* {aka _lpi2c_rtos_handle*}
/home/bogdan/work/coralmicro/libs/camera/camera.cc:667:50: warning: format '%x' expects argument of type 'unsigned int', but argument 4 has type 'lpi2c_rtos_handle_t*' {aka '_lpi2c_rtos_handle*'} [-Wformat=]
  667 |   printf ("%s: i2c_Handle: 0x%x, i2c_handle2: 0x%x", __func__, i2c_handle, i2c_handle2);
      |                                                 ~^                         ~~~~~~~~~~~
      |                                                  |                         |
      |                                                  unsigned int              lpi2c_rtos_handle_t* {aka _lpi2c_rtos_handle*}
[ 76%] Built target libs_nxp_rt1176-sdk-mbedtls
/home/bogdan/work/coralmicro/libs/camera/camera.cc: In member function 'bool coralmicro::CameraTask::VideoConvert(uint32_t)':
/home/bogdan/work/coralmicro/libs/camera/camera.cc:836:1: warning: no return statement in function returning non-void [-Wreturn-type]
  836 | }
      | ^
/home/bogdan/work/coralmicro/libs/camera/camera.cc: In member function 'void coralmicro::CameraTask::HandleSwitchCameraRequest(coralmicro::SwitchCameraId)':
/home/bogdan/work/coralmicro/libs/camera/camera.cc:890:42: warning: format '%d' expects argument of type 'int', but argument 2 has type 'coralmicro::SwitchCameraId' [-Wformat=]
  890 |         printf("Invalid switchCameraId: %d\n", cameraId);
      |                                         ~^     ~~~~~~~~
      |                                          |     |
      |                                          int   coralmicro::SwitchCameraId
/home/bogdan/work/coralmicro/libs/camera/camera.cc: In member function 'coralmicro::camera::EnableResponse coralmicro::CameraTask::HandleEnableRequest(const coralmicro::CameraMode&)':
/home/bogdan/work/coralmicro/libs/camera/camera.cc:899:19: warning: unused variable 'cameraConfig' [-Wunused-variable]
  899 |   camera_config_t cameraConfig;
      |                   ^~~~~~~~~~~~
[ 76%] Building CXX object libs/usb/CMakeFiles/libs_usb_device_task_freertos.dir/usb_device_task.cc.obj
/home/bogdan/work/coralmicro/libs/camera/camera.cc: At global scope:
/home/bogdan/work/coralmicro/libs/camera/camera.cc:149:13: warning: 'void coralmicro::{anonymous}::Rgb888ToRgb(const uint8_t*, uint8_t*, int, int, int)' defined but not used [-Wunused-function]
  149 | static void Rgb888ToRgb(const uint8_t* in, uint8_t* out, int width, int height, int line_padding=LINE_PADDING) {
      |             ^~~~~~~~~~~
[ 76%] Linking C static library liblibmicropython.a
[ 76%] Built target libmicropython
[ 76%] Linking CXX static library liblibs_camera_freertos-m4.a
[ 76%] Built target libs_camera_freertos-m4
[ 76%] Building CXX object examples/sentai_runtime/CMakeFiles/sentai_m4_aruco_bench.dir/m4_aruco_bench.cc.obj
[ 76%] Linking CXX static library liblibs_usb_device_task_freertos.a
[ 76%] Built target libs_usb_device_task_freertos
[ 76%] Building CXX object libs/tpu/CMakeFiles/libs_tpu_freertos.dir/edgetpu_driver.cc.obj
[ 78%] Building CXX object libs/tpu/CMakeFiles/libs_tpu_freertos.dir/edgetpu_op.cc.obj
[ 78%] Building CXX object libs/tpu/CMakeFiles/libs_tpu_freertos.dir/edgetpu_executable.cc.obj
[ 78%] Building CXX object libs/tpu/CMakeFiles/libs_tpu_freertos.dir/edgetpu_manager.cc.obj
[ 78%] Linking CXX executable sentai_m4_aruco_bench
[ 78%] Built target sentai_m4_aruco_bench
/home/bogdan/work/coralmicro/libs/tpu/edgetpu_driver.cc:43:25: warning: 'g_sentai_tpu_multi_ep_routing' initialized and declared 'extern'
   43 | extern "C" volatile int g_sentai_tpu_multi_ep_routing = 0;
      |                         ^~~~~~~~~~~~~~~~~~~~~~~~~~~~~
/home/bogdan/work/coralmicro/libs/tpu/edgetpu_driver.cc:683:30: warning: 'g_sentai_tpu_send_params_calls' initialized and declared 'extern'
  683 | extern "C" volatile uint32_t g_sentai_tpu_send_params_calls   = 0;
      |                              ^~~~~~~~~~~~~~~~~~~~~~~~~~~~~~
/home/bogdan/work/coralmicro/libs/tpu/edgetpu_driver.cc:684:30: warning: 'g_sentai_tpu_send_params_bytes' initialized and declared 'extern'
  684 | extern "C" volatile uint32_t g_sentai_tpu_send_params_bytes   = 0;
      |                              ^~~~~~~~~~~~~~~~~~~~~~~~~~~~~~
/home/bogdan/work/coralmicro/libs/tpu/edgetpu_driver.cc:685:30: warning: 'g_sentai_tpu_send_ins_calls' initialized and declared 'extern'
  685 | extern "C" volatile uint32_t g_sentai_tpu_send_ins_calls      = 0;
      |                              ^~~~~~~~~~~~~~~~~~~~~~~~~~~
/home/bogdan/work/coralmicro/libs/tpu/edgetpu_driver.cc:686:30: warning: 'g_sentai_tpu_send_ins_bytes' initialized and declared 'extern'
  686 | extern "C" volatile uint32_t g_sentai_tpu_send_ins_bytes      = 0;
      |                              ^~~~~~~~~~~~~~~~~~~~~~~~~~~
/home/bogdan/work/coralmicro/libs/tpu/edgetpu_driver.cc:687:30: warning: 'g_sentai_tpu_send_inputs_calls' initialized and declared 'extern'
  687 | extern "C" volatile uint32_t g_sentai_tpu_send_inputs_calls   = 0;
      |                              ^~~~~~~~~~~~~~~~~~~~~~~~~~~~~~
/home/bogdan/work/coralmicro/libs/tpu/edgetpu_driver.cc:688:30: warning: 'g_sentai_tpu_send_inputs_bytes' initialized and declared 'extern'
  688 | extern "C" volatile uint32_t g_sentai_tpu_send_inputs_bytes   = 0;
      |                              ^~~~~~~~~~~~~~~~~~~~~~~~~~~~~~
/home/bogdan/work/coralmicro/libs/tpu/edgetpu_driver.cc:739:25: warning: 'g_sentai_tpu_zero_copy_input' initialized and declared 'extern'
  739 | extern "C" volatile int g_sentai_tpu_zero_copy_input = 1;
      |                         ^~~~~~~~~~~~~~~~~~~~~~~~~~~~
/home/bogdan/work/coralmicro/libs/tpu/edgetpu_driver.cc:760:30: warning: 'g_sentai_tpu_chunk_size' initialized and declared 'extern'
  760 | extern "C" volatile uint32_t g_sentai_tpu_chunk_size = 36 * 1024;
      |                              ^~~~~~~~~~~~~~~~~~~~~~~
/home/bogdan/work/coralmicro/libs/tpu/edgetpu_driver.cc:779:25: warning: 'g_sentai_tpu_async_input_enabled' initialized and declared 'extern'
  779 | extern "C" volatile int g_sentai_tpu_async_input_enabled = 0;
      |                         ^~~~~~~~~~~~~~~~~~~~~~~~~~~~~~~~
/home/bogdan/work/coralmicro/libs/tpu/edgetpu_driver.cc:989:39: warning: 'g_sentai_tpu_input_done_sema' initialized and declared 'extern'
  989 | extern "C" volatile SemaphoreHandle_t g_sentai_tpu_input_done_sema = nullptr;
      |                                       ^~~~~~~~~~~~~~~~~~~~~~~~~~~~
/home/bogdan/work/coralmicro/libs/tpu/edgetpu_driver.cc:990:39: warning: 'g_sentai_tpu_input_done_count' initialized and declared 'extern'
  990 | extern "C" volatile uint32_t          g_sentai_tpu_input_done_count = 0;
      |                                       ^~~~~~~~~~~~~~~~~~~~~~~~~~~~~
/home/bogdan/work/coralmicro/libs/tpu/edgetpu_driver.cc:1102:30: warning: 'g_sentai_tpu_lambda_entered' initialized and declared 'extern'
 1102 | extern "C" volatile uint32_t g_sentai_tpu_lambda_entered = 0;
      |                              ^~~~~~~~~~~~~~~~~~~~~~~~~~~
/home/bogdan/work/coralmicro/libs/tpu/edgetpu_driver.cc:1103:30: warning: 'g_sentai_tpu_lambda_gave' initialized and declared 'extern'
 1103 | extern "C" volatile uint32_t g_sentai_tpu_lambda_gave = 0;
      |                              ^~~~~~~~~~~~~~~~~~~~~~~~
/home/bogdan/work/coralmicro/libs/tpu/edgetpu_driver.cc:1104:30: warning: 'g_sentai_tpu_lambda_null_sema' initialized and declared 'extern'
 1104 | extern "C" volatile uint32_t g_sentai_tpu_lambda_null_sema = 0;
      |                              ^~~~~~~~~~~~~~~~~~~~~~~~~~~~~
/home/bogdan/work/coralmicro/libs/tpu/edgetpu_driver.cc:1105:30: warning: 'g_sentai_tpu_take_failed' initialized and declared 'extern'
 1105 | extern "C" volatile uint32_t g_sentai_tpu_take_failed = 0;
      |                              ^~~~~~~~~~~~~~~~~~~~~~~~
/home/bogdan/work/coralmicro/libs/tpu/edgetpu_driver.cc:1106:30: warning: 'g_sentai_tpu_take_succeeded' initialized and declared 'extern'
 1106 | extern "C" volatile uint32_t g_sentai_tpu_take_succeeded = 0;
      |                              ^~~~~~~~~~~~~~~~~~~~~~~~~~~
/home/bogdan/work/coralmicro/libs/tpu/edgetpu_driver.cc:1123:30: warning: 'g_sentai_tpu_urb_timeout_ms' initialized and declared 'extern'
 1123 | extern "C" volatile uint32_t g_sentai_tpu_urb_timeout_ms = 200;
      |                              ^~~~~~~~~~~~~~~~~~~~~~~~~~~
/home/bogdan/work/coralmicro/libs/tpu/edgetpu_driver.cc:1133:30: warning: 'g_sentai_tpu_urb_cancelled' initialized and declared 'extern'
 1133 | extern "C" volatile uint32_t g_sentai_tpu_urb_cancelled = 0;
      |                              ^~~~~~~~~~~~~~~~~~~~~~~~~~
/home/bogdan/work/coralmicro/libs/tpu/edgetpu_driver.cc:1134:30: warning: 'g_sentai_tpu_urb_cancel_no_cb' initialized and declared 'extern'
 1134 | extern "C" volatile uint32_t g_sentai_tpu_urb_cancel_no_cb = 0;
      |                              ^~~~~~~~~~~~~~~~~~~~~~~~~~~~~
/home/bogdan/work/coralmicro/libs/tpu/edgetpu_driver.cc:1136:25: warning: 'g_sentai_tpu_sim_break_on_short_bulkin' initialized and declared 'extern'
 1136 | extern "C" volatile int g_sentai_tpu_sim_break_on_short_bulkin = 0;
      |                         ^~~~~~~~~~~~~~~~~~~~~~~~~~~~~~~~~~~~~~
/home/bogdan/work/coralmicro/libs/tpu/edgetpu_driver.cc:1137:30: warning: 'g_sentai_tpu_sim_bulkin_chunk_size' initialized and declared 'extern'
 1137 | extern "C" volatile uint32_t g_sentai_tpu_sim_bulkin_chunk_size = 256;
      |                              ^~~~~~~~~~~~~~~~~~~~~~~~~~~~~~~~~~
/home/bogdan/work/coralmicro/libs/tpu/edgetpu_driver.cc:1138:30: warning: 'g_sentai_tpu_sim_outfeed_chunk_length' initialized and declared 'extern'
 1138 | extern "C" volatile uint32_t g_sentai_tpu_sim_outfeed_chunk_length = 0x20;
      |                              ^~~~~~~~~~~~~~~~~~~~~~~~~~~~~~~~~~~~~
/home/bogdan/work/coralmicro/libs/tpu/edgetpu_driver.cc:1139:25: warning: 'g_sentai_tpu_sim_sleep_after_bulkin' initialized and declared 'extern'
 1139 | extern "C" volatile int g_sentai_tpu_sim_sleep_after_bulkin = 0;
      |                         ^~~~~~~~~~~~~~~~~~~~~~~~~~~~~~~~~~~
/home/bogdan/work/coralmicro/libs/tpu/edgetpu_driver.cc:1140:30: warning: 'g_sentai_tpu_sim_bulkin_queue_depth' initialized and declared 'extern'
 1140 | extern "C" volatile uint32_t g_sentai_tpu_sim_bulkin_queue_depth = 0;
      |                              ^~~~~~~~~~~~~~~~~~~~~~~~~~~~~~~~~~~
/home/bogdan/work/coralmicro/libs/tpu/edgetpu_driver.cc:108:9: warning: 'coralmicro::{anonymous}::BulkTransferBuffer' defined but not used [-Wunused-variable]
  108 | uint8_t BulkTransferBuffer[kMaxBulkBufferSize]
      |         ^~~~~~~~~~~~~~~~~~
/home/bogdan/work/coralmicro/libs/tpu/edgetpu_executable.cc:53:25: warning: 'g_sentai_tpu_desc_cache_enabled' initialized and declared 'extern'
   53 | extern "C" volatile int g_sentai_tpu_desc_cache_enabled = 0;   // default OFF
      |                         ^~~~~~~~~~~~~~~~~~~~~~~~~~~~~~~
/home/bogdan/work/coralmicro/libs/tpu/edgetpu_executable.cc:54:30: warning: 'g_sentai_tpu_desc_cache_sent_params' initialized and declared 'extern'
   54 | extern "C" volatile uint32_t g_sentai_tpu_desc_cache_sent_params = 0;
      |                              ^~~~~~~~~~~~~~~~~~~~~~~~~~~~~~~~~~~
/home/bogdan/work/coralmicro/libs/tpu/edgetpu_executable.cc:55:30: warning: 'g_sentai_tpu_desc_cache_sent_ins' initialized and declared 'extern'
   55 | extern "C" volatile uint32_t g_sentai_tpu_desc_cache_sent_ins    = 0;
      |                              ^~~~~~~~~~~~~~~~~~~~~~~~~~~~~~~~
/home/bogdan/work/coralmicro/libs/tpu/edgetpu_executable.cc:56:30: warning: 'g_sentai_tpu_desc_cache_skip_params' initialized and declared 'extern'
   56 | extern "C" volatile uint32_t g_sentai_tpu_desc_cache_skip_params = 0;
      |                              ^~~~~~~~~~~~~~~~~~~~~~~~~~~~~~~~~~~
/home/bogdan/work/coralmicro/libs/tpu/edgetpu_executable.cc:57:30: warning: 'g_sentai_tpu_desc_cache_skip_ins' initialized and declared 'extern'
   57 | extern "C" volatile uint32_t g_sentai_tpu_desc_cache_skip_ins    = 0;
      |                              ^~~~~~~~~~~~~~~~~~~~~~~~~~~~~~~~
/home/bogdan/work/coralmicro/libs/tpu/edgetpu_executable.cc:98:30: warning: 'g_sentai_tpu_cyc_params' initialized and declared 'extern'
   98 | extern "C" volatile uint32_t g_sentai_tpu_cyc_params = 0;
      |                              ^~~~~~~~~~~~~~~~~~~~~~~
/home/bogdan/work/coralmicro/libs/tpu/edgetpu_executable.cc:99:30: warning: 'g_sentai_tpu_cyc_ins' initialized and declared 'extern'
   99 | extern "C" volatile uint32_t g_sentai_tpu_cyc_ins    = 0;
      |                              ^~~~~~~~~~~~~~~~~~~~
/home/bogdan/work/coralmicro/libs/tpu/edgetpu_executable.cc:100:30: warning: 'g_sentai_tpu_cyc_input' initialized and declared 'extern'
  100 | extern "C" volatile uint32_t g_sentai_tpu_cyc_input  = 0;
      |                              ^~~~~~~~~~~~~~~~~~~~~~
/home/bogdan/work/coralmicro/libs/tpu/edgetpu_executable.cc:101:30: warning: 'g_sentai_tpu_cyc_output' initialized and declared 'extern'
  101 | extern "C" volatile uint32_t g_sentai_tpu_cyc_output = 0;
      |                              ^~~~~~~~~~~~~~~~~~~~~~~
/home/bogdan/work/coralmicro/libs/tpu/edgetpu_executable.cc:102:30: warning: 'g_sentai_tpu_cyc_event' initialized and declared 'extern'
  102 | extern "C" volatile uint32_t g_sentai_tpu_cyc_event  = 0;
      |                              ^~~~~~~~~~~~~~~~~~~~~~
/home/bogdan/work/coralmicro/libs/tpu/edgetpu_executable.cc:103:30: warning: 'g_sentai_tpu_n_params' initialized and declared 'extern'
  103 | extern "C" volatile uint32_t g_sentai_tpu_n_params   = 0;
      |                              ^~~~~~~~~~~~~~~~~~~~~
/home/bogdan/work/coralmicro/libs/tpu/edgetpu_executable.cc:104:30: warning: 'g_sentai_tpu_n_ins' initialized and declared 'extern'
  104 | extern "C" volatile uint32_t g_sentai_tpu_n_ins      = 0;
      |                              ^~~~~~~~~~~~~~~~~~
/home/bogdan/work/coralmicro/libs/tpu/edgetpu_executable.cc:105:30: warning: 'g_sentai_tpu_n_input' initialized and declared 'extern'
  105 | extern "C" volatile uint32_t g_sentai_tpu_n_input    = 0;
      |                              ^~~~~~~~~~~~~~~~~~~~
/home/bogdan/work/coralmicro/libs/tpu/edgetpu_executable.cc:106:30: warning: 'g_sentai_tpu_n_output' initialized and declared 'extern'
  106 | extern "C" volatile uint32_t g_sentai_tpu_n_output   = 0;
      |                              ^~~~~~~~~~~~~~~~~~~~~
/home/bogdan/work/coralmicro/libs/tpu/edgetpu_executable.cc:107:30: warning: 'g_sentai_tpu_n_event' initialized and declared 'extern'
  107 | extern "C" volatile uint32_t g_sentai_tpu_n_event    = 0;
      |                              ^~~~~~~~~~~~~~~~~~~~
/home/bogdan/work/coralmicro/libs/tpu/edgetpu_executable.cc:108:30: warning: 'g_sentai_tpu_by_params' initialized and declared 'extern'
  108 | extern "C" volatile uint32_t g_sentai_tpu_by_params  = 0;  // bytes accumulator
      |                              ^~~~~~~~~~~~~~~~~~~~~~
/home/bogdan/work/coralmicro/libs/tpu/edgetpu_executable.cc:109:30: warning: 'g_sentai_tpu_by_ins' initialized and declared 'extern'
  109 | extern "C" volatile uint32_t g_sentai_tpu_by_ins     = 0;
      |                              ^~~~~~~~~~~~~~~~~~~
/home/bogdan/work/coralmicro/libs/tpu/edgetpu_executable.cc:110:30: warning: 'g_sentai_tpu_by_input' initialized and declared 'extern'
  110 | extern "C" volatile uint32_t g_sentai_tpu_by_input   = 0;
      |                              ^~~~~~~~~~~~~~~~~~~~~
/home/bogdan/work/coralmicro/libs/tpu/edgetpu_executable.cc:111:30: warning: 'g_sentai_tpu_by_output' initialized and declared 'extern'
  111 | extern "C" volatile uint32_t g_sentai_tpu_by_output  = 0;
      |                              ^~~~~~~~~~~~~~~~~~~~~~
/home/bogdan/work/coralmicro/libs/tpu/edgetpu_executable.cc:193:30: warning: 'g_sentai_tpu_invoke_fail_code' initialized and declared 'extern'
  193 | extern "C" volatile uint16_t g_sentai_tpu_invoke_fail_code = 0;
      |                              ^~~~~~~~~~~~~~~~~~~~~~~~~~~~~
/home/bogdan/work/coralmicro/libs/tpu/edgetpu_executable.cc:199:29: warning: 'g_sentai_tpu_trace' initialized and declared 'extern'
  199 | extern "C" volatile uint8_t g_sentai_tpu_trace = 0;
      |                             ^~~~~~~~~~~~~~~~~~
[ 78%] Linking CXX static library liblibs_tpu_freertos.a
[ 78%] Built target libs_tpu_freertos
[ 78%] Building CXX object libs/tpu/CMakeFiles/libs_tpu_task_freertos.dir/edgetpu_task.cc.obj
[ 78%] Linking CXX static library liblibs_tpu_task_freertos.a
[ 78%] Built target libs_tpu_task_freertos
[ 78%] Building CXX object libs/tpu/CMakeFiles/libs_tpu_dfu_task_freertos.dir/edgetpu_dfu_task.cc.obj
[ 78%] Building C object libs/tpu/CMakeFiles/libs_tpu_dfu_task_freertos.dir/apex_latest_multi_ep_bin.c.obj
[ 78%] Linking CXX static library liblibs_tpu_dfu_task_freertos.a
[ 78%] Built target libs_tpu_dfu_task_freertos
[ 78%] Building CXX object libs/tensorflow/CMakeFiles/libs_tensorflow-m7.dir/audio_models.cc.obj
[ 78%] Building CXX object libs/tensorflow/CMakeFiles/libs_tensorflow-m7.dir/posenet_decoder_op.cc.obj
[ 78%] Building CXX object libs/tensorflow/CMakeFiles/libs_tensorflow-m7.dir/utils.cc.obj
[ 78%] Building CXX object libs/tensorflow/CMakeFiles/libs_tensorflow-m7.dir/classification.cc.obj
[ 78%] Building CXX object libs/tensorflow/CMakeFiles/libs_tensorflow-m7.dir/__/__/third_party/tflite-micro/tensorflow/lite/core/api/flatbuffer_conversions.cc.obj
[ 78%] Building CXX object libs/tensorflow/CMakeFiles/libs_tensorflow-m7.dir/__/__/third_party/tflite-micro/tensorflow/lite/core/api/op_resolver.cc.obj
[ 78%] Building CXX object libs/tensorflow/CMakeFiles/libs_tensorflow-m7.dir/__/__/third_party/tflite-micro/tensorflow/lite/c/common.cc.obj
[ 78%] Building CXX object libs/tensorflow/CMakeFiles/libs_tensorflow-m7.dir/detection.cc.obj
[ 79%] Building CXX object libs/tensorflow/CMakeFiles/libs_tensorflow-m7.dir/__/__/third_party/tflite-micro/tensorflow/lite/core/api/tensor_utils.cc.obj
[ 79%] Building CXX object libs/tensorflow/CMakeFiles/libs_tensorflow-m7.dir/__/__/third_party/tflite-micro/tensorflow/lite/core/api/error_reporter.cc.obj
[ 79%] Building CXX object libs/tensorflow/CMakeFiles/libs_tensorflow-m7.dir/posenet.cc.obj
[ 79%] Building CXX object libs/tensorflow/CMakeFiles/libs_tensorflow-m7.dir/__/__/third_party/tflite-micro/tensorflow/lite/experimental/microfrontend/lib/fft.cc.obj
[ 79%] Building CXX object libs/tensorflow/CMakeFiles/libs_tensorflow-m7.dir/posenet_decoder.cc.obj
[ 79%] Building C object libs/tensorflow/CMakeFiles/libs_tensorflow-m7.dir/__/__/third_party/tflite-micro/tensorflow/lite/experimental/microfrontend/lib/fft_io.c.obj
[ 79%] Building C object libs/tensorflow/CMakeFiles/libs_tensorflow-m7.dir/__/__/third_party/tflite-micro/tensorflow/lite/experimental/microfrontend/lib/filterbank.c.obj
[ 79%] Building CXX object libs/tensorflow/CMakeFiles/libs_tensorflow-m7.dir/__/__/third_party/tflite-micro/tensorflow/lite/experimental/microfrontend/lib/fft_util.cc.obj
[ 79%] Building C object libs/tensorflow/CMakeFiles/libs_tensorflow-m7.dir/debug_log.c.obj
[ 79%] Building CXX object libs/tensorflow/CMakeFiles/libs_tensorflow-m7.dir/__/__/third_party/tflite-micro/tensorflow/lite/micro/test_helpers.cc.obj
[ 79%] Building C object libs/tensorflow/CMakeFiles/libs_tensorflow-m7.dir/__/__/third_party/tflite-micro/tensorflow/lite/experimental/microfrontend/lib/filterbank_io.c.obj
[ 79%] Building C object libs/tensorflow/CMakeFiles/libs_tensorflow-m7.dir/__/__/third_party/tflite-micro/tensorflow/lite/experimental/microfrontend/lib/frontend.c.obj
[ 79%] Building C object libs/tensorflow/CMakeFiles/libs_tensorflow-m7.dir/__/__/third_party/tflite-micro/tensorflow/lite/experimental/microfrontend/lib/frontend_util.c.obj
[ 79%] Building C object libs/tensorflow/CMakeFiles/libs_tensorflow-m7.dir/__/__/third_party/tflite-micro/tensorflow/lite/experimental/microfrontend/lib/filterbank_util.c.obj
[ 79%] Building C object libs/tensorflow/CMakeFiles/libs_tensorflow-m7.dir/__/__/third_party/tflite-micro/tensorflow/lite/experimental/microfrontend/lib/frontend_io.c.obj
[ 79%] Building C object libs/tensorflow/CMakeFiles/libs_tensorflow-m7.dir/__/__/third_party/tflite-micro/tensorflow/lite/experimental/microfrontend/lib/log_lut.c.obj
[ 79%] Building C object libs/tensorflow/CMakeFiles/libs_tensorflow-m7.dir/__/__/third_party/tflite-micro/tensorflow/lite/experimental/microfrontend/lib/log_scale.c.obj
[ 79%] Building C object libs/tensorflow/CMakeFiles/libs_tensorflow-m7.dir/__/__/third_party/tflite-micro/tensorflow/lite/experimental/microfrontend/lib/log_scale_io.c.obj
[ 79%] Building C object libs/tensorflow/CMakeFiles/libs_tensorflow-m7.dir/__/__/third_party/tflite-micro/tensorflow/lite/experimental/microfrontend/lib/noise_reduction.c.obj
[ 79%] Building C object libs/tensorflow/CMakeFiles/libs_tensorflow-m7.dir/__/__/third_party/tflite-micro/tensorflow/lite/experimental/microfrontend/lib/log_scale_util.c.obj
[ 81%] Building C object libs/tensorflow/CMakeFiles/libs_tensorflow-m7.dir/__/__/third_party/tflite-micro/tensorflow/lite/experimental/microfrontend/lib/noise_reduction_io.c.obj
[ 81%] Building C object libs/tensorflow/CMakeFiles/libs_tensorflow-m7.dir/__/__/third_party/tflite-micro/tensorflow/lite/experimental/microfrontend/lib/noise_reduction_util.c.obj
[ 81%] Building C object libs/tensorflow/CMakeFiles/libs_tensorflow-m7.dir/__/__/third_party/tflite-micro/tensorflow/lite/experimental/microfrontend/lib/pcan_gain_control.c.obj
[ 81%] Building C object libs/tensorflow/CMakeFiles/libs_tensorflow-m7.dir/__/__/third_party/tflite-micro/tensorflow/lite/experimental/microfrontend/lib/pcan_gain_control_util.c.obj
[ 81%] Building C object libs/tensorflow/CMakeFiles/libs_tensorflow-m7.dir/__/__/third_party/tflite-micro/tensorflow/lite/experimental/microfrontend/lib/window.c.obj
[ 81%] Building C object libs/tensorflow/CMakeFiles/libs_tensorflow-m7.dir/__/__/third_party/tflite-micro/tensorflow/lite/experimental/microfrontend/lib/window_io.c.obj
[ 81%] Building C object libs/tensorflow/CMakeFiles/libs_tensorflow-m7.dir/__/__/third_party/tflite-micro/tensorflow/lite/experimental/microfrontend/lib/window_util.c.obj
[ 81%] Building CXX object libs/tensorflow/CMakeFiles/libs_tensorflow-m7.dir/__/__/third_party/tflite-micro/tensorflow/lite/kernels/internal/quantization_util.cc.obj
[ 81%] Building CXX object libs/tensorflow/CMakeFiles/libs_tensorflow-m7.dir/__/__/third_party/tflite-micro/tensorflow/lite/kernels/internal/reference/portable_tensor_utils.cc.obj
[ 81%] Building CXX object libs/tensorflow/CMakeFiles/libs_tensorflow-m7.dir/__/__/third_party/tflite-micro/tensorflow/lite/kernels/kernel_util.cc.obj
[ 81%] Building CXX object libs/tensorflow/CMakeFiles/libs_tensorflow-m7.dir/__/__/third_party/tflite-micro/tensorflow/lite/micro/all_ops_resolver.cc.obj
[ 81%] Building CXX object libs/tensorflow/CMakeFiles/libs_tensorflow-m7.dir/__/__/third_party/tflite-micro/tensorflow/lite/micro/arena_allocator/non_persistent_arena_buffer_allocator.cc.obj
[ 81%] Building CXX object libs/tensorflow/CMakeFiles/libs_tensorflow-m7.dir/__/__/third_party/tflite-micro/tensorflow/lite/micro/arena_allocator/persistent_arena_buffer_allocator.cc.obj
[ 81%] Building CXX object libs/tensorflow/CMakeFiles/libs_tensorflow-m7.dir/__/__/third_party/tflite-micro/tensorflow/lite/micro/arena_allocator/recording_single_arena_buffer_allocator.cc.obj
[ 81%] Building CXX object libs/tensorflow/CMakeFiles/libs_tensorflow-m7.dir/__/__/third_party/tflite-micro/tensorflow/lite/micro/fake_micro_context.cc.obj
[ 81%] Building CXX object libs/tensorflow/CMakeFiles/libs_tensorflow-m7.dir/__/__/third_party/tflite-micro/tensorflow/lite/micro/arena_allocator/single_arena_buffer_allocator.cc.obj
[ 81%] Building CXX object libs/tensorflow/CMakeFiles/libs_tensorflow-m7.dir/__/__/third_party/tflite-micro/tensorflow/lite/micro/flatbuffer_utils.cc.obj
[ 81%] Building CXX object libs/tensorflow/CMakeFiles/libs_tensorflow-m7.dir/__/__/third_party/tflite-micro/tensorflow/lite/micro/kernels/activations.cc.obj
[ 81%] Building CXX object libs/tensorflow/CMakeFiles/libs_tensorflow-m7.dir/__/__/third_party/tflite-micro/tensorflow/lite/micro/kernels/activations_common.cc.obj
[ 82%] Building CXX object libs/tensorflow/CMakeFiles/libs_tensorflow-m7.dir/__/__/third_party/tflite-micro/tensorflow/lite/micro/kernels/add.cc.obj
[ 82%] Building CXX object libs/tensorflow/CMakeFiles/libs_tensorflow-m7.dir/__/__/third_party/tflite-micro/tensorflow/lite/micro/kernels/add_common.cc.obj
[ 82%] Building CXX object libs/tensorflow/CMakeFiles/libs_tensorflow-m7.dir/__/__/third_party/tflite-micro/tensorflow/lite/micro/kernels/add_n.cc.obj
[ 82%] Building CXX object libs/tensorflow/CMakeFiles/libs_tensorflow-m7.dir/__/__/third_party/tflite-micro/tensorflow/lite/micro/kernels/arg_min_max.cc.obj
[ 82%] Building CXX object libs/tensorflow/CMakeFiles/libs_tensorflow-m7.dir/__/__/third_party/tflite-micro/tensorflow/lite/micro/kernels/assign_variable.cc.obj
[ 82%] Building CXX object libs/tensorflow/CMakeFiles/libs_tensorflow-m7.dir/__/__/third_party/tflite-micro/tensorflow/lite/micro/kernels/batch_to_space_nd.cc.obj
[ 82%] Building CXX object libs/tensorflow/CMakeFiles/libs_tensorflow-m7.dir/__/__/third_party/tflite-micro/tensorflow/lite/micro/kernels/broadcast_args.cc.obj
[ 82%] Building CXX object libs/tensorflow/CMakeFiles/libs_tensorflow-m7.dir/__/__/third_party/tflite-micro/tensorflow/lite/micro/kernels/broadcast_to.cc.obj
[ 82%] Building CXX object libs/tensorflow/CMakeFiles/libs_tensorflow-m7.dir/__/__/third_party/tflite-micro/tensorflow/lite/micro/kernels/call_once.cc.obj
[ 82%] Building CXX object libs/tensorflow/CMakeFiles/libs_tensorflow-m7.dir/__/__/third_party/tflite-micro/tensorflow/lite/micro/kernels/cast.cc.obj
[ 82%] Building CXX object libs/tensorflow/CMakeFiles/libs_tensorflow-m7.dir/__/__/third_party/tflite-micro/tensorflow/lite/micro/kernels/ceil.cc.obj
[ 82%] Building CXX object libs/tensorflow/CMakeFiles/libs_tensorflow-m7.dir/__/__/third_party/tflite-micro/tensorflow/lite/micro/kernels/circular_buffer.cc.obj
[ 82%] Building CXX object libs/tensorflow/CMakeFiles/libs_tensorflow-m7.dir/__/__/third_party/tflite-micro/tensorflow/lite/micro/kernels/circular_buffer_common.cc.obj
[ 82%] Building CXX object libs/tensorflow/CMakeFiles/libs_tensorflow-m7.dir/__/__/third_party/tflite-micro/tensorflow/lite/micro/kernels/cmsis_nn/add.cc.obj
[ 82%] Building CXX object libs/tensorflow/CMakeFiles/libs_tensorflow-m7.dir/__/__/third_party/tflite-micro/tensorflow/lite/micro/kernels/cmsis_nn/conv.cc.obj
[ 82%] Building CXX object libs/tensorflow/CMakeFiles/libs_tensorflow-m7.dir/__/__/third_party/tflite-micro/tensorflow/lite/micro/kernels/cmsis_nn/depthwise_conv.cc.obj
[ 82%] Building CXX object libs/tensorflow/CMakeFiles/libs_tensorflow-m7.dir/__/__/third_party/tflite-micro/tensorflow/lite/micro/kernels/cmsis_nn/fully_connected.cc.obj
[ 82%] Building CXX object libs/tensorflow/CMakeFiles/libs_tensorflow-m7.dir/__/__/third_party/tflite-micro/tensorflow/lite/micro/kernels/cmsis_nn/mul.cc.obj
[ 84%] Building CXX object libs/tensorflow/CMakeFiles/libs_tensorflow-m7.dir/__/__/third_party/tflite-micro/tensorflow/lite/micro/kernels/cmsis_nn/pooling.cc.obj
[ 84%] Building CXX object libs/tensorflow/CMakeFiles/libs_tensorflow-m7.dir/__/__/third_party/tflite-micro/tensorflow/lite/micro/kernels/cmsis_nn/softmax.cc.obj
[ 84%] Building CXX object libs/tensorflow/CMakeFiles/libs_tensorflow-m7.dir/__/__/third_party/tflite-micro/tensorflow/lite/micro/kernels/cmsis_nn/svdf.cc.obj
[ 84%] Building CXX object libs/tensorflow/CMakeFiles/libs_tensorflow-m7.dir/__/__/third_party/tflite-micro/tensorflow/lite/micro/kernels/comparisons.cc.obj
/home/bogdan/work/coralmicro/libs/tensorflow/audio_models.cc: In function 'bool coralmicro::tensorflow::PrepareAudioFrontEnd(FrontendState*, coralmicro::tensorflow::AudioModel)':
/home/bogdan/work/coralmicro/libs/tensorflow/audio_models.cc:50:34: warning: 'num_channels' may be used uninitialized in this function [-Wmaybe-uninitialized]
   50 |   config.filterbank.num_channels = num_channels;
      |   ~~~~~~~~~~~~~~~~~~~~~~~~~~~~~~~^~~~~~~~~~~~~~
[ 84%] Building CXX object libs/tensorflow/CMakeFiles/libs_tensorflow-m7.dir/__/__/third_party/tflite-micro/tensorflow/lite/micro/kernels/concatenation.cc.obj
[ 84%] Building CXX object libs/tensorflow/CMakeFiles/libs_tensorflow-m7.dir/__/__/third_party/tflite-micro/tensorflow/lite/micro/kernels/conv.cc.obj
[ 84%] Building CXX object libs/tensorflow/CMakeFiles/libs_tensorflow-m7.dir/__/__/third_party/tflite-micro/tensorflow/lite/micro/kernels/conv_common.cc.obj
[ 84%] Building CXX object libs/tensorflow/CMakeFiles/libs_tensorflow-m7.dir/__/__/third_party/tflite-micro/tensorflow/lite/micro/kernels/cumsum.cc.obj
[ 84%] Building CXX object libs/tensorflow/CMakeFiles/libs_tensorflow-m7.dir/__/__/third_party/tflite-micro/tensorflow/lite/micro/kernels/depth_to_space.cc.obj
[ 84%] Building CXX object libs/tensorflow/CMakeFiles/libs_tensorflow-m7.dir/__/__/third_party/tflite-micro/tensorflow/lite/micro/kernels/depthwise_conv.cc.obj
[ 84%] Building CXX object libs/tensorflow/CMakeFiles/libs_tensorflow-m7.dir/__/__/third_party/tflite-micro/tensorflow/lite/micro/kernels/depthwise_conv_common.cc.obj
[ 84%] Building CXX object libs/tensorflow/CMakeFiles/libs_tensorflow-m7.dir/__/__/third_party/tflite-micro/tensorflow/lite/micro/kernels/dequantize.cc.obj
[ 84%] Building CXX object libs/tensorflow/CMakeFiles/libs_tensorflow-m7.dir/__/__/third_party/tflite-micro/tensorflow/lite/micro/kernels/dequantize_common.cc.obj
[ 84%] Building CXX object libs/tensorflow/CMakeFiles/libs_tensorflow-m7.dir/__/__/third_party/tflite-micro/tensorflow/lite/micro/kernels/detection_postprocess.cc.obj
[ 84%] Building CXX object libs/tensorflow/CMakeFiles/libs_tensorflow-m7.dir/__/__/third_party/tflite-micro/tensorflow/lite/micro/kernels/div.cc.obj
[ 84%] Building CXX object libs/tensorflow/CMakeFiles/libs_tensorflow-m7.dir/__/__/third_party/tflite-micro/tensorflow/lite/micro/kernels/elementwise.cc.obj
[ 84%] Building CXX object libs/tensorflow/CMakeFiles/libs_tensorflow-m7.dir/__/__/third_party/tflite-micro/tensorflow/lite/micro/kernels/elu.cc.obj
[ 84%] Building CXX object libs/tensorflow/CMakeFiles/libs_tensorflow-m7.dir/__/__/third_party/tflite-micro/tensorflow/lite/micro/kernels/ethosu.cc.obj
[ 84%] Building CXX object libs/tensorflow/CMakeFiles/libs_tensorflow-m7.dir/__/__/third_party/tflite-micro/tensorflow/lite/micro/kernels/exp.cc.obj
[ 85%] Building CXX object libs/tensorflow/CMakeFiles/libs_tensorflow-m7.dir/__/__/third_party/tflite-micro/tensorflow/lite/micro/kernels/expand_dims.cc.obj
[ 85%] Building CXX object libs/tensorflow/CMakeFiles/libs_tensorflow-m7.dir/__/__/third_party/tflite-micro/tensorflow/lite/micro/kernels/fill.cc.obj
[ 85%] Building CXX object libs/tensorflow/CMakeFiles/libs_tensorflow-m7.dir/__/__/third_party/tflite-micro/tensorflow/lite/micro/kernels/floor.cc.obj
[ 85%] Building CXX object libs/tensorflow/CMakeFiles/libs_tensorflow-m7.dir/__/__/third_party/tflite-micro/tensorflow/lite/micro/kernels/floor_div.cc.obj
[ 85%] Building CXX object libs/tensorflow/CMakeFiles/libs_tensorflow-m7.dir/__/__/third_party/tflite-micro/tensorflow/lite/micro/kernels/floor_mod.cc.obj
[ 85%] Building CXX object libs/tensorflow/CMakeFiles/libs_tensorflow-m7.dir/__/__/third_party/tflite-micro/tensorflow/lite/micro/kernels/fully_connected.cc.obj
[ 85%] Building CXX object libs/tensorflow/CMakeFiles/libs_tensorflow-m7.dir/__/__/third_party/tflite-micro/tensorflow/lite/micro/kernels/fully_connected_common.cc.obj
[ 85%] Building CXX object libs/tensorflow/CMakeFiles/libs_tensorflow-m7.dir/__/__/third_party/tflite-micro/tensorflow/lite/micro/kernels/gather.cc.obj
[ 85%] Building CXX object libs/tensorflow/CMakeFiles/libs_tensorflow-m7.dir/__/__/third_party/tflite-micro/tensorflow/lite/micro/kernels/gather_nd.cc.obj
[ 85%] Building CXX object libs/tensorflow/CMakeFiles/libs_tensorflow-m7.dir/__/__/third_party/tflite-micro/tensorflow/lite/micro/kernels/hard_swish.cc.obj
[ 85%] Building CXX object libs/tensorflow/CMakeFiles/libs_tensorflow-m7.dir/__/__/third_party/tflite-micro/tensorflow/lite/micro/kernels/hard_swish_common.cc.obj
[ 85%] Building CXX object libs/tensorflow/CMakeFiles/libs_tensorflow-m7.dir/__/__/third_party/tflite-micro/tensorflow/lite/micro/kernels/if.cc.obj
[ 85%] Building CXX object libs/tensorflow/CMakeFiles/libs_tensorflow-m7.dir/__/__/third_party/tflite-micro/tensorflow/lite/micro/kernels/kernel_runner.cc.obj
[ 85%] Building CXX object libs/tensorflow/CMakeFiles/libs_tensorflow-m7.dir/__/__/third_party/tflite-micro/tensorflow/lite/micro/kernels/kernel_util.cc.obj
[ 85%] Building CXX object libs/tensorflow/CMakeFiles/libs_tensorflow-m7.dir/__/__/third_party/tflite-micro/tensorflow/lite/micro/kernels/l2_pool_2d.cc.obj
[ 85%] Building CXX object libs/tensorflow/CMakeFiles/libs_tensorflow-m7.dir/__/__/third_party/tflite-micro/tensorflow/lite/micro/kernels/l2norm.cc.obj
[ 85%] Building CXX object libs/tensorflow/CMakeFiles/libs_tensorflow-m7.dir/__/__/third_party/tflite-micro/tensorflow/lite/micro/kernels/leaky_relu.cc.obj
[ 85%] Building CXX object libs/tensorflow/CMakeFiles/libs_tensorflow-m7.dir/__/__/third_party/tflite-micro/tensorflow/lite/micro/kernels/leaky_relu_common.cc.obj
[ 86%] Building CXX object libs/tensorflow/CMakeFiles/libs_tensorflow-m7.dir/__/__/third_party/tflite-micro/tensorflow/lite/micro/kernels/log_softmax.cc.obj
[ 86%] Building CXX object libs/tensorflow/CMakeFiles/libs_tensorflow-m7.dir/__/__/third_party/tflite-micro/tensorflow/lite/micro/kernels/logical.cc.obj
[ 86%] Building CXX object libs/tensorflow/CMakeFiles/libs_tensorflow-m7.dir/__/__/third_party/tflite-micro/tensorflow/lite/micro/kernels/logical_common.cc.obj
[ 86%] Building CXX object libs/tensorflow/CMakeFiles/libs_tensorflow-m7.dir/__/__/third_party/tflite-micro/tensorflow/lite/micro/kernels/logistic.cc.obj
[ 86%] Building CXX object libs/tensorflow/CMakeFiles/libs_tensorflow-m7.dir/__/__/third_party/tflite-micro/tensorflow/lite/micro/kernels/logistic_common.cc.obj
[ 86%] Building CXX object libs/tensorflow/CMakeFiles/libs_tensorflow-m7.dir/__/__/third_party/tflite-micro/tensorflow/lite/micro/kernels/lstm_eval.cc.obj
[ 86%] Building CXX object libs/tensorflow/CMakeFiles/libs_tensorflow-m7.dir/__/__/third_party/tflite-micro/tensorflow/lite/micro/kernels/maximum_minimum.cc.obj
[ 86%] Building CXX object libs/tensorflow/CMakeFiles/libs_tensorflow-m7.dir/__/__/third_party/tflite-micro/tensorflow/lite/micro/kernels/micro_tensor_utils.cc.obj
[ 86%] Building CXX object libs/tensorflow/CMakeFiles/libs_tensorflow-m7.dir/__/__/third_party/tflite-micro/tensorflow/lite/micro/kernels/mirror_pad.cc.obj
[ 86%] Building CXX object libs/tensorflow/CMakeFiles/libs_tensorflow-m7.dir/__/__/third_party/tflite-micro/tensorflow/lite/micro/kernels/mul.cc.obj
[ 86%] Building CXX object libs/tensorflow/CMakeFiles/libs_tensorflow-m7.dir/__/__/third_party/tflite-micro/tensorflow/lite/micro/kernels/mul_common.cc.obj
[ 86%] Building CXX object libs/tensorflow/CMakeFiles/libs_tensorflow-m7.dir/__/__/third_party/tflite-micro/tensorflow/lite/micro/kernels/neg.cc.obj
[ 86%] Building CXX object libs/tensorflow/CMakeFiles/libs_tensorflow-m7.dir/__/__/third_party/tflite-micro/tensorflow/lite/micro/kernels/pack.cc.obj
[ 86%] Building CXX object libs/tensorflow/CMakeFiles/libs_tensorflow-m7.dir/__/__/third_party/tflite-micro/tensorflow/lite/micro/kernels/pad.cc.obj
[ 86%] Building CXX object libs/tensorflow/CMakeFiles/libs_tensorflow-m7.dir/__/__/third_party/tflite-micro/tensorflow/lite/micro/kernels/pooling_common.cc.obj
[ 86%] Building CXX object libs/tensorflow/CMakeFiles/libs_tensorflow-m7.dir/__/__/third_party/tflite-micro/tensorflow/lite/micro/kernels/prelu.cc.obj
[ 86%] Building CXX object libs/tensorflow/CMakeFiles/libs_tensorflow-m7.dir/__/__/third_party/tflite-micro/tensorflow/lite/micro/kernels/prelu_common.cc.obj
[ 86%] Building CXX object libs/tensorflow/CMakeFiles/libs_tensorflow-m7.dir/__/__/third_party/tflite-micro/tensorflow/lite/micro/kernels/quantize.cc.obj
[ 88%] Building CXX object libs/tensorflow/CMakeFiles/libs_tensorflow-m7.dir/__/__/third_party/tflite-micro/tensorflow/lite/micro/kernels/quantize_common.cc.obj
[ 88%] Building CXX object libs/tensorflow/CMakeFiles/libs_tensorflow-m7.dir/__/__/third_party/tflite-micro/tensorflow/lite/micro/kernels/read_variable.cc.obj
[ 88%] Building CXX object libs/tensorflow/CMakeFiles/libs_tensorflow-m7.dir/__/__/third_party/tflite-micro/tensorflow/lite/micro/kernels/reduce.cc.obj
[ 88%] Building CXX object libs/tensorflow/CMakeFiles/libs_tensorflow-m7.dir/__/__/third_party/tflite-micro/tensorflow/lite/micro/kernels/reduce_common.cc.obj
[ 88%] Building CXX object libs/tensorflow/CMakeFiles/libs_tensorflow-m7.dir/__/__/third_party/tflite-micro/tensorflow/lite/micro/kernels/reshape.cc.obj
[ 88%] Building CXX object libs/tensorflow/CMakeFiles/libs_tensorflow-m7.dir/__/__/third_party/tflite-micro/tensorflow/lite/micro/kernels/resize_bilinear.cc.obj
[ 88%] Building CXX object libs/tensorflow/CMakeFiles/libs_tensorflow-m7.dir/__/__/third_party/tflite-micro/tensorflow/lite/micro/kernels/resize_nearest_neighbor.cc.obj
[ 88%] Building CXX object libs/tensorflow/CMakeFiles/libs_tensorflow-m7.dir/__/__/third_party/tflite-micro/tensorflow/lite/micro/kernels/round.cc.obj
[ 88%] Building CXX object libs/tensorflow/CMakeFiles/libs_tensorflow-m7.dir/__/__/third_party/tflite-micro/tensorflow/lite/micro/kernels/shape.cc.obj
[ 88%] Building CXX object libs/tensorflow/CMakeFiles/libs_tensorflow-m7.dir/__/__/third_party/tflite-micro/tensorflow/lite/micro/kernels/slice.cc.obj
[ 88%] Building CXX object libs/tensorflow/CMakeFiles/libs_tensorflow-m7.dir/__/__/third_party/tflite-micro/tensorflow/lite/micro/kernels/softmax.cc.obj
[ 88%] Building CXX object libs/tensorflow/CMakeFiles/libs_tensorflow-m7.dir/__/__/third_party/tflite-micro/tensorflow/lite/micro/kernels/softmax_common.cc.obj
[ 88%] Building CXX object libs/tensorflow/CMakeFiles/libs_tensorflow-m7.dir/__/__/third_party/tflite-micro/tensorflow/lite/micro/kernels/space_to_batch_nd.cc.obj
[ 88%] Building CXX object libs/tensorflow/CMakeFiles/libs_tensorflow-m7.dir/__/__/third_party/tflite-micro/tensorflow/lite/micro/kernels/space_to_depth.cc.obj
[ 88%] Building CXX object libs/tensorflow/CMakeFiles/libs_tensorflow-m7.dir/__/__/third_party/tflite-micro/tensorflow/lite/micro/kernels/split.cc.obj
[ 88%] Building CXX object libs/tensorflow/CMakeFiles/libs_tensorflow-m7.dir/__/__/third_party/tflite-micro/tensorflow/lite/micro/kernels/split_v.cc.obj
[ 88%] Building CXX object libs/tensorflow/CMakeFiles/libs_tensorflow-m7.dir/__/__/third_party/tflite-micro/tensorflow/lite/micro/kernels/squared_difference.cc.obj
[ 88%] Building CXX object libs/tensorflow/CMakeFiles/libs_tensorflow-m7.dir/__/__/third_party/tflite-micro/tensorflow/lite/micro/kernels/squeeze.cc.obj
[ 88%] Building CXX object libs/tensorflow/CMakeFiles/libs_tensorflow-m7.dir/__/__/third_party/tflite-micro/tensorflow/lite/micro/kernels/strided_slice.cc.obj
[ 89%] Building CXX object libs/tensorflow/CMakeFiles/libs_tensorflow-m7.dir/__/__/third_party/tflite-micro/tensorflow/lite/micro/kernels/sub.cc.obj
[ 89%] Building CXX object libs/tensorflow/CMakeFiles/libs_tensorflow-m7.dir/__/__/third_party/tflite-micro/tensorflow/lite/micro/kernels/sub_common.cc.obj
[ 89%] Building CXX object libs/tensorflow/CMakeFiles/libs_tensorflow-m7.dir/__/__/third_party/tflite-micro/tensorflow/lite/micro/kernels/svdf_common.cc.obj
[ 89%] Building CXX object libs/tensorflow/CMakeFiles/libs_tensorflow-m7.dir/__/__/third_party/tflite-micro/tensorflow/lite/micro/kernels/tanh.cc.obj
[ 89%] Building CXX object libs/tensorflow/CMakeFiles/libs_tensorflow-m7.dir/__/__/third_party/tflite-micro/tensorflow/lite/micro/kernels/transpose.cc.obj
[ 89%] Building CXX object libs/tensorflow/CMakeFiles/libs_tensorflow-m7.dir/__/__/third_party/tflite-micro/tensorflow/lite/micro/kernels/transpose_conv.cc.obj
[ 89%] Building CXX object libs/tensorflow/CMakeFiles/libs_tensorflow-m7.dir/__/__/third_party/tflite-micro/tensorflow/lite/micro/kernels/unidirectional_sequence_lstm.cc.obj
[ 89%] Building CXX object libs/tensorflow/CMakeFiles/libs_tensorflow-m7.dir/__/__/third_party/tflite-micro/tensorflow/lite/micro/kernels/unpack.cc.obj
[ 89%] Building CXX object libs/tensorflow/CMakeFiles/libs_tensorflow-m7.dir/__/__/third_party/tflite-micro/tensorflow/lite/micro/kernels/var_handle.cc.obj
[ 89%] Building CXX object libs/tensorflow/CMakeFiles/libs_tensorflow-m7.dir/__/__/third_party/tflite-micro/tensorflow/lite/micro/kernels/while.cc.obj
[ 89%] Building CXX object libs/tensorflow/CMakeFiles/libs_tensorflow-m7.dir/__/__/third_party/tflite-micro/tensorflow/lite/micro/kernels/zeros_like.cc.obj
[ 89%] Building CXX object libs/tensorflow/CMakeFiles/libs_tensorflow-m7.dir/__/__/third_party/tflite-micro/tensorflow/lite/micro/memory_helpers.cc.obj
[ 89%] Building CXX object libs/tensorflow/CMakeFiles/libs_tensorflow-m7.dir/__/__/third_party/tflite-micro/tensorflow/lite/micro/memory_planner/greedy_memory_planner.cc.obj
[ 89%] Building CXX object libs/tensorflow/CMakeFiles/libs_tensorflow-m7.dir/__/__/third_party/tflite-micro/tensorflow/lite/micro/memory_planner/linear_memory_planner.cc.obj
[ 89%] Building CXX object libs/tensorflow/CMakeFiles/libs_tensorflow-m7.dir/__/__/third_party/tflite-micro/tensorflow/lite/micro/memory_planner/non_persistent_buffer_planner_shim.cc.obj
[ 89%] Building CXX object libs/tensorflow/CMakeFiles/libs_tensorflow-m7.dir/__/__/third_party/tflite-micro/tensorflow/lite/micro/micro_allocation_info.cc.obj
[ 89%] Building CXX object libs/tensorflow/CMakeFiles/libs_tensorflow-m7.dir/__/__/third_party/tflite-micro/tensorflow/lite/micro/micro_allocator.cc.obj
[ 89%] Building CXX object libs/tensorflow/CMakeFiles/libs_tensorflow-m7.dir/__/__/third_party/tflite-micro/tensorflow/lite/micro/micro_context.cc.obj
[ 91%] Building CXX object libs/tensorflow/CMakeFiles/libs_tensorflow-m7.dir/__/__/third_party/tflite-micro/tensorflow/lite/micro/micro_error_reporter.cc.obj
[ 91%] Building CXX object libs/tensorflow/CMakeFiles/libs_tensorflow-m7.dir/__/__/third_party/tflite-micro/tensorflow/lite/micro/micro_graph.cc.obj
[ 91%] Building CXX object libs/tensorflow/CMakeFiles/libs_tensorflow-m7.dir/__/__/third_party/tflite-micro/tensorflow/lite/micro/micro_interpreter.cc.obj
[ 91%] Building CXX object libs/tensorflow/CMakeFiles/libs_tensorflow-m7.dir/__/__/third_party/tflite-micro/tensorflow/lite/micro/micro_profiler.cc.obj
[ 91%] Building CXX object libs/tensorflow/CMakeFiles/libs_tensorflow-m7.dir/__/__/third_party/tflite-micro/tensorflow/lite/micro/micro_resource_variable.cc.obj
[ 91%] Building CXX object libs/tensorflow/CMakeFiles/libs_tensorflow-m7.dir/__/__/third_party/tflite-micro/tensorflow/lite/micro/micro_string.cc.obj
[ 91%] Building CXX object libs/tensorflow/CMakeFiles/libs_tensorflow-m7.dir/__/__/third_party/tflite-micro/tensorflow/lite/micro/micro_time.cc.obj
[ 91%] Building CXX object libs/tensorflow/CMakeFiles/libs_tensorflow-m7.dir/__/__/third_party/tflite-micro/tensorflow/lite/micro/micro_utils.cc.obj
/home/bogdan/work/coralmicro/third_party/tflite-micro/tensorflow/lite/micro/memory_helpers.cc: In function 'TfLiteStatus tflite::BytesRequiredForTensor(const tflite::Tensor&, size_t*, size_t*, tflite::ErrorReporter*)':
/home/bogdan/work/coralmicro/third_party/tflite-micro/tensorflow/lite/micro/memory_helpers.cc:106:62: warning: 'flatbuffers::uoffset_t flatbuffers::Vector<T>::Length() const [with T = long int; flatbuffers::uoffset_t = long unsigned int]' is deprecated: use size() instead [-Wdeprecated-declarations]
  106 |     for (size_t n = 0; n < flatbuffer_tensor.shape()->Length(); ++n) {
      |                                                              ^
In file included from /home/bogdan/work/coralmicro/third_party/tflite-micro/tensorflow/lite/schema/schema_generated.h:21,
                 from /home/bogdan/work/coralmicro/third_party/tflite-micro/tensorflow/lite/micro/memory_helpers.h:23,
                 from /home/bogdan/work/coralmicro/third_party/tflite-micro/tensorflow/lite/micro/memory_helpers.cc:16:
/home/bogdan/work/coralmicro/third_party/flatbuffers/include/flatbuffers/flatbuffers.h:251:13: note: declared here
  251 |   uoffset_t Length() const { return size(); }
      |             ^~~~~~
[ 91%] Building CXX object libs/tensorflow/CMakeFiles/libs_tensorflow-m7.dir/__/__/third_party/tflite-micro/tensorflow/lite/micro/recording_micro_allocator.cc.obj
[ 91%] Building CXX object libs/tensorflow/CMakeFiles/libs_tensorflow-m7.dir/__/__/third_party/tflite-micro/tensorflow/lite/micro/mock_micro_graph.cc.obj
[ 91%] Building CXX object libs/tensorflow/CMakeFiles/libs_tensorflow-m7.dir/__/__/third_party/tflite-micro/tensorflow/lite/micro/system_setup.cc.obj
[ 91%] Building CXX object libs/tensorflow/CMakeFiles/libs_tensorflow-m7.dir/__/__/third_party/tflite-micro/tensorflow/lite/schema/schema_utils.cc.obj
[ 91%] Linking CXX static library liblibs_tensorflow-m7.a
[ 91%] Built target libs_tensorflow-m7
[ 91%] Building CXX object libs/base/CMakeFiles/libs_base-m7_freertos.dir/gpio.cc.obj
[ 91%] Building CXX object libs/base/CMakeFiles/libs_base-m7_freertos.dir/fx_user_fs.cc.obj
[ 91%] Building CXX object libs/base/CMakeFiles/libs_base-m7_freertos.dir/ipc_m7.cc.obj
[ 91%] Building CXX object libs/base/CMakeFiles/libs_base-m7_freertos.dir/i2c.cc.obj
[ 91%] Building CXX object libs/base/CMakeFiles/libs_base-m7_freertos.dir/ipc.cc.obj
[ 91%] Building CXX object libs/base/CMakeFiles/libs_base-m7_freertos.dir/analog.cc.obj
[ 92%] Building CXX object libs/base/CMakeFiles/libs_base-m7_freertos.dir/main_freertos_m7.cc.obj
[ 92%] Building CXX object libs/base/CMakeFiles/libs_base-m7_freertos.dir/network.cc.obj
[ 92%] Building CXX object libs/base/CMakeFiles/libs_base-m7_freertos.dir/console_m7.cc.obj
[ 92%] Building CXX object libs/base/CMakeFiles/libs_base-m7_freertos.dir/filesystem.cc.obj
[ 92%] Building CXX object libs/base/CMakeFiles/libs_base-m7_freertos.dir/fx_nand_driver.cc.obj
[ 92%] Building CXX object libs/base/CMakeFiles/libs_base-m7_freertos.dir/pwm.cc.obj
[ 92%] Building CXX object libs/base/CMakeFiles/libs_base-m7_freertos.dir/random.cc.obj
[ 92%] Building CXX object libs/base/CMakeFiles/libs_base-m7_freertos.dir/reset.cc.obj
[ 92%] Building CXX object libs/base/CMakeFiles/libs_base-m7_freertos.dir/led.cc.obj
[ 92%] Building CXX object libs/base/CMakeFiles/libs_base-m7_freertos.dir/strings.cc.obj
[ 92%] Building CXX object libs/base/CMakeFiles/libs_base-m7_freertos.dir/spi.cc.obj
[ 92%] Building CXX object libs/base/CMakeFiles/libs_base-m7_freertos.dir/utils.cc.obj
[ 92%] Building CXX object libs/base/CMakeFiles/libs_base-m7_freertos.dir/watchdog.cc.obj
[ 92%] Building CXX object libs/base/CMakeFiles/libs_base-m7_freertos.dir/ntp.cc.obj
[ 92%] Building CXX object libs/base/CMakeFiles/libs_base-m7_freertos.dir/tempsense.cc.obj
[ 92%] Building CXX object libs/base/CMakeFiles/libs_base-m7_freertos.dir/timer.cc.obj
/home/bogdan/work/coralmicro/libs/base/main_freertos_m7.cc:132:6: warning: 'void {anonymous}::InitializeCDCEEM()' defined but not used [-Wunused-function]
  132 | void InitializeCDCEEM() {
      |      ^~~~~~~~~~~~~~~~
[ 92%] Linking CXX static library liblibs_base-m7_freertos.a
[ 92%] Built target libs_base-m7_freertos
[ 92%] Building CXX object libs/msc_ums/CMakeFiles/libs_msc_ums_freertos.dir/msc_ums.cc.obj
[ 92%] Linking CXX static library liblibs_msc_ums_freertos.a
[ 92%] Built target libs_msc_ums_freertos
[ 94%] Building CXX object libs/cdc_ncm/CMakeFiles/libs_cdc_ncm_freertos.dir/cdc_ncm.cc.obj
[ 94%] Linking CXX static library liblibs_cdc_ncm_freertos.a
[ 94%] Built target libs_cdc_ncm_freertos
[ 94%] Building CXX object libs/cdc_eem/CMakeFiles/libs_cdc_eem_freertos.dir/cdc_eem.cc.obj
In file included from /home/bogdan/work/coralmicro/./libs/cdc_acm/cdc_acm.h:30,
                 from /home/bogdan/work/coralmicro/./libs/base/console_m7.h:23,
                 from /home/bogdan/work/coralmicro/./libs/base/check.h:39,
                 from /home/bogdan/work/coralmicro/libs/cdc_eem/cdc_eem.cc:19:
/home/bogdan/work/coralmicro/./third_party/nxp/rt1176-sdk/middleware/usb/output/source/device/class/usb_device_cdc_acm.h:20: warning: "USB_DEVICE_CONFIG_CDC_COMM_CLASS_CODE" redefined
   20 | #define USB_DEVICE_CONFIG_CDC_COMM_CLASS_CODE (0x02U) /*!< The CDC communication class code. */
      | 
In file included from /home/bogdan/work/coralmicro/./libs/cdc_eem/cdc_eem.h:28,
                 from /home/bogdan/work/coralmicro/libs/cdc_eem/cdc_eem.cc:17:
/home/bogdan/work/coralmicro/./libs/nxp/rt1176-sdk/usb_device_cdc_eem.h:21: note: this is the location of the previous definition
   21 | #define USB_DEVICE_CONFIG_CDC_COMM_CLASS_CODE (0x02)
      | 
[ 94%] Linking CXX static library liblibs_cdc_eem_freertos.a
[ 94%] Built target libs_cdc_eem_freertos
[ 94%] Building CXX object libs/cdc_acm/CMakeFiles/libs_cdc_acm_freertos.dir/cdc_acm.cc.obj
[ 94%] Linking CXX static library liblibs_cdc_acm_freertos.a
[ 94%] Built target libs_cdc_acm_freertos
[ 94%] Building CXX object libs/camera/CMakeFiles/libs_camera_freertos.dir/camera.cc.obj
[ 94%] Building C object libs/camera/CMakeFiles/libs_camera_freertos.dir/camera_support.c.obj
/home/bogdan/work/coralmicro/libs/camera/camera.cc: In member function 'bool coralmicro::CameraTask::Read(uint16_t, uint8_t*)':
/home/bogdan/work/coralmicro/libs/camera/camera.cc:536:12: warning: unused variable 'status2' [-Wunused-variable]
  536 |   status_t status2 = LPI2C_RTOS_Transfer(i2c_handle2_, &transfer);
      |            ^~~~~~~
/home/bogdan/work/coralmicro/libs/camera/camera.cc: In member function 'bool coralmicro::CameraTask::Write(uint16_t, const uint8_t*, int)':
/home/bogdan/work/coralmicro/libs/camera/camera.cc:559:12: warning: unused variable 'status2' [-Wunused-variable]
  559 |   status_t status2 = LPI2C_RTOS_Transfer(i2c_handle2_, &transfer);
      |            ^~~~~~~
/home/bogdan/work/coralmicro/libs/camera/camera.cc: In member function 'void coralmicro::CameraTask::Init(lpi2c_rtos_handle_t*, lpi2c_rtos_handle_t*)':
/home/bogdan/work/coralmicro/libs/camera/camera.cc:667:31: warning: format '%x' expects argument of type 'unsigned int', but argument 3 has type 'lpi2c_rtos_handle_t*' {aka '_lpi2c_rtos_handle*'} [-Wformat=]
  667 |   printf ("%s: i2c_Handle: 0x%x, i2c_handle2: 0x%x", __func__, i2c_handle, i2c_handle2);
      |                              ~^                                ~~~~~~~~~~
      |                               |                                |
      |                               unsigned int                     lpi2c_rtos_handle_t* {aka _lpi2c_rtos_handle*}
/home/bogdan/work/coralmicro/libs/camera/camera.cc:667:50: warning: format '%x' expects argument of type 'unsigned int', but argument 4 has type 'lpi2c_rtos_handle_t*' {aka '_lpi2c_rtos_handle*'} [-Wformat=]
  667 |   printf ("%s: i2c_Handle: 0x%x, i2c_handle2: 0x%x", __func__, i2c_handle, i2c_handle2);
      |                                                 ~^                         ~~~~~~~~~~~
      |                                                  |                         |
      |                                                  unsigned int              lpi2c_rtos_handle_t* {aka _lpi2c_rtos_handle*}
/home/bogdan/work/coralmicro/libs/camera/camera.cc: In member function 'bool coralmicro::CameraTask::VideoConvert(uint32_t)':
/home/bogdan/work/coralmicro/libs/camera/camera.cc:836:1: warning: no return statement in function returning non-void [-Wreturn-type]
  836 | }
      | ^
/home/bogdan/work/coralmicro/libs/camera/camera.cc: In member function 'void coralmicro::CameraTask::HandleSwitchCameraRequest(coralmicro::SwitchCameraId)':
/home/bogdan/work/coralmicro/libs/camera/camera.cc:890:42: warning: format '%d' expects argument of type 'int', but argument 2 has type 'coralmicro::SwitchCameraId' [-Wformat=]
  890 |         printf("Invalid switchCameraId: %d\n", cameraId);
      |                                         ~^     ~~~~~~~~
      |                                          |     |
      |                                          int   coralmicro::SwitchCameraId
/home/bogdan/work/coralmicro/libs/camera/camera.cc: In member function 'coralmicro::camera::EnableResponse coralmicro::CameraTask::HandleEnableRequest(const coralmicro::CameraMode&)':
/home/bogdan/work/coralmicro/libs/camera/camera.cc:899:19: warning: unused variable 'cameraConfig' [-Wunused-variable]
  899 |   camera_config_t cameraConfig;
      |                   ^~~~~~~~~~~~
/home/bogdan/work/coralmicro/libs/camera/camera.cc: At global scope:
/home/bogdan/work/coralmicro/libs/camera/camera.cc:149:13: warning: 'void coralmicro::{anonymous}::Rgb888ToRgb(const uint8_t*, uint8_t*, int, int, int)' defined but not used [-Wunused-function]
  149 | static void Rgb888ToRgb(const uint8_t* in, uint8_t* out, int width, int height, int line_padding=LINE_PADDING) {
      |             ^~~~~~~~~~~
[ 94%] Linking CXX static library liblibs_camera_freertos.a
[ 94%] Built target libs_camera_freertos
[ 94%] Building CXX object libs/libjpeg/CMakeFiles/libs_jpeg_m7.dir/jpeg.cc.obj
[ 94%] Building CXX object libs/aifes/CMakeFiles/libs_aifes_task_m7.dir/aifes_task.cc.obj
[ 94%] Building CXX object libs/lis2du12/CMakeFiles/libs_lis2du12_freertos.dir/lis2du12.cc.obj
[ 95%] Building C object libs/lis2du12/CMakeFiles/libs_lis2du12_freertos.dir/__/__/third_party/st/lis2du12-pid/lis2du12_reg.c.obj
[ 95%] Linking CXX static library liblibs_lis2du12_freertos.a
[ 95%] Linking CXX static library liblibs_jpeg_m7.a
[ 95%] Built target libs_lis2du12_freertos
[ 95%] Built target libs_jpeg_m7
[ 95%] Linking CXX static library liblibs_aifes_task_m7.a
[ 95%] Built target libs_aifes_task_m7
[ 95%] Embedding help.txt in .help_data SDRAM section
[ 95%] Building CXX object examples/sentai_runtime/CMakeFiles/sentai_runtime.dir/flow_task.cc.obj
[ 95%] Building CXX object examples/sentai_runtime/CMakeFiles/sentai_runtime.dir/sentai_slow_bridge.cc.obj
[ 95%] Building CXX object examples/sentai_runtime/CMakeFiles/sentai_runtime.dir/sentai_tfl_bridge.cc.obj
[ 95%] Building CXX object examples/sentai_runtime/CMakeFiles/sentai_runtime.dir/flow_phase_corr.cc.obj
[ 95%] Building CXX object examples/sentai_runtime/CMakeFiles/sentai_runtime.dir/aruco_bench.cc.obj
[ 95%] Building CXX object examples/sentai_runtime/CMakeFiles/sentai_runtime.dir/sentai_runtime.cc.obj
[ 97%] Building CXX object examples/sentai_runtime/CMakeFiles/sentai_runtime.dir/sentai_tracker.cc.obj
[ 97%] Building CXX object examples/sentai_runtime/CMakeFiles/sentai_runtime.dir/sentai_virtual_camera.cc.obj
[ 97%] Building CXX object examples/sentai_runtime/CMakeFiles/sentai_runtime.dir/sentai_objects.cc.obj
[ 97%] Building CXX object examples/sentai_runtime/CMakeFiles/sentai_runtime.dir/sentai_fault.cc.obj
[ 97%] Building CXX object examples/sentai_runtime/CMakeFiles/sentai_runtime.dir/sentai_places.cc.obj
[ 97%] Building CXX object examples/sentai_runtime/CMakeFiles/sentai_runtime.dir/detection_task.cc.obj
[ 97%] Building CXX object examples/sentai_runtime/CMakeFiles/sentai_runtime.dir/sentai_gist.cc.obj
[ 97%] Building CXX object examples/sentai_runtime/CMakeFiles/sentai_runtime.dir/sentai_hsv.cc.obj
[ 97%] Building CXX object examples/sentai_runtime/CMakeFiles/sentai_runtime.dir/sentai_servo.cc.obj
[ 97%] Building CXX object examples/sentai_runtime/CMakeFiles/sentai_runtime.dir/sentai_prep.cc.obj
[ 97%] Building CXX object examples/sentai_runtime/CMakeFiles/sentai_runtime.dir/sentai_object_lifter.cc.obj
[ 97%] Building CXX object examples/sentai_runtime/CMakeFiles/sentai_runtime.dir/sentai_phog.cc.obj
[ 97%] Building CXX object examples/sentai_runtime/CMakeFiles/sentai_runtime.dir/sentai_calib_autotune.cc.obj
[ 97%] Building CXX object examples/sentai_runtime/CMakeFiles/sentai_runtime.dir/slam_task.cc.obj
[ 97%] Building CXX object examples/sentai_runtime/CMakeFiles/sentai_runtime.dir/sentai_calib_task.cc.obj
[ 97%] Building CXX object examples/sentai_runtime/CMakeFiles/sentai_runtime.dir/sentai_svd3.cc.obj
[ 98%] Building CXX object examples/sentai_runtime/CMakeFiles/sentai_runtime.dir/sentai_calib.cc.obj
[ 98%] Building CXX object examples/sentai_runtime/CMakeFiles/sentai_runtime.dir/sentai_calib_orientation_task.cc.obj
[ 98%] Building CXX object examples/sentai_runtime/CMakeFiles/sentai_runtime.dir/sentai_servo_marker_task.cc.obj
[ 98%] Building CXX object examples/sentai_runtime/CMakeFiles/sentai_runtime.dir/sentai_calib_bringup.cc.obj
/home/bogdan/work/coralmicro/examples/sentai_runtime/flow_phase_corr.cc: In function 'uint32_t {anonymous}::dwt_cyc()':
/home/bogdan/work/coralmicro/examples/sentai_runtime/flow_phase_corr.cc:153:37: warning: unused variable '{anonymous}::_bc_dwt_addr' [-Wunused-variable]
  153 |     extern volatile uint32_t* const _bc_dwt_addr;
      |                                     ^~~~~~~~~~~~
[ 98%] Building CXX object examples/sentai_runtime/CMakeFiles/sentai_runtime.dir/sentai_aruco.cc.obj
/home/bogdan/work/coralmicro/examples/sentai_runtime/flow_task.cc:471:13: warning: 'void flow_publish_gray80x60(const uint8_t*, int)' defined but not used [-Wunused-function]
  471 | static void flow_publish_gray80x60(const uint8_t* gray80x60, int cam_id) {
      |             ^~~~~~~~~~~~~~~~~~~~~~
[ 98%] Building CXX object examples/sentai_runtime/CMakeFiles/sentai_runtime.dir/sentai_markers.cc.obj
[ 98%] Building CXX object examples/sentai_runtime/CMakeFiles/sentai_runtime.dir/sentai_safety.cc.obj
[ 98%] Building CXX object examples/sentai_runtime/CMakeFiles/sentai_runtime.dir/sentai_fr.cc.obj
[ 98%] Building CXX object examples/sentai_runtime/CMakeFiles/sentai_runtime.dir/sentai_safety_task.cc.obj
/home/bogdan/work/coralmicro/examples/sentai_runtime/sentai_calib_orientation_task.cc: In function 'void {anonymous}::sample_preflight_()':
/home/bogdan/work/coralmicro/examples/sentai_runtime/sentai_calib_orientation_task.cc:373:31: warning: format '%d' expects argument of type 'int', but argument 5 has type 'int32_t' {aka 'long int'} [-Wformat=]
  373 |                  "k=%d n_raw=%d n_full=%d cx=%.2f cy=%.2f radius=%.2f z=%.3f",
      |                              ~^
      |                               |
      |                               int
      |                              %ld
  374 |                  k, o.n_raw, o.n_full,
      |                     ~~~~~~~    
      |                       |
      |                       int32_t {aka long int}
/home/bogdan/work/coralmicro/examples/sentai_runtime/sentai_calib_orientation_task.cc:373:41: warning: format '%d' expects argument of type 'int', but argument 6 has type 'int32_t' {aka 'long int'} [-Wformat=]
  373 |                  "k=%d n_raw=%d n_full=%d cx=%.2f cy=%.2f radius=%.2f z=%.3f",
      |                                        ~^
      |                                         |
      |                                         int
      |                                        %ld
  374 |                  k, o.n_raw, o.n_full,
      |                              ~~~~~~~~    
      |                                |
      |                                int32_t {aka long int}
/home/bogdan/work/coralmicro/examples/sentai_runtime/sentai_calib_orientation_task.cc: In function 'void {anonymous}::marker_acquisition_()':
/home/bogdan/work/coralmicro/examples/sentai_runtime/sentai_calib_orientation_task.cc:547:54: warning: format '%d' expects argument of type 'int', but argument 7 has type 'int32_t' {aka 'long int'} [-Wformat=]
  547 |                      "k=%d t_s=%.3f thrust=%d n_raw=%d n_full=%d avg=%.2f lock=%d radius=%.2f z=%.3f",
      |                                                     ~^
      |                                                      |
      |                                                      int
      |                                                     %ld
  548 |                      k, (double)t_s, thrust, o.n_raw, o.n_full,
      |                                              ~~~~~~~  
      |                                                |
      |                                                int32_t {aka long int}
/home/bogdan/work/coralmicro/examples/sentai_runtime/sentai_calib_orientation_task.cc:547:64: warning: format '%d' expects argument of type 'int', but argument 8 has type 'int32_t' {aka 'long int'} [-Wformat=]
  547 |                      "k=%d t_s=%.3f thrust=%d n_raw=%d n_full=%d avg=%.2f lock=%d radius=%.2f z=%.3f",
      |                                                               ~^
      |                                                                |
      |                                                                int
      |                                                               %ld
  548 |                      k, (double)t_s, thrust, o.n_raw, o.n_full,
      |                                                       ~~~~~~~~  
      |                                                         |
      |                                                         int32_t {aka long int}
/home/bogdan/work/coralmicro/examples/sentai_runtime/sentai_calib_orientation_task.cc: In function 'void {anonymous}::post_lock_brake_()':
/home/bogdan/work/coralmicro/examples/sentai_runtime/sentai_calib_orientation_task.cc:651:46: warning: format '%d' expects argument of type 'int', but argument 6 has type 'int32_t' {aka 'long int'} [-Wformat=]
  651 |                      "k=%d thrust=%d n_full=%d avg=%.2f z=%.3f vz=%.3f ok_vz=%d lost=%d",
      |                                             ~^
      |                                              |
      |                                              int
      |                                             %ld
  652 |                      k, s.st.post_thrust_last_u16, o.n_full,
      |                                                    ~~~~~~~~
      |                                                      |
      |                                                      int32_t {aka long int}
/home/bogdan/work/coralmicro/examples/sentai_runtime/sentai_servo_marker_task.cc: In function 'void {anonymous}::run_acquire_()':
/home/bogdan/work/coralmicro/examples/sentai_runtime/sentai_servo_marker_task.cc:487:57: warning: format '%d' expects argument of type 'int', but argument 7 has type 'int32_t' {aka 'long int'} [-Wformat=]
  487 |                      "k=%d thrust=%d n_avg=%.2f n_full=%d radius=%.2f z=%.3f hold=%d err=%.2f filt_x=%.2f filt_y=%.2f roll=%.3f pitch=%.3f",
      |                                                        ~^
      |                                                         |
      |                                                         int
      |                                                        %ld
  488 |                      k, thrust, (double)avg, o.n_full,
      |                                              ~~~~~~~~    
      |                                                |
      |                                                int32_t {aka long int}
/home/bogdan/work/coralmicro/examples/sentai_runtime/sentai_calib_orientation_task.cc: In function 'void {anonymous}::visual_z_hold_()':
/home/bogdan/work/coralmicro/examples/sentai_runtime/sentai_calib_orientation_task.cc:778:46: warning: format '%d' expects argument of type 'int', but argument 6 has type 'int32_t' {aka 'long int'} [-Wformat=]
  778 |                      "k=%d thrust=%d n_full=%d avg=%.2f z=%.3f vz=%.3f lost=%d",
      |                                             ~^
      |                                              |
      |                                              int
      |                                             %ld
  779 |                      k, s.st.zhold_thrust_last_u16, o.n_full,
      |                                                     ~~~~~~~~
      |                                                       |
      |                                                       int32_t {aka long int}
/home/bogdan/work/coralmicro/examples/sentai_runtime/sentai_calib_orientation_task.cc: In function '{anonymous}::AxisSegment {anonymous}::stream_axis_segment_(const char*, float, float, int, float*, float*)':
/home/bogdan/work/coralmicro/examples/sentai_runtime/sentai_calib_orientation_task.cc:874:76: warning: format '%d' expects argument of type 'int', but argument 9 has type 'int32_t' {aka 'long int'} [-Wformat=]
  874 |                      "label=%s k=%d roll=%.2f pitch=%.2f thrust=%d n_full=%d cx=%.2f cy=%.2f z=%.3f vz=%.3f",
      |                                                                           ~^
      |                                                                            |
      |                                                                            int
      |                                                                           %ld
  875 |                      label, k, (double)roll_deg, (double)pitch_deg,
  876 |                      thrust, o.n_full, (double)o.centroid_x,
      |                              ~~~~~~~~                                       
      |                                |
      |                                int32_t {aka long int}
/home/bogdan/work/coralmicro/examples/sentai_runtime/sentai_calib_orientation_task.cc: In function 'void {anonymous}::axis_response_smoke_()':
/home/bogdan/work/coralmicro/examples/sentai_runtime/sentai_calib_orientation_task.cc:974:81: warning: format '%d' expects argument of type 'int', but argument 5 has type 'int32_t' {aka 'long int'} [-Wformat=]
  974 |                      "axis=%s reason=weak_marker_lock_before_axis_pulse n_full=%d",
      |                                                                                ~^
      |                                                                                 |
      |                                                                                 int
      |                                                                                %ld
  975 |                      name, axis_base.n_full);
      |                            ~~~~~~~~~~~~~~~~                                      
      |                                      |
      |                                      int32_t {aka long int}
/home/bogdan/work/coralmicro/examples/sentai_runtime/sentai_servo_marker_task.cc: In function 'void {anonymous}::run_extpos_warmup_()':
/home/bogdan/work/coralmicro/examples/sentai_runtime/sentai_servo_marker_task.cc:805:31: warning: format '%d' expects argument of type 'int', but argument 5 has type 'int32_t' {aka 'long int'} [-Wformat=]
  805 |                      "k=%d n=%d avg=%.2f send_ok=%d pose_rej=%d est_ok=%d err=%.3f conv=%d div=%d flow=%d",
      |                              ~^
      |                               |
      |                               int
      |                              %ld
  806 |                      k, o.n_full, (double)win.avg_full, send_ok,
      |                         ~~~~~~~~
      |                           |
      |                           int32_t {aka long int}
/home/bogdan/work/coralmicro/examples/sentai_runtime/sentai_calib_orientation_task.cc: In function 'void {anonymous}::centroid_validation_()':
/home/bogdan/work/coralmicro/examples/sentai_runtime/sentai_calib_orientation_task.cc:1220:66: warning: format '%d' expects argument of type 'int', but argument 8 has type 'int32_t' {aka 'long int'} [-Wformat=]
 1220 |                      "k=%d roll=%.3f pitch=%.3f err=%.2f n_full=%d thrust=%d",
      |                                                                 ~^
      |                                                                  |
      |                                                                  int
      |                                                                 %ld
 1221 |                      k, (double)roll_cmd, (double)pitch_cmd, (double)err,
 1222 |                      o.n_full, s.st.centroid_thrust_last_u16);
      |                      ~~~~~~~~                                     
      |                        |
      |                        int32_t {aka long int}
/home/bogdan/work/coralmicro/examples/sentai_runtime/sentai_servo_marker_task.cc: In function 'void {anonymous}::run_handoff_hover_()':
/home/bogdan/work/coralmicro/examples/sentai_runtime/sentai_servo_marker_task.cc:924:50: warning: format '%d' expects argument of type 'int', but argument 7 has type 'int32_t' {aka 'long int'} [-Wformat=]
  924 |                      "k=%d z=%.3f hover_rc=%d n=%d avg=%.2f send_ok=%d pose_rej=%d flow=%d flow_err=%d",
      |                                                 ~^
      |                                                  |
      |                                                  int
      |                                                 %ld
  925 |                      k, (double)hover_z, hover_rc_last, o.n_full,
      |                                                         ~~~~~~~~
      |                                                           |
      |                                                           int32_t {aka long int}
/home/bogdan/work/coralmicro/examples/sentai_runtime/sentai_calib_orientation_task.cc: In function '{anonymous}::NoiseEstimate {anonymous}::measure_noise_(const char*, float*, float*)':
/home/bogdan/work/coralmicro/examples/sentai_runtime/sentai_calib_orientation_task.cc:1322:45: warning: format '%d' expects argument of type 'int', but argument 6 has type 'int32_t' {aka 'long int'} [-Wformat=]
 1322 |                      "label=%s k=%d n_full=%d cx=%.2f cy=%.2f thrust=%d vz=%.3f",
      |                                            ~^
      |                                             |
      |                                             int
      |                                            %ld
 1323 |                      label, k, o.n_full, (double)o.centroid_x,
      |                                ~~~~~~~~      
      |                                  |
      |                                  int32_t {aka long int}
/home/bogdan/work/coralmicro/examples/sentai_runtime/sentai_servo_marker_task.cc: In function 'void {anonymous}::run_axis_motion_()':
/home/bogdan/work/coralmicro/examples/sentai_runtime/sentai_servo_marker_task.cc:1124:129: warning: format '%d' expects argument of type 'int', but argument 16 has type 'int32_t' {aka 'long int'} [-Wformat=]
 1124 |                          "seg=%s k=%d target=%d vx=%.3f vy=%.3f err=%.2f cx=%.1f cy=%.1f bx0=%.1f by0=%.1f bx1=%.1f by1=%.1f n=%d avg=%.2f reached=%d rc=%d flow=%d flow_err=%d",
      |                                                                                                                                ~^
      |                                                                                                                                 |
      |                                                                                                                                 int
      |                                                                                                                                %ld
......
 1129 |                          (double)o.bbox_max_y, o.n_full,
      |                                                ~~~~~~~~                                                                          
      |                                                  |
      |                                                  int32_t {aka long int}
/home/bogdan/work/coralmicro/examples/sentai_runtime/sentai_calib_orientation_task.cc: In function 'void {anonymous}::final_recenter_()':
/home/bogdan/work/coralmicro/examples/sentai_runtime/sentai_calib_orientation_task.cc:1695:66: warning: format '%d' expects argument of type 'int', but argument 8 has type 'int32_t' {aka 'long int'} [-Wformat=]
 1695 |                      "k=%d roll=%.3f pitch=%.3f err=%.2f n_full=%d thrust=%d",
      |                                                                 ~^
      |                                                                  |
      |                                                                  int
      |                                                                 %ld
 1696 |                      k, (double)roll_cmd, (double)pitch_cmd, (double)err,
 1697 |                      o.n_full, s.st.recenter_thrust_last_u16);
      |                      ~~~~~~~~                                     
      |                        |
      |                        int32_t {aka long int}
/home/bogdan/work/coralmicro/examples/sentai_runtime/sentai_servo_marker_task.cc: In function 'void {anonymous}::run_land_()':
/home/bogdan/work/coralmicro/examples/sentai_runtime/sentai_servo_marker_task.cc:1256:50: warning: format '%d' expects argument of type 'int', but argument 7 has type 'int32_t' {aka 'long int'} [-Wformat=]
 1256 |                      "k=%d z=%.3f hover_rc=%d n=%d avg=%.2f send_ok=%d pose_rej=%d flow=%d flow_err=%d",
      |                                                 ~^
      |                                                  |
      |                                                  int
      |                                                 %ld
 1257 |                      k, (double)z_cmd, hover_rc_last, o.n_full,
      |                                                       ~~~~~~~~
      |                                                         |
      |                                                         int32_t {aka long int}
[ 98%] Building CXX object examples/sentai_runtime/CMakeFiles/sentai_runtime.dir/sentai_fr_task.cc.obj
[ 98%] Building C object examples/sentai_runtime/CMakeFiles/sentai_runtime.dir/sentai_log.c.obj
[ 98%] Building CXX object examples/sentai_runtime/CMakeFiles/sentai_runtime.dir/sentai_explore.cc.obj
[ 98%] Building CXX object examples/sentai_runtime/CMakeFiles/sentai_runtime.dir/modsentai_hal.cc.obj
[ 98%] Building CXX object examples/sentai_runtime/CMakeFiles/sentai_runtime.dir/sentai_mesh.cc.obj
[ 98%] Building CXX object examples/sentai_runtime/CMakeFiles/sentai_runtime.dir/sentai_link.cc.obj
[ 98%] Building CXX object examples/sentai_runtime/CMakeFiles/sentai_runtime.dir/sentai_crazy.cc.obj
[100%] Building CXX object examples/sentai_runtime/CMakeFiles/sentai_runtime.dir/sentai_crazy_log.cc.obj
[100%] Building CXX object examples/sentai_runtime/CMakeFiles/sentai_runtime.dir/sentai_httpd.cc.obj
[100%] Building CXX object examples/sentai_runtime/CMakeFiles/sentai_runtime.dir/sentai_fs_task.cc.obj
[100%] Building CXX object examples/sentai_runtime/CMakeFiles/sentai_runtime.dir/sentai_health.cc.obj
[100%] Building CXX object examples/sentai_runtime/CMakeFiles/sentai_runtime.dir/sentai_dmesg.cc.obj
[100%] Building CXX object examples/sentai_runtime/CMakeFiles/sentai_runtime.dir/sentai_fs_cache.cc.obj
[100%] Building CXX object examples/sentai_runtime/CMakeFiles/sentai_runtime.dir/m4_bench_host.cc.obj
[100%] Building CXX object examples/sentai_runtime/CMakeFiles/sentai_runtime.dir/help_txt_data.cc.obj
/home/bogdan/work/coralmicro/examples/sentai_runtime/detection_task.cc: In function 'void {anonymous}::prep_task_fn(void*)':
/home/bogdan/work/coralmicro/examples/sentai_runtime/detection_task.cc:877:28: warning: unused variable 'fire_mask' [-Wunused-variable]
  877 |             const uint32_t fire_mask = publish_aux_slots_from_raw(raw);
      |                            ^~~~~~~~~
/home/bogdan/work/coralmicro/examples/sentai_runtime/sentai_aruco.cc:3344:13: warning: 'void whycon_adaptive_threshold_(const uint8_t*, int, int, int, int, uint8_t*)' defined but not used [-Wunused-function]
 3344 | static void whycon_adaptive_threshold_(const uint8_t* gray,
      |             ^~~~~~~~~~~~~~~~~~~~~~~~~~
/home/bogdan/work/coralmicro/examples/sentai_runtime/sentai_aruco.cc:2907:12: warning: 'int whycon_filter_and_moments_(const uint8_t*, int, int, int)' defined but not used [-Wunused-function]
 2907 | static int whycon_filter_and_moments_(const uint8_t* gray,
      |            ^~~~~~~~~~~~~~~~~~~~~~~~~~
/home/bogdan/work/coralmicro/examples/sentai_runtime/sentai_aruco.cc:2636:14: warning: 's_whycon_min_fill' defined but not used [-Wunused-variable]
 2636 | static float s_whycon_min_fill     = 0.40f;  // annulus ≈ 0.50, disc ≈ 0.79
      |              ^~~~~~~~~~~~~~~~~
/home/bogdan/work/coralmicro/examples/sentai_runtime/sentai_aruco.cc:1117:12: warning: 'int aruco_extract_quad_legacy(uint8_t, int, int, const markers_comp_t*, float*)' defined but not used [-Wunused-function]
 1117 | static int aruco_extract_quad_legacy(uint8_t lab_target, int w, int h,
      |            ^~~~~~~~~~~~~~~~~~~~~~~~~
/home/bogdan/work/coralmicro/examples/sentai_runtime/sentai_aruco.cc:1028:12: warning: 'int markers_contour_centroid(const int16_t*, int, float*, float*)' defined but not used [-Wunused-function]
 1028 | static int markers_contour_centroid(const int16_t* pts, int n,
      |            ^~~~~~~~~~~~~~~~~~~~~~~~
/home/bogdan/work/coralmicro/examples/sentai_runtime/sentai_aruco.cc:750:12: warning: 'int markers_label_background(int, int)' defined but not used [-Wunused-function]
  750 | static int markers_label_background(int w, int h) {
      |            ^~~~~~~~~~~~~~~~~~~~~~~~
In file included from /home/bogdan/work/coralmicro/third_party/mavlink/common/common.h:3003,
                 from /home/bogdan/work/coralmicro/third_party/mavlink/common/mavlink.h:32,
                 from /home/bogdan/work/coralmicro/examples/sentai_runtime/sentai_link.h:25,
                 from /home/bogdan/work/coralmicro/examples/sentai_runtime/sentai_link.cc:9:
/home/bogdan/work/coralmicro/third_party/mavlink/common/./mavlink_msg_set_attitude_target.h: In function 'uint16_t mavlink_msg_set_attitude_target_encode(uint8_t, uint8_t, mavlink_message_t*, const mavlink_set_attitude_target_t*)':
/home/bogdan/work/coralmicro/third_party/mavlink/common/./mavlink_msg_set_attitude_target.h:241:242: warning: taking address of packed member of '__mavlink_set_attitude_target_t' may result in an unaligned pointer value [-Waddress-of-packed-member]
  241 |     return mavlink_msg_set_attitude_target_pack(system_id, component_id, msg, set_attitude_target->time_boot_ms, set_attitude_target->target_system, set_attitude_target->target_component, set_attitude_target->type_mask, set_attitude_target->q, set_attitude_target->body_roll_rate, set_attitude_target->body_pitch_rate, set_attitude_target->body_yaw_rate, set_attitude_target->thrust, set_attitude_target->thrust_body);
      |                                                                                                                                                                                                                             ~~~~~~~~~~~~~~~~~~~~~^
In file included from /home/bogdan/work/coralmicro/third_party/mavlink/common/common.h:3003,
                 from /home/bogdan/work/coralmicro/third_party/mavlink/common/mavlink.h:32,
                 from /home/bogdan/work/coralmicro/examples/sentai_runtime/sentai_link.h:25,
                 from /home/bogdan/work/coralmicro/examples/sentai_runtime/sentai_link.cc:9:
/home/bogdan/work/coralmicro/third_party/mavlink/common/./mavlink_msg_set_attitude_target.h:241:406: warning: taking address of packed member of '__mavlink_set_attitude_target_t' may result in an unaligned pointer value [-Waddress-of-packed-member]
  241 |     return mavlink_msg_set_attitude_target_pack(system_id, component_id, msg, set_attitude_target->time_boot_ms, set_attitude_target->target_system, set_attitude_target->target_component, set_attitude_target->type_mask, set_attitude_target->q, set_attitude_target->body_roll_rate, set_attitude_target->body_pitch_rate, set_attitude_target->body_yaw_rate, set_attitude_target->thrust, set_attitude_target->thrust_body);
      |                                                                                                                                                                                                                                                                                                                                                                                                 ~~~~~~~~~~~~~~~~~~~~~^~~~~~~~~~~
/home/bogdan/work/coralmicro/third_party/mavlink/common/./mavlink_msg_set_attitude_target.h: In function 'uint16_t mavlink_msg_set_attitude_target_encode_chan(uint8_t, uint8_t, uint8_t, mavlink_message_t*, const mavlink_set_attitude_target_t*)':
/home/bogdan/work/coralmicro/third_party/mavlink/common/./mavlink_msg_set_attitude_target.h:255:253: warning: taking address of packed member of '__mavlink_set_attitude_target_t' may result in an unaligned pointer value [-Waddress-of-packed-member]
  255 |     return mavlink_msg_set_attitude_target_pack_chan(system_id, component_id, chan, msg, set_attitude_target->time_boot_ms, set_attitude_target->target_system, set_attitude_target->target_component, set_attitude_target->type_mask, set_attitude_target->q, set_attitude_target->body_roll_rate, set_attitude_target->body_pitch_rate, set_attitude_target->body_yaw_rate, set_attitude_target->thrust, set_attitude_target->thrust_body);
      |                                                                                                                                                                                                                                        ~~~~~~~~~~~~~~~~~~~~~^
/home/bogdan/work/coralmicro/third_party/mavlink/common/./mavlink_msg_set_attitude_target.h:255:417: warning: taking address of packed member of '__mavlink_set_attitude_target_t' may result in an unaligned pointer value [-Waddress-of-packed-member]
  255 |     return mavlink_msg_set_attitude_target_pack_chan(system_id, component_id, chan, msg, set_attitude_target->time_boot_ms, set_attitude_target->target_system, set_attitude_target->target_component, set_attitude_target->type_mask, set_attitude_target->q, set_attitude_target->body_roll_rate, set_attitude_target->body_pitch_rate, set_attitude_target->body_yaw_rate, set_attitude_target->thrust, set_attitude_target->thrust_body);
      |                                                                                                                                                                                                                                                                                                                                                                                                            ~~~~~~~~~~~~~~~~~~~~~^~~~~~~~~~~
/home/bogdan/work/coralmicro/third_party/mavlink/common/./mavlink_msg_set_attitude_target.h: In function 'uint16_t mavlink_msg_set_attitude_target_encode_status(uint8_t, uint8_t, mavlink_status_t*, mavlink_message_t*, const mavlink_set_attitude_target_t*)':
/home/bogdan/work/coralmicro/third_party/mavlink/common/./mavlink_msg_set_attitude_target.h:269:259: warning: taking address of packed member of '__mavlink_set_attitude_target_t' may result in an unaligned pointer value [-Waddress-of-packed-member]
  269 |     return mavlink_msg_set_attitude_target_pack_status(system_id, component_id, _status, msg,  set_attitude_target->time_boot_ms, set_attitude_target->target_system, set_attitude_target->target_component, set_attitude_target->type_mask, set_attitude_target->q, set_attitude_target->body_roll_rate, set_attitude_target->body_pitch_rate, set_attitude_target->body_yaw_rate, set_attitude_target->thrust, set_attitude_target->thrust_body);
      |                                                                                                                                                                                                                                              ~~~~~~~~~~~~~~~~~~~~~^
/home/bogdan/work/coralmicro/third_party/mavlink/common/./mavlink_msg_set_attitude_target.h:269:423: warning: taking address of packed member of '__mavlink_set_attitude_target_t' may result in an unaligned pointer value [-Waddress-of-packed-member]
  269 |     return mavlink_msg_set_attitude_target_pack_status(system_id, component_id, _status, msg,  set_attitude_target->time_boot_ms, set_attitude_target->target_system, set_attitude_target->target_component, set_attitude_target->type_mask, set_attitude_target->q, set_attitude_target->body_roll_rate, set_attitude_target->body_pitch_rate, set_attitude_target->body_yaw_rate, set_attitude_target->thrust, set_attitude_target->thrust_body);
      |                                                                                                                                                                                                                                                                                                                                                                                                                  ~~~~~~~~~~~~~~~~~~~~~^~~~~~~~~~~
In file included from /home/bogdan/work/coralmicro/third_party/mavlink/common/common.h:3046,
                 from /home/bogdan/work/coralmicro/third_party/mavlink/common/mavlink.h:32,
                 from /home/bogdan/work/coralmicro/examples/sentai_runtime/sentai_link.h:25,
                 from /home/bogdan/work/coralmicro/examples/sentai_runtime/sentai_link.cc:9:
/home/bogdan/work/coralmicro/third_party/mavlink/common/./mavlink_msg_distance_sensor.h: In function 'uint16_t mavlink_msg_distance_sensor_encode(uint8_t, uint8_t, mavlink_message_t*, const mavlink_distance_sensor_t*)':
/home/bogdan/work/coralmicro/third_party/mavlink/common/./mavlink_msg_distance_sensor.h:264:387: warning: taking address of packed member of '__mavlink_distance_sensor_t' may result in an unaligned pointer value [-Waddress-of-packed-member]
  264 |     return mavlink_msg_distance_sensor_pack(system_id, component_id, msg, distance_sensor->time_boot_ms, distance_sensor->min_distance, distance_sensor->max_distance, distance_sensor->current_distance, distance_sensor->type, distance_sensor->id, distance_sensor->orientation, distance_sensor->covariance, distance_sensor->horizontal_fov, distance_sensor->vertical_fov, distance_sensor->quaternion, distance_sensor->signal_quality);
      |                                                                                                                                                                                                                                                                                                                                                                                  ~~~~~~~~~~~~~~~~~^~~~~~~~~~
/home/bogdan/work/coralmicro/third_party/mavlink/common/./mavlink_msg_distance_sensor.h: In function 'uint16_t mavlink_msg_distance_sensor_encode_chan(uint8_t, uint8_t, uint8_t, mavlink_message_t*, const mavlink_distance_sensor_t*)':
/home/bogdan/work/coralmicro/third_party/mavlink/common/./mavlink_msg_distance_sensor.h:278:398: warning: taking address of packed member of '__mavlink_distance_sensor_t' may result in an unaligned pointer value [-Waddress-of-packed-member]
  278 |     return mavlink_msg_distance_sensor_pack_chan(system_id, component_id, chan, msg, distance_sensor->time_boot_ms, distance_sensor->min_distance, distance_sensor->max_distance, distance_sensor->current_distance, distance_sensor->type, distance_sensor->id, distance_sensor->orientation, distance_sensor->covariance, distance_sensor->horizontal_fov, distance_sensor->vertical_fov, distance_sensor->quaternion, distance_sensor->signal_quality);
      |                                                                                                                                                                                                                                                                                                                                                                                             ~~~~~~~~~~~~~~~~~^~~~~~~~~~
/home/bogdan/work/coralmicro/third_party/mavlink/common/./mavlink_msg_distance_sensor.h: In function 'uint16_t mavlink_msg_distance_sensor_encode_status(uint8_t, uint8_t, mavlink_status_t*, mavlink_message_t*, const mavlink_distance_sensor_t*)':
/home/bogdan/work/coralmicro/third_party/mavlink/common/./mavlink_msg_distance_sensor.h:292:404: warning: taking address of packed member of '__mavlink_distance_sensor_t' may result in an unaligned pointer value [-Waddress-of-packed-member]
  292 |     return mavlink_msg_distance_sensor_pack_status(system_id, component_id, _status, msg,  distance_sensor->time_boot_ms, distance_sensor->min_distance, distance_sensor->max_distance, distance_sensor->current_distance, distance_sensor->type, distance_sensor->id, distance_sensor->orientation, distance_sensor->covariance, distance_sensor->horizontal_fov, distance_sensor->vertical_fov, distance_sensor->quaternion, distance_sensor->signal_quality);
      |                                                                                                                                                                                                                                                                                                                                                                                                   ~~~~~~~~~~~~~~~~~^~~~~~~~~~
In file included from /home/bogdan/work/coralmicro/third_party/mavlink/common/common.h:3060,
                 from /home/bogdan/work/coralmicro/third_party/mavlink/common/mavlink.h:32,
                 from /home/bogdan/work/coralmicro/examples/sentai_runtime/sentai_link.h:25,
                 from /home/bogdan/work/coralmicro/examples/sentai_runtime/sentai_link.cc:9:
/home/bogdan/work/coralmicro/third_party/mavlink/common/./mavlink_msg_battery_status.h: In function 'uint16_t mavlink_msg_battery_status_encode(uint8_t, uint8_t, mavlink_message_t*, const mavlink_battery_status_t*)':
/home/bogdan/work/coralmicro/third_party/mavlink/common/./mavlink_msg_battery_status.h:289:195: warning: taking address of packed member of '__mavlink_battery_status_t' may result in an unaligned pointer value [-Waddress-of-packed-member]
  289 |     return mavlink_msg_battery_status_pack(system_id, component_id, msg, battery_status->id, battery_status->battery_function, battery_status->type, battery_status->temperature, battery_status->voltages, battery_status->current_battery, battery_status->current_consumed, battery_status->energy_consumed, battery_status->battery_remaining, battery_status->time_remaining, battery_status->charge_state, battery_status->voltages_ext, battery_status->mode, battery_status->fault_bitmask);
      |                                                                                                                                                                                   ~~~~~~~~~~~~~~~~^~~~~~~~
/home/bogdan/work/coralmicro/third_party/mavlink/common/./mavlink_msg_battery_status.h:289:418: warning: taking address of packed member of '__mavlink_battery_status_t' may result in an unaligned pointer value [-Waddress-of-packed-member]
  289 |     return mavlink_msg_battery_status_pack(system_id, component_id, msg, battery_status->id, battery_status->battery_function, battery_status->type, battery_status->temperature, battery_status->voltages, battery_status->current_battery, battery_status->current_consumed, battery_status->energy_consumed, battery_status->battery_remaining, battery_status->time_remaining, battery_status->charge_state, battery_status->voltages_ext, battery_status->mode, battery_status->fault_bitmask);
      |                                                                                                                                                                                                                                                                                                                                                                                                                  ~~~~~~~~~~~~~~~~^~~~~~~~~~~~
/home/bogdan/work/coralmicro/third_party/mavlink/common/./mavlink_msg_battery_status.h: In function 'uint16_t mavlink_msg_battery_status_encode_chan(uint8_t, uint8_t, uint8_t, mavlink_message_t*, const mavlink_battery_status_t*)':
/home/bogdan/work/coralmicro/third_party/mavlink/common/./mavlink_msg_battery_status.h:303:206: warning: taking address of packed member of '__mavlink_battery_status_t' may result in an unaligned pointer value [-Waddress-of-packed-member]
  303 |     return mavlink_msg_battery_status_pack_chan(system_id, component_id, chan, msg, battery_status->id, battery_status->battery_function, battery_status->type, battery_status->temperature, battery_status->voltages, battery_status->current_battery, battery_status->current_consumed, battery_status->energy_consumed, battery_status->battery_remaining, battery_status->time_remaining, battery_status->charge_state, battery_status->voltages_ext, battery_status->mode, battery_status->fault_bitmask);
      |                                                                                                                                                                                              ~~~~~~~~~~~~~~~~^~~~~~~~
/home/bogdan/work/coralmicro/third_party/mavlink/common/./mavlink_msg_battery_status.h:303:429: warning: taking address of packed member of '__mavlink_battery_status_t' may result in an unaligned pointer value [-Waddress-of-packed-member]
  303 |     return mavlink_msg_battery_status_pack_chan(system_id, component_id, chan, msg, battery_status->id, battery_status->battery_function, battery_status->type, battery_status->temperature, battery_status->voltages, battery_status->current_battery, battery_status->current_consumed, battery_status->energy_consumed, battery_status->battery_remaining, battery_status->time_remaining, battery_status->charge_state, battery_status->voltages_ext, battery_status->mode, battery_status->fault_bitmask);
      |                                                                                                                                                                                                                                                                                                                                                                                                                             ~~~~~~~~~~~~~~~~^~~~~~~~~~~~
/home/bogdan/work/coralmicro/third_party/mavlink/common/./mavlink_msg_battery_status.h: In function 'uint16_t mavlink_msg_battery_status_encode_status(uint8_t, uint8_t, mavlink_status_t*, mavlink_message_t*, const mavlink_battery_status_t*)':
/home/bogdan/work/coralmicro/third_party/mavlink/common/./mavlink_msg_battery_status.h:317:212: warning: taking address of packed member of '__mavlink_battery_status_t' may result in an unaligned pointer value [-Waddress-of-packed-member]
  317 |     return mavlink_msg_battery_status_pack_status(system_id, component_id, _status, msg,  battery_status->id, battery_status->battery_function, battery_status->type, battery_status->temperature, battery_status->voltages, battery_status->current_battery, battery_status->current_consumed, battery_status->energy_consumed, battery_status->battery_remaining, battery_status->time_remaining, battery_status->charge_state, battery_status->voltages_ext, battery_status->mode, battery_status->fault_bitmask);
      |                                                                                                                                                                                                    ~~~~~~~~~~~~~~~~^~~~~~~~
/home/bogdan/work/coralmicro/third_party/mavlink/common/./mavlink_msg_battery_status.h:317:435: warning: taking address of packed member of '__mavlink_battery_status_t' may result in an unaligned pointer value [-Waddress-of-packed-member]
  317 |     return mavlink_msg_battery_status_pack_status(system_id, component_id, _status, msg,  battery_status->id, battery_status->battery_function, battery_status->type, battery_status->temperature, battery_status->voltages, battery_status->current_battery, battery_status->current_consumed, battery_status->energy_consumed, battery_status->battery_remaining, battery_status->time_remaining, battery_status->charge_state, battery_status->voltages_ext, battery_status->mode, battery_status->fault_bitmask);
      |                                                                                                                                                                                                                                                                                                                                                                                                                                   ~~~~~~~~~~~~~~~~^~~~~~~~~~~~
In file included from /home/bogdan/work/coralmicro/third_party/mavlink/common/common.h:3061,
                 from /home/bogdan/work/coralmicro/third_party/mavlink/common/mavlink.h:32,
                 from /home/bogdan/work/coralmicro/examples/sentai_runtime/sentai_link.h:25,
                 from /home/bogdan/work/coralmicro/examples/sentai_runtime/sentai_link.cc:9:
/home/bogdan/work/coralmicro/third_party/mavlink/common/./mavlink_msg_landing_target.h: In function 'uint16_t mavlink_msg_landing_target_encode(uint8_t, uint8_t, mavlink_message_t*, const mavlink_landing_target_t*)':
/home/bogdan/work/coralmicro/third_party/mavlink/common/./mavlink_msg_landing_target.h:288:349: warning: taking address of packed member of '__mavlink_landing_target_t' may result in an unaligned pointer value [-Waddress-of-packed-member]
  288 |     return mavlink_msg_landing_target_pack(system_id, component_id, msg, landing_target->time_usec, landing_target->target_num, landing_target->frame, landing_target->angle_x, landing_target->angle_y, landing_target->distance, landing_target->size_x, landing_target->size_y, landing_target->x, landing_target->y, landing_target->z, landing_target->q, landing_target->type, landing_target->position_valid);
      |                                                                                                                                                                                                                                                                                                                                             ~~~~~~~~~~~~~~~~^
/home/bogdan/work/coralmicro/third_party/mavlink/common/./mavlink_msg_landing_target.h: In function 'uint16_t mavlink_msg_landing_target_encode_chan(uint8_t, uint8_t, uint8_t, mavlink_message_t*, const mavlink_landing_target_t*)':
/home/bogdan/work/coralmicro/third_party/mavlink/common/./mavlink_msg_landing_target.h:302:360: warning: taking address of packed member of '__mavlink_landing_target_t' may result in an unaligned pointer value [-Waddress-of-packed-member]
  302 |     return mavlink_msg_landing_target_pack_chan(system_id, component_id, chan, msg, landing_target->time_usec, landing_target->target_num, landing_target->frame, landing_target->angle_x, landing_target->angle_y, landing_target->distance, landing_target->size_x, landing_target->size_y, landing_target->x, landing_target->y, landing_target->z, landing_target->q, landing_target->type, landing_target->position_valid);
      |                                                                                                                                                                                                                                                                                                                                                        ~~~~~~~~~~~~~~~~^
/home/bogdan/work/coralmicro/third_party/mavlink/common/./mavlink_msg_landing_target.h: In function 'uint16_t mavlink_msg_landing_target_encode_status(uint8_t, uint8_t, mavlink_status_t*, mavlink_message_t*, const mavlink_landing_target_t*)':
/home/bogdan/work/coralmicro/third_party/mavlink/common/./mavlink_msg_landing_target.h:316:366: warning: taking address of packed member of '__mavlink_landing_target_t' may result in an unaligned pointer value [-Waddress-of-packed-member]
  316 |     return mavlink_msg_landing_target_pack_status(system_id, component_id, _status, msg,  landing_target->time_usec, landing_target->target_num, landing_target->frame, landing_target->angle_x, landing_target->angle_y, landing_target->distance, landing_target->size_x, landing_target->size_y, landing_target->x, landing_target->y, landing_target->z, landing_target->q, landing_target->type, landing_target->position_valid);
      |                                                                                                                                                                                                                                                                                                                                                              ~~~~~~~~~~~~~~~~^
In file included from /home/bogdan/work/coralmicro/third_party/mavlink/common/common.h:3072,
                 from /home/bogdan/work/coralmicro/third_party/mavlink/common/mavlink.h:32,
                 from /home/bogdan/work/coralmicro/examples/sentai_runtime/sentai_link.h:25,
                 from /home/bogdan/work/coralmicro/examples/sentai_runtime/sentai_link.cc:9:
/home/bogdan/work/coralmicro/third_party/mavlink/common/./mavlink_msg_home_position.h: In function 'uint16_t mavlink_msg_home_position_encode(uint8_t, uint8_t, mavlink_message_t*, const mavlink_home_position_t*)':
/home/bogdan/work/coralmicro/third_party/mavlink/common/./mavlink_msg_home_position.h:268:218: warning: taking address of packed member of '__mavlink_home_position_t' may result in an unaligned pointer value [-Waddress-of-packed-member]
  268 |     return mavlink_msg_home_position_pack(system_id, component_id, msg, home_position->latitude, home_position->longitude, home_position->altitude, home_position->x, home_position->y, home_position->z, home_position->q, home_position->approach_x, home_position->approach_y, home_position->approach_z, home_position->time_usec);
      |                                                                                                                                                                                                           ~~~~~~~~~~~~~~~^
/home/bogdan/work/coralmicro/third_party/mavlink/common/./mavlink_msg_home_position.h: In function 'uint16_t mavlink_msg_home_position_encode_chan(uint8_t, uint8_t, uint8_t, mavlink_message_t*, const mavlink_home_position_t*)':
/home/bogdan/work/coralmicro/third_party/mavlink/common/./mavlink_msg_home_position.h:282:229: warning: taking address of packed member of '__mavlink_home_position_t' may result in an unaligned pointer value [-Waddress-of-packed-member]
  282 |     return mavlink_msg_home_position_pack_chan(system_id, component_id, chan, msg, home_position->latitude, home_position->longitude, home_position->altitude, home_position->x, home_position->y, home_position->z, home_position->q, home_position->approach_x, home_position->approach_y, home_position->approach_z, home_position->time_usec);
      |                                                                                                                                                                                                                      ~~~~~~~~~~~~~~~^
/home/bogdan/work/coralmicro/third_party/mavlink/common/./mavlink_msg_home_position.h: In function 'uint16_t mavlink_msg_home_position_encode_status(uint8_t, uint8_t, mavlink_status_t*, mavlink_message_t*, const mavlink_home_position_t*)':
/home/bogdan/work/coralmicro/third_party/mavlink/common/./mavlink_msg_home_position.h:296:235: warning: taking address of packed member of '__mavlink_home_position_t' may result in an unaligned pointer value [-Waddress-of-packed-member]
  296 |     return mavlink_msg_home_position_pack_status(system_id, component_id, _status, msg,  home_position->latitude, home_position->longitude, home_position->altitude, home_position->x, home_position->y, home_position->z, home_position->q, home_position->approach_x, home_position->approach_y, home_position->approach_z, home_position->time_usec);
      |                                                                                                                                                                                                                            ~~~~~~~~~~~~~~~^
In file included from /home/bogdan/work/coralmicro/third_party/mavlink/common/common.h:3073,
                 from /home/bogdan/work/coralmicro/third_party/mavlink/common/mavlink.h:32,
                 from /home/bogdan/work/coralmicro/examples/sentai_runtime/sentai_link.h:25,
                 from /home/bogdan/work/coralmicro/examples/sentai_runtime/sentai_link.cc:9:
/home/bogdan/work/coralmicro/third_party/mavlink/common/./mavlink_msg_set_home_position.h: In function 'uint16_t mavlink_msg_set_home_position_encode(uint8_t, uint8_t, mavlink_message_t*, const mavlink_set_home_position_t*)':
/home/bogdan/work/coralmicro/third_party/mavlink/common/./mavlink_msg_set_home_position.h:264:284: warning: taking address of packed member of '__mavlink_set_home_position_t' may result in an unaligned pointer value [-Waddress-of-packed-member]
  264 |     return mavlink_msg_set_home_position_pack(system_id, component_id, msg, set_home_position->target_system, set_home_position->latitude, set_home_position->longitude, set_home_position->altitude, set_home_position->x, set_home_position->y, set_home_position->z, set_home_position->q, set_home_position->approach_x, set_home_position->approach_y, set_home_position->approach_z, set_home_position->time_usec);
      |                                                                                                                                                                                                                                                                         ~~~~~~~~~~~~~~~~~~~^
/home/bogdan/work/coralmicro/third_party/mavlink/common/./mavlink_msg_set_home_position.h: In function 'uint16_t mavlink_msg_set_home_position_encode_chan(uint8_t, uint8_t, uint8_t, mavlink_message_t*, const mavlink_set_home_position_t*)':
/home/bogdan/work/coralmicro/third_party/mavlink/common/./mavlink_msg_set_home_position.h:278:295: warning: taking address of packed member of '__mavlink_set_home_position_t' may result in an unaligned pointer value [-Waddress-of-packed-member]
  278 |     return mavlink_msg_set_home_position_pack_chan(system_id, component_id, chan, msg, set_home_position->target_system, set_home_position->latitude, set_home_position->longitude, set_home_position->altitude, set_home_position->x, set_home_position->y, set_home_position->z, set_home_position->q, set_home_position->approach_x, set_home_position->approach_y, set_home_position->approach_z, set_home_position->time_usec);
      |                                                                                                                                                                                                                                                                                    ~~~~~~~~~~~~~~~~~~~^
/home/bogdan/work/coralmicro/third_party/mavlink/common/./mavlink_msg_set_home_position.h: In function 'uint16_t mavlink_msg_set_home_position_encode_status(uint8_t, uint8_t, mavlink_status_t*, mavlink_message_t*, const mavlink_set_home_position_t*)':
/home/bogdan/work/coralmicro/third_party/mavlink/common/./mavlink_msg_set_home_position.h:292:301: warning: taking address of packed member of '__mavlink_set_home_position_t' may result in an unaligned pointer value [-Waddress-of-packed-member]
  292 |     return mavlink_msg_set_home_position_pack_status(system_id, component_id, _status, msg,  set_home_position->target_system, set_home_position->latitude, set_home_position->longitude, set_home_position->altitude, set_home_position->x, set_home_position->y, set_home_position->z, set_home_position->q, set_home_position->approach_x, set_home_position->approach_y, set_home_position->approach_z, set_home_position->time_usec);
      |                                                                                                                                                                                                                                                                                          ~~~~~~~~~~~~~~~~~~~^
In file included from /home/bogdan/work/coralmicro/third_party/mavlink/common/common.h:3110,
                 from /home/bogdan/work/coralmicro/third_party/mavlink/common/mavlink.h:32,
                 from /home/bogdan/work/coralmicro/examples/sentai_runtime/sentai_link.h:25,
                 from /home/bogdan/work/coralmicro/examples/sentai_runtime/sentai_link.cc:9:
/home/bogdan/work/coralmicro/third_party/mavlink/common/./mavlink_msg_autopilot_state_for_gimbal_device.h: In function 'uint16_t mavlink_msg_autopilot_state_for_gimbal_device_encode(uint8_t, uint8_t, mavlink_message_t*, const mavlink_autopilot_state_for_gimbal_device_t*)':
/home/bogdan/work/coralmicro/third_party/mavlink/common/./mavlink_msg_autopilot_state_for_gimbal_device.h:276:280: warning: taking address of packed member of '__mavlink_autopilot_state_for_gimbal_device_t' may result in an unaligned pointer value [-Waddress-of-packed-member]
  276 |     return mavlink_msg_autopilot_state_for_gimbal_device_pack(system_id, component_id, msg, autopilot_state_for_gimbal_device->target_system, autopilot_state_for_gimbal_device->target_component, autopilot_state_for_gimbal_device->time_boot_us, autopilot_state_for_gimbal_device->q, autopilot_state_for_gimbal_device->q_estimated_delay_us, autopilot_state_for_gimbal_device->vx, autopilot_state_for_gimbal_device->vy, autopilot_state_for_gimbal_device->vz, autopilot_state_for_gimbal_device->v_estimated_delay_us, autopilot_state_for_gimbal_device->feed_forward_angular_velocity_z, autopilot_state_for_gimbal_device->estimator_status, autopilot_state_for_gimbal_device->landed_state, autopilot_state_for_gimbal_device->angular_velocity_z);
      |                                                                                                                                                                                                                                                     ~~~~~~~~~~~~~~~~~~~~~~~~~~~~~~~~~~~^
In file included from /home/bogdan/work/coralmicro/third_party/mavlink/common/common.h:3110,
                 from /home/bogdan/work/coralmicro/third_party/mavlink/common/mavlink.h:32,
                 from /home/bogdan/work/coralmicro/examples/sentai_runtime/sentai_link.h:25,
                 from /home/bogdan/work/coralmicro/examples/sentai_runtime/sentai_link.cc:9:
/home/bogdan/work/coralmicro/third_party/mavlink/common/./mavlink_msg_autopilot_state_for_gimbal_device.h: In function 'uint16_t mavlink_msg_autopilot_state_for_gimbal_device_encode_chan(uint8_t, uint8_t, uint8_t, mavlink_message_t*, const mavlink_autopilot_state_for_gimbal_device_t*)':
/home/bogdan/work/coralmicro/third_party/mavlink/common/./mavlink_msg_autopilot_state_for_gimbal_device.h:290:291: warning: taking address of packed member of '__mavlink_autopilot_state_for_gimbal_device_t' may result in an unaligned pointer value [-Waddress-of-packed-member]
  290 |     return mavlink_msg_autopilot_state_for_gimbal_device_pack_chan(system_id, component_id, chan, msg, autopilot_state_for_gimbal_device->target_system, autopilot_state_for_gimbal_device->target_component, autopilot_state_for_gimbal_device->time_boot_us, autopilot_state_for_gimbal_device->q, autopilot_state_for_gimbal_device->q_estimated_delay_us, autopilot_state_for_gimbal_device->vx, autopilot_state_for_gimbal_device->vy, autopilot_state_for_gimbal_device->vz, autopilot_state_for_gimbal_device->v_estimated_delay_us, autopilot_state_for_gimbal_device->feed_forward_angular_velocity_z, autopilot_state_for_gimbal_device->estimator_status, autopilot_state_for_gimbal_device->landed_state, autopilot_state_for_gimbal_device->angular_velocity_z);
      |                                                                                                                                                                                                                                                                ~~~~~~~~~~~~~~~~~~~~~~~~~~~~~~~~~~~^
In file included from /home/bogdan/work/coralmicro/third_party/mavlink/common/common.h:3110,
                 from /home/bogdan/work/coralmicro/third_party/mavlink/common/mavlink.h:32,
                 from /home/bogdan/work/coralmicro/examples/sentai_runtime/sentai_link.h:25,
                 from /home/bogdan/work/coralmicro/examples/sentai_runtime/sentai_link.cc:9:
/home/bogdan/work/coralmicro/third_party/mavlink/common/./mavlink_msg_autopilot_state_for_gimbal_device.h: In function 'uint16_t mavlink_msg_autopilot_state_for_gimbal_device_encode_status(uint8_t, uint8_t, mavlink_status_t*, mavlink_message_t*, const mavlink_autopilot_state_for_gimbal_device_t*)':
/home/bogdan/work/coralmicro/third_party/mavlink/common/./mavlink_msg_autopilot_state_for_gimbal_device.h:304:297: warning: taking address of packed member of '__mavlink_autopilot_state_for_gimbal_device_t' may result in an unaligned pointer value [-Waddress-of-packed-member]
  304 |     return mavlink_msg_autopilot_state_for_gimbal_device_pack_status(system_id, component_id, _status, msg,  autopilot_state_for_gimbal_device->target_system, autopilot_state_for_gimbal_device->target_component, autopilot_state_for_gimbal_device->time_boot_us, autopilot_state_for_gimbal_device->q, autopilot_state_for_gimbal_device->q_estimated_delay_us, autopilot_state_for_gimbal_device->vx, autopilot_state_for_gimbal_device->vy, autopilot_state_for_gimbal_device->vz, autopilot_state_for_gimbal_device->v_estimated_delay_us, autopilot_state_for_gimbal_device->feed_forward_angular_velocity_z, autopilot_state_for_gimbal_device->estimator_status, autopilot_state_for_gimbal_device->landed_state, autopilot_state_for_gimbal_device->angular_velocity_z);
      |                                                                                                                                                                                                                                                                      ~~~~~~~~~~~~~~~~~~~~~~~~~~~~~~~~~~~^
In file included from /home/bogdan/work/coralmicro/third_party/mavlink/common/common.h:3127,
                 from /home/bogdan/work/coralmicro/third_party/mavlink/common/mavlink.h:32,
                 from /home/bogdan/work/coralmicro/examples/sentai_runtime/sentai_link.h:25,
                 from /home/bogdan/work/coralmicro/examples/sentai_runtime/sentai_link.cc:9:
/home/bogdan/work/coralmicro/third_party/mavlink/common/./mavlink_msg_obstacle_distance.h: In function 'uint16_t mavlink_msg_obstacle_distance_encode(uint8_t, uint8_t, mavlink_message_t*, const mavlink_obstacle_distance_t*)':
/home/bogdan/work/coralmicro/third_party/mavlink/common/./mavlink_msg_obstacle_distance.h:228:158: warning: taking address of packed member of '__mavlink_obstacle_distance_t' may result in an unaligned pointer value [-Waddress-of-packed-member]
  228 |     return mavlink_msg_obstacle_distance_pack(system_id, component_id, msg, obstacle_distance->time_usec, obstacle_distance->sensor_type, obstacle_distance->distances, obstacle_distance->increment, obstacle_distance->min_distance, obstacle_distance->max_distance, obstacle_distance->increment_f, obstacle_distance->angle_offset, obstacle_distance->frame);
      |                                                                                                                                           ~~~~~~~~~~~~~~~~~~~^~~~~~~~~
/home/bogdan/work/coralmicro/third_party/mavlink/common/./mavlink_msg_obstacle_distance.h: In function 'uint16_t mavlink_msg_obstacle_distance_encode_chan(uint8_t, uint8_t, uint8_t, mavlink_message_t*, const mavlink_obstacle_distance_t*)':
/home/bogdan/work/coralmicro/third_party/mavlink/common/./mavlink_msg_obstacle_distance.h:242:169: warning: taking address of packed member of '__mavlink_obstacle_distance_t' may result in an unaligned pointer value [-Waddress-of-packed-member]
  242 |     return mavlink_msg_obstacle_distance_pack_chan(system_id, component_id, chan, msg, obstacle_distance->time_usec, obstacle_distance->sensor_type, obstacle_distance->distances, obstacle_distance->increment, obstacle_distance->min_distance, obstacle_distance->max_distance, obstacle_distance->increment_f, obstacle_distance->angle_offset, obstacle_distance->frame);
      |                                                                                                                                                      ~~~~~~~~~~~~~~~~~~~^~~~~~~~~
/home/bogdan/work/coralmicro/third_party/mavlink/common/./mavlink_msg_obstacle_distance.h: In function 'uint16_t mavlink_msg_obstacle_distance_encode_status(uint8_t, uint8_t, mavlink_status_t*, mavlink_message_t*, const mavlink_obstacle_distance_t*)':
/home/bogdan/work/coralmicro/third_party/mavlink/common/./mavlink_msg_obstacle_distance.h:256:175: warning: taking address of packed member of '__mavlink_obstacle_distance_t' may result in an unaligned pointer value [-Waddress-of-packed-member]
  256 |     return mavlink_msg_obstacle_distance_pack_status(system_id, component_id, _status, msg,  obstacle_distance->time_usec, obstacle_distance->sensor_type, obstacle_distance->distances, obstacle_distance->increment, obstacle_distance->min_distance, obstacle_distance->max_distance, obstacle_distance->increment_f, obstacle_distance->angle_offset, obstacle_distance->frame);
      |                                                                                                                                                            ~~~~~~~~~~~~~~~~~~~^~~~~~~~~
/tmp/ccJ1fYsV.s: Assembler messages:
/tmp/ccJ1fYsV.s:18449: Warning: ignoring changed section type for .sdram_bss
/tmp/ccJ1fYsV.s:18449: Warning: ignoring changed section attributes for .sdram_bss
[100%] Linking CXX executable sentai_runtime
[100%] Built target sentai_runtime
[  0%] Built target libs_littlefs
[ 11%] Built target libs_FreeRTOS
[ 33%] Built target libs_CMSIS-m7
[ 77%] Built target libs_nxp_rt1176-sdk_freertos
[100%] Built target libs_nxp_rt1176-sdk_lwip
[100%] Building CXX object apps/elf_loader/CMakeFiles/elf_loader.dir/__/__/libs/usb/usb_device_task.cc.obj
[100%] Building CXX object apps/elf_loader/CMakeFiles/elf_loader.dir/__/__/libs/base/utils.cc.obj
[100%] Building CXX object apps/elf_loader/CMakeFiles/elf_loader.dir/elf_loader.cc.obj
[100%] Building CXX object apps/elf_loader/CMakeFiles/elf_loader.dir/usb_data.cc.obj
[100%] Building CXX object apps/elf_loader/CMakeFiles/elf_loader.dir/__/__/libs/base/filesystem.cc.obj
[100%] Building CXX object apps/elf_loader/CMakeFiles/elf_loader.dir/__/__/libs/base/reset.cc.obj
[100%] Linking CXX executable elf_loader
[100%] Built target elf_loader
[  0%] Building C object libs/nxp/flashloader/CMakeFiles/flashloader.dir/__/__/__/third_party/nxp/rt1176-sdk/boards/evkmimxrt1170/bootloader_examples/flashloader/cm7/usb_device_class.c.obj
[  0%] Building C object libs/nxp/flashloader/CMakeFiles/flashloader.dir/__/__/__/third_party/nxp/rt1176-sdk/components/lists/fsl_component_generic_list.c.obj
[  0%] Building C object libs/nxp/flashloader/CMakeFiles/flashloader.dir/__/__/__/third_party/nxp/rt1176-sdk/devices/MIMXRT1176/drivers/fsl_anatop_ai.c.obj
[  0%] Building C object libs/nxp/flashloader/CMakeFiles/flashloader.dir/__/__/__/third_party/nxp/rt1176-sdk/devices/MIMXRT1176/drivers/fsl_clock.c.obj
[ 20%] Building C object libs/nxp/flashloader/CMakeFiles/flashloader.dir/__/__/__/third_party/nxp/rt1176-sdk/devices/MIMXRT1176/drivers/fsl_common.c.obj
[ 20%] Building C object libs/nxp/flashloader/CMakeFiles/flashloader.dir/__/__/__/third_party/nxp/rt1176-sdk/devices/MIMXRT1176/drivers/fsl_common_arm.c.obj
[ 20%] Building C object libs/nxp/flashloader/CMakeFiles/flashloader.dir/__/__/__/third_party/nxp/rt1176-sdk/devices/MIMXRT1176/drivers/fsl_lpspi.c.obj
[ 20%] Building C object libs/nxp/flashloader/CMakeFiles/flashloader.dir/__/__/__/third_party/nxp/rt1176-sdk/boards/evkmimxrt1170/bootloader_examples/flashloader/cm7/usb_device_ch9.c.obj
[ 20%] Building C object libs/nxp/flashloader/CMakeFiles/flashloader.dir/__/__/__/third_party/nxp/rt1176-sdk/boards/evkmimxrt1170/bootloader_examples/flashloader/cm7/usb_device_hid.c.obj
[ 20%] Building C object libs/nxp/flashloader/CMakeFiles/flashloader.dir/__/__/__/third_party/nxp/rt1176-sdk/components/osa/fsl_os_abstraction_bm.c.obj
[ 20%] Building C object libs/nxp/flashloader/CMakeFiles/flashloader.dir/__/__/__/third_party/nxp/rt1176-sdk/devices/MIMXRT1176/drivers/fsl_pmu.c.obj
[ 20%] Building C object libs/nxp/flashloader/CMakeFiles/flashloader.dir/__/__/__/third_party/nxp/rt1176-sdk/middleware/mcu-boot/src/authentication/key_store_puf.c.obj
[ 20%] Building C object libs/nxp/flashloader/CMakeFiles/flashloader.dir/__/__/__/third_party/nxp/rt1176-sdk/middleware/mcu-boot/src/bm_usb/composite.c.obj
[ 20%] Building C object libs/nxp/flashloader/CMakeFiles/flashloader.dir/__/__/__/third_party/nxp/rt1176-sdk/middleware/mcu-boot/src/bm_usb/hid_bootloader.c.obj
[ 20%] Building C object libs/nxp/flashloader/CMakeFiles/flashloader.dir/__/__/__/third_party/nxp/rt1176-sdk/middleware/mcu-boot/src/autobaud/src/autobaud_irq.c.obj
[ 20%] Building C object libs/nxp/flashloader/CMakeFiles/flashloader.dir/__/__/__/third_party/nxp/rt1176-sdk/devices/MIMXRT1176/drivers/fsl_gpio.c.obj
[ 20%] Building C object libs/nxp/flashloader/CMakeFiles/flashloader.dir/__/__/__/third_party/nxp/rt1176-sdk/middleware/mcu-boot/src/bm_usb/usb_descriptor.c.obj
[ 20%] Building C object libs/nxp/flashloader/CMakeFiles/flashloader.dir/__/__/__/third_party/nxp/rt1176-sdk/middleware/mcu-boot/src/bootloader/src/bl_app_crc_check.c.obj
[ 20%] Building C object libs/nxp/flashloader/CMakeFiles/flashloader.dir/__/__/__/third_party/nxp/rt1176-sdk/boards/evkmimxrt1170/bootloader_examples/flashloader/cm7/pin_mux.c.obj
[ 20%] Building C object libs/nxp/flashloader/CMakeFiles/flashloader.dir/__/__/__/third_party/nxp/rt1176-sdk/devices/MIMXRT1176/drivers/fsl_lpuart.c.obj
[ 20%] Building C object libs/nxp/flashloader/CMakeFiles/flashloader.dir/__/__/__/third_party/nxp/rt1176-sdk/middleware/mcu-boot/src/bootloader/src/bl_exception_handler.c.obj
[ 20%] Building C object libs/nxp/flashloader/CMakeFiles/flashloader.dir/__/__/__/third_party/nxp/rt1176-sdk/middleware/mcu-boot/src/bootloader/src/bl_command.c.obj
[ 20%] Building C object libs/nxp/flashloader/CMakeFiles/flashloader.dir/__/__/__/third_party/nxp/rt1176-sdk/middleware/mcu-boot/src/bootloader/src/bl_main.c.obj
[ 20%] Building C object libs/nxp/flashloader/CMakeFiles/flashloader.dir/__/__/__/third_party/nxp/rt1176-sdk/middleware/mcu-boot/src/bootloader/src/bl_context.c.obj
[ 20%] Building C object libs/nxp/flashloader/CMakeFiles/flashloader.dir/__/__/__/third_party/nxp/rt1176-sdk/middleware/mcu-boot/src/bootloader/src/bl_misc.c.obj
[ 20%] Building C object libs/nxp/flashloader/CMakeFiles/flashloader.dir/__/__/__/third_party/nxp/rt1176-sdk/middleware/mcu-boot/src/bootloader/src/bl_shutdown_cleanup.c.obj
[ 40%] Building C object libs/nxp/flashloader/CMakeFiles/flashloader.dir/__/__/__/third_party/nxp/rt1176-sdk/middleware/mcu-boot/src/bootloader/src/bl_tree_root.c.obj
[ 40%] Building C object libs/nxp/flashloader/CMakeFiles/flashloader.dir/__/__/__/third_party/nxp/rt1176-sdk/middleware/mcu-boot/src/bootloader/src/bl_user_entry.c.obj
[ 40%] Building C object libs/nxp/flashloader/CMakeFiles/flashloader.dir/__/__/__/third_party/nxp/rt1176-sdk/middleware/mcu-boot/src/bootloader/src/lpuart_peripheral_interface.c.obj
[ 40%] Building C object libs/nxp/flashloader/CMakeFiles/flashloader.dir/__/__/__/third_party/nxp/rt1176-sdk/middleware/mcu-boot/src/bootloader/src/usb_hid_msc_peripheral_interface.c.obj
[ 40%] Building C object libs/nxp/flashloader/CMakeFiles/flashloader.dir/__/__/__/third_party/nxp/rt1176-sdk/middleware/mcu-boot/src/crc/src/crc32.c.obj
[ 40%] Building C object libs/nxp/flashloader/CMakeFiles/flashloader.dir/__/__/__/third_party/nxp/rt1176-sdk/middleware/mcu-boot/src/crc/src/crc16.c.obj
[ 40%] Building C object libs/nxp/flashloader/CMakeFiles/flashloader.dir/__/__/__/third_party/nxp/rt1176-sdk/middleware/mcu-boot/src/drivers/flexspi/bl_flexspi.c.obj
[ 40%] Building C object libs/nxp/flashloader/CMakeFiles/flashloader.dir/__/__/__/third_party/nxp/rt1176-sdk/middleware/mcu-boot/src/drivers/flexspi_nand/flexspi_nand_flash.c.obj
[ 40%] Building C object libs/nxp/flashloader/CMakeFiles/flashloader.dir/__/__/__/third_party/nxp/rt1176-sdk/middleware/mcu-boot/src/drivers/flexspi_nor/flexspi_nor_flash.c.obj
[ 40%] Building C object libs/nxp/flashloader/CMakeFiles/flashloader.dir/__/__/__/third_party/nxp/rt1176-sdk/middleware/mcu-boot/src/drivers/microseconds/src/microseconds_pit.c.obj
[ 40%] Building C object libs/nxp/flashloader/CMakeFiles/flashloader.dir/__/__/__/third_party/nxp/rt1176-sdk/middleware/mcu-boot/src/drivers/nand_ecc/nand_ecc.c.obj
[ 40%] Building C object libs/nxp/flashloader/CMakeFiles/flashloader.dir/__/__/__/third_party/nxp/rt1176-sdk/middleware/mcu-boot/src/drivers/ocotp/bl_ocotp.c.obj
[ 40%] Building C object libs/nxp/flashloader/CMakeFiles/flashloader.dir/__/__/__/third_party/nxp/rt1176-sdk/middleware/mcu-boot/src/drivers/sdmmc/port/usdhc/polling/fsl_sdmmc_host.c.obj
[ 40%] Building C object libs/nxp/flashloader/CMakeFiles/flashloader.dir/__/__/__/third_party/nxp/rt1176-sdk/middleware/mcu-boot/src/drivers/sdmmc/src/fsl_mmc.c.obj
[ 40%] Building C object libs/nxp/flashloader/CMakeFiles/flashloader.dir/__/__/__/third_party/nxp/rt1176-sdk/middleware/mcu-boot/src/drivers/sdmmc/src/fsl_sd.c.obj
[ 40%] Building C object libs/nxp/flashloader/CMakeFiles/flashloader.dir/__/__/__/third_party/nxp/rt1176-sdk/middleware/mcu-boot/src/drivers/sdmmc/src/fsl_sdmmc_common.c.obj
[ 40%] Building C object libs/nxp/flashloader/CMakeFiles/flashloader.dir/__/__/__/third_party/nxp/rt1176-sdk/middleware/mcu-boot/src/drivers/semc/bl_semc.c.obj
[ 40%] Building C object libs/nxp/flashloader/CMakeFiles/flashloader.dir/__/__/__/third_party/nxp/rt1176-sdk/middleware/mcu-boot/src/drivers/semc_nand/semc_nand_flash.c.obj
[ 40%] Building C object libs/nxp/flashloader/CMakeFiles/flashloader.dir/__/__/__/third_party/nxp/rt1176-sdk/middleware/mcu-boot/src/drivers/serial_nor_eeprom/serial_nor_eeprom.c.obj
[ 60%] Building C object libs/nxp/flashloader/CMakeFiles/flashloader.dir/__/__/__/third_party/nxp/rt1176-sdk/middleware/mcu-boot/src/drivers/usdhc/bl_usdhc.c.obj
[ 60%] Building C object libs/nxp/flashloader/CMakeFiles/flashloader.dir/__/__/__/third_party/nxp/rt1176-sdk/middleware/mcu-boot/src/memory/src/flexspi_nor_memory.c.obj
[ 60%] Building C object libs/nxp/flashloader/CMakeFiles/flashloader.dir/__/__/__/third_party/nxp/rt1176-sdk/middleware/mcu-boot/src/memory/src/memory.c.obj
[ 60%] Building C object libs/nxp/flashloader/CMakeFiles/flashloader.dir/__/__/__/third_party/nxp/rt1176-sdk/middleware/mcu-boot/src/memory/src/mmc_memory.c.obj
[ 60%] Building C object libs/nxp/flashloader/CMakeFiles/flashloader.dir/__/__/__/third_party/nxp/rt1176-sdk/middleware/mcu-boot/src/memory/src/normal_memory.c.obj
/home/bogdan/work/coralmicro/third_party/nxp/rt1176-sdk/middleware/mcu-boot/src/drivers/flexspi_nor/flexspi_nor_flash.c: In function 'flexspi_nor_generate_config_block_using_sfdp':
/home/bogdan/work/coralmicro/third_party/nxp/rt1176-sdk/middleware/mcu-boot/src/drivers/flexspi_nor/flexspi_nor_flash.c:2017:37: warning: missing braces around initializer [-Wmissing-braces]
 2017 |     const lut_seq_t k_sdfp_lut[4] = {
      |                                     ^
/home/bogdan/work/coralmicro/third_party/nxp/rt1176-sdk/middleware/mcu-boot/src/drivers/flexspi_nor/flexspi_nor_flash.c:2017:37: warning: missing braces around initializer [-Wmissing-braces]
/home/bogdan/work/coralmicro/third_party/nxp/rt1176-sdk/middleware/mcu-boot/src/drivers/flexspi_nor/flexspi_nor_flash.c:2017:37: warning: missing braces around initializer [-Wmissing-braces]
/home/bogdan/work/coralmicro/third_party/nxp/rt1176-sdk/middleware/mcu-boot/src/drivers/flexspi_nor/flexspi_nor_flash.c:2017:37: warning: missing braces around initializer [-Wmissing-braces]
[ 60%] Building ASM object libs/nxp/flashloader/CMakeFiles/flashloader.dir/__/__/__/third_party/nxp/rt1176-sdk/middleware/mcu-boot/src/memory/src/pattern_fill_gcc.S.obj
/home/bogdan/work/coralmicro/third_party/nxp/rt1176-sdk/middleware/mcu-boot/src/drivers/flexspi_nor/flexspi_nor_flash.c: In function 'flexspi_nor_generate_config_block_mxic_octalflash':
/home/bogdan/work/coralmicro/third_party/nxp/rt1176-sdk/middleware/mcu-boot/src/drivers/flexspi_nor/flexspi_nor_flash.c:2432:37: warning: missing braces around initializer [-Wmissing-braces]
 2432 |     const lut_seq_t k_rdid_lut[3] = {
      |                                     ^
/home/bogdan/work/coralmicro/third_party/nxp/rt1176-sdk/middleware/mcu-boot/src/drivers/flexspi_nor/flexspi_nor_flash.c:2432:37: warning: missing braces around initializer [-Wmissing-braces]
/home/bogdan/work/coralmicro/third_party/nxp/rt1176-sdk/middleware/mcu-boot/src/drivers/flexspi_nor/flexspi_nor_flash.c:2432:37: warning: missing braces around initializer [-Wmissing-braces]
/home/bogdan/work/coralmicro/third_party/nxp/rt1176-sdk/middleware/mcu-boot/src/drivers/flexspi_nor/flexspi_nor_flash.c:2432:37: warning: missing braces around initializer [-Wmissing-braces]
/home/bogdan/work/coralmicro/third_party/nxp/rt1176-sdk/middleware/mcu-boot/src/drivers/flexspi_nor/flexspi_nor_flash.c: In function 'flexspi_nor_generate_config_block_micron_octalflash':
/home/bogdan/work/coralmicro/third_party/nxp/rt1176-sdk/middleware/mcu-boot/src/drivers/flexspi_nor/flexspi_nor_flash.c:2752:37: warning: missing braces around initializer [-Wmissing-braces]
 2752 |     const lut_seq_t k_sdfp_lut[2] = {
      |                                     ^
/home/bogdan/work/coralmicro/third_party/nxp/rt1176-sdk/middleware/mcu-boot/src/drivers/flexspi_nor/flexspi_nor_flash.c:2752:37: warning: missing braces around initializer [-Wmissing-braces]
/home/bogdan/work/coralmicro/third_party/nxp/rt1176-sdk/middleware/mcu-boot/src/drivers/flexspi_nor/flexspi_nor_flash.c:2752:37: warning: missing braces around initializer [-Wmissing-braces]
/home/bogdan/work/coralmicro/third_party/nxp/rt1176-sdk/middleware/mcu-boot/src/drivers/flexspi_nor/flexspi_nor_flash.c: In function 'flexspi_nor_generate_config_block_adesto_octalflash':
/home/bogdan/work/coralmicro/third_party/nxp/rt1176-sdk/middleware/mcu-boot/src/drivers/flexspi_nor/flexspi_nor_flash.c:3004:37: warning: missing braces around initializer [-Wmissing-braces]
 3004 |     const lut_seq_t k_sdfp_lut[5] = {
      |                                     ^
/home/bogdan/work/coralmicro/third_party/nxp/rt1176-sdk/middleware/mcu-boot/src/drivers/flexspi_nor/flexspi_nor_flash.c:3004:37: warning: missing braces around initializer [-Wmissing-braces]
/home/bogdan/work/coralmicro/third_party/nxp/rt1176-sdk/middleware/mcu-boot/src/drivers/flexspi_nor/flexspi_nor_flash.c:3004:37: warning: missing braces around initializer [-Wmissing-braces]
/home/bogdan/work/coralmicro/third_party/nxp/rt1176-sdk/middleware/mcu-boot/src/drivers/flexspi_nor/flexspi_nor_flash.c:3004:37: warning: missing braces around initializer [-Wmissing-braces]
/home/bogdan/work/coralmicro/third_party/nxp/rt1176-sdk/middleware/mcu-boot/src/drivers/flexspi_nor/flexspi_nor_flash.c:3004:37: warning: missing braces around initializer [-Wmissing-braces]
/home/bogdan/work/coralmicro/third_party/nxp/rt1176-sdk/middleware/mcu-boot/src/drivers/flexspi_nor/flexspi_nor_flash.c:3004:37: warning: missing braces around initializer [-Wmissing-braces]
[ 60%] Building C object libs/nxp/flashloader/CMakeFiles/flashloader.dir/__/__/__/third_party/nxp/rt1176-sdk/middleware/mcu-boot/src/memory/src/sd_memory.c.obj
/home/bogdan/work/coralmicro/third_party/nxp/rt1176-sdk/middleware/mcu-boot/src/drivers/sdmmc/port/usdhc/polling/fsl_sdmmc_host.c:61:13: warning: 'SDMMCHOST_CardDetectDeinit' declared 'static' but never defined [-Wunused-function]
   61 | static void SDMMCHOST_CardDetectDeinit(void);
      |             ^~~~~~~~~~~~~~~~~~~~~~~~~~
/home/bogdan/work/coralmicro/third_party/nxp/rt1176-sdk/middleware/mcu-boot/src/drivers/sdmmc/port/usdhc/polling/fsl_sdmmc_host.c:180:17: warning: 'SDMMCHOST_CardDetectInit' defined but not used [-Wunused-function]
  180 | static status_t SDMMCHOST_CardDetectInit(SDMMCHOST_TYPE *base, const sdmmchost_detect_card_t *cd)
      |                 ^~~~~~~~~~~~~~~~~~~~~~~~
[ 60%] Building C object libs/nxp/flashloader/CMakeFiles/flashloader.dir/__/__/__/third_party/nxp/rt1176-sdk/middleware/mcu-boot/src/memory/src/semc_nand_memory.c.obj
[ 60%] Building C object libs/nxp/flashloader/CMakeFiles/flashloader.dir/__/__/__/third_party/nxp/rt1176-sdk/middleware/mcu-boot/src/memory/src/spi_nor_eeprom_memory.c.obj
[ 60%] Building C object libs/nxp/flashloader/CMakeFiles/flashloader.dir/__/__/__/third_party/nxp/rt1176-sdk/middleware/mcu-boot/src/memory/src/spinand_memory.c.obj
/home/bogdan/work/coralmicro/third_party/nxp/rt1176-sdk/middleware/mcu-boot/src/drivers/nand_ecc/nand_ecc.c: In function 'nand_ecc_sec_verify_correct':
/home/bogdan/work/coralmicro/third_party/nxp/rt1176-sdk/middleware/mcu-boot/src/drivers/nand_ecc/nand_ecc.c:259:13: warning: 'singleErrorBit1Count' may be used uninitialized in this function [-Wmaybe-uninitialized]
  259 |     else if (eccXorBit1Count == singleErrorBit1Count)
      |             ^
[ 60%] Building C object libs/nxp/flashloader/CMakeFiles/flashloader.dir/__/__/__/third_party/nxp/rt1176-sdk/middleware/mcu-boot/src/packet/src/serial_packet.c.obj
[ 60%] Building C object libs/nxp/flashloader/CMakeFiles/flashloader.dir/__/__/__/third_party/nxp/rt1176-sdk/middleware/mcu-boot/src/property/src/property_imx.c.obj
/home/bogdan/work/coralmicro/third_party/nxp/rt1176-sdk/middleware/mcu-boot/src/drivers/semc/bl_semc.c: In function 'semc_ipg_command_device_write':
/home/bogdan/work/coralmicro/third_party/nxp/rt1176-sdk/middleware/mcu-boot/src/drivers/semc/bl_semc.c:215:14: warning: unused variable 'status' [-Wunused-variable]
  215 |     status_t status;
      |              ^~~~~~
/home/bogdan/work/coralmicro/third_party/nxp/rt1176-sdk/middleware/mcu-boot/src/drivers/sdmmc/src/fsl_mmc.c: In function 'MMC_BL_SelectBusWidth':
/home/bogdan/work/coralmicro/third_party/nxp/rt1176-sdk/middleware/mcu-boot/src/drivers/sdmmc/src/fsl_mmc.c:1453:10: warning: unused variable 'isDDR' [-Wunused-variable]
 1453 |     bool isDDR = false;
      |          ^~~~~
[ 60%] Building C object libs/nxp/flashloader/CMakeFiles/flashloader.dir/__/__/__/third_party/nxp/rt1176-sdk/middleware/mcu-boot/src/sbloader/src/sbloader.c.obj
/home/bogdan/work/coralmicro/third_party/nxp/rt1176-sdk/middleware/mcu-boot/src/drivers/sdmmc/src/fsl_mmc.c: In function 'MMC_BL_SelectBusTiming':
/home/bogdan/work/coralmicro/third_party/nxp/rt1176-sdk/middleware/mcu-boot/src/drivers/sdmmc/src/fsl_mmc.c:1859:10: warning: unused variable 'switchHS400' [-Wunused-variable]
 1859 |     bool switchHS400 = false, switchHighSpeed = false;
      |          ^~~~~~~~~~~
[ 60%] Building C object libs/nxp/flashloader/CMakeFiles/flashloader.dir/__/__/__/third_party/nxp/rt1176-sdk/middleware/mcu-boot/src/security/keyblob/src/keyblob.c.obj
[ 60%] Building C object libs/nxp/flashloader/CMakeFiles/flashloader.dir/__/__/__/third_party/nxp/rt1176-sdk/middleware/mcu-boot/src/startup/startup.c.obj
[ 60%] Building ASM object libs/nxp/flashloader/CMakeFiles/flashloader.dir/__/__/__/third_party/nxp/rt1176-sdk/middleware/mcu-boot/src/startup/crt0_gcc.S.obj
[ 60%] Building C object libs/nxp/flashloader/CMakeFiles/flashloader.dir/__/__/__/third_party/nxp/rt1176-sdk/middleware/mcu-boot/src/security/keyblob/src/keyblob_caam.c.obj
In file included from /home/bogdan/work/coralmicro/third_party/nxp/rt1176-sdk/middleware/mcu-boot/src/memory/src/flexspi_nor_memory.c:16:
/home/bogdan/work/coralmicro/third_party/nxp/rt1176-sdk/middleware/mcu-boot/src/memory/src/flexspi_nor_memory.c: In function 'flexspi_nor_mem_config':
/home/bogdan/work/coralmicro/third_party/nxp/rt1176-sdk/middleware/mcu-boot/src/memory/src/flexspi_nor_memory.h:34:12: warning: suggest parentheses around arithmetic in operand of '|' [-Wparentheses]
   34 |     (0xcf9 | (kSerialNorCfgOption_Tag << 8) & (kSerialNorCfgOption_Tag << 8))
      |            ^
/home/bogdan/work/coralmicro/third_party/nxp/rt1176-sdk/middleware/mcu-boot/src/memory/src/flexspi_nor_memory.c:426:13: note: in expansion of macro 'MAGIC_NUMBER_FLEXSPI_NOR_PRECFG'
  426 |         if (MAGIC_NUMBER_FLEXSPI_NOR_PRECFG == option->option0.P.magic)
      |             ^~~~~~~~~~~~~~~~~~~~~~~~~~~~~~~
/home/bogdan/work/coralmicro/third_party/nxp/rt1176-sdk/middleware/mcu-boot/src/memory/src/flexspi_nor_memory.c:419:25: warning: unused variable 'keyblob_info' [-Wunused-variable]
  419 |         keyblob_info_t *keyblob_info = (keyblob_info_t *)config;
      |                         ^~~~~~~~~~~~
At top level:
/home/bogdan/work/coralmicro/third_party/nxp/rt1176-sdk/middleware/mcu-boot/src/memory/src/flexspi_nor_memory.c:1157:17: warning: 'flexspi_nor_memory_init' defined but not used [-Wunused-function]
 1157 | static status_t flexspi_nor_memory_init(void)
      |                 ^~~~~~~~~~~~~~~~~~~~~~~
/home/bogdan/work/coralmicro/third_party/nxp/rt1176-sdk/middleware/mcu-boot/src/memory/src/flexspi_nor_memory.c:221:17: warning: 'check_update_keyblob_info' defined but not used [-Wunused-function]
  221 | static status_t check_update_keyblob_info(void *config)
      |                 ^~~~~~~~~~~~~~~~~~~~~~~~~
[ 60%] Building C object libs/nxp/flashloader/CMakeFiles/flashloader.dir/__/__/__/third_party/nxp/rt1176-sdk/middleware/mcu-boot/src/utilities/src/debug_util.c.obj
[ 80%] Building C object libs/nxp/flashloader/CMakeFiles/flashloader.dir/__/__/__/third_party/nxp/rt1176-sdk/middleware/mcu-boot/src/utilities/src/fsl_assert.c.obj
/home/bogdan/work/coralmicro/third_party/nxp/rt1176-sdk/middleware/mcu-boot/src/drivers/semc_nand/semc_nand_flash.c: In function 'semc_nand_issue_read_page':
/home/bogdan/work/coralmicro/third_party/nxp/rt1176-sdk/middleware/mcu-boot/src/drivers/semc_nand/semc_nand_flash.c:1243:14: warning: unused variable 'readyCheckIntervalInUs' [-Wunused-variable]
 1243 |     uint32_t readyCheckIntervalInUs;
      |              ^~~~~~~~~~~~~~~~~~~~~~
At top level:
/home/bogdan/work/coralmicro/third_party/nxp/rt1176-sdk/middleware/mcu-boot/src/drivers/semc_nand/semc_nand_flash.c:573:13: warning: 'semc_nand_adjust_timing_parameter_ccs' defined but not used [-Wunused-function]
  573 | static void semc_nand_adjust_timing_parameter_ccs(semc_nand_config_t *config)
      |             ^~~~~~~~~~~~~~~~~~~~~~~~~~~~~~~~~~~~~
[ 80%] Building C object libs/nxp/flashloader/CMakeFiles/flashloader.dir/__/__/__/third_party/nxp/rt1176-sdk/middleware/mcu-boot/src/utilities/src/fsl_rtos_abstraction.c.obj
[ 80%] Building C object libs/nxp/flashloader/CMakeFiles/flashloader.dir/__/__/__/third_party/nxp/rt1176-sdk/middleware/mcu-boot/targets/MIMXRT1176/src/bl_lpuart_irq_config_MIMXRT1176.c.obj
/home/bogdan/work/coralmicro/third_party/nxp/rt1176-sdk/middleware/mcu-boot/src/property/src/property_imx.c: In function 'bootloader_property_set_uint32':
/home/bogdan/work/coralmicro/third_party/nxp/rt1176-sdk/middleware/mcu-boot/src/property/src/property_imx.c:362:23: warning: unused variable 'propertyStore' [-Wunused-variable]
  362 |     property_store_t *propertyStore = g_bootloaderContext.propertyInterface->store;
      |                       ^~~~~~~~~~~~~
[ 80%] Building C object libs/nxp/flashloader/CMakeFiles/flashloader.dir/__/__/__/third_party/nxp/rt1176-sdk/middleware/mcu-boot/targets/MIMXRT1176/src/clock_cfg_MIMXRT1176.c.obj
/home/bogdan/work/coralmicro/third_party/nxp/rt1176-sdk/middleware/mcu-boot/src/sbloader/src/sbloader.c: In function 'ldr_DoProgramCmd':
/home/bogdan/work/coralmicro/third_party/nxp/rt1176-sdk/middleware/mcu-boot/src/sbloader/src/sbloader.c:640:14: warning: unused variable 'status' [-Wunused-variable]
  640 |     status_t status;
      |              ^~~~~~
[ 80%] Building C object libs/nxp/flashloader/CMakeFiles/flashloader.dir/__/__/__/third_party/nxp/rt1176-sdk/middleware/mcu-boot/targets/MIMXRT1176/src/external_memory_property_map_MIMXRT1176.c.obj
[ 80%] Building C object libs/nxp/flashloader/CMakeFiles/flashloader.dir/__/__/__/third_party/nxp/rt1176-sdk/middleware/mcu-boot/targets/MIMXRT1176/src/flexspi_config_MIMXRT1176.c.obj
[ 80%] Building C object libs/nxp/flashloader/CMakeFiles/flashloader.dir/__/__/__/third_party/nxp/rt1176-sdk/middleware/mcu-boot/targets/MIMXRT1176/src/flexspi_nand_config_MIMXRT1176.c.obj
[ 80%] Building C object libs/nxp/flashloader/CMakeFiles/flashloader.dir/__/__/__/third_party/nxp/rt1176-sdk/middleware/mcu-boot/targets/MIMXRT1176/src/hardware_init_MIMXRT1176.c.obj
[ 80%] Building C object libs/nxp/flashloader/CMakeFiles/flashloader.dir/__/__/__/third_party/nxp/rt1176-sdk/middleware/mcu-boot/targets/MIMXRT1176/src/memory_map_MIMXRT1176.c.obj
[ 80%] Building C object libs/nxp/flashloader/CMakeFiles/flashloader.dir/__/__/__/third_party/nxp/rt1176-sdk/middleware/mcu-boot/targets/MIMXRT1176/src/periph_MIMXRT1176.c.obj
[ 80%] Building C object libs/nxp/flashloader/CMakeFiles/flashloader.dir/__/__/__/third_party/nxp/rt1176-sdk/middleware/mcu-boot/targets/MIMXRT1176/src/security_config_MIMXRT1176.c.obj
[ 80%] Building C object libs/nxp/flashloader/CMakeFiles/flashloader.dir/__/__/__/third_party/nxp/rt1176-sdk/middleware/mcu-boot/targets/MIMXRT1176/src/sdmmc_convert_MIMXRT1176.c.obj
[ 80%] Building C object libs/nxp/flashloader/CMakeFiles/flashloader.dir/__/__/__/third_party/nxp/rt1176-sdk/middleware/mcu-boot/targets/MIMXRT1176/src/sdmmc_config_MIMXRT1176.c.obj
[ 80%] Building C object libs/nxp/flashloader/CMakeFiles/flashloader.dir/__/__/__/third_party/nxp/rt1176-sdk/middleware/mcu-boot/targets/MIMXRT1176/src/semc_nand_config_MIMXRT1176.c.obj
[ 80%] Building C object libs/nxp/flashloader/CMakeFiles/flashloader.dir/__/__/__/third_party/nxp/rt1176-sdk/middleware/mcu-boot/targets/MIMXRT1176/src/sram_init_MIMXRT1176.c.obj
[ 80%] Building ASM object libs/nxp/flashloader/CMakeFiles/flashloader.dir/__/__/__/third_party/nxp/rt1176-sdk/middleware/mcu-boot/targets/MIMXRT1176/src/startup/gcc/startup_MIMXRT1176_cm7.S.obj
[ 80%] Building C object libs/nxp/flashloader/CMakeFiles/flashloader.dir/__/__/__/third_party/nxp/rt1176-sdk/middleware/mcu-boot/targets/MIMXRT1176/src/startup/system_MIMXRT1176_cm7.c.obj
[ 80%] Building C object libs/nxp/flashloader/CMakeFiles/flashloader.dir/__/__/__/third_party/nxp/rt1176-sdk/middleware/mcu-boot/targets/common/src/pinmux_utility_imxrt_series.c.obj
[100%] Building C object libs/nxp/flashloader/CMakeFiles/flashloader.dir/__/__/__/third_party/nxp/rt1176-sdk/middleware/usb/device/usb_device_dci.c.obj
[100%] Building C object libs/nxp/flashloader/CMakeFiles/flashloader.dir/__/__/__/third_party/nxp/rt1176-sdk/middleware/usb/device/usb_device_ehci.c.obj
[100%] Building C object libs/nxp/flashloader/CMakeFiles/flashloader.dir/__/__/__/third_party/nxp/rt1176-sdk/middleware/usb/phy/usb_phy.c.obj
[100%] Building C object libs/nxp/flashloader/CMakeFiles/flashloader.dir/__/__/__/third_party/nxp/rt1176-sdk/platform/drivers/puf/fsl_puf.c.obj
/home/bogdan/work/coralmicro/third_party/nxp/rt1176-sdk/middleware/mcu-boot/targets/MIMXRT1176/src/flexspi_config_MIMXRT1176.c:156:13: warning: 'flexspi_nor_jedec_hw_reset' declared 'static' but never defined [-Wunused-function]
  156 | static void flexspi_nor_jedec_hw_reset(uint32_t instance);
      |             ^~~~~~~~~~~~~~~~~~~~~~~~~~
/home/bogdan/work/coralmicro/third_party/nxp/rt1176-sdk/middleware/mcu-boot/targets/MIMXRT1176/src/flexspi_config_MIMXRT1176.c:357:13: warning: 'flexspi_jedec_hw_reset' defined but not used [-Wunused-function]
  357 | static void flexspi_jedec_hw_reset(volatile GPIO_Type *gpio, uint32_t cs_pin, uint32_t clk_pin, uint32_t sin_pin)
      |             ^~~~~~~~~~~~~~~~~~~~~~
/home/bogdan/work/coralmicro/third_party/nxp/rt1176-sdk/middleware/mcu-boot/targets/MIMXRT1176/src/hardware_init_MIMXRT1176.c: In function 'semc_iomux_config':
/home/bogdan/work/coralmicro/third_party/nxp/rt1176-sdk/middleware/mcu-boot/targets/MIMXRT1176/src/hardware_init_MIMXRT1176.c:36:14: warning: unused variable 'addrInputPadCtlValue' [-Wunused-variable]
   36 |     uint32_t addrInputPadCtlValue = SEMC_SW_PAD_CTL_VAL;
      |              ^~~~~~~~~~~~~~~~~~~~
/home/bogdan/work/coralmicro/third_party/nxp/rt1176-sdk/middleware/mcu-boot/src/drivers/semc_nand/semc_nand_flash.c: In function 'semc_nand_flash_page_program':
/home/bogdan/work/coralmicro/third_party/nxp/rt1176-sdk/middleware/mcu-boot/src/drivers/semc_nand/semc_nand_flash.c:2227:28: warning: 'writeBytes' may be used uninitialized in this function [-Wmaybe-uninitialized]
 2227 |             payloadedBytes += writeBytes;
      |             ~~~~~~~~~~~~~~~^~~~~~~~~~~~~
/home/bogdan/work/coralmicro/third_party/nxp/rt1176-sdk/middleware/mcu-boot/src/drivers/semc_nand/semc_nand_flash.c:2216:26: warning: 'writeSrc' may be used uninitialized in this function [-Wmaybe-uninitialized]
 2216 |                 status = semc_axi_memory_write(memoryAccessAddr + payloadedBytes, writeSrc, writeBytes);
      |                          ^~~~~~~~~~~~~~~~~~~~~~~~~~~~~~~~~~~~~~~~~~~~~~~~~~~~~~~~~~~~~~~~~~~~~~~~~~~~~~
[100%] Linking C executable flashloader
[100%] Built target flashloader
