This is pdfTeX, Version 3.141592653-2.6-1.40.25 (TeX Live 2023/Debian) (preloaded format=pdflatex 2026.4.13)  20 APR 2026 20:04
entering extended mode
 restricted \write18 enabled.
 %&-line parsing enabled.
**sentai_drones.tex
(./sentai_drones.tex
LaTeX2e <2023-11-01> patch level 1
L3 programming layer <2024-01-22>
(./Definitions/mdpi.cls
Document Class: Definitions/mdpi 13/03/2026 MDPI paper class
(/usr/share/texlive/texmf-dist/tex/latex/base/article.cls
Document Class: article 2023/05/17 v1.4n Standard LaTeX document class
(/usr/share/texlive/texmf-dist/tex/latex/base/size10.clo
File: size10.clo 2023/05/17 v1.4n Standard LaTeX file (size option)
)
\c@part=\count187
\c@section=\count188
\c@subsection=\count189
\c@subsubsection=\count190
\c@paragraph=\count191
\c@subparagraph=\count192
\c@figure=\count193
\c@table=\count194
\abovecaptionskip=\skip48
\belowcaptionskip=\skip49
\bibindent=\dimen140
)
(/usr/share/texlive/texmf-dist/tex/latex/base/fontenc.sty
Package: fontenc 2021/04/29 v2.0v Standard LaTeX package
)
(/usr/share/texlive/texmf-dist/tex/latex/base/inputenc.sty
Package: inputenc 2021/02/14 v1.3d Input encoding file
\inpenc@prehook=\toks17
\inpenc@posthook=\toks18
)
(/usr/share/texlive/texmf-dist/tex/latex/tools/calc.sty
Package: calc 2023/07/08 v4.3 Infix arithmetic (KKT,FJ)
\calc@Acount=\count195
\calc@Bcount=\count196
\calc@Adimen=\dimen141
\calc@Bdimen=\dimen142
\calc@Askip=\skip50
\calc@Bskip=\skip51
LaTeX Info: Redefining \setlength on input line 80.
LaTeX Info: Redefining \addtolength on input line 81.
\calc@Ccount=\count197
\calc@Cskip=\skip52
)
(/usr/share/texlive/texmf-dist/tex/latex/tools/indentfirst.sty
Package: indentfirst 2023/07/02 v1.03 Indent first paragraph (DPC)
)
(/usr/share/texlive/texmf-dist/tex/latex/fancyhdr/fancyhdr.sty
Package: fancyhdr 2022/11/09 v4.1 Extensive control of page headers and footers

\f@nch@headwidth=\skip53
\f@nch@O@elh=\skip54
\f@nch@O@erh=\skip55
\f@nch@O@olh=\skip56
\f@nch@O@orh=\skip57
\f@nch@O@elf=\skip58
\f@nch@O@erf=\skip59
\f@nch@O@olf=\skip60
\f@nch@O@orf=\skip61
)
(/usr/share/texlive/texmf-dist/tex/latex/graphics/graphicx.sty
Package: graphicx 2021/09/16 v1.2d Enhanced LaTeX Graphics (DPC,SPQR)

(/usr/share/texlive/texmf-dist/tex/latex/graphics/keyval.sty
Package: keyval 2022/05/29 v1.15 key=value parser (DPC)
\KV@toks@=\toks19
)
(/usr/share/texlive/texmf-dist/tex/latex/graphics/graphics.sty
Package: graphics 2022/03/10 v1.4e Standard LaTeX Graphics (DPC,SPQR)

(/usr/share/texlive/texmf-dist/tex/latex/graphics/trig.sty
Package: trig 2021/08/11 v1.11 sin cos tan (DPC)
)
(/usr/share/texlive/texmf-dist/tex/latex/graphics-cfg/graphics.cfg
File: graphics.cfg 2016/06/04 v1.11 sample graphics configuration
)
Package graphics Info: Driver file: pdftex.def on input line 107.

(/usr/share/texlive/texmf-dist/tex/latex/graphics-def/pdftex.def
File: pdftex.def 2022/09/22 v1.2b Graphics/color driver for pdftex
))
\Gin@req@height=\dimen143
\Gin@req@width=\dimen144
)
(/usr/share/texlive/texmf-dist/tex/latex/epstopdf-pkg/epstopdf.sty
Package: epstopdf 2020-01-24 v2.11 Conversion with epstopdf on the fly (HO)

(/usr/share/texlive/texmf-dist/tex/generic/infwarerr/infwarerr.sty
Package: infwarerr 2019/12/03 v1.5 Providing info/warning/error messages (HO)
)
(/usr/share/texlive/texmf-dist/tex/latex/grfext/grfext.sty
Package: grfext 2019/12/03 v1.3 Manage graphics extensions (HO)

(/usr/share/texlive/texmf-dist/tex/generic/kvdefinekeys/kvdefinekeys.sty
Package: kvdefinekeys 2019-12-19 v1.6 Define keys (HO)
))
(/usr/share/texlive/texmf-dist/tex/latex/kvoptions/kvoptions.sty
Package: kvoptions 2022-06-15 v3.15 Key value format for package options (HO)

(/usr/share/texlive/texmf-dist/tex/generic/ltxcmds/ltxcmds.sty
Package: ltxcmds 2023-12-04 v1.26 LaTeX kernel commands for general use (HO)
)
(/usr/share/texlive/texmf-dist/tex/latex/kvsetkeys/kvsetkeys.sty
Package: kvsetkeys 2022-10-05 v1.19 Key value parser (HO)
))
(/usr/share/texlive/texmf-dist/tex/generic/pdftexcmds/pdftexcmds.sty
Package: pdftexcmds 2020-06-27 v0.33 Utility functions of pdfTeX for LuaTeX (HO
)

(/usr/share/texlive/texmf-dist/tex/generic/iftex/iftex.sty
Package: iftex 2022/02/03 v1.0f TeX engine tests
)
Package pdftexcmds Info: \pdf@primitive is available.
Package pdftexcmds Info: \pdf@ifprimitive is available.
Package pdftexcmds Info: \pdfdraftmode found.
)
(/usr/share/texlive/texmf-dist/tex/latex/epstopdf-pkg/epstopdf-base.sty
Package: epstopdf-base 2020-01-24 v2.11 Base part for package epstopdf
Package epstopdf-base Info: Redefining graphics rule for `.eps' on input line 4
85.
Package grfext Info: Graphics extension search list:
(grfext)             [.pdf,.png,.jpg,.mps,.jpeg,.jbig2,.jb2,.PDF,.PNG,.JPG,.JPE
G,.JBIG2,.JB2,.eps]
(grfext)             \AppendGraphicsExtensions on input line 504.

(/usr/share/texlive/texmf-dist/tex/latex/latexconfig/epstopdf-sys.cfg
File: epstopdf-sys.cfg 2010/07/13 v1.3 Configuration of (r)epstopdf for TeX Liv
e
)))
(/usr/share/texlive/texmf-dist/tex/latex/lastpage/lastpage.sty
Package: lastpage 2023/10/14 v2.0e lastpage: 2.09 or 2e? (HMM)

(/usr/share/texlive/texmf-dist/tex/latex/lastpage/lastpage2e.sty
Package: lastpage2e 2023/10/14 v2.0e Decide which 2e lastpage version to use (H
MM)

(/usr/share/texlive/texmf-dist/tex/latex/lastpage/lastpagemodern.sty
Package: lastpagemodern 2023-10-14 v2.0e Refers to last page's name (HMM; JPG)
\c@lastpagecount=\count198
) 
)) (/usr/share/texlive/texmf-dist/tex/latex/base/ifthen.sty
Package: ifthen 2022/04/13 v1.1d Standard LaTeX ifthen package (DPC)
)
(/usr/share/texlive/texmf-dist/tex/latex/float/float.sty
Package: float 2001/11/08 v1.3d Float enhancements (AL)
\c@float@type=\count199
\float@exts=\toks20
\float@box=\box51
\@float@everytoks=\toks21
\@floatcapt=\box52
)
(/usr/share/texlive/texmf-dist/tex/latex/amsmath/amsmath.sty
Package: amsmath 2023/05/13 v2.17o AMS math features
\@mathmargin=\skip62

For additional information on amsmath, use the `?' option.
(/usr/share/texlive/texmf-dist/tex/latex/amsmath/amstext.sty
Package: amstext 2021/08/26 v2.01 AMS text

(/usr/share/texlive/texmf-dist/tex/latex/amsmath/amsgen.sty
File: amsgen.sty 1999/11/30 v2.0 generic functions
\@emptytoks=\toks22
\ex@=\dimen145
))
(/usr/share/texlive/texmf-dist/tex/latex/amsmath/amsbsy.sty
Package: amsbsy 1999/11/29 v1.2d Bold Symbols
\pmbraise@=\dimen146
)
(/usr/share/texlive/texmf-dist/tex/latex/amsmath/amsopn.sty
Package: amsopn 2022/04/08 v2.04 operator names
)
\inf@bad=\count266
LaTeX Info: Redefining \frac on input line 234.
\uproot@=\count267
\leftroot@=\count268
LaTeX Info: Redefining \overline on input line 399.
LaTeX Info: Redefining \colon on input line 410.
\classnum@=\count269
\DOTSCASE@=\count270
LaTeX Info: Redefining \ldots on input line 496.
LaTeX Info: Redefining \dots on input line 499.
LaTeX Info: Redefining \cdots on input line 620.
\Mathstrutbox@=\box53
\strutbox@=\box54
LaTeX Info: Redefining \big on input line 722.
LaTeX Info: Redefining \Big on input line 723.
LaTeX Info: Redefining \bigg on input line 724.
LaTeX Info: Redefining \Bigg on input line 725.
\big@size=\dimen147
LaTeX Font Info:    Redeclaring font encoding OML on input line 743.
LaTeX Font Info:    Redeclaring font encoding OMS on input line 744.
\macc@depth=\count271
LaTeX Info: Redefining \bmod on input line 905.
LaTeX Info: Redefining \pmod on input line 910.
LaTeX Info: Redefining \smash on input line 940.
LaTeX Info: Redefining \relbar on input line 970.
LaTeX Info: Redefining \Relbar on input line 971.
\c@MaxMatrixCols=\count272
\dotsspace@=\muskip16
\c@parentequation=\count273
\dspbrk@lvl=\count274
\tag@help=\toks23
\row@=\count275
\column@=\count276
\maxfields@=\count277
\andhelp@=\toks24
\eqnshift@=\dimen148
\alignsep@=\dimen149
\tagshift@=\dimen150
\tagwidth@=\dimen151
\totwidth@=\dimen152
\lineht@=\dimen153
\@envbody=\toks25
\multlinegap=\skip63
\multlinetaggap=\skip64
\mathdisplay@stack=\toks26
LaTeX Info: Redefining \[ on input line 2953.
LaTeX Info: Redefining \] on input line 2954.
)
(/usr/share/texlive/texmf-dist/tex/latex/amsfonts/amssymb.sty
Package: amssymb 2013/01/14 v3.01 AMS font symbols

(/usr/share/texlive/texmf-dist/tex/latex/amsfonts/amsfonts.sty
Package: amsfonts 2013/01/14 v3.01 Basic AMSFonts support
\symAMSa=\mathgroup4
\symAMSb=\mathgroup5
LaTeX Font Info:    Redeclaring math symbol \hbar on input line 98.
LaTeX Font Info:    Overwriting math alphabet `\mathfrak' in version `bold'
(Font)                  U/euf/m/n --> U/euf/b/n on input line 106.
))
(/usr/share/texlive/texmf-dist/tex/latex/lineno/lineno.sty
Package: lineno 2023/05/20 line numbers on paragraphs v5.3

(/usr/share/texlive/texmf-dist/tex/latex/etoolbox/etoolbox.sty
Package: etoolbox 2020/10/05 v2.5k e-TeX tools for LaTeX (JAW)
\etb@tempcnta=\count278
)
\linenopenalty=\count279
\output=\toks27
\linenoprevgraf=\count280
\linenumbersep=\dimen154
\linenumberwidth=\dimen155
\c@linenumber=\count281
\c@pagewiselinenumber=\count282
\c@LN@truepage=\count283
\c@internallinenumber=\count284
\c@internallinenumbers=\count285
\quotelinenumbersep=\dimen156
\bframerule=\dimen157
\bframesep=\dimen158
\bframebox=\box55
\linenoamsmath@ams@eqpen=\count286
LaTeX Info: Redefining \\ on input line 3180.
)
(/usr/share/texlive/texmf-dist/tex/latex/setspace/setspace.sty
Package: setspace 2022/12/04 v6.7b set line spacing
)
(/usr/share/texlive/texmf-dist/tex/latex/enumitem/enumitem.sty
Package: enumitem 2019/06/20 v3.9 Customized lists
\labelindent=\skip65
\enit@outerparindent=\dimen159
\enit@toks=\toks28
\enit@inbox=\box56
\enit@count@id=\count287
\enitdp@description=\count288
)
(/usr/share/texlive/texmf-dist/tex/latex/psnfss/mathpazo.sty
Package: mathpazo 2020/03/25 PSNFSS-v9.3 Palatino w/ Pazo Math (D.Puga, WaS) 
\symupright=\mathgroup6
)
(/usr/share/texlive/texmf-dist/tex/latex/booktabs/booktabs.sty
Package: booktabs 2020/01/12 v1.61803398 Publication quality tables
\heavyrulewidth=\dimen160
\lightrulewidth=\dimen161
\cmidrulewidth=\dimen162
\belowrulesep=\dimen163
\belowbottomsep=\dimen164
\aboverulesep=\dimen165
\abovetopsep=\dimen166
\cmidrulesep=\dimen167
\cmidrulekern=\dimen168
\defaultaddspace=\dimen169
\@cmidla=\count289
\@cmidlb=\count290
\@aboverulesep=\dimen170
\@belowrulesep=\dimen171
\@thisruleclass=\count291
\@lastruleclass=\count292
\@thisrulewidth=\dimen172
)
(/usr/share/texlive/texmf-dist/tex/latex/titlesec/titlesec.sty
Package: titlesec 2023/10/27 v2.16 Sectioning titles
\ttl@box=\box57
\beforetitleunit=\skip66
\aftertitleunit=\skip67
\ttl@plus=\dimen173
\ttl@minus=\dimen174
\ttl@toksa=\toks29
\titlewidth=\dimen175
\titlewidthlast=\dimen176
\titlewidthfirst=\dimen177
)
(/usr/share/texlive/texmf-dist/tex/latex/tabto-ltx/tabto.sty
Package: tabto 2018/12/28  v 1.4  Another tabbing mechanism
\CurrentLineWidth=\dimen178
\TabPrevPos=\dimen179
)
(/usr/share/texlive/texmf-dist/tex/latex/xcolor/xcolor.sty
Package: xcolor 2023/11/15 v3.01 LaTeX color extensions (UK)

(/usr/share/texlive/texmf-dist/tex/latex/graphics-cfg/color.cfg
File: color.cfg 2016/01/02 v1.6 sample color configuration
)
Package xcolor Info: Driver file: pdftex.def on input line 274.

(/usr/share/texlive/texmf-dist/tex/latex/graphics/mathcolor.ltx)
Package xcolor Info: Model `cmy' substituted by `cmy0' on input line 1350.
Package xcolor Info: Model `hsb' substituted by `rgb' on input line 1354.
Package xcolor Info: Model `RGB' extended on input line 1366.
Package xcolor Info: Model `HTML' substituted by `rgb' on input line 1368.
Package xcolor Info: Model `Hsb' substituted by `hsb' on input line 1369.
Package xcolor Info: Model `tHsb' substituted by `hsb' on input line 1370.
Package xcolor Info: Model `HSB' substituted by `hsb' on input line 1371.
Package xcolor Info: Model `Gray' substituted by `gray' on input line 1372.
Package xcolor Info: Model `wave' substituted by `hsb' on input line 1373.
)
(/usr/share/texlive/texmf-dist/tex/latex/colortbl/colortbl.sty
Package: colortbl 2022/06/20 v1.0f Color table columns (DPC)

(/usr/share/texlive/texmf-dist/tex/latex/tools/array.sty
Package: array 2023/10/16 v2.5g Tabular extension package (FMi)
\col@sep=\dimen180
\ar@mcellbox=\box58
\extrarowheight=\dimen181
\NC@list=\toks30
\extratabsurround=\skip68
\backup@length=\skip69
\ar@cellbox=\box59
)
\everycr=\toks31
\minrowclearance=\skip70
\rownum=\count293
)
(/usr/share/texlive/texmf-dist/tex/generic/soul/soul.sty
Package: soul 2023-06-14 v3.1 Permit use of UTF-8 characters in soul (HO)

(/usr/share/texlive/texmf-dist/tex/generic/soul/soul-ori.sty
Package: soul-ori 2023-06-14 v3.1 letterspacing/underlining (mf)
\SOUL@word=\toks32
\SOUL@lasttoken=\toks33
\SOUL@syllable=\toks34
\SOUL@cmds=\toks35
\SOUL@buffer=\toks36
\SOUL@token=\toks37
\SOUL@syllgoal=\dimen182
\SOUL@syllwidth=\dimen183
\SOUL@charkern=\dimen184
\SOUL@hyphkern=\dimen185
\SOUL@dimen=\dimen186
\SOUL@dimeni=\dimen187
\SOUL@minus=\count294
\SOUL@comma=\count295
\SOUL@apo=\count296
\SOUL@grave=\count297
\SOUL@spaceskip=\skip71
\SOUL@ttwidth=\dimen188
\SOUL@uldp=\dimen189
\SOUL@ulht=\dimen190
)
(/usr/share/texlive/texmf-dist/tex/generic/etexcmds/etexcmds.sty
Package: etexcmds 2019/12/15 v1.7 Avoid name clashes with e-TeX commands (HO)
))
(/usr/share/texlive/texmf-dist/tex/latex/multirow/multirow.sty
Package: multirow 2021/03/15 v2.8 Span multiple rows of a table
\multirow@colwidth=\skip72
\multirow@cntb=\count298
\multirow@dima=\skip73
\bigstrutjot=\dimen191
)
(/usr/share/texlive/texmf-dist/tex/latex/microtype/microtype.sty
Package: microtype 2023/03/13 v3.1a Micro-typographical refinements (RS)
\MT@toks=\toks38
\MT@tempbox=\box60
\MT@count=\count299
LaTeX Info: Redefining \noprotrusionifhmode on input line 1059.
LaTeX Info: Redefining \leftprotrusion on input line 1060.
\MT@prot@toks=\toks39
LaTeX Info: Redefining \rightprotrusion on input line 1078.
LaTeX Info: Redefining \textls on input line 1368.
\MT@outer@kern=\dimen192
LaTeX Info: Redefining \textmicrotypecontext on input line 1988.
\MT@listname@count=\count300

(/usr/share/texlive/texmf-dist/tex/latex/microtype/microtype-pdftex.def
File: microtype-pdftex.def 2023/03/13 v3.1a Definitions specific to pdftex (RS)

LaTeX Info: Redefining \lsstyle on input line 902.
LaTeX Info: Redefining \lslig on input line 902.
\MT@outer@space=\skip74
)
Package microtype Info: Loading configuration file microtype.cfg.

(/usr/share/texlive/texmf-dist/tex/latex/microtype/microtype.cfg
File: microtype.cfg 2023/03/13 v3.1a microtype main configuration file (RS)
))
(/usr/share/texlive/texmf-dist/tex/latex/pgf/frontendlayer/tikz.sty
(/usr/share/texlive/texmf-dist/tex/latex/pgf/basiclayer/pgf.sty
(/usr/share/texlive/texmf-dist/tex/latex/pgf/utilities/pgfrcs.sty
(/usr/share/texlive/texmf-dist/tex/generic/pgf/utilities/pgfutil-common.tex
\pgfutil@everybye=\toks40
\pgfutil@tempdima=\dimen193
\pgfutil@tempdimb=\dimen194
)
(/usr/share/texlive/texmf-dist/tex/generic/pgf/utilities/pgfutil-latex.def
\pgfutil@abb=\box61
)
(/usr/share/texlive/texmf-dist/tex/generic/pgf/utilities/pgfrcs.code.tex
(/usr/share/texlive/texmf-dist/tex/generic/pgf/pgf.revision.tex)
Package: pgfrcs 2023-01-15 v3.1.10 (3.1.10)
))
Package: pgf 2023-01-15 v3.1.10 (3.1.10)

(/usr/share/texlive/texmf-dist/tex/latex/pgf/basiclayer/pgfcore.sty
(/usr/share/texlive/texmf-dist/tex/latex/pgf/systemlayer/pgfsys.sty
(/usr/share/texlive/texmf-dist/tex/generic/pgf/systemlayer/pgfsys.code.tex
Package: pgfsys 2023-01-15 v3.1.10 (3.1.10)

(/usr/share/texlive/texmf-dist/tex/generic/pgf/utilities/pgfkeys.code.tex
\pgfkeys@pathtoks=\toks41
\pgfkeys@temptoks=\toks42

(/usr/share/texlive/texmf-dist/tex/generic/pgf/utilities/pgfkeyslibraryfiltered
.code.tex
\pgfkeys@tmptoks=\toks43
))
\pgf@x=\dimen195
\pgf@y=\dimen196
\pgf@xa=\dimen197
\pgf@ya=\dimen198
\pgf@xb=\dimen199
\pgf@yb=\dimen256
\pgf@xc=\dimen257
\pgf@yc=\dimen258
\pgf@xd=\dimen259
\pgf@yd=\dimen260
\w@pgf@writea=\write3
\r@pgf@reada=\read2
\c@pgf@counta=\count301
\c@pgf@countb=\count302
\c@pgf@countc=\count303
\c@pgf@countd=\count304
\t@pgf@toka=\toks44
\t@pgf@tokb=\toks45
\t@pgf@tokc=\toks46
\pgf@sys@id@count=\count305
 (/usr/share/texlive/texmf-dist/tex/generic/pgf/systemlayer/pgf.cfg
File: pgf.cfg 2023-01-15 v3.1.10 (3.1.10)
)
Driver file for pgf: pgfsys-pdftex.def
(/usr/share/texlive/texmf-dist/tex/generic/pgf/systemlayer/pgfsys-pdftex.def
File: pgfsys-pdftex.def 2023-01-15 v3.1.10 (3.1.10)

(/usr/share/texlive/texmf-dist/tex/generic/pgf/systemlayer/pgfsys-common-pdf.de
f
File: pgfsys-common-pdf.def 2023-01-15 v3.1.10 (3.1.10)
)))
(/usr/share/texlive/texmf-dist/tex/generic/pgf/systemlayer/pgfsyssoftpath.code.
tex
File: pgfsyssoftpath.code.tex 2023-01-15 v3.1.10 (3.1.10)
\pgfsyssoftpath@smallbuffer@items=\count306
\pgfsyssoftpath@bigbuffer@items=\count307
)
(/usr/share/texlive/texmf-dist/tex/generic/pgf/systemlayer/pgfsysprotocol.code.
tex
File: pgfsysprotocol.code.tex 2023-01-15 v3.1.10 (3.1.10)
))

LaTeX Warning: Package "xcolor" has already been loaded: ignoring load-time
(LaTeX)        option "pdftex".

(/usr/share/texlive/texmf-dist/tex/generic/pgf/basiclayer/pgfcore.code.tex
Package: pgfcore 2023-01-15 v3.1.10 (3.1.10)

(/usr/share/texlive/texmf-dist/tex/generic/pgf/math/pgfmath.code.tex
(/usr/share/texlive/texmf-dist/tex/generic/pgf/math/pgfmathutil.code.tex)
(/usr/share/texlive/texmf-dist/tex/generic/pgf/math/pgfmathparser.code.tex
\pgfmath@dimen=\dimen261
\pgfmath@count=\count308
\pgfmath@box=\box62
\pgfmath@toks=\toks47
\pgfmath@stack@operand=\toks48
\pgfmath@stack@operation=\toks49
)
(/usr/share/texlive/texmf-dist/tex/generic/pgf/math/pgfmathfunctions.code.tex)
(/usr/share/texlive/texmf-dist/tex/generic/pgf/math/pgfmathfunctions.basic.code
.tex)
(/usr/share/texlive/texmf-dist/tex/generic/pgf/math/pgfmathfunctions.trigonomet
ric.code.tex)
(/usr/share/texlive/texmf-dist/tex/generic/pgf/math/pgfmathfunctions.random.cod
e.tex)
(/usr/share/texlive/texmf-dist/tex/generic/pgf/math/pgfmathfunctions.comparison
.code.tex)
(/usr/share/texlive/texmf-dist/tex/generic/pgf/math/pgfmathfunctions.base.code.
tex)
(/usr/share/texlive/texmf-dist/tex/generic/pgf/math/pgfmathfunctions.round.code
.tex)
(/usr/share/texlive/texmf-dist/tex/generic/pgf/math/pgfmathfunctions.misc.code.
tex)
(/usr/share/texlive/texmf-dist/tex/generic/pgf/math/pgfmathfunctions.integerari
thmetics.code.tex)
(/usr/share/texlive/texmf-dist/tex/generic/pgf/math/pgfmathcalc.code.tex)
(/usr/share/texlive/texmf-dist/tex/generic/pgf/math/pgfmathfloat.code.tex
\c@pgfmathroundto@lastzeros=\count309
))
(/usr/share/texlive/texmf-dist/tex/generic/pgf/math/pgfint.code.tex)
(/usr/share/texlive/texmf-dist/tex/generic/pgf/basiclayer/pgfcorepoints.code.te
x
File: pgfcorepoints.code.tex 2023-01-15 v3.1.10 (3.1.10)
\pgf@picminx=\dimen262
\pgf@picmaxx=\dimen263
\pgf@picminy=\dimen264
\pgf@picmaxy=\dimen265
\pgf@pathminx=\dimen266
\pgf@pathmaxx=\dimen267
\pgf@pathminy=\dimen268
\pgf@pathmaxy=\dimen269
\pgf@xx=\dimen270
\pgf@xy=\dimen271
\pgf@yx=\dimen272
\pgf@yy=\dimen273
\pgf@zx=\dimen274
\pgf@zy=\dimen275
)
(/usr/share/texlive/texmf-dist/tex/generic/pgf/basiclayer/pgfcorepathconstruct.
code.tex
File: pgfcorepathconstruct.code.tex 2023-01-15 v3.1.10 (3.1.10)
\pgf@path@lastx=\dimen276
\pgf@path@lasty=\dimen277
)
(/usr/share/texlive/texmf-dist/tex/generic/pgf/basiclayer/pgfcorepathusage.code
.tex
File: pgfcorepathusage.code.tex 2023-01-15 v3.1.10 (3.1.10)
\pgf@shorten@end@additional=\dimen278
\pgf@shorten@start@additional=\dimen279
)
(/usr/share/texlive/texmf-dist/tex/generic/pgf/basiclayer/pgfcorescopes.code.te
x
File: pgfcorescopes.code.tex 2023-01-15 v3.1.10 (3.1.10)
\pgfpic=\box63
\pgf@hbox=\box64
\pgf@layerbox@main=\box65
\pgf@picture@serial@count=\count310
)
(/usr/share/texlive/texmf-dist/tex/generic/pgf/basiclayer/pgfcoregraphicstate.c
ode.tex
File: pgfcoregraphicstate.code.tex 2023-01-15 v3.1.10 (3.1.10)
\pgflinewidth=\dimen280
)
(/usr/share/texlive/texmf-dist/tex/generic/pgf/basiclayer/pgfcoretransformation
s.code.tex
File: pgfcoretransformations.code.tex 2023-01-15 v3.1.10 (3.1.10)
\pgf@pt@x=\dimen281
\pgf@pt@y=\dimen282
\pgf@pt@temp=\dimen283
)
(/usr/share/texlive/texmf-dist/tex/generic/pgf/basiclayer/pgfcorequick.code.tex
File: pgfcorequick.code.tex 2023-01-15 v3.1.10 (3.1.10)
)
(/usr/share/texlive/texmf-dist/tex/generic/pgf/basiclayer/pgfcoreobjects.code.t
ex
File: pgfcoreobjects.code.tex 2023-01-15 v3.1.10 (3.1.10)
)
(/usr/share/texlive/texmf-dist/tex/generic/pgf/basiclayer/pgfcorepathprocessing
.code.tex
File: pgfcorepathprocessing.code.tex 2023-01-15 v3.1.10 (3.1.10)
)
(/usr/share/texlive/texmf-dist/tex/generic/pgf/basiclayer/pgfcorearrows.code.te
x
File: pgfcorearrows.code.tex 2023-01-15 v3.1.10 (3.1.10)
\pgfarrowsep=\dimen284
)
(/usr/share/texlive/texmf-dist/tex/generic/pgf/basiclayer/pgfcoreshade.code.tex
File: pgfcoreshade.code.tex 2023-01-15 v3.1.10 (3.1.10)
\pgf@max=\dimen285
\pgf@sys@shading@range@num=\count311
\pgf@shadingcount=\count312
)
(/usr/share/texlive/texmf-dist/tex/generic/pgf/basiclayer/pgfcoreimage.code.tex
File: pgfcoreimage.code.tex 2023-01-15 v3.1.10 (3.1.10)
)
(/usr/share/texlive/texmf-dist/tex/generic/pgf/basiclayer/pgfcoreexternal.code.
tex
File: pgfcoreexternal.code.tex 2023-01-15 v3.1.10 (3.1.10)
\pgfexternal@startupbox=\box66
)
(/usr/share/texlive/texmf-dist/tex/generic/pgf/basiclayer/pgfcorelayers.code.te
x
File: pgfcorelayers.code.tex 2023-01-15 v3.1.10 (3.1.10)
)
(/usr/share/texlive/texmf-dist/tex/generic/pgf/basiclayer/pgfcoretransparency.c
ode.tex
File: pgfcoretransparency.code.tex 2023-01-15 v3.1.10 (3.1.10)
)
(/usr/share/texlive/texmf-dist/tex/generic/pgf/basiclayer/pgfcorepatterns.code.
tex
File: pgfcorepatterns.code.tex 2023-01-15 v3.1.10 (3.1.10)
)
(/usr/share/texlive/texmf-dist/tex/generic/pgf/basiclayer/pgfcorerdf.code.tex
File: pgfcorerdf.code.tex 2023-01-15 v3.1.10 (3.1.10)
)))
(/usr/share/texlive/texmf-dist/tex/generic/pgf/modules/pgfmoduleshapes.code.tex
File: pgfmoduleshapes.code.tex 2023-01-15 v3.1.10 (3.1.10)
\pgfnodeparttextbox=\box67
) (/usr/share/texlive/texmf-dist/tex/generic/pgf/modules/pgfmoduleplot.code.tex
File: pgfmoduleplot.code.tex 2023-01-15 v3.1.10 (3.1.10)
)
(/usr/share/texlive/texmf-dist/tex/latex/pgf/compatibility/pgfcomp-version-0-65
.sty
Package: pgfcomp-version-0-65 2023-01-15 v3.1.10 (3.1.10)
\pgf@nodesepstart=\dimen286
\pgf@nodesepend=\dimen287
)
(/usr/share/texlive/texmf-dist/tex/latex/pgf/compatibility/pgfcomp-version-1-18
.sty
Package: pgfcomp-version-1-18 2023-01-15 v3.1.10 (3.1.10)
)) (/usr/share/texlive/texmf-dist/tex/latex/pgf/utilities/pgffor.sty
(/usr/share/texlive/texmf-dist/tex/latex/pgf/utilities/pgfkeys.sty
(/usr/share/texlive/texmf-dist/tex/generic/pgf/utilities/pgfkeys.code.tex))
(/usr/share/texlive/texmf-dist/tex/latex/pgf/math/pgfmath.sty
(/usr/share/texlive/texmf-dist/tex/generic/pgf/math/pgfmath.code.tex))
(/usr/share/texlive/texmf-dist/tex/generic/pgf/utilities/pgffor.code.tex
Package: pgffor 2023-01-15 v3.1.10 (3.1.10)
\pgffor@iter=\dimen288
\pgffor@skip=\dimen289
\pgffor@stack=\toks50
\pgffor@toks=\toks51
))
(/usr/share/texlive/texmf-dist/tex/generic/pgf/frontendlayer/tikz/tikz.code.tex
Package: tikz 2023-01-15 v3.1.10 (3.1.10)

(/usr/share/texlive/texmf-dist/tex/generic/pgf/libraries/pgflibraryplothandlers
.code.tex
File: pgflibraryplothandlers.code.tex 2023-01-15 v3.1.10 (3.1.10)
\pgf@plot@mark@count=\count313
\pgfplotmarksize=\dimen290
)
\tikz@lastx=\dimen291
\tikz@lasty=\dimen292
\tikz@lastxsaved=\dimen293
\tikz@lastysaved=\dimen294
\tikz@lastmovetox=\dimen295
\tikz@lastmovetoy=\dimen296
\tikzleveldistance=\dimen297
\tikzsiblingdistance=\dimen298
\tikz@figbox=\box68
\tikz@figbox@bg=\box69
\tikz@tempbox=\box70
\tikz@tempbox@bg=\box71
\tikztreelevel=\count314
\tikznumberofchildren=\count315
\tikznumberofcurrentchild=\count316
\tikz@fig@count=\count317

(/usr/share/texlive/texmf-dist/tex/generic/pgf/modules/pgfmodulematrix.code.tex
File: pgfmodulematrix.code.tex 2023-01-15 v3.1.10 (3.1.10)
\pgfmatrixcurrentrow=\count318
\pgfmatrixcurrentcolumn=\count319
\pgf@matrix@numberofcolumns=\count320
)
\tikz@expandcount=\count321

(/usr/share/texlive/texmf-dist/tex/generic/pgf/frontendlayer/tikz/libraries/tik
zlibrarytopaths.code.tex
File: tikzlibrarytopaths.code.tex 2023-01-15 v3.1.10 (3.1.10)
)))
(/usr/share/texlive/texmf-dist/tex/latex/refcount/refcount.sty
Package: refcount 2019/12/15 v3.6 Data extraction from label references (HO)
)
(/usr/share/texlive/texmf-dist/tex/latex/changepage/changepage.sty
Package: changepage 2009/10/20 v1.0c check page and change page layout
\c@cp@cntr=\count322
\cp@tempcnt=\count323
)
(/usr/share/texlive/texmf-dist/tex/latex/frankenstein/attrib.sty
Package: attrib 2001/08/31 v1.3 attribution of block elements (Frankenstein's h
at)

(/usr/share/texlive/texmf-dist/tex/latex/frankenstein/moredefs.sty
Package: moredefs 2001/08/31 v1.8 more defining commands (Frankenstein's brain)

\sc@toks@a=\toks52
\sc@toks@b=\toks53
)
\AttribMinSkip=\skip75
)
(/usr/share/texlive/texmf-dist/tex/latex/was/upgreek.sty
Package: upgreek 2003/02/12 v2.0 (WaS)
Package upgreek Info: Using Euler Roman for upright Greek on input line 31.
\symugrf@m=\mathgroup7
LaTeX Font Info:    Overwriting symbol font `ugrf@m' in version `bold'
(Font)                  U/eur/m/n --> U/eur/b/n on input line 38.
)
(/usr/share/texlive/texmf-dist/tex/latex/tools/tabularx.sty
Package: tabularx 2023/07/08 v2.11c `tabularx' package (DPC)
\TX@col@width=\dimen299
\TX@old@table=\dimen300
\TX@old@col=\dimen301
\TX@target=\dimen302
\TX@delta=\dimen303
\TX@cols=\count324
\TX@ftn=\toks54
)
(/usr/share/texlive/texmf-dist/tex/latex/pbox/pbox.sty
Package: pbox 2011/12/07 v1.2 Dynamic parboxes
\pb@xlen=\skip76
)
(/usr/share/texlive/texmf-dist/tex/latex/ragged2e/ragged2e.sty
Package: ragged2e 2023/06/22 v3.6 ragged2e Package
\CenteringLeftskip=\skip77
\RaggedLeftLeftskip=\skip78
\RaggedRightLeftskip=\skip79
\CenteringRightskip=\skip80
\RaggedLeftRightskip=\skip81
\RaggedRightRightskip=\skip82
\CenteringParfillskip=\skip83
\RaggedLeftParfillskip=\skip84
\RaggedRightParfillskip=\skip85
\JustifyingParfillskip=\skip86
\CenteringParindent=\skip87
\RaggedLeftParindent=\skip88
\RaggedRightParindent=\skip89
\JustifyingParindent=\skip90
)
(/usr/share/texlive/texmf-dist/tex/latex/tocloft/tocloft.sty
Package: tocloft 2017/08/31 v2.3i parameterised ToC, etc., typesetting
Package tocloft Info: The document has section divisions on input line 51.
\cftparskip=\skip91
\cftbeforetoctitleskip=\skip92
\cftaftertoctitleskip=\skip93
\cftbeforepartskip=\skip94
\cftpartnumwidth=\skip95
\cftpartindent=\skip96
\cftbeforesecskip=\skip97
\cftsecindent=\skip98
\cftsecnumwidth=\skip99
\cftbeforesubsecskip=\skip100
\cftsubsecindent=\skip101
\cftsubsecnumwidth=\skip102
\cftbeforesubsubsecskip=\skip103
\cftsubsubsecindent=\skip104
\cftsubsubsecnumwidth=\skip105
\cftbeforeparaskip=\skip106
\cftparaindent=\skip107
\cftparanumwidth=\skip108
\cftbeforesubparaskip=\skip109
\cftsubparaindent=\skip110
\cftsubparanumwidth=\skip111
\cftbeforeloftitleskip=\skip112
\cftafterloftitleskip=\skip113
\cftbeforefigskip=\skip114
\cftfigindent=\skip115
\cftfignumwidth=\skip116
\cftbeforelottitleskip=\skip117
\cftafterlottitleskip=\skip118
\cftbeforetabskip=\skip119
\cfttabindent=\skip120
\cfttabnumwidth=\skip121
\cftbeforesubfigskip=\skip122
\cftsubfigindent=\skip123
\cftsubfignumwidth=\skip124
\cftbeforesubtabskip=\skip125
\cftsubtabindent=\skip126
\cftsubtabnumwidth=\skip127
)
(/usr/share/texlive/texmf-dist/tex/latex/marginnote/marginnote.sty
Package: marginnote 2018/08/09 1.4b non floating margin notes for LaTeX
\c@mn@abspage=\count325
)
(/usr/share/texlive/texmf-dist/tex/latex/marginfix/marginfix.sty
Package: marginfix 2020/05/06 v1.2 Fix Margin Paragraphs
\Mfx@inject@insert=\insert252
\Mfx@marginbox=\box72
\Mfx@marginpos@min=\dimen304
\Mfx@marginpos@max=\dimen305
\Mfx@marginspace=\dimen306
\Mfx@marginheight=\dimen307
\Mfx@piece@content=\box73
\Mfx@piece@count=\count326
\Mfx@mparshift=\dimen308
\marginheightadjustment=\dimen309
\marginposadjustment=\dimen310
\Mfx@strutheight=\dimen311
)
(/usr/share/texlive/texmf-dist/tex/latex/enotez/enotez.sty
(/usr/share/texlive/texmf-dist/tex/latex/l3kernel/expl3.sty
Package: expl3 2024-01-22 L3 programming layer (loader) 

(/usr/share/texlive/texmf-dist/tex/latex/l3backend/l3backend-pdftex.def
File: l3backend-pdftex.def 2024-01-04 L3 backend support: PDF output (pdfTeX)
\l__color_backend_stack_int=\count327
\l__pdf_internal_box=\box74
))
(/usr/share/texlive/texmf-dist/tex/latex/l3packages/xparse/xparse.sty
Package: xparse 2023-10-10 L3 Experimental document command parser
)
(/usr/share/texlive/texmf-dist/tex/latex/l3packages/l3keys2e/l3keys2e.sty
Package: l3keys2e 2023-10-10 LaTeX2e option processing using LaTeX3 keys
)
(/usr/share/texlive/texmf-dist/tex/latex/l3packages/xtemplate/xtemplate.sty
Package: xtemplate 2023-10-10 L3 Experimental prototype document functions
\l__xtemplate_tmp_dim=\dimen312
\l__xtemplate_tmp_int=\count328
\l__xtemplate_tmp_muskip=\muskip17
\l__xtemplate_tmp_skip=\skip128
)
Package: enotez 2022/01/04 v0.10d Endnotes for LaTeX2e
\l__enotez_list_preamble_skip=\skip129
\l__enotez_list_postamble_skip=\skip130
\g__enotez_endnote_id_int=\count329
\g__enotez_endnote_mark_int=\count330
\c@endnote=\count331
\g__enotez_list_printed_int=\count332
\l__enotez_tmpa_int=\count333

Package xtemplate Info: Declaring object type 'enotez-list' taking 1
(xtemplate)             argument(s) on line 473.

\l__enotez_list_notes_sep_dim=\dimen313

(/usr/share/texlive/texmf-dist/tex/latex/translations/translations.sty
Package: translations 2022/02/05 v1.12 internationalization of LaTeX2e packages
 (CN)
))
(/usr/share/texlive/texmf-dist/tex/generic/xstring/xstring.sty
(/usr/share/texlive/texmf-dist/tex/generic/xstring/xstring.tex
\xs_counta=\count334
\xs_countb=\count335
)
Package: xstring 2023/08/22 v1.86 String manipulations (CT)
)
(/usr/share/texlive/texmf-dist/tex/latex/subfig/subfig.sty
Package: subfig 2005/06/28 ver: 1.3 subfig package

(/usr/share/texlive/texmf-dist/tex/latex/caption/caption.sty
Package: caption 2023/08/05 v3.6o Customizing captions (AR)

(/usr/share/texlive/texmf-dist/tex/latex/caption/caption3.sty
Package: caption3 2023/07/31 v2.4d caption3 kernel (AR)
\caption@tempdima=\dimen314
\captionmargin=\dimen315
\caption@leftmargin=\dimen316
\caption@rightmargin=\dimen317
\caption@width=\dimen318
\caption@indent=\dimen319
\caption@parindent=\dimen320
\caption@hangindent=\dimen321
Package caption Info: Standard document class detected.
)
\c@caption@flags=\count336
\c@continuedfloat=\count337
Package caption Info: changepage package is loaded.
\caption@adjustwidth@hsize=\dimen322
\caption@adjustwidth@linewidth=\dimen323
Package caption Info: float package is loaded.
)
\c@KVtest=\count338
\sf@farskip=\skip131
\sf@captopadj=\dimen324
\sf@capskip=\skip132
\sf@nearskip=\skip133
\c@subfigure=\count339
\c@subfigure@save=\count340
\c@lofdepth=\count341
\c@subtable=\count342
\c@subtable@save=\count343
\c@lotdepth=\count344
\sf@top=\skip134
\sf@bottom=\skip135
)
(/usr/share/texlive/texmf-dist/tex/generic/alphalph/alphalph.sty
Package: alphalph 2019/12/09 v2.6 Convert numbers to letters (HO)

(/usr/share/texlive/texmf-dist/tex/generic/intcalc/intcalc.sty
Package: intcalc 2019/12/15 v1.3 Expandable calculations with integers (HO)
))
(./Definitions/journalnames.tex)
(/usr/share/texlive/texmf-dist/tex/latex/amscls/amsthm.sty
Package: amsthm 2020/05/29 v2.20.6
\thm@style=\toks55
\thm@bodyfont=\toks56
\thm@headfont=\toks57
\thm@notefont=\toks58
\thm@headpunct=\toks59
\thm@preskip=\skip136
\thm@postskip=\skip137
\thm@headsep=\skip138
\dth@everypar=\toks60
)
\c@theorem=\count345
\c@lemma=\count346
\c@corollary=\count347
\c@proposition=\count348
\c@characterization=\count349
\c@property=\count350
\c@problem=\count351
\c@example=\count352
\c@examplesanddefinitions=\count353
\c@remark=\count354
\c@definition=\count355
\c@hypothesis=\count356
\c@notation=\count357
\c@assumption=\count358
\c@algorithm=\count359

(/usr/share/texlive/texmf-dist/tex/latex/natbib/natbib.sty
Package: natbib 2010/09/13 8.31b (PWD, AO)
\bibhang=\skip139
\bibsep=\skip140
LaTeX Info: Redefining \cite on input line 694.
\c@NAT@ctr=\count360
)
(/usr/share/texlive/texmf-dist/tex/latex/koma-script/scrextend.sty
Package: scrextend 2023/07/07 v3.41 KOMA-Script package (extend other classes w
ith features of KOMA-Script classes)

(/usr/share/texlive/texmf-dist/tex/latex/koma-script/scrkbase.sty
Package: scrkbase 2023/07/07 v3.41 KOMA-Script package (KOMA-Script-dependent b
asics and keyval usage)

(/usr/share/texlive/texmf-dist/tex/latex/koma-script/scrbase.sty
Package: scrbase 2023/07/07 v3.41 KOMA-Script package (KOMA-Script-independent 
basics and keyval usage)

(/usr/share/texlive/texmf-dist/tex/latex/koma-script/scrlfile.sty
Package: scrlfile 2023/07/07 v3.41 KOMA-Script package (file load hooks)

(/usr/share/texlive/texmf-dist/tex/latex/koma-script/scrlfile-hook.sty
Package: scrlfile-hook 2023/07/07 v3.41 KOMA-Script package (using LaTeX hooks)


(/usr/share/texlive/texmf-dist/tex/latex/koma-script/scrlogo.sty
Package: scrlogo 2023/07/07 v3.41 KOMA-Script package (logo)
)))
Applying: [2021/05/01] Usage of raw or classic option list on input line 252.
Already applied: [0000/00/00] Usage of raw or classic option list on input line
 368.
)))
\MyLen=\skip141
\MyBox=\box75
\leftcolumnlength=\skip142
\extralength=\skip143
\fulllength=\skip144

(/usr/share/texlive/texmf-dist/tex/latex/geometry/geometry.sty
Package: geometry 2020/01/02 v5.9 Page Geometry

(/usr/share/texlive/texmf-dist/tex/generic/iftex/ifvtex.sty
Package: ifvtex 2019/10/25 v1.7 ifvtex legacy package. Use iftex instead.
)
\Gm@cnth=\count361
\Gm@cntv=\count362
\c@Gm@tempcnt=\count363
\Gm@bindingoffset=\dimen325
\Gm@wd@mp=\dimen326
\Gm@odd@mp=\dimen327
\Gm@even@mp=\dimen328
\Gm@layoutwidth=\dimen329
\Gm@layoutheight=\dimen330
\Gm@layouthoffset=\dimen331
\Gm@layoutvoffset=\dimen332
\Gm@dimlist=\toks61
)
(/usr/share/texlive/texmf-dist/tex/latex/newfloat/newfloat.sty
Package: newfloat 2023/10/01 v1.2 Defining new floating environments (AR)
)
Package newfloat Info: New float `listing' with options `' on input line 1561.
\c@listing=\count364
Package newfloat Info: float type `listing'=4 on input line 1561.
\c@lolistingdepth=\count365
Package newfloat Info: New float `boxenv' with options `name=Box' on input line
 1562.
\c@boxenv=\count366
Package newfloat Info: float type `boxenv'=8 on input line 1562.
\c@loboxenvdepth=\count367
Package newfloat Info: New float `chart' with options `' on input line 1563.
\c@chart=\count368
Package newfloat Info: float type `chart'=16 on input line 1563.
\c@lochartdepth=\count369
Package newfloat Info: New float `scheme' with options `' on input line 1564.
\c@scheme=\count370
Package newfloat Info: float type `scheme'=32 on input line 1564.
\c@loschemedepth=\count371
Package newfloat Info: New float `figurewide' with options `' on input line 156
5.
\c@figurewide=\count372
Package newfloat Info: float type `figurewide'=64 on input line 1565.
\c@lofigurewidedepth=\count373
Package newfloat Info: New float `graph' with options `' on input line 1566.
\c@graph=\count374
Package newfloat Info: float type `graph'=128 on input line 1566.
\c@lographdepth=\count375
\@justcentbox=\box76

(/usr/share/texlive/texmf-dist/tex/latex/seqsplit/seqsplit.sty
Package: seqsplit 2006/08/07 v0.1 Splitting long sequences (DNA, RNA, proteins,
 etc.) 
)
\cellWidtha=\skip145
\cellWidthb=\skip146
\cellWidthc=\skip147
\cellWidthd=\skip148
\cellWidthe=\skip149
\cellWidthf=\skip150
\cellWidthg=\skip151
\cellWidthh=\skip152
\cellWidthi=\skip153
\cellWidthj=\skip154
\cellWidthk=\skip155
\cellWidthl=\skip156
\cellWidthm=\skip157
\cellWidthn=\skip158
\cellWidtho=\skip159
\cellWidthp=\skip160
\cellWidthq=\skip161
\cellWidthr=\skip162
\cellWidths=\skip163
\cellWidtht=\skip164
\cellWidthu=\skip165
\cellWidthv=\skip166
\cellWidthw=\skip167
\cellWidthx=\skip168
\cellWidthy=\skip169
\cellWidthz=\skip170
\cellWidthA=\skip171
\cellWidthB=\skip172
\cellWidthC=\skip173
\cellWidthD=\skip174
\cellWidthE=\skip175
\cellWidthF=\skip176
\cellWidthG=\skip177
\cellWidthH=\skip178
\cellWidthI=\skip179
\cellWidthJ=\skip180
\cellWidthK=\skip181
\cellWidthL=\skip182
\cellWidthM=\skip183
\cellWidthN=\skip184
\cellWidthO=\skip185
\cellWidthP=\skip186
\cellWidthQ=\skip187
\cellWidthR=\skip188
\cellWidthS=\skip189
\cellWidthT=\skip190
\cellWidthU=\skip191
\cellWidthV=\skip192
\cellWidthW=\skip193
\cellWidthX=\skip194
\cellWidthY=\skip195
\cellWidthZ=\skip196
)
(/usr/share/texlive/texmf-dist/tex/latex/tools/longtable.sty
Package: longtable 2023-11-01 v4.19 Multi-page Table package (DPC)
\LTleft=\skip197
\LTright=\skip198
\LTpre=\skip199
\LTpost=\skip256
\LTchunksize=\count376
\LTcapwidth=\dimen333
\LT@head=\box77
\LT@firsthead=\box78
\LT@foot=\box79
\LT@lastfoot=\box80
\LT@gbox=\box81
\LT@cols=\count377
\LT@rows=\count378
\c@LT@tables=\count379
\c@LT@chunks=\count380
\LT@p@ftn=\toks62
)
(/usr/share/texlive/texmf-dist/tex/latex/caption/subcaption.sty
Package: subcaption 2023/07/28 v1.6b Sub-captions (AR)
LaTeX Info: Redefining \subref on input line 189.
Package subcaption Info: The counter `subfigure' was already defined by
(subcaption)             \newsubfloat (offered by the subfig package) on input 
line 238.
Package subcaption Info: The counter `subtable' was already defined by
(subcaption)             \newsubfloat (offered by the subfig package) on input 
line 238.
Package caption Info: New subtype `sublisting' on input line 238.
\c@sublisting=\count381
Package caption Info: New subtype `subboxenv' on input line 238.
\c@subboxenv=\count382
Package caption Info: New subtype `subchart' on input line 238.
\c@subchart=\count383
Package caption Info: New subtype `subscheme' on input line 238.
\c@subscheme=\count384
Package caption Info: New subtype `subfigurewide' on input line 238.
\c@subfigurewide=\count385
Package caption Info: New subtype `subgraph' on input line 238.
\c@subgraph=\count386
)
Package translations Info: No language package found. I am going to use `englis
h' as default language. on input line 65.

(/usr/share/texlive/texmf-dist/tex/latex/hyperref/hyperref.sty
Package: hyperref 2024-01-20 v7.01h Hypertext links for LaTeX

(/usr/share/texlive/texmf-dist/tex/generic/pdfescape/pdfescape.sty
Package: pdfescape 2019/12/09 v1.15 Implements pdfTeX's escape features (HO)
)
(/usr/share/texlive/texmf-dist/tex/latex/hycolor/hycolor.sty
Package: hycolor 2020-01-27 v1.10 Color options for hyperref/bookmark (HO)
)
(/usr/share/texlive/texmf-dist/tex/latex/auxhook/auxhook.sty
Package: auxhook 2019-12-17 v1.6 Hooks for auxiliary files (HO)
)
(/usr/share/texlive/texmf-dist/tex/latex/hyperref/nameref.sty
Package: nameref 2023-11-26 v2.56 Cross-referencing by name of section

(/usr/share/texlive/texmf-dist/tex/generic/gettitlestring/gettitlestring.sty
Package: gettitlestring 2019/12/15 v1.6 Cleanup title references (HO)
)
\c@section@level=\count387
)
\@linkdim=\dimen334
\Hy@linkcounter=\count388
\Hy@pagecounter=\count389

(/usr/share/texlive/texmf-dist/tex/latex/hyperref/pd1enc.def
File: pd1enc.def 2024-01-20 v7.01h Hyperref: PDFDocEncoding definition (HO)
Now handling font encoding PD1 ...
... no UTF-8 mapping file for font encoding PD1
)
\Hy@SavedSpaceFactor=\count390

(/usr/share/texlive/texmf-dist/tex/latex/hyperref/puenc.def
File: puenc.def 2024-01-20 v7.01h Hyperref: PDF Unicode definition (HO)
Now handling font encoding PU ...
... no UTF-8 mapping file for font encoding PU
)
Package hyperref Info: Option `unicode' set `true' on input line 4062.
Package hyperref Info: Option `bookmarksopen' set `true' on input line 4062.
Package hyperref Info: Option `pdffitwindow' set `true' on input line 4062.
Package hyperref Info: Option `colorlinks' set `true' on input line 4062.
Package hyperref Info: Option `hyperfootnotes' set `true' on input line 4062.
Package hyperref Info: Hyper figures OFF on input line 4179.
Package hyperref Info: Link nesting OFF on input line 4184.
Package hyperref Info: Hyper index ON on input line 4187.
Package hyperref Info: Plain pages OFF on input line 4194.
Package hyperref Info: Backreferencing OFF on input line 4199.
Package hyperref Info: Implicit mode ON; LaTeX internals redefined.
Package hyperref Info: Bookmarks ON on input line 4446.
\c@Hy@tempcnt=\count391

(/usr/share/texlive/texmf-dist/tex/latex/url/url.sty
\Urlmuskip=\muskip18
Package: url 2013/09/16  ver 3.4  Verb mode for urls, etc.
)
LaTeX Info: Redefining \url on input line 4784.
\XeTeXLinkMargin=\dimen335

(/usr/share/texlive/texmf-dist/tex/generic/bitset/bitset.sty
Package: bitset 2019/12/09 v1.3 Handle bit-vector datatype (HO)

(/usr/share/texlive/texmf-dist/tex/generic/bigintcalc/bigintcalc.sty
Package: bigintcalc 2019/12/15 v1.5 Expandable calculations on big integers (HO
)
))
\Fld@menulength=\count392
\Field@Width=\dimen336
\Fld@charsize=\dimen337
Package hyperref Info: Hyper figures OFF on input line 6063.
Package hyperref Info: Link nesting OFF on input line 6068.
Package hyperref Info: Hyper index ON on input line 6071.
Package hyperref Info: backreferencing OFF on input line 6078.
Package hyperref Info: Link coloring ON on input line 6081.
Package hyperref Info: Link coloring with OCG OFF on input line 6088.
Package hyperref Info: PDF/A mode OFF on input line 6093.

(/usr/share/texlive/texmf-dist/tex/latex/base/atbegshi-ltx.sty
Package: atbegshi-ltx 2021/01/10 v1.0c Emulation of the original atbegshi
package with kernel methods
)
\Hy@abspage=\count393
\c@Item=\count394
\c@Hfootnote=\count395
)
Package hyperref Info: Driver: hpdftex.

(/usr/share/texlive/texmf-dist/tex/latex/hyperref/hpdftex.def
File: hpdftex.def 2024-01-20 v7.01h Hyperref driver for pdfTeX

(/usr/share/texlive/texmf-dist/tex/latex/base/atveryend-ltx.sty
Package: atveryend-ltx 2020/08/19 v1.0a Emulation of the original atveryend pac
kage
with kernel methods
)
Package hyperref Info: \pdfmajorversion.\pdfminorversion:=1.7 on input line 205
.
\Fld@listcount=\count396
\c@bookmark@seq@number=\count397

(/usr/share/texlive/texmf-dist/tex/latex/rerunfilecheck/rerunfilecheck.sty
Package: rerunfilecheck 2022-07-10 v1.10 Rerun checks for auxiliary files (HO)

(/usr/share/texlive/texmf-dist/tex/generic/uniquecounter/uniquecounter.sty
Package: uniquecounter 2019/12/15 v1.4 Provide unlimited unique counter (HO)
)
Package uniquecounter Info: New unique counter `rerunfilecheck' on input line 2
85.
)
\Hy@SectionHShift=\skip257
)
(/usr/share/texlive/texmf-dist/tex/latex/cleveref/cleveref.sty
Package: cleveref 2018/03/27 v0.21.4 Intelligent cross-referencing
Package cleveref Info: `hyperref' support loaded on input line 2370.
LaTeX Info: Redefining \cref on input line 2370.
LaTeX Info: Redefining \Cref on input line 2370.
LaTeX Info: Redefining \crefrange on input line 2370.
LaTeX Info: Redefining \Crefrange on input line 2370.
LaTeX Info: Redefining \cpageref on input line 2370.
LaTeX Info: Redefining \Cpageref on input line 2370.
LaTeX Info: Redefining \cpagerefrange on input line 2370.
LaTeX Info: Redefining \Cpagerefrange on input line 2370.
LaTeX Info: Redefining \labelcref on input line 2370.
LaTeX Info: Redefining \labelcpageref on input line 2370.
Package cleveref Info: `amsthm' support loaded on input line 3026.
Package cleveref Info: `subfig' support loaded on input line 3164.
Package cleveref Info: always capitalise cross-reference names on input line 78
25.
Package cleveref Info: always capitalise cross-reference names on input line 78
52.
Package cleveref Info: no abbreviation of names on input line 7852.
)
LaTeX Font Info:    Trying to load font information for T1+ppl on input line 65
.

(/usr/share/texlive/texmf-dist/tex/latex/psnfss/t1ppl.fd
File: t1ppl.fd 2001/06/04 font definitions for T1/ppl.
) (./sentai_drones.aux

LaTeX Warning: Label `scene' multiply defined.


LaTeX Warning: Label `scene@cref' multiply defined.


LaTeX Warning: Label `interpretation' multiply defined.


LaTeX Warning: Label `interpretation@cref' multiply defined.


LaTeX Warning: Label `abstract' multiply defined.


LaTeX Warning: Label `abstract@cref' multiply defined.


LaTeX Warning: Label `test-conditions' multiply defined.


LaTeX Warning: Label `test-conditions@cref' multiply defined.


LaTeX Warning: Label `hardware' multiply defined.


LaTeX Warning: Label `hardware@cref' multiply defined.


LaTeX Warning: Label `firmware' multiply defined.


LaTeX Warning: Label `firmware@cref' multiply defined.


LaTeX Warning: Label `model-under-test' multiply defined.


LaTeX Warning: Label `model-under-test@cref' multiply defined.


LaTeX Warning: Label `scene' multiply defined.


LaTeX Warning: Label `scene@cref' multiply defined.


LaTeX Warning: Label `methodology' multiply defined.


LaTeX Warning: Label `methodology@cref' multiply defined.


LaTeX Warning: Label `interpretation' multiply defined.


LaTeX Warning: Label `interpretation@cref' multiply defined.


LaTeX Warning: Label `data-availability-statement' multiply defined.


LaTeX Warning: Label `data-availability-statement@cref' multiply defined.

)
\openout1 = `sentai_drones.aux'.

LaTeX Font Info:    Checking defaults for OML/cmm/m/it on input line 65.
LaTeX Font Info:    ... okay on input line 65.
LaTeX Font Info:    Checking defaults for OMS/cmsy/m/n on input line 65.
LaTeX Font Info:    ... okay on input line 65.
LaTeX Font Info:    Checking defaults for OT1/cmr/m/n on input line 65.
LaTeX Font Info:    ... okay on input line 65.
LaTeX Font Info:    Checking defaults for T1/cmr/m/n on input line 65.
LaTeX Font Info:    ... okay on input line 65.
LaTeX Font Info:    Checking defaults for TS1/cmr/m/n on input line 65.
LaTeX Font Info:    ... okay on input line 65.
LaTeX Font Info:    Checking defaults for OMX/cmex/m/n on input line 65.
LaTeX Font Info:    ... okay on input line 65.
LaTeX Font Info:    Checking defaults for U/cmr/m/n on input line 65.
LaTeX Font Info:    ... okay on input line 65.
LaTeX Font Info:    Checking defaults for PD1/pdf/m/n on input line 65.
LaTeX Font Info:    ... okay on input line 65.
LaTeX Font Info:    Checking defaults for PU/pdf/m/n on input line 65.
LaTeX Font Info:    ... okay on input line 65.
 (/usr/share/texlive/texmf-dist/tex/context/base/mkii/supp-pdf.mkii
[Loading MPS to PDF converter (version 2006.09.02).]
\scratchcounter=\count398
\scratchdimen=\dimen338
\scratchbox=\box82
\nofMPsegments=\count399
\nofMParguments=\count400
\everyMPshowfont=\toks63
\MPscratchCnt=\count401
\MPscratchDim=\dimen339
\MPnumerator=\count402
\makeMPintoPDFobject=\count403
\everyMPtoPDFconversion=\toks64
)
LaTeX Info: Redefining \microtypecontext on input line 65.
Package microtype Info: Applying patch `item' on input line 65.
Package microtype Info: Applying patch `toc' on input line 65.
Package microtype Info: Applying patch `eqnum' on input line 65.
Package microtype Info: Applying patch `footnote' on input line 65.
Package microtype Info: Applying patch `verbatim' on input line 65.
Package microtype Info: Generating PDF output.
Package microtype Info: Character protrusion enabled (level 2).
Package microtype Info: Using default protrusion set `alltext'.
Package microtype Info: Automatic font expansion enabled (level 2),
(microtype)             stretch: 20, shrink: 20, step: 1, non-selected.
Package microtype Info: Using default expansion set `alltext-nott'.
LaTeX Info: Redefining \showhyphens on input line 65.
Package microtype Info: No adjustment of tracking.
Package microtype Info: No adjustment of interword spacing.
Package microtype Info: No adjustment of character kerning.
 (/usr/share/texlive/texmf-dist/tex/latex/microtype/mt-ppl.cfg
File: mt-ppl.cfg 2005/11/16 v1.6 microtype config. file: Palatino (RS)
)
(/usr/share/texlive/texmf-dist/tex/latex/translations/translations-basic-dictio
nary-english.trsl
File: translations-basic-dictionary-english.trsl (english translation file `tra
nslations-basic-dictionary')
)
Package translations Info: loading dictionary `translations-basic-dictionary' f
or `english'. on input line 65.
Package caption Info: Begin \AtBeginDocument code.
Package caption Info: subfig package v1.3 is loaded.
Package caption Info: hyperref package is loaded.
Package caption Info: longtable package is loaded.

(/usr/share/texlive/texmf-dist/tex/latex/caption/ltcaption.sty
Package: ltcaption 2021/01/08 v1.4c longtable captions (AR)
)
Package caption Info: scrextend package is loaded.
\caption@addmargin@hsize=\dimen340
\caption@addmargin@linewidth=\dimen341
Package caption Info: End \AtBeginDocument code.

*geometry* detected driver: pdftex
*geometry* verbose mode - [ preamble ] result:
* driver: pdftex
* paper: <default>
* layout: <same size as paper>
* layoutoffset:(h,v)=(0.0pt,0.0pt)
* modes: includehead includefoot 
* h-part:(L,W,R)=(167.01753pt, 394.35522pt, 36.13512pt)
* v-part:(T,H,B)=(36.13512pt, 778.18271pt, 30.72902pt)
* \paperwidth=597.50787pt
* \paperheight=845.04684pt
* \textwidth=394.35522pt
* \textheight=706.18271pt
* \oddsidemargin=94.74754pt
* \evensidemargin=94.74754pt
* \topmargin=-36.13487pt
* \headheight=22.0pt
* \headsep=24.0pt
* \topskip=10.0pt
* \footskip=36.0pt
* \marginparwidth=116.65646pt
* \marginparsep=14.51074pt
* \columnsep=10.0pt
* \skip\footins=17.07182pt
* \hoffset=0.0pt
* \voffset=0.0pt
* \mag=1000
* \@twocolumnfalse
* \@twosidefalse
* \@mparswitchfalse
* \@reversemargintrue
* (1in=72.27pt=25.4mm, 1cm=28.453pt)

Package newfloat Info: `float' package detected.
Package hyperref Info: Link coloring ON on input line 65.
(./sentai_drones.out) (./sentai_drones.out)
\@outlinefile=\write4
\openout4 = `sentai_drones.out'.

LaTeX Font Info:    Trying to load font information for TS1+ppl on input line 6
5.

(/usr/share/texlive/texmf-dist/tex/latex/psnfss/ts1ppl.fd
File: ts1ppl.fd 2001/06/04 font definitions for TS1/ppl.
)
LaTeX Font Info:    Trying to load font information for OT1+ppl on input line 6
5.

(/usr/share/texlive/texmf-dist/tex/latex/psnfss/ot1ppl.fd
File: ot1ppl.fd 2001/06/04 font definitions for OT1/ppl.
)
LaTeX Font Info:    Trying to load font information for OML+zplm on input line 
65.

(/usr/share/texlive/texmf-dist/tex/latex/psnfss/omlzplm.fd
File: omlzplm.fd 2002/09/08 Fontinst v1.914 font definitions for OML/zplm.
)
LaTeX Font Info:    Trying to load font information for OMS+zplm on input line 
65.

(/usr/share/texlive/texmf-dist/tex/latex/psnfss/omszplm.fd
File: omszplm.fd 2002/09/08 Fontinst v1.914 font definitions for OMS/zplm.
)
LaTeX Font Info:    Trying to load font information for OMX+zplm on input line 
65.

(/usr/share/texlive/texmf-dist/tex/latex/psnfss/omxzplm.fd
File: omxzplm.fd 2002/09/08 Fontinst v1.914 font definitions for OMX/zplm.
)
LaTeX Font Info:    Font shape `U/msa/m/n' will be
(Font)              scaled to size 10.42007pt on input line 65.

(/usr/share/texlive/texmf-dist/tex/latex/microtype/mt-msa.cfg
File: mt-msa.cfg 2006/02/04 v1.1 microtype config. file: AMS symbols (a) (RS)
)
LaTeX Font Info:    Font shape `U/msa/m/n' will be
(Font)              scaled to size 7.91925pt on input line 65.
LaTeX Font Info:    Font shape `U/msa/m/n' will be
(Font)              scaled to size 6.25204pt on input line 65.
LaTeX Font Info:    Font shape `U/msb/m/n' will be
(Font)              scaled to size 10.42007pt on input line 65.

(/usr/share/texlive/texmf-dist/tex/latex/microtype/mt-msb.cfg
File: mt-msb.cfg 2005/06/01 v1.0 microtype config. file: AMS symbols (b) (RS)
)
LaTeX Font Info:    Font shape `U/msb/m/n' will be
(Font)              scaled to size 7.91925pt on input line 65.
LaTeX Font Info:    Font shape `U/msb/m/n' will be
(Font)              scaled to size 6.25204pt on input line 65.
LaTeX Font Info:    Trying to load font information for OT1+zplm on input line 
65.

(/usr/share/texlive/texmf-dist/tex/latex/psnfss/ot1zplm.fd
File: ot1zplm.fd 2002/09/08 Fontinst v1.914 font definitions for OT1/zplm.
)
Package microtype Info: Loading generic protrusion settings for font family
(microtype)             `zplm' (encoding: OT1).
(microtype)             For optimal results, create family-specific settings.
(microtype)             See the microtype manual for details.

(/usr/share/texlive/texmf-dist/tex/latex/microtype/mt-eur.cfg
File: mt-eur.cfg 2006/07/31 v1.1 microtype config. file: AMS Euler Roman (RS)
)
LaTeX Font Info:    Redeclaring symbol font `AMSb' on input line 65.
LaTeX Font Info:    Overwriting symbol font `AMSb' in version `normal'
(Font)                  U/msb/m/n --> U/msb/m/n on input line 65.
LaTeX Font Info:    Overwriting symbol font `AMSb' in version `bold'
(Font)                  U/msb/m/n --> U/msb/m/n on input line 65.
Package marginnote Info: Margin note 1.1 is on absolute page 1 on input line 65
.
Package marginnote Info: right page because not two side mode on input line 65.

Package marginnote Info: xpos seems to be 167.01753pt on input line 65.
Package epstopdf Info: Source file: <Definitions/logo-mdpi.eps>
(epstopdf)                    date: 2024-03-20 19:13:44
(epstopdf)                    size: 563678 bytes
(epstopdf)             Output file: <Definitions/logo-mdpi-eps-converted-to.pdf
>
(epstopdf)                    date: 2026-04-13 15:13:57
(epstopdf)                    size: 13161 bytes
(epstopdf)             Command: <repstopdf --outfile=Definitions/logo-mdpi-eps-
converted-to.pdf Definitions/logo-mdpi.eps>
(epstopdf)             \includegraphics on input line 65.
Package epstopdf Info: Output file is already uptodate.
<Definitions/logo-mdpi-eps-converted-to.pdf, id=1043, 74.2775pt x 49.18375pt>
File: Definitions/logo-mdpi-eps-converted-to.pdf Graphic file (type pdf)
<use Definitions/logo-mdpi-eps-converted-to.pdf>
Package pdftex.def Info: Definitions/logo-mdpi-eps-converted-to.pdf  used on in
put line 65.
(pdftex.def)             Requested size: 42.96877pt x 28.45274pt.
LaTeX Font Info:    Font shape `U/msa/m/n' will be
(Font)              scaled to size 8.33606pt on input line 65.
LaTeX Font Info:    Font shape `U/msa/m/n' will be
(Font)              scaled to size 5.21004pt on input line 65.
LaTeX Font Info:    Font shape `U/msb/m/n' will be
(Font)              scaled to size 8.33606pt on input line 65.
LaTeX Font Info:    Font shape `U/msb/m/n' will be
(Font)              scaled to size 5.21004pt on input line 65.
LaTeX Font Info:    Trying to load font information for T1+cmss on input line 6
5.

(/usr/share/texlive/texmf-dist/tex/latex/base/t1cmss.fd
File: t1cmss.fd 2023/04/13 v2.5m Standard LaTeX font definitions
)
Package microtype Info: Loading generic protrusion settings for font family
(microtype)             `cmss' (encoding: T1).
(microtype)             For optimal results, create family-specific settings.
(microtype)             See the microtype manual for details.
 [1

{/var/lib/texmf/fonts/map/pdftex/updmap/pdftex.map}{/usr/share/texlive/texmf-di
st/fonts/enc/dvips/base/8r.enc} <./Definitions/logo-mdpi-eps-converted-to.pdf>]

(./paper_mdpi_intro.tex [2] [3]) (./paper_mdpi_related.tex [4] [5]
LaTeX Font Info:    Trying to load font information for T1+cmtt on input line 1
14.

(/usr/share/texlive/texmf-dist/tex/latex/base/t1cmtt.fd
File: t1cmtt.fd 2023/04/13 v2.5m Standard LaTeX font definitions
)
Package microtype Info: Loading generic protrusion settings for font family
(microtype)             `cmtt' (encoding: T1).
(microtype)             For optimal results, create family-specific settings.
(microtype)             See the microtype manual for details.
 [6])
(./paper_mdpi_related_embedded.tex [7]

! LaTeX Error: No counter 'none' defined.

See the LaTeX manual or LaTeX Companion for explanation.
Type  H <return>  for immediate help.
 ...                                              
                                                  
l.90 ...ewidth - 6\tabcolsep) * \real{0.2500}}@{}}
                                                  
Your command was ignored.
Type  I <command> <return>  to replace it with another command,
or  <return>  to continue without it.

! Missing number, treated as zero.
<to be read again> 
                   \c@none 
l.90 ...ewidth - 6\tabcolsep) * \real{0.2500}}@{}}
                                                  
A number should have been here; I inserted `0'.
(If you can't figure out why I needed to see a number,
look up `weird error' in the index to The TeXbook.)

[8] [9] [10]

! LaTeX Error: No counter 'none' defined.

See the LaTeX manual or LaTeX Companion for explanation.
Type  H <return>  for immediate help.
 ...                                              
                                                  
l.256 ...width - 2\tabcolsep) * \real{0.5000}}@{}}
                                                  
Your command was ignored.
Type  I <command> <return>  to replace it with another command,
or  <return>  to continue without it.

! Missing number, treated as zero.
<to be read again> 
                   \c@none 
l.256 ...width - 2\tabcolsep) * \real{0.5000}}@{}}
                                                  
A number should have been here; I inserted `0'.
(If you can't figure out why I needed to see a number,
look up `weird error' in the index to The TeXbook.)


pdfTeX warning (ext4): destination with the same identifier (name{none.\\thenon
e\040}) has been already used, duplicate ignored
<to be read again> 
                   \relax 
l.293 \end{longtable}
                     ) (./paper_mdpi_expsetup.tex

! LaTeX Error: No counter 'none' defined.

See the LaTeX manual or LaTeX Companion for explanation.
Type  H <return>  for immediate help.
 ...                                              
                                                  
l.22 ...ewidth - 4\tabcolsep) * \real{0.3333}}@{}}
                                                  
Your command was ignored.
Type  I <command> <return>  to replace it with another command,
or  <return>  to continue without it.

! Missing number, treated as zero.
<to be read again> 
                   \c@none 
l.22 ...ewidth - 4\tabcolsep) * \real{0.3333}}@{}}
                                                  
A number should have been here; I inserted `0'.
(If you can't figure out why I needed to see a number,
look up `weird error' in the index to The TeXbook.)

[11]
pdfTeX warning (ext4): destination with the same identifier (name{none.\\thenon
e\040}) has been already used, duplicate ignored
<to be read again> 
                   \relax 
l.56 \end{longtable}
                    

! LaTeX Error: No counter 'none' defined.

See the LaTeX manual or LaTeX Companion for explanation.
Type  H <return>  for immediate help.
 ...                                              
                                                  
l.74 ...ewidth - 2\tabcolsep) * \real{0.5000}}@{}}
                                                  
Your command was ignored.
Type  I <command> <return>  to replace it with another command,
or  <return>  to continue without it.

! Missing number, treated as zero.
<to be read again> 
                   \c@none 
l.74 ...ewidth - 2\tabcolsep) * \real{0.5000}}@{}}
                                                  
A number should have been here; I inserted `0'.
(If you can't figure out why I needed to see a number,
look up `weird error' in the index to The TeXbook.)


pdfTeX warning (ext4): destination with the same identifier (name{none.\\thenon
e\040}) has been already used, duplicate ignored
<to be read again> 
                   \relax 
l.109 \end{longtable}
                      [12]

! LaTeX Error: No counter 'none' defined.

See the LaTeX manual or LaTeX Companion for explanation.
Type  H <return>  for immediate help.
 ...                                              
                                                  
l.122 ...width - 4\tabcolsep) * \real{0.3333}}@{}}
                                                  
Your command was ignored.
Type  I <command> <return>  to replace it with another command,
or  <return>  to continue without it.

! Missing number, treated as zero.
<to be read again> 
                   \c@none 
l.122 ...width - 4\tabcolsep) * \real{0.3333}}@{}}
                                                  
A number should have been here; I inserted `0'.
(If you can't figure out why I needed to see a number,
look up `weird error' in the index to The TeXbook.)


! LaTeX Error: Unicode character ≈ (U+2248)
               not set up for use with LaTeX.

See the LaTeX manual or LaTeX Companion for explanation.
Type  H <return>  for immediate help.
 ...                                              
                                                  
l.137 eDMA memcpy merged & ≈
                              \#622 & \texttt{sentai.pipeline.dma\_memcpy(0/1)}

You may provide a definition with
\DeclareUnicodeCharacter 


Overfull \hbox (38.22197pt too wide) in paragraph at lines 137--139
[]|\T1/cmtt/m/n/10 sentai.pipeline.dma_memcpy(0/1) 
 []


pdfTeX warning (ext4): destination with the same identifier (name{none.\\thenon
e\040}) has been already used, duplicate ignored
<to be read again> 
                   \relax 
l.145 \end{longtable}
                      [13]
Overfull \hbox (12.3428pt too wide) in paragraph at lines 174--181
[]\T1/ppl/m/n/10 (-20) The host ap-pli-ca-tion re-quests a log-i-cal res-o-lu-t
ion via \T1/cmtt/m/n/10 sentai.camera.set_resolution(w,
 []


! LaTeX Error: No counter 'none' defined.

See the LaTeX manual or LaTeX Companion for explanation.
Type  H <return>  for immediate help.
 ...                                              
                                                  
l.198 ...width - 2\tabcolsep) * \real{0.5000}}@{}}
                                                  
Your command was ignored.
Type  I <command> <return>  to replace it with another command,
or  <return>  to continue without it.

! Missing number, treated as zero.
<to be read again> 
                   \c@none 
l.198 ...width - 2\tabcolsep) * \real{0.5000}}@{}}
                                                  
A number should have been here; I inserted `0'.
(If you can't figure out why I needed to see a number,
look up `weird error' in the index to The TeXbook.)


Overfull \hbox (134.24292pt too wide) in paragraph at lines 210--211
[]|\T1/cmtt/m/n/10 /yolo_1_class_512_1_upsample_512_inloc_de_1024_la_P5_32.tfli
te|  
 []


pdfTeX warning (ext4): destination with the same identifier (name{none.\\thenon
e\040}) has been already used, duplicate ignored
<to be read again> 
                   \relax 
l.226 \end{longtable}
                      [14]
Overfull \hbox (83.61546pt too wide) in paragraph at lines 250--257
[]\T1/ppl/m/n/10 (-20) Every ses-sion cap-tured be-fore/after JPEGs from BOTH c
am-eras via \T1/cmtt/m/n/10 diag.snapshot_both_cameras(when)
 []


! LaTeX Error: Environment subfigure undefined.

See the LaTeX manual or LaTeX Companion for explanation.
Type  H <return>  for immediate help.
 ...                                              
                                                  
l.260 \begin{subfigure}
                       [t]{0.44\linewidth}
Your command was ignored.
Type  I <command> <return>  to replace it with another command,
or  <return>  to continue without it.

! Missing number, treated as zero.
<to be read again> 
                   }
l.260 \begin{subfigure}[t]{0.44\linewidth}
                                          
A number should have been here; I inserted `0'.
(If you can't figure out why I needed to see a number,
look up `weird error' in the index to The TeXbook.)

! Illegal unit of measure (pt inserted).
<to be read again> 
                   }
l.260 \begin{subfigure}[t]{0.44\linewidth}
                                          
Dimensions can be in units of em, ex, in, pt, pc,
cm, mm, dd, cc, nd, nc, bp, or sp; but yours is a new one!
I'll assume that you meant to say pt, for printer's points.
To recover gracefully from this error, it's best to
delete the erroneous units; e.g., type `2' to delete
two letters. (See Chapter 27 of The TeXbook.)

<figures/experiment_frames/fig_scene_cam0.jpg, id=1195, 513.92pt x 513.92pt>
File: figures/experiment_frames/fig_scene_cam0.jpg Graphic file (type jpg)
<use figures/experiment_frames/fig_scene_cam0.jpg>
Package pdftex.def Info: figures/experiment_frames/fig_scene_cam0.jpg  used on 
input line 262.
(pdftex.def)             Requested size: 394.35522pt x 394.36299pt.

! LaTeX Error: \begin{figure} on input line 258 ended by \end{subfigure}.

See the LaTeX manual or LaTeX Companion for explanation.
Type  H <return>  for immediate help.
 ...                                              
                                                  
l.265 \end{subfigure}
                     \hfill
Your command was ignored.
Type  I <command> <return>  to replace it with another command,
or  <return>  to continue without it.


! LaTeX Error: Environment subfigure undefined.

See the LaTeX manual or LaTeX Companion for explanation.
Type  H <return>  for immediate help.
 ...                                              
                                                  
l.266 \begin{subfigure}
                       [t]{0.44\linewidth}
Your command was ignored.
Type  I <command> <return>  to replace it with another command,
or  <return>  to continue without it.

! Missing number, treated as zero.
<to be read again> 
                   }
l.266 \begin{subfigure}[t]{0.44\linewidth}
                                          
A number should have been here; I inserted `0'.
(If you can't figure out why I needed to see a number,
look up `weird error' in the index to The TeXbook.)

! Illegal unit of measure (pt inserted).
<to be read again> 
                   }
l.266 \begin{subfigure}[t]{0.44\linewidth}
                                          
Dimensions can be in units of em, ex, in, pt, pc,
cm, mm, dd, cc, nd, nc, bp, or sp; but yours is a new one!
I'll assume that you meant to say pt, for printer's points.
To recover gracefully from this error, it's best to
delete the erroneous units; e.g., type `2' to delete
two letters. (See Chapter 27 of The TeXbook.)

<figures/experiment_frames/fig_scene_cam1.jpg, id=1196, 513.92pt x 513.92pt>
File: figures/experiment_frames/fig_scene_cam1.jpg Graphic file (type jpg)
<use figures/experiment_frames/fig_scene_cam1.jpg>
Package pdftex.def Info: figures/experiment_frames/fig_scene_cam1.jpg  used on 
input line 268.
(pdftex.def)             Requested size: 394.35522pt x 394.36299pt.

! LaTeX Error: \begin{figure} on input line 258 ended by \end{subfigure}.

See the LaTeX manual or LaTeX Companion for explanation.
Type  H <return>  for immediate help.
 ...                                              
                                                  
l.271 \end{subfigure}
                     
Your command was ignored.
Type  I <command> <return>  to replace it with another command,
or  <return>  to continue without it.

[15]
Overfull \vbox (206.5768pt too high) has occurred while \output is active []


[16 <./figures/experiment_frames/fig_scene_cam0.jpg> <./figures/experiment_fram
es/fig_scene_cam1.jpg>]
Overfull \hbox (9.01654pt too wide) in paragraph at lines 290--293
[]\T1/ppl/m/n/10 (-20) Experiments are im-ple-mented as Python func-tions in \T
1/cmtt/m/n/10 examples/sentai_runtime/diag/\T1/ppl/m/n/10 (-20) ,
 []


! LaTeX Error: No counter 'none' defined.

See the LaTeX manual or LaTeX Companion for explanation.
Type  H <return>  for immediate help.
 ...                                              
                                                  
l.319 ...width - 4\tabcolsep) * \real{0.3333}}@{}}
                                                  
Your command was ignored.
Type  I <command> <return>  to replace it with another command,
or  <return>  to continue without it.

! Missing number, treated as zero.
<to be read again> 
                   \c@none 
l.319 ...width - 4\tabcolsep) * \real{0.3333}}@{}}
                                                  
A number should have been here; I inserted `0'.
(If you can't figure out why I needed to see a number,
look up `weird error' in the index to The TeXbook.)


Overfull \hbox (34.023pt too wide) in paragraph at lines 335--337
[]|\T1/cmtt/m/n/10 sentai.pipeline.start/get/stop 
 []


Overfull \hbox (7.7794pt too wide) in paragraph at lines 337--337
[]|\T1/cmtt/m/n/10 e15_pipeline_parallel_512|  
 []


! LaTeX Error: Unicode character ↔ (U+2194)
               not set up for use with LaTeX.

See the LaTeX manual or LaTeX Companion for explanation.
Type  H <return>  for immediate help.
 ...                                              
                                                  
l.339 ...amera\_switch\_512} & Alternating cam0↔
                                                  cam1
You may provide a definition with
\DeclareUnicodeCharacter 


Overfull \hbox (13.02812pt too wide) in paragraph at lines 343--343
[]|\T1/cmtt/m/n/10 e18_camera_switch_headtail|  
 []


pdfTeX warning (ext4): destination with the same identifier (name{none.\\thenon
e\040}) has been already used, duplicate ignored
<to be read again> 
                   \relax 
l.345 \end{longtable}
                     

! LaTeX Error: Unicode character ≥ (U+2265)
               not set up for use with LaTeX.

See the LaTeX manual or LaTeX Companion for explanation.
Type  H <return>  for immediate help.
 ...                                              
                                                  
l.369 reported number is the mean of n ≥
                                           19 independent iterations with the
You may provide a definition with
\DeclareUnicodeCharacter 

[17]

! LaTeX Error: No counter 'none' defined.

See the LaTeX manual or LaTeX Companion for explanation.
Type  H <return>  for immediate help.
 ...                                              
                                                  
l.380 ...width - 2\tabcolsep) * \real{0.5000}}@{}}
                                                  
Your command was ignored.
Type  I <command> <return>  to replace it with another command,
or  <return>  to continue without it.

! Missing number, treated as zero.
<to be read again> 
                   \c@none 
l.380 ...width - 2\tabcolsep) * \real{0.5000}}@{}}
                                                  
A number should have been here; I inserted `0'.
(If you can't figure out why I needed to see a number,
look up `weird error' in the index to The TeXbook.)


pdfTeX warning (ext4): destination with the same identifier (name{none.\\thenon
e\040}) has been already used, duplicate ignored
<to be read again> 
                   \relax 
l.401 \end{longtable}
                     
LaTeX Info: Symbol \textrightarrow not provided by
            font family ppl in TS1 encoding.
            Default family used instead on input line 469.

(/usr/share/texlive/texmf-dist/tex/latex/microtype/mt-cmr.cfg
File: mt-cmr.cfg 2013/05/19 v2.2 microtype config. file: Computer Modern Roman 
(RS)
)
LaTeX Info: Symbol \textrightarrow not provided by
            font family ppl in TS1 encoding.
            Default family used instead on input line 469.
LaTeX Info: Symbol \textrightarrow not provided by
            font family ppl in TS1 encoding.
            Default family used instead on input line 469.
) [18]
(./paper_mdpi_impl_overview.tex) [19]
<figures/implementation_01_system_architecture.pdf, id=1246, 903.375pt x 572.13
75pt>
File: figures/implementation_01_system_architecture.pdf Graphic file (type pdf)

<use figures/implementation_01_system_architecture.pdf>
Package pdftex.def Info: figures/implementation_01_system_architecture.pdf  use
d on input line 86.
(pdftex.def)             Requested size: 370.69487pt x 234.77867pt.
 (./paper_mdpi_impl01.tex [20 <./figures/implementation_01_system_architecture.
pdf>]) [21]
<figures/implementation_02_runtime_and_memory.pdf, id=1273, 963.6pt x 572.1375p
t>
File: figures/implementation_02_runtime_and_memory.pdf Graphic file (type pdf)
<use figures/implementation_02_runtime_and_memory.pdf>
Package pdftex.def Info: figures/implementation_02_runtime_and_memory.pdf  used
 on input line 95.
(pdftex.def)             Requested size: 386.46643pt x 229.46205pt.
 (./paper_mdpi_impl02.tex
[22 <./figures/implementation_02_runtime_and_memory.pdf>] [23])
<figures/implementation_03_vision_pipeline.pdf, id=1300, 963.6pt x 587.19376pt>

File: figures/implementation_03_vision_pipeline.pdf Graphic file (type pdf)
<use figures/implementation_03_vision_pipeline.pdf>
Package pdftex.def Info: figures/implementation_03_vision_pipeline.pdf  used on
 input line 104.
(pdftex.def)             Requested size: 386.46643pt x 235.50052pt.

(./paper_mdpi_impl03.tex [24 <./figures/implementation_03_vision_pipeline.pdf>]
[25])
<figures/implementation_04_flight_and_telemetry.pdf, id=1330, 903.375pt x 572.1
375pt>
File: figures/implementation_04_flight_and_telemetry.pdf Graphic file (type pdf
)
<use figures/implementation_04_flight_and_telemetry.pdf>
Package pdftex.def Info: figures/implementation_04_flight_and_telemetry.pdf  us
ed on input line 113.
(pdftex.def)             Requested size: 370.69487pt x 234.77867pt.
 (./paper_mdpi_impl04.tex [26] [27 <./figures/implementation_04_flight_and_tele
metry.pdf>])
<figures/implementation_05_programming_model.pdf, id=1359, 963.6pt x 587.19376p
t>
File: figures/implementation_05_programming_model.pdf Graphic file (type pdf)
<use figures/implementation_05_programming_model.pdf>
Package pdftex.def Info: figures/implementation_05_programming_model.pdf  used 
on input line 122.
(pdftex.def)             Requested size: 386.46643pt x 235.50052pt.
 (./paper_mdpi_impl05.tex [28] [29 <./figures/implementation_05_programming_mod
el.pdf>] [30] [31]) (./paper_mdpi_evaluation.tex

! LaTeX Error: No counter 'none' defined.

See the LaTeX manual or LaTeX Companion for explanation.
Type  H <return>  for immediate help.
 ...                                              
                                                  
l.24 ...ewidth - 4\tabcolsep) * \real{0.3333}}@{}}
                                                  
Your command was ignored.
Type  I <command> <return>  to replace it with another command,
or  <return>  to continue without it.

! Missing number, treated as zero.
<to be read again> 
                   \c@none 
l.24 ...ewidth - 4\tabcolsep) * \real{0.3333}}@{}}
                                                  
A number should have been here; I inserted `0'.
(If you can't figure out why I needed to see a number,
look up `weird error' in the index to The TeXbook.)

LaTeX Info: Symbol \textrightarrow not provided by
            font family ppl in TS1 encoding.
            Default family used instead on input line 39.

pdfTeX warning (ext4): destination with the same identifier (name{none.\\thenon
e\040}) has been already used, duplicate ignored
<to be read again> 
                   \relax 
l.55 \end{longtable}
                     [32]
Overfull \hbox (45.58495pt too wide) in paragraph at lines 69--78
[]\T1/ppl/m/n/10 (-20) Experiment class E15 (\T1/cmtt/m/n/10 e15_pipeline_paral
lel_512\T1/ppl/m/n/10 (-20) ) drives \T1/cmtt/m/n/10 sentai.pipeline.start/get/
stop
 []


! LaTeX Error: No counter 'none' defined.

See the LaTeX manual or LaTeX Companion for explanation.
Type  H <return>  for immediate help.
 ...                                              
                                                  
l.91 \begin{longtable}[]{@{}lrr@{}}
                                   
Your command was ignored.
Type  I <command> <return>  to replace it with another command,
or  <return>  to continue without it.

! Missing number, treated as zero.
<to be read again> 
                   \c@none 
l.91 \begin{longtable}[]{@{}lrr@{}}
                                   
A number should have been here; I inserted `0'.
(If you can't figure out why I needed to see a number,
look up `weird error' in the index to The TeXbook.)


! LaTeX Error: Unicode character σ (U+03C3)
               not set up for use with LaTeX.

See the LaTeX manual or LaTeX Companion for explanation.
Type  H <return>  for immediate help.
 ...                                              
                                                  
l.93 Metric & Mean ± σ
                         & min / max \\
You may provide a definition with
\DeclareUnicodeCharacter 

[33]
pdfTeX warning (ext4): destination with the same identifier (name{none.\\thenon
e\040}) has been already used, duplicate ignored
<to be read again> 
                   \relax 
l.102 \end{longtable}
                     

! LaTeX Error: Unicode character ≈ (U+2248)
               not set up for use with LaTeX.

See the LaTeX manual or LaTeX Companion for explanation.
Type  H <return>  for immediate help.
 ...                                              
                                                  
l.108 \texttt{infer\_stall\_ms\ ≈\ 41\ ms}
                                             means that InferTask blocks for
You may provide a definition with
\DeclareUnicodeCharacter 


! LaTeX Error: Unicode character ≈ (U+2248)
               not set up for use with LaTeX.

See the LaTeX manual or LaTeX Companion for explanation.
Type  H <return>  for immediate help.
 ...                                              
                                                  
l.112 finishes in ≈
                      23 ms and waits. The 15.5 FPS ceiling therefore reflects
You may provide a definition with
\DeclareUnicodeCharacter 


! LaTeX Error: No counter 'none' defined.

See the LaTeX manual or LaTeX Companion for explanation.
Type  H <return>  for immediate help.
 ...                                              
                                                  
l.150 ...idth - 12\tabcolsep) * \real{0.1429}}@{}}
                                                  
Your command was ignored.
Type  I <command> <return>  to replace it with another command,
or  <return>  to continue without it.

! Missing number, treated as zero.
<to be read again> 
                   \c@none 
l.150 ...idth - 12\tabcolsep) * \real{0.1429}}@{}}
                                                  
A number should have been here; I inserted `0'.
(If you can't figure out why I needed to see a number,
look up `weird error' in the index to The TeXbook.)


Overfull \hbox (6.16066pt too wide) in paragraph at lines 153--154
 []\T1/cmtt/m/n/10 dma_memcpy
 []


! LaTeX Error: Unicode character Δ (U+0394)
               not set up for use with LaTeX.

See the LaTeX manual or LaTeX Companion for explanation.
Type  H <return>  for immediate help.
 ...                                              
                                                  
l.175 Δ
         & −0.5 & \textbf{−9.5} & 0 & \textbf{−10.0} & \textbf{−9.6} &
You may provide a definition with
\DeclareUnicodeCharacter 


! LaTeX Error: Unicode character − (U+2212)
               not set up for use with LaTeX.

See the LaTeX manual or LaTeX Companion for explanation.
Type  H <return>  for immediate help.
 ...                                              
                                                  
l.175 Δ & −
              0.5 & \textbf{−9.5} & 0 & \textbf{−10.0} & \textbf{−9.6} &
You may provide a definition with
\DeclareUnicodeCharacter 


! LaTeX Error: Unicode character − (U+2212)
               not set up for use with LaTeX.

See the LaTeX manual or LaTeX Companion for explanation.
Type  H <return>  for immediate help.
 ...                                              
                                                  
l.175 Δ & −0.5 & \textbf{−9.5}
                                    & 0 & \textbf{−10.0} & \textbf{−9.6} &
You may provide a definition with
\DeclareUnicodeCharacter 


! LaTeX Error: Unicode character − (U+2212)
               not set up for use with LaTeX.

See the LaTeX manual or LaTeX Companion for explanation.
Type  H <return>  for immediate help.
 ...                                              
                                                  
l.175 ... & \textbf{−9.5} & 0 & \textbf{−10.0}
                                                   & \textbf{−9.6} &
You may provide a definition with
\DeclareUnicodeCharacter 


! LaTeX Error: Unicode character − (U+2212)
               not set up for use with LaTeX.

See the LaTeX manual or LaTeX Companion for explanation.
Type  H <return>  for immediate help.
 ...                                              
                                                  
l.175 ... & 0 & \textbf{−10.0} & \textbf{−9.6}
                                                   &
You may provide a definition with
\DeclareUnicodeCharacter 


pdfTeX warning (ext4): destination with the same identifier (name{none.\\thenon
e\040}) has been already used, duplicate ignored
<to be read again> 
                   \relax 
l.177 \end{longtable}
                      [34]
LaTeX Font Info:    Trying to load font information for TS1+cmtt on input line 
202.

(/usr/share/texlive/texmf-dist/tex/latex/base/ts1cmtt.fd
File: ts1cmtt.fd 2023/04/13 v2.5m Standard LaTeX font definitions
)
Package microtype Info: Loading generic protrusion settings for font family
(microtype)             `cmtt' (encoding: TS1).
(microtype)             For optimal results, create family-specific settings.
(microtype)             See the microtype manual for details.


! LaTeX Error: Unicode character ↔ (U+2194)
               not set up for use with LaTeX.

See the LaTeX manual or LaTeX Companion for explanation.
Type  H <return>  for immediate help.
 ...                                              
                                                  
l.214 ... alternating \texttt{cam\_a\ ↔\ cam\_b}
                                                   every iteration
You may provide a definition with
\DeclareUnicodeCharacter 


! LaTeX Error: Unicode character − (U+2212)
               not set up for use with LaTeX.

See the LaTeX manual or LaTeX Companion for explanation.
Type  H <return>  for immediate help.
 ...                                              
                                                  
l.222 \end{verbatim}
                    
You may provide a definition with
\DeclareUnicodeCharacter 


! LaTeX Error: No counter 'none' defined.

See the LaTeX manual or LaTeX Companion for explanation.
Type  H <return>  for immediate help.
 ...                                              
                                                  
l.241 ...idth - 12\tabcolsep) * \real{0.1481}}@{}}
                                                  
Your command was ignored.
Type  I <command> <return>  to replace it with another command,
or  <return>  to continue without it.

! Missing number, treated as zero.
<to be read again> 
                   \c@none 
l.241 ...idth - 12\tabcolsep) * \real{0.1481}}@{}}
                                                  
A number should have been here; I inserted `0'.
(If you can't figure out why I needed to see a number,
look up `weird error' in the index to The TeXbook.)


pdfTeX warning (ext4): destination with the same identifier (name{none.\\thenon
e\040}) has been already used, duplicate ignored
<to be read again> 
                   \relax 
l.268 \end{longtable}
                     

! LaTeX Error: Unicode character − (U+2212)
               not set up for use with LaTeX.

See the LaTeX manual or LaTeX Companion for explanation.
Type  H <return>  for immediate help.
 ...                                              
                                                  
l.272 ...al asymmetry (cam1 − cam0) = −2.1 ms}
                                                  
You may provide a definition with
\DeclareUnicodeCharacter 


! LaTeX Error: Unicode character − (U+2212)
               not set up for use with LaTeX.

See the LaTeX manual or LaTeX Companion for explanation.
Type  H <return>  for immediate help.
 ...                                              
                                                  
l.272 ...al asymmetry (cam1 − cam0) = −2.1 ms}
                                                  
You may provide a definition with
\DeclareUnicodeCharacter 


! LaTeX Error: No counter 'none' defined.

See the LaTeX manual or LaTeX Companion for explanation.
Type  H <return>  for immediate help.
 ...                                              
                                                  
l.280 ...width - 2\tabcolsep) * \real{0.5714}}@{}}
                                                  
Your command was ignored.
Type  I <command> <return>  to replace it with another command,
or  <return>  to continue without it.

! Missing number, treated as zero.
<to be read again> 
                   \c@none 
l.280 ...width - 2\tabcolsep) * \real{0.5714}}@{}}
                                                  
A number should have been here; I inserted `0'.
(If you can't figure out why I needed to see a number,
look up `weird error' in the index to The TeXbook.)


! LaTeX Error: Unicode character ≈ (U+2248)
               not set up for use with LaTeX.

See the LaTeX manual or LaTeX Companion for explanation.
Type  H <return>  for immediate help.
 ...                                              
                                                  
l.291 ...it for EOF ISR consumption & 17.6 ms (≈
                                                   0.5 frame
You may provide a definition with
\DeclareUnicodeCharacter 


! LaTeX Error: Unicode character ≈ (U+2248)
               not set up for use with LaTeX.

See the LaTeX manual or LaTeX Companion for explanation.
Type  H <return>  for immediate help.
 ...                                              
                                                  
l.294 frames) & 64.4 ms (≈
                             2 × 33 ms) \\
You may provide a definition with
\DeclareUnicodeCharacter 


pdfTeX warning (ext4): destination with the same identifier (name{none.\\thenon
e\040}) has been already used, duplicate ignored
<to be read again> 
                   \relax 
l.297 \end{longtable}
                     

! LaTeX Error: No counter 'none' defined.

See the LaTeX manual or LaTeX Companion for explanation.
Type  H <return>  for immediate help.
 ...                                              
                                                  
l.317 ...width - 8\tabcolsep) * \real{0.2105}}@{}}
                                                  
Your command was ignored.
Type  I <command> <return>  to replace it with another command,
or  <return>  to continue without it.

! Missing number, treated as zero.
<to be read again> 
                   \c@none 
l.317 ...width - 8\tabcolsep) * \real{0.2105}}@{}}
                                                  
A number should have been here; I inserted `0'.
(If you can't figure out why I needed to see a number,
look up `weird error' in the index to The TeXbook.)


! LaTeX Error: Unicode character − (U+2212)
               not set up for use with LaTeX.

See the LaTeX manual or LaTeX Companion for explanation.
Type  H <return>  for immediate help.
 ...                                              
                                                  
l.328 Asymmetry cam1 −
                         cam0
You may provide a definition with
\DeclareUnicodeCharacter 


Overfull \hbox (71.28047pt too wide) in paragraph at lines 334--335
[]|[][]\T1/cmtt/m/n/10 s043_e18_headtail_drain2[][]|  
 []


Overfull \hbox (71.28047pt too wide) in paragraph at lines 336--337
[]|[][]\T1/cmtt/m/n/10 s044_e18_headtail_drain2[][]|  
 []


Overfull \hbox (60.78304pt too wide) in paragraph at lines 338--339
[]|[][]\T1/cmtt/m/n/10 s045_e18_post_refactor[][]|  
 []


! LaTeX Error: Unicode character − (U+2212)
               not set up for use with LaTeX.

See the LaTeX manual or LaTeX Companion for explanation.
Type  H <return>  for immediate help.
 ...                                              
                                                  
l.339 & 61.8 & 62.5 & 145.8 & −
                                 2.1 \\
You may provide a definition with
\DeclareUnicodeCharacter 


! LaTeX Error: Unicode character σ (U+03C3)
               not set up for use with LaTeX.

See the LaTeX manual or LaTeX Companion for explanation.
Type  H <return>  for immediate help.
 ...                                              
                                                  
l.340 \textbf{σ across sessions}
                                  & \textbf{0.4 ms} & \textbf{0.2 ms} &
You may provide a definition with
\DeclareUnicodeCharacter 

[35]
pdfTeX warning (ext4): destination with the same identifier (name{none.\\thenon
e\040}) has been already used, duplicate ignored
<to be read again> 
                   \relax 
l.342 \end{longtable}
                     

! LaTeX Error: No counter 'none' defined.

See the LaTeX manual or LaTeX Companion for explanation.
Type  H <return>  for immediate help.
 ...                                              
                                                  
l.377 ...width - 6\tabcolsep) * \real{0.2500}}@{}}
                                                  
Your command was ignored.
Type  I <command> <return>  to replace it with another command,
or  <return>  to continue without it.

! Missing number, treated as zero.
<to be read again> 
                   \c@none 
l.377 ...width - 6\tabcolsep) * \real{0.2500}}@{}}
                                                  
A number should have been here; I inserted `0'.
(If you can't figure out why I needed to see a number,
look up `weird error' in the index to The TeXbook.)


Overfull \hbox (4.88812pt too wide) in paragraph at lines 394--397
[][]\T1/cmtt/m/n/10 002_cam0_133ms.jpg[][]|  
 []


Overfull \hbox (4.88812pt too wide) in paragraph at lines 399--400
[]|[][]\T1/cmtt/m/n/10 s041_e17_eof_check[][]|  
 []


Overfull \hbox (4.88812pt too wide) in paragraph at lines 402--404
[][]\T1/cmtt/m/n/10 003_cam1_201ms.jpg[][]|  
 []


pdfTeX warning (ext4): destination with the same identifier (name{none.\\thenon
e\040}) has been already used, duplicate ignored
<to be read again> 
                   \relax 
l.404 \end{longtable}
                      [36]

! LaTeX Error: No counter 'none' defined.

See the LaTeX manual or LaTeX Companion for explanation.
Type  H <return>  for immediate help.
 ...                                              
                                                  
l.448 ...idth - 10\tabcolsep) * \real{0.1739}}@{}}
                                                  
Your command was ignored.
Type  I <command> <return>  to replace it with another command,
or  <return>  to continue without it.

! Missing number, treated as zero.
<to be read again> 
                   \c@none 
l.448 ...idth - 10\tabcolsep) * \real{0.1739}}@{}}
                                                  
A number should have been here; I inserted `0'.
(If you can't figure out why I needed to see a number,
look up `weird error' in the index to The TeXbook.)


Overfull \hbox (10.0875pt too wide) in paragraph at lines 453--454
 []\T1/cmtt/m/n/10 switch_ok_eof
 []


Overfull \hbox (20.3225pt too wide) in paragraph at lines 455--456
 []\T1/cmtt/m/n/10 switch_fallback
 []


Overfull \hbox (10.0875pt too wide) in paragraph at lines 457--458
 []\T1/cmtt/m/n/10 drain_timeout
 []


Overfull \hbox (82.36879pt too wide) in paragraph at lines 467--467
[]|\T1/cmtt/m/n/10 s043_e18_headtail_drain2|  
 []


Overfull \hbox (82.36879pt too wide) in paragraph at lines 469--469
[]|\T1/cmtt/m/n/10 s044_e18_headtail_drain2|  
 []


Overfull \hbox (71.87135pt too wide) in paragraph at lines 471--471
[]|\T1/cmtt/m/n/10 s045_e18_post_refactor|  
 []


pdfTeX warning (ext4): destination with the same identifier (name{none.\\thenon
e\040}) has been already used, duplicate ignored
<to be read again> 
                   \relax 
l.473 \end{longtable}
                     

! LaTeX Error: No counter 'none' defined.

See the LaTeX manual or LaTeX Companion for explanation.
Type  H <return>  for immediate help.
 ...                                              
                                                  
l.503 ...idth - 10\tabcolsep) * \real{0.1429}}@{}}
                                                  
Your command was ignored.
Type  I <command> <return>  to replace it with another command,
or  <return>  to continue without it.

! Missing number, treated as zero.
<to be read again> 
                   \c@none 
l.503 ...idth - 10\tabcolsep) * \real{0.1429}}@{}}
                                                  
A number should have been here; I inserted `0'.
(If you can't figure out why I needed to see a number,
look up `weird error' in the index to The TeXbook.)


! LaTeX Error: Unicode character Δ (U+0394)
               not set up for use with LaTeX.

See the LaTeX manual or LaTeX Companion for explanation.
Type  H <return>  for immediate help.
 ...                                              
                                                  
l.514 Δ
        
You may provide a definition with
\DeclareUnicodeCharacter 

LaTeX Info: Symbol \textrightarrow not provided by
            font family ppl in TS1 encoding.
            Default family used instead on input line 526.

Overfull \hbox (21.68031pt too wide) in paragraph at lines 526--526
[]|\T1/ppl/m/n/10 (-20) Staging\TS1/cmr/m/n/10 ^^Y\T1/ppl/m/n/10 (-20) tensor 
 []


! LaTeX Error: Unicode character − (U+2212)
               not set up for use with LaTeX.

See the LaTeX manual or LaTeX Companion for explanation.
Type  H <return>  for immediate help.
 ...                                              
                                                  
l.527 \textbf{−39 \%}
                        & \href{memcpy.md}{memcpy.md §``Per-run results''} \\
You may provide a definition with
\DeclareUnicodeCharacter 


Overfull \hbox (5.89265pt too wide) in paragraph at lines 527--528
[]|[][]\T1/ppl/m/n/10 (-20) memcpy.md 
 []


Overfull \hbox (2.2591pt too wide) in paragraph at lines 528--528
[]|\T1/ppl/m/n/10 (-20) Alternating 
 []


! LaTeX Error: Unicode character − (U+2212)
               not set up for use with LaTeX.

See the LaTeX manual or LaTeX Companion for explanation.
Type  H <return>  for immediate help.
 ...                                              
                                                  
l.532 RQ3 & Directional asymmetry cam1 −
                                           cam0 & +64.2 ms & ≤ 2.1 ms (within

You may provide a definition with
\DeclareUnicodeCharacter 


! LaTeX Error: Unicode character ≤ (U+2264)
               not set up for use with LaTeX.

See the LaTeX manual or LaTeX Companion for explanation.
Type  H <return>  for immediate help.
 ...                                              
                                                  
l.532 ... asymmetry cam1 − cam0 & +64.2 ms & ≤
                                                   2.1 ms (within
You may provide a definition with
\DeclareUnicodeCharacter 

LaTeX Info: Symbol \textrightarrow not provided by
            font family ppl in TS1 encoding.
            Default family used instead on input line 534.

pdfTeX warning (ext4): destination with the same identifier (name{none.\\thenon
e\040}) has been already used, duplicate ignored
<to be read again> 
                   \relax 
l.543 \end{longtable}
                      [37]
LaTeX Font Info:    Font shape `U/msa/m/n' will be
(Font)              scaled to size 12.50409pt on input line 550.
LaTeX Font Info:    Font shape `U/msa/m/n' will be
(Font)              scaled to size 9.37807pt on input line 550.
LaTeX Font Info:    Font shape `U/msa/m/n' will be
(Font)              scaled to size 7.29405pt on input line 550.
LaTeX Font Info:    Font shape `U/msb/m/n' will be
(Font)              scaled to size 12.50409pt on input line 550.
LaTeX Font Info:    Font shape `U/msb/m/n' will be
(Font)              scaled to size 9.37807pt on input line 550.
LaTeX Font Info:    Font shape `U/msb/m/n' will be
(Font)              scaled to size 7.29405pt on input line 550.
LaTeX Info: Symbol \textrightarrow not provided by
            font family ppl in TS1 encoding.
            Default family used instead on input line 565.
LaTeX Info: Symbol \textrightarrow not provided by
            font family ppl in TS1 encoding.
            Default family used instead on input line 566.
 [38]) (./paper_mdpi_memcpy.tex

! LaTeX Error: No counter 'none' defined.

See the LaTeX manual or LaTeX Companion for explanation.
Type  H <return>  for immediate help.
 ...                                              
                                                  
l.31 ...ewidth - 2\tabcolsep) * \real{0.3889}}@{}}
                                                  
Your command was ignored.
Type  I <command> <return>  to replace it with another command,
or  <return>  to continue without it.

! Missing number, treated as zero.
<to be read again> 
                   \c@none 
l.31 ...ewidth - 2\tabcolsep) * \real{0.3889}}@{}}
                                                  
A number should have been here; I inserted `0'.
(If you can't figure out why I needed to see a number,
look up `weird error' in the index to The TeXbook.)


pdfTeX warning (ext4): destination with the same identifier (name{none.\\thenon
e\040}) has been already used, duplicate ignored
<to be read again> 
                   \relax 
l.50 \end{longtable}
                    

! LaTeX Error: No counter 'none' defined.

See the LaTeX manual or LaTeX Companion for explanation.
Type  H <return>  for immediate help.
 ...                                              
                                                  
l.58 ...ewidth - 2\tabcolsep) * \real{0.3889}}@{}}
                                                  
Your command was ignored.
Type  I <command> <return>  to replace it with another command,
or  <return>  to continue without it.

! Missing number, treated as zero.
<to be read again> 
                   \c@none 
l.58 ...ewidth - 2\tabcolsep) * \real{0.3889}}@{}}
                                                  
A number should have been here; I inserted `0'.
(If you can't figure out why I needed to see a number,
look up `weird error' in the index to The TeXbook.)


Overfull \hbox (6.77795pt too wide) in paragraph at lines 69--71
\T1/cmtt/m/n/10 MIMXRT1176xxxxx_cm7_ram_mp.ld\T1/ppl/m/n/10 (-20) )|  
 []

[39]
pdfTeX warning (ext4): destination with the same identifier (name{none.\\thenon
e\040}) has been already used, duplicate ignored
<to be read again> 
                   \relax 
l.77 \end{longtable}
                    

! LaTeX Error: No counter 'none' defined.

See the LaTeX manual or LaTeX Companion for explanation.
Type  H <return>  for immediate help.
 ...                                              
                                                  
l.85 ...ewidth - 2\tabcolsep) * \real{0.3889}}@{}}
                                                  
Your command was ignored.
Type  I <command> <return>  to replace it with another command,
or  <return>  to continue without it.

! Missing number, treated as zero.
<to be read again> 
                   \c@none 
l.85 ...ewidth - 2\tabcolsep) * \real{0.3889}}@{}}
                                                  
A number should have been here; I inserted `0'.
(If you can't figure out why I needed to see a number,
look up `weird error' in the index to The TeXbook.)


Overfull \hbox (176.7223pt too wide) in paragraph at lines 97--98
[]|\T1/cmtt/m/n/10 /yolo_1_class_512_1_upsample_512_inloc_de_1024_la_P5_32.tfli
te|  
 []


pdfTeX warning (ext4): destination with the same identifier (name{none.\\thenon
e\040}) has been already used, duplicate ignored
<to be read again> 
                   \relax 
l.112 \end{longtable}
                     
LaTeX Info: Symbol \textrightarrow not provided by
            font family ppl in TS1 encoding.
            Default family used instead on input line 153.

Overfull \hbox (6.34926pt too wide) in paragraph at lines 151--157
[]\T1/ppl/m/n/10 (-20) Timing col-lected via \T1/cmtt/m/n/10 sentai.pipeline.ge
t_ex() \T1/ppl/m/n/10 (-20) which re-turns the firmware-measured
 []

[40]
LaTeX Font Info:    Font shape `T1/cmtt/bx/n' in size <12> not available
(Font)              Font shape `T1/cmtt/m/n' tried instead on input line 170.
LaTeX Info: Symbol \textrightarrow not provided by
            font family ppl in TS1 encoding.
            Default family used instead on input line 170.
LaTeX Info: Symbol \textrightarrow not provided by
            font family ppl in TS1 encoding.
            Default family used instead on input line 170.


! LaTeX Error: No counter 'none' defined.

See the LaTeX manual or LaTeX Companion for explanation.
Type  H <return>  for immediate help.
 ...                                              
                                                  
l.189 ...idth - 12\tabcolsep) * \real{0.1136}}@{}}
                                                  
Your command was ignored.
Type  I <command> <return>  to replace it with another command,
or  <return>  to continue without it.

! Missing number, treated as zero.
<to be read again> 
                   \c@none 
l.189 ...idth - 12\tabcolsep) * \real{0.1136}}@{}}
                                                  
A number should have been here; I inserted `0'.
(If you can't figure out why I needed to see a number,
look up `weird error' in the index to The TeXbook.)


pdfTeX warning (ext4): destination with the same identifier (name{none.\\thenon
e\040}) has been already used, duplicate ignored
<to be read again> 
                   \relax 
l.222 \end{longtable}
                     

! LaTeX Error: Unicode character σ (U+03C3)
               not set up for use with LaTeX.

See the LaTeX manual or LaTeX Companion for explanation.
Type  H <return>  for immediate help.
 ...                                              
                                                  
l.225 ...3.39, min 13.18, max 13.49, σ ≈ 0.10.}
                                                  
You may provide a definition with
\DeclareUnicodeCharacter 


! LaTeX Error: Unicode character ≈ (U+2248)
               not set up for use with LaTeX.

See the LaTeX manual or LaTeX Companion for explanation.
Type  H <return>  for immediate help.
 ...                                              
                                                  
l.225 ...3.39, min 13.18, max 13.49, σ ≈ 0.10.}
                                                  
You may provide a definition with
\DeclareUnicodeCharacter 


! LaTeX Error: Unicode character − (U+2212)
               not set up for use with LaTeX.

See the LaTeX manual or LaTeX Companion for explanation.
Type  H <return>  for immediate help.
 ...                                              
                                                  
l.230 ...t{gap\ =\ wall\ −\ total\ ≈\ 0.2\ ms}
                                                  , which is the cost of the
You may provide a definition with
\DeclareUnicodeCharacter 


! LaTeX Error: Unicode character ≈ (U+2248)
               not set up for use with LaTeX.

See the LaTeX manual or LaTeX Companion for explanation.
Type  H <return>  for immediate help.
 ...                                              
                                                  
l.230 ...t{gap\ =\ wall\ −\ total\ ≈\ 0.2\ ms}
                                                  , which is the cost of the
You may provide a definition with
\DeclareUnicodeCharacter 


! LaTeX Error: Unicode character ≈ (U+2248)
               not set up for use with LaTeX.

See the LaTeX manual or LaTeX Companion for explanation.
Type  H <return>  for immediate help.
 ...                                              
                                                  
l.236 ...t during the copy = 786 432 B / 24 ms ≈
                                                   \textbf{32.8 MB/s}.
You may provide a definition with
\DeclareUnicodeCharacter 

[41]
Overfull \hbox (15.0448pt too wide) in paragraph at lines 300--300
[]\T1/cmtt/m/n/10 if ((((uintptr_t)src | (uintptr_t)dst | size) & 0x1Fu) == 0u)
      width = 32;[] 
 []


Overfull \hbox (9.79608pt too wide) in paragraph at lines 300--300
[]\T1/cmtt/m/n/10 else if ((((uintptr_t)src | (uintptr_t)dst | size) & 0x07u) =
= 0u) width = 8;[] 
 []


Overfull \hbox (25.54224pt too wide) in paragraph at lines 300--300
[]    \T1/cmtt/m/n/10 if (xTaskGetTickCount() > deadline) return false;  // fal
lback to CPU memcpy[] 
 []

LaTeX Font Info:    Font shape `T1/cmtt/bx/n' in size <10> not available
(Font)              Font shape `T1/cmtt/m/n' tried instead on input line 308.
[42]
Overfull \hbox (94.51411pt too wide) in paragraph at lines 341--345
[]\T1/ppl/m/n/10 (-20) Removing the pre-DMA \T1/cmtt/m/n/10 CleanInvalidate \T1
/ppl/m/n/10 (-20) --- while keep-ing a manda-tory \T1/cmtt/m/n/10 DCACHE_Invali
dateByRange(dst,
 []


! LaTeX Error: No counter 'none' defined.

See the LaTeX manual or LaTeX Companion for explanation.
Type  H <return>  for immediate help.
 ...                                              
                                                  
l.362 ...idth - 12\tabcolsep) * \real{0.1136}}@{}}
                                                  
Your command was ignored.
Type  I <command> <return>  to replace it with another command,
or  <return>  to continue without it.

! Missing number, treated as zero.
<to be read again> 
                   \c@none 
l.362 ...idth - 12\tabcolsep) * \real{0.1136}}@{}}
                                                  
A number should have been here; I inserted `0'.
(If you can't figure out why I needed to see a number,
look up `weird error' in the index to The TeXbook.)


pdfTeX warning (ext4): destination with the same identifier (name{none.\\thenon
e\040}) has been already used, duplicate ignored
<to be read again> 
                   \relax 
l.395 \end{longtable}
                     

! LaTeX Error: Unicode character σ (U+03C3)
               not set up for use with LaTeX.

See the LaTeX manual or LaTeX Companion for explanation.
Type  H <return>  for immediate help.
 ...                                              
                                                  
l.398 ...5.32, min 15.07, max 15.56, σ ≈ 0.22.}
                                                  
You may provide a definition with
\DeclareUnicodeCharacter 


! LaTeX Error: Unicode character ≈ (U+2248)
               not set up for use with LaTeX.

See the LaTeX manual or LaTeX Companion for explanation.
Type  H <return>  for immediate help.
 ...                                              
                                                  
l.398 ...5.32, min 15.07, max 15.56, σ ≈ 0.22.}
                                                  
You may provide a definition with
\DeclareUnicodeCharacter 


! LaTeX Error: Unicode character ≈ (U+2248)
               not set up for use with LaTeX.

See the LaTeX manual or LaTeX Companion for explanation.
Type  H <return>  for immediate help.
 ...                                              
                                                  
l.400 ...during the copy = 786 432 B / 14.6 ms ≈
                                                   \textbf{53.9 MB/s}
You may provide a definition with
\DeclareUnicodeCharacter 


! LaTeX Error: No counter 'none' defined.

See the LaTeX manual or LaTeX Companion for explanation.
Type  H <return>  for immediate help.
 ...                                              
                                                  
l.417 ...width - 6\tabcolsep) * \real{0.2667}}@{}}
                                                  
Your command was ignored.
Type  I <command> <return>  to replace it with another command,
or  <return>  to continue without it.

! Missing number, treated as zero.
<to be read again> 
                   \c@none 
l.417 ...width - 6\tabcolsep) * \real{0.2667}}@{}}
                                                  
A number should have been here; I inserted `0'.
(If you can't figure out why I needed to see a number,
look up `weird error' in the index to The TeXbook.)


! LaTeX Error: Unicode character Δ (U+0394)
               not set up for use with LaTeX.

See the LaTeX manual or LaTeX Companion for explanation.
Type  H <return>  for immediate help.
 ...                                              
                                                  
l.426 Δ
        
You may provide a definition with
\DeclareUnicodeCharacter 


! LaTeX Error: Unicode character − (U+2212)
               not set up for use with LaTeX.

See the LaTeX manual or LaTeX Companion for explanation.
Type  H <return>  for immediate help.
 ...                                              
                                                  
l.432 Invoke (TPU) & 50.2 ms & 49.8 ms & −
                                            0.4 ms (noise) \\
You may provide a definition with
\DeclareUnicodeCharacter 

LaTeX Info: Symbol \textrightarrow not provided by
            font family ppl in TS1 encoding.
            Default family used instead on input line 433.

! LaTeX Error: Unicode character − (U+2212)
               not set up for use with LaTeX.

See the LaTeX manual or LaTeX Companion for explanation.
Type  H <return>  for immediate help.
 ...                                              
                                                  
l.434 \textbf{−9.5 ms (−39 \%)}
                                    \\
You may provide a definition with
\DeclareUnicodeCharacter 


! LaTeX Error: Unicode character − (U+2212)
               not set up for use with LaTeX.

See the LaTeX manual or LaTeX Companion for explanation.
Type  H <return>  for immediate help.
 ...                                              
                                                  
l.434 \textbf{−9.5 ms (−39 \%)}
                                    \\
You may provide a definition with
\DeclareUnicodeCharacter 


! LaTeX Error: Unicode character − (U+2212)
               not set up for use with LaTeX.

See the LaTeX manual or LaTeX Companion for explanation.
Type  H <return>  for immediate help.
 ...                                              
                                                  
l.436 ... & 74.5 ms & 64.6 ms & \textbf{−9.9 ms}
                                                   \\
You may provide a definition with
\DeclareUnicodeCharacter 


! LaTeX Error: Unicode character − (U+2212)
               not set up for use with LaTeX.

See the LaTeX manual or LaTeX Companion for explanation.
Type  H <return>  for immediate help.
 ...                                              
                                                  
l.437 wall interval & 74.7 ms & 65.3 ms & −
                                             9.4 ms \\
You may provide a definition with
\DeclareUnicodeCharacter 


pdfTeX warning (ext4): destination with the same identifier (name{none.\\thenon
e\040}) has been already used, duplicate ignored
<to be read again> 
                   \relax 
l.438 \end{longtable}
                      [43]

! LaTeX Error: No counter 'none' defined.

See the LaTeX manual or LaTeX Companion for explanation.
Type  H <return>  for immediate help.
 ...                                              
                                                  
l.456 ...width - 8\tabcolsep) * \real{0.2105}}@{}}
                                                  
Your command was ignored.
Type  I <command> <return>  to replace it with another command,
or  <return>  to continue without it.

! Missing number, treated as zero.
<to be read again> 
                   \c@none 
l.456 ...width - 8\tabcolsep) * \real{0.2105}}@{}}
                                                  
A number should have been here; I inserted `0'.
(If you can't figure out why I needed to see a number,
look up `weird error' in the index to The TeXbook.)


! LaTeX Error: Unicode character Δ (U+0394)
               not set up for use with LaTeX.

See the LaTeX manual or LaTeX Companion for explanation.
Type  H <return>  for immediate help.
 ...                                              
                                                  
l.467 Δ
         vs baseline
You may provide a definition with
\DeclareUnicodeCharacter 


Overfull \hbox (19.74127pt too wide) in paragraph at lines 473--473
\T1/ppl/m/n/10 (-20) (\T1/cmtt/m/n/10 dma_memcpy(0)\T1/ppl/m/n/10 (-20) )|  
 []


Overfull \hbox (19.74127pt too wide) in paragraph at lines 474--474
\T1/ppl/m/n/10 (-20) (\T1/cmtt/m/n/10 dma_memcpy(1)\T1/ppl/m/n/10 (-20) )|  
 []


pdfTeX warning (ext4): destination with the same identifier (name{none.\\thenon
e\040}) has been already used, duplicate ignored
<to be read again> 
                   \relax 
l.477 \end{longtable}
                     

! LaTeX Error: Unicode character ≈ (U+2248)
               not set up for use with LaTeX.

See the LaTeX manual or LaTeX Companion for explanation.
Type  H <return>  for immediate help.
 ...                                              
                                                  
l.481 FPS ≈
              66.7 ms/frame); individual measurements slightly exceed this when

You may provide a definition with
\DeclareUnicodeCharacter 


! LaTeX Error: Unicode character σ (U+03C3)
               not set up for use with LaTeX.

See the LaTeX manual or LaTeX Companion for explanation.
Type  H <return>  for immediate help.
 ...                                              
                                                  
l.490 σ
         grows from 0.09 to 0.20 FPS --- not material for the use case but
You may provide a definition with
\DeclareUnicodeCharacter 


! LaTeX Error: No counter 'none' defined.

See the LaTeX manual or LaTeX Companion for explanation.
Type  H <return>  for immediate help.
 ...                                              
                                                  
l.505 ...width - 4\tabcolsep) * \real{0.3000}}@{}}
                                                  
Your command was ignored.
Type  I <command> <return>  to replace it with another command,
or  <return>  to continue without it.

! Missing number, treated as zero.
<to be read again> 
                   \c@none 
l.505 ...width - 4\tabcolsep) * \real{0.3000}}@{}}
                                                  
A number should have been here; I inserted `0'.
(If you can't figure out why I needed to see a number,
look up `weird error' in the index to The TeXbook.)

LaTeX Info: Symbol \textrightarrow not provided by
            font family ppl in TS1 encoding.
            Default family used instead on input line 526.

pdfTeX warning (ext4): destination with the same identifier (name{none.\\thenon
e\040}) has been already used, duplicate ignored
<to be read again> 
                   \relax 
l.532 \end{longtable}
                      [44]

! LaTeX Error: No counter 'none' defined.

See the LaTeX manual or LaTeX Companion for explanation.
Type  H <return>  for immediate help.
 ...                                              
                                                  
l.551 ...width - 4\tabcolsep) * \real{0.3333}}@{}}
                                                  
Your command was ignored.
Type  I <command> <return>  to replace it with another command,
or  <return>  to continue without it.

! Missing number, treated as zero.
<to be read again> 
                   \c@none 
l.551 ...width - 4\tabcolsep) * \real{0.3333}}@{}}
                                                  
A number should have been here; I inserted `0'.
(If you can't figure out why I needed to see a number,
look up `weird error' in the index to The TeXbook.)

LaTeX Info: Symbol \textrightarrow not provided by
            font family ppl in TS1 encoding.
            Default family used instead on input line 565.
LaTeX Info: Symbol \textrightarrow not provided by
            font family ppl in TS1 encoding.
            Default family used instead on input line 568.
LaTeX Info: Symbol \textrightarrow not provided by
            font family ppl in TS1 encoding.
            Default family used instead on input line 571.

pdfTeX warning (ext4): destination with the same identifier (name{none.\\thenon
e\040}) has been already used, duplicate ignored
<to be read again> 
                   \relax 
l.575 \end{longtable}
                     
Overfull \hbox (51.78583pt too wide) in paragraph at lines 604--604
[]\T1/cmtt/m/n/10 # One-shot E15 run ^^V creates /diags/sNNN_e15_512/ with CSV 
+ scene_{before,after}.jpg[] 
 []

[45]
Overfull \hbox (0.72888pt too wide) in paragraph at lines 613--616
[]\T1/cmtt/m/n/10 /diags/sNNN_e15_512/001_e14_pipeline_par_cam0_512x512.csv \T1
/ppl/m/n/10 (-20) --- per-frame tim-
 []


! LaTeX Error: No counter 'none' defined.

See the LaTeX manual or LaTeX Companion for explanation.
Type  H <return>  for immediate help.
 ...                                              
                                                  
l.646 ...width - 4\tabcolsep) * \real{0.3333}}@{}}
                                                  
Your command was ignored.
Type  I <command> <return>  to replace it with another command,
or  <return>  to continue without it.

! Missing number, treated as zero.
<to be read again> 
                   \c@none 
l.646 ...width - 4\tabcolsep) * \real{0.3333}}@{}}
                                                  
A number should have been here; I inserted `0'.
(If you can't figure out why I needed to see a number,
look up `weird error' in the index to The TeXbook.)


Overfull \hbox (7.7794pt too wide) in paragraph at lines 659--659
[]|\T1/cmtt/m/n/10 /yolo26n.edgetpu_1.tflite|  
 []


Overfull \hbox (112.75377pt too wide) in paragraph at lines 660--661
[]|\T1/cmtt/m/n/10 /yolo_1_class_512_1_upsample_..._P5_32.tflite|  
 []


pdfTeX warning (ext4): destination with the same identifier (name{none.\\thenon
e\040}) has been already used, duplicate ignored
<to be read again> 
                   \relax 
l.678 \end{longtable}
                     

! LaTeX Error: No counter 'none' defined.

See the LaTeX manual or LaTeX Companion for explanation.
Type  H <return>  for immediate help.
 ...                                              
                                                  
l.685 \begin{longtable}[]{@{}lrcrc@{}}
                                      
Your command was ignored.
Type  I <command> <return>  to replace it with another command,
or  <return>  to continue without it.

! Missing number, treated as zero.
<to be read again> 
                   \c@none 
l.685 \begin{longtable}[]{@{}lrcrc@{}}
                                      
A number should have been here; I inserted `0'.
(If you can't figure out why I needed to see a number,
look up `weird error' in the index to The TeXbook.)

[46]
pdfTeX warning (ext4): destination with the same identifier (name{none.\\thenon
e\040}) has been already used, duplicate ignored
<to be read again> 
                   \relax 
l.696 \end{longtable}
                     
Overfull \hbox (40.24341pt too wide) in paragraph at lines 711--717
\T1/ppl/m/n/10 (-20) now ex-poses \T1/cmtt/m/n/10 sentai.tpu.yolo_info() \T1/pp
l/m/n/10 (-20) which re-turns \T1/cmtt/m/n/10 (layout_str, num_classes, num_anc
hors)
 []


! LaTeX Error: No counter 'none' defined.

See the LaTeX manual or LaTeX Companion for explanation.
Type  H <return>  for immediate help.
 ...                                              
                                                  
l.719 \begin{longtable}[]{@{}ll@{}}
                                   
Your command was ignored.
Type  I <command> <return>  to replace it with another command,
or  <return>  to continue without it.

! Missing number, treated as zero.
<to be read again> 
                   \c@none 
l.719 \begin{longtable}[]{@{}ll@{}}
                                   
A number should have been here; I inserted `0'.
(If you can't figure out why I needed to see a number,
look up `weird error' in the index to The TeXbook.)


pdfTeX warning (ext4): destination with the same identifier (name{none.\\thenon
e\040}) has been already used, duplicate ignored
<to be read again> 
                   \relax 
l.730 \end{longtable}
                     

! LaTeX Error: No counter 'none' defined.

See the LaTeX manual or LaTeX Companion for explanation.
Type  H <return>  for immediate help.
 ...                                              
                                                  
l.772 ...width - 8\tabcolsep) * \real{0.1714}}@{}}
                                                  
Your command was ignored.
Type  I <command> <return>  to replace it with another command,
or  <return>  to continue without it.

! Missing number, treated as zero.
<to be read again> 
                   \c@none 
l.772 ...width - 8\tabcolsep) * \real{0.1714}}@{}}
                                                  
A number should have been here; I inserted `0'.
(If you can't figure out why I needed to see a number,
look up `weird error' in the index to The TeXbook.)


Overfull \hbox (14.11609pt too wide) in paragraph at lines 790--791
[]|\T1/cmtt/m/n/10 TryGetRawFrame 
 []


pdfTeX warning (ext4): destination with the same identifier (name{none.\\thenon
e\040}) has been already used, duplicate ignored
<to be read again> 
                   \relax 
l.795 \end{longtable}
                      [47]
LaTeX Info: Symbol \textrightarrow not provided by
            font family ppl in TS1 encoding.
            Default family used instead on input line 811.

Overfull \hbox (46.57948pt too wide) in paragraph at lines 814--821
\T1/ppl/m/n/10 (-20) the firmware copy large SDRAM buffers (\T1/cmtt/m/n/10 sen
tai_cam_capture_rgb\T1/ppl/m/n/10 (-20) , \T1/cmtt/m/n/10 sentai_cam_capture_jp
eg\T1/ppl/m/n/10 (-20) ,
 []


Overfull \hbox (17.64772pt too wide) in paragraph at lines 838--842
[]\T1/ppl/m/n/10 (-20) Local code: [][]de-tec-tion_task.cc[][], [][]mod-sen-tai
_pipeline.c[][], [][]diag/e_pipeline.py[][], [][]diag/_session.py[][]. 
 []

) (./paper_mdpi_camswitch.tex

! LaTeX Error: Unicode character ↔ (U+2194)
               not set up for use with LaTeX.

See the LaTeX manual or LaTeX Companion for explanation.
Type  H <return>  for immediate help.
 ...                                              
                                                  
l.21 ...p that alternates \texttt{cam0\ ↔\ cam1}
                                                  
You may provide a definition with
\DeclareUnicodeCharacter 


! LaTeX Error: Unicode character ≈ (U+2248)
               not set up for use with LaTeX.

See the LaTeX manual or LaTeX Companion for explanation.
Type  H <return>  for immediate help.
 ...                                              
                                                  
l.23 \textbf{≈ 147 ms}
                        , with a stable \textbf{65 ms asymmetry} in favour of
You may provide a definition with
\DeclareUnicodeCharacter 

[48]

! LaTeX Error: No counter 'none' defined.

See the LaTeX manual or LaTeX Companion for explanation.
Type  H <return>  for immediate help.
 ...                                              
                                                  
l.34 ...ewidth - 2\tabcolsep) * \real{0.3889}}@{}}
                                                  
Your command was ignored.
Type  I <command> <return>  to replace it with another command,
or  <return>  to continue without it.

! Missing number, treated as zero.
<to be read again> 
                   \c@none 
l.34 ...ewidth - 2\tabcolsep) * \real{0.3889}}@{}}
                                                  
A number should have been here; I inserted `0'.
(If you can't figure out why I needed to see a number,
look up `weird error' in the index to The TeXbook.)


pdfTeX warning (ext4): destination with the same identifier (name{none.\\thenon
e\040}) has been already used, duplicate ignored
<to be read again> 
                   \relax 
l.52 \end{longtable}
                    

! LaTeX Error: No counter 'none' defined.

See the LaTeX manual or LaTeX Companion for explanation.
Type  H <return>  for immediate help.
 ...                                              
                                                  
l.60 ...ewidth - 2\tabcolsep) * \real{0.3889}}@{}}
                                                  
Your command was ignored.
Type  I <command> <return>  to replace it with another command,
or  <return>  to continue without it.

! Missing number, treated as zero.
<to be read again> 
                   \c@none 
l.60 ...ewidth - 2\tabcolsep) * \real{0.3889}}@{}}
                                                  
A number should have been here; I inserted `0'.
(If you can't figure out why I needed to see a number,
look up `weird error' in the index to The TeXbook.)


Overfull \hbox (18.21101pt too wide) in paragraph at lines 76--79
[]|[][]\T1/cmtt/m/n/10 experiments/s034_e15_vs_e16_x40/[][] 
 []


pdfTeX warning (ext4): destination with the same identifier (name{none.\\thenon
e\040}) has been already used, duplicate ignored
<to be read again> 
                   \relax 
l.79 \end{longtable}
                    

! LaTeX Error: No counter 'none' defined.

See the LaTeX manual or LaTeX Companion for explanation.
Type  H <return>  for immediate help.
 ...                                              
                                                  
l.89 ...ewidth - 2\tabcolsep) * \real{0.3889}}@{}}
                                                  
Your command was ignored.
Type  I <command> <return>  to replace it with another command,
or  <return>  to continue without it.

! Missing number, treated as zero.
<to be read again> 
                   \c@none 
l.89 ...ewidth - 2\tabcolsep) * \real{0.3889}}@{}}
                                                  
A number should have been here; I inserted `0'.
(If you can't figure out why I needed to see a number,
look up `weird error' in the index to The TeXbook.)


Overfull \hbox (176.7223pt too wide) in paragraph at lines 101--102
[]|\T1/cmtt/m/n/10 /yolo_1_class_512_1_upsample_512_inloc_de_1024_la_P5_32.tfli
te|  
 []


pdfTeX warning (ext4): destination with the same identifier (name{none.\\thenon
e\040}) has been already used, duplicate ignored
<to be read again> 
                   \relax 
l.106 \end{longtable}
                      [49]
Overfull \hbox (31.50502pt too wide) in paragraph at lines 128--128
 []\T1/cmtt/m/n/10 ../experiments/s034_e15_vs_e16_x40/scene_cam0_before_512x512
.jpg   (23 611 B)[] 
 []


Overfull \hbox (31.50502pt too wide) in paragraph at lines 128--128
 []\T1/cmtt/m/n/10 ../experiments/s034_e15_vs_e16_x40/scene_cam0_after_512x512.
jpg    (23 540 B)[] 
 []


Overfull \hbox (31.50502pt too wide) in paragraph at lines 128--128
 []\T1/cmtt/m/n/10 ../experiments/s034_e15_vs_e16_x40/scene_cam1_before_512x512
.jpg   (29 301 B)[] 
 []


Overfull \hbox (31.50502pt too wide) in paragraph at lines 128--128
 []\T1/cmtt/m/n/10 ../experiments/s034_e15_vs_e16_x40/scene_cam1_after_512x512.
jpg    (29 692 B)[] 
 []


Overfull \hbox (67.5647pt too wide) in paragraph at lines 154--159
[]\T1/ppl/m/n/10 (-20) E15 re-ports \T1/cmtt/m/n/10 frame_interval_ms \T1/ppl/m
/n/10 (-20) = wall-clock delta be-tween con-sec-u-tive \T1/cmtt/m/n/10 sentai.p
ipeline.get()
 []


! LaTeX Error: Unicode character σ (U+03C3)
               not set up for use with LaTeX.

See the LaTeX manual or LaTeX Companion for explanation.
Type  H <return>  for immediate help.
 ...                                              
                                                  
l.199 ...l in the range \textbf{61\ldots68 ms}, σ
                                                   ≈ 1.8 ms.
You may provide a definition with
\DeclareUnicodeCharacter 


! LaTeX Error: Unicode character ≈ (U+2248)
               not set up for use with LaTeX.

See the LaTeX manual or LaTeX Companion for explanation.
Type  H <return>  for immediate help.
 ...                                              
                                                  
l.199 ... the range \textbf{61\ldots68 ms}, σ ≈
                                                   1.8 ms.
You may provide a definition with
\DeclareUnicodeCharacter 


! LaTeX Error: Unicode character ↔ (U+2194)
               not set up for use with LaTeX.

See the LaTeX manual or LaTeX Companion for explanation.
Type  H <return>  for immediate help.
 ...                                              
                                                  
l.208 ...ting cam0 ↔ cam1, sequential pipeline}}
                                                  \label{experiment-e16-alte...

You may provide a definition with
\DeclareUnicodeCharacter 

[50]

! LaTeX Error: Unicode character σ (U+03C3)
               not set up for use with LaTeX.

See the LaTeX manual or LaTeX Companion for explanation.
Type  H <return>  for immediate help.
 ...                                              
                                                  
l.242 The σ
             is an order of magnitude larger than E15 because the loop is
You may provide a definition with
\DeclareUnicodeCharacter 


! LaTeX Error: No counter 'none' defined.

See the LaTeX manual or LaTeX Companion for explanation.
Type  H <return>  for immediate help.
 ...                                              
                                                  
l.256 ...idth - 12\tabcolsep) * \real{0.1481}}@{}}
                                                  
Your command was ignored.
Type  I <command> <return>  to replace it with another command,
or  <return>  to continue without it.

! Missing number, treated as zero.
<to be read again> 
                   \c@none 
l.256 ...idth - 12\tabcolsep) * \real{0.1481}}@{}}
                                                  
A number should have been here; I inserted `0'.
(If you can't figure out why I needed to see a number,
look up `weird error' in the index to The TeXbook.)


Overfull \hbox (2.86304pt too wide) in paragraph at lines 259--260
[]\T1/ppl/m/n/10 (-20) direction  
 []

LaTeX Info: Symbol \textrightarrow not provided by
            font family ppl in TS1 encoding.
            Default family used instead on input line 277.
LaTeX Info: Symbol \textrightarrow not provided by
            font family ppl in TS1 encoding.
            Default family used instead on input line 279.

! LaTeX Error: Unicode character − (U+2212)
               not set up for use with LaTeX.

See the LaTeX manual or LaTeX Companion for explanation.
Type  H <return>  for immediate help.
 ...                                              
                                                  
l.281 \textbf{asymmetry} (cam1 −
                                   cam0) & --- & \textbf{+64.2 ms} & +65.3 ms &

You may provide a definition with
\DeclareUnicodeCharacter 


Overfull \hbox (13.3448pt too wide) in paragraph at lines 281--281
[]|\T1/ppl/b/n/10 (-20) asymmetry 
 []


! LaTeX Error: Unicode character ≈ (U+2248)
               not set up for use with LaTeX.

See the LaTeX manual or LaTeX Companion for explanation.
Type  H <return>  for immediate help.
 ...                                              
                                                  
l.282 ≈
          0 & ≈ 0 & ≈ 0 \\
You may provide a definition with
\DeclareUnicodeCharacter 


! LaTeX Error: Unicode character ≈ (U+2248)
               not set up for use with LaTeX.

See the LaTeX manual or LaTeX Companion for explanation.
Type  H <return>  for immediate help.
 ...                                              
                                                  
l.282 ≈ 0 & ≈
                  0 & ≈ 0 \\
You may provide a definition with
\DeclareUnicodeCharacter 


! LaTeX Error: Unicode character ≈ (U+2248)
               not set up for use with LaTeX.

See the LaTeX manual or LaTeX Companion for explanation.
Type  H <return>  for immediate help.
 ...                                              
                                                  
l.282 ≈ 0 & ≈ 0 & ≈
                          0 \\
You may provide a definition with
\DeclareUnicodeCharacter 


pdfTeX warning (ext4): destination with the same identifier (name{none.\\thenon
e\040}) has been already used, duplicate ignored
<to be read again> 
                   \relax 
l.283 \end{longtable}
                     

! LaTeX Error: Unicode character σ (U+03C3)
               not set up for use with LaTeX.

See the LaTeX manual or LaTeX Companion for explanation.
Type  H <return>  for immediate help.
 ...                                              
                                                  
l.286 Within each camera σ
                            ≈ 1--2 ms, so every ms of the switch cost is
You may provide a definition with
\DeclareUnicodeCharacter 


! LaTeX Error: Unicode character ≈ (U+2248)
               not set up for use with LaTeX.

See the LaTeX manual or LaTeX Companion for explanation.
Type  H <return>  for immediate help.
 ...                                              
                                                  
l.286 Within each camera σ ≈
                                1--2 ms, so every ms of the switch cost is
You may provide a definition with
\DeclareUnicodeCharacter 


! LaTeX Error: No counter 'none' defined.

See the LaTeX manual or LaTeX Companion for explanation.
Type  H <return>  for immediate help.
 ...                                              
                                                  
l.296 ...width - 6\tabcolsep) * \real{0.2667}}@{}}
                                                  
Your command was ignored.
Type  I <command> <return>  to replace it with another command,
or  <return>  to continue without it.

! Missing number, treated as zero.
<to be read again> 
                   \c@none 
l.296 ...width - 6\tabcolsep) * \real{0.2667}}@{}}
                                                  
A number should have been here; I inserted `0'.
(If you can't figure out why I needed to see a number,
look up `weird error' in the index to The TeXbook.)


! LaTeX Error: Unicode character Δ (U+0394)
               not set up for use with LaTeX.

See the LaTeX manual or LaTeX Companion for explanation.
Type  H <return>  for immediate help.
 ...                                              
                                                  
l.305 Δ
        
You may provide a definition with
\DeclareUnicodeCharacter 


! LaTeX Error: Unicode character σ (U+03C3)
               not set up for use with LaTeX.

See the LaTeX manual or LaTeX Companion for explanation.
Type  H <return>  for immediate help.
 ...                                              
                                                  
l.312 wall frame time --- mean ± σ
                                     & \textbf{64.5 ± 1.8 ms} & \textbf{211...

You may provide a definition with
\DeclareUnicodeCharacter 


! LaTeX Error: Unicode character − (U+2212)
               not set up for use with LaTeX.

See the LaTeX manual or LaTeX Companion for explanation.
Type  H <return>  for immediate help.
 ...                                              
                                                  
l.315 ... FPS & \textbf{15.5} & \textbf{4.7} & −
                                                  10.8 (−70 \%) \\
You may provide a definition with
\DeclareUnicodeCharacter 


! LaTeX Error: Unicode character − (U+2212)
               not set up for use with LaTeX.

See the LaTeX manual or LaTeX Companion for explanation.
Type  H <return>  for immediate help.
 ...                                              
                                                  
l.315 ...extbf{15.5} & \textbf{4.7} & −10.8 (−
                                                  70 \%) \\
You may provide a definition with
\DeclareUnicodeCharacter 


! LaTeX Error: Unicode character ≈ (U+2248)
               not set up for use with LaTeX.

See the LaTeX manual or LaTeX Companion for explanation.
Type  H <return>  for immediate help.
 ...                                              
                                                  
l.316 overhead per switched frame & --- & ≈
                                              147 ms & --- \\
You may provide a definition with
\DeclareUnicodeCharacter 


pdfTeX warning (ext4): destination with the same identifier (name{none.\\thenon
e\040}) has been already used, duplicate ignored
<to be read again> 
                   \relax 
l.317 \end{longtable}
                      [51]
Overfull \hbox (79.27974pt too wide) in paragraph at lines 330--337
[]\T1/cmtt/m/n/10 sentai.camera.select(id) \T1/ppl/m/n/10 (-20) mea-sured \T1/p
pl/b/n/10 (-20) 0 ms \T1/ppl/m/n/10 (-20) ev-ery time. In-ter-nally it is \T1/c
mtt/m/n/10 CameraTask::SwitchCamera(id)
 []


! LaTeX Error: Unicode character ≈ (U+2248)
               not set up for use with LaTeX.

See the LaTeX manual or LaTeX Companion for explanation.
Type  H <return>  for immediate help.
 ...                                              
                                                  
l.348   \texttt{invoke} ≈
                            28--30 ms (identical across both cameras --- same
You may provide a definition with
\DeclareUnicodeCharacter 


! LaTeX Error: Unicode character ≈ (U+2248)
               not set up for use with LaTeX.

See the LaTeX manual or LaTeX Companion for explanation.
Type  H <return>  for immediate help.
 ...                                              
                                                  
l.351   \texttt{detect} ≈
                            0.5 ms (same NMS, zero-candidate exit)
You may provide a definition with
\DeclareUnicodeCharacter 


Overfull \hbox (46.03706pt too wide) in paragraph at lines 357--360
[]\T1/cmtt/m/n/10 to_tensor() \T1/ppl/m/n/10 (-20) calls \T1/cmtt/m/n/10 sentai
_cam_get_raw_with_recovery() \T1/ppl/m/n/10 (-20) which, with \T1/cmtt/m/n/10 g
_cam_switch_pending
 []


! LaTeX Error: Unicode character ≥ (U+2265)
               not set up for use with LaTeX.

See the LaTeX manual or LaTeX Companion for explanation.
Type  H <return>  for immediate help.
 ...                                              
                                                  
l.370   \textbf{Wait for ≥ 2 fresh frames}
                                             --- at 15 FPS (\textasciitilde67
You may provide a definition with
\DeclareUnicodeCharacter 


! LaTeX Error: Unicode character ≥ (U+2265)
               not set up for use with LaTeX.

See the LaTeX manual or LaTeX Companion for explanation.
Type  H <return>  for immediate help.
 ...                                              
                                                  
l.380 camera''}
                --- our steady-state measurements land on exactly that figure
You may provide a definition with
\DeclareUnicodeCharacter 


! LaTeX Error: Unicode character σ (U+03C3)
               not set up for use with LaTeX.

See the LaTeX manual or LaTeX Companion for explanation.
Type  H <return>  for immediate help.
 ...                                              
                                                  
l.386 With σ
              ≈ 1 ms on each camera group, the 65 ms gap between
You may provide a definition with
\DeclareUnicodeCharacter 


! LaTeX Error: Unicode character ≈ (U+2248)
               not set up for use with LaTeX.

See the LaTeX manual or LaTeX Companion for explanation.
Type  H <return>  for immediate help.
 ...                                              
                                                  
l.386 With σ ≈
                  1 ms on each camera group, the 65 ms gap between
You may provide a definition with
\DeclareUnicodeCharacter 


! LaTeX Error: Unicode character ≈ (U+2248)
               not set up for use with LaTeX.

See the LaTeX manual or LaTeX Companion for explanation.
Type  H <return>  for immediate help.
 ...                                              
                                                  
l.388 ...tra frame interval at 15 FPS (≈ 66 ms)}
                                                  ,
You may provide a definition with
\DeclareUnicodeCharacter 

[52]

! LaTeX Error: Unicode character ≥ (U+2265)
               not set up for use with LaTeX.

See the LaTeX manual or LaTeX Companion for explanation.
Type  H <return>  for immediate help.
 ...                                              
                                                  
l.434 that the drain logic uses to detect ``≥
                                                2 fresh frames from the new
You may provide a definition with
\DeclareUnicodeCharacter 


! LaTeX Error: Unicode character Δ (U+0394)
               not set up for use with LaTeX.

See the LaTeX manual or LaTeX Companion for explanation.
Type  H <return>  for immediate help.
 ...                                              
                                                  
l.440 the GPIO \texttt{Δq\ ≈\ 1-10\ ms}
                                           later --- a window during which the
You may provide a definition with
\DeclareUnicodeCharacter 


! LaTeX Error: Unicode character ≈ (U+2248)
               not set up for use with LaTeX.

See the LaTeX manual or LaTeX Companion for explanation.
Type  H <return>  for immediate help.
 ...                                              
                                                  
l.440 the GPIO \texttt{Δq\ ≈\ 1-10\ ms}
                                           later --- a window during which the
You may provide a definition with
\DeclareUnicodeCharacter 


Overfull \hbox (14.46031pt too wide) in paragraph at lines 433--445
\T1/cmtt/m/n/10 g_cam_switch_seq = g_camera_frame_seq \T1/ppl/m/n/10 (-20) ran 
in \T1/cmtt/m/n/10 sentai_cam_switch \T1/ppl/m/n/10 (-20) (\T1/cmtt/m/n/10 sent
ai_runtime.cc\T1/ppl/m/n/10 (-20) )
 []


Overfull \hbox (77.96341pt too wide) in paragraph at lines 446--450
[]\T1/ppl/m/n/10 (-20) The fix moves the snap-shot into \T1/cmtt/m/n/10 CameraT
ask::HandleSwitchCameraRequest \T1/ppl/m/n/10 (-20) (\T1/cmtt/m/n/10 libs/camer
a/camera.cc\T1/ppl/m/n/10 (-20) ),
 []


Overfull \hbox (22.21036pt too wide) in paragraph at lines 458--466
[]\T1/cmtt/m/n/10 cam->SwitchCamera() \T1/ppl/m/n/10 (-20) uses the block-ing \
T1/cmtt/m/n/10 SendRequest \T1/ppl/m/n/10 (-20) path (\T1/cmtt/m/n/10 libs/base
/queue_task.h:48\T1/ppl/m/n/10 (-20) )
 []


! LaTeX Error: No counter 'none' defined.

See the LaTeX manual or LaTeX Companion for explanation.
Type  H <return>  for immediate help.
 ...                                              
                                                  
l.475 \begin{longtable}[]{@{}lrrr@{}}
                                     
Your command was ignored.
Type  I <command> <return>  to replace it with another command,
or  <return>  to continue without it.

! Missing number, treated as zero.
<to be read again> 
                   \c@none 
l.475 \begin{longtable}[]{@{}lrrr@{}}
                                     
A number should have been here; I inserted `0'.
(If you can't figure out why I needed to see a number,
look up `weird error' in the index to The TeXbook.)


! LaTeX Error: Unicode character Δ (U+0394)
               not set up for use with LaTeX.

See the LaTeX manual or LaTeX Companion for explanation.
Type  H <return>  for immediate help.
 ...                                              
                                                  
l.477 ...before fix (s034) & after fix (s035) & Δ
                                                   \\
You may provide a definition with
\DeclareUnicodeCharacter 

LaTeX Info: Symbol \textrightarrow not provided by
            font family ppl in TS1 encoding.
            Default family used instead on input line 484.
LaTeX Info: Symbol \textrightarrow not provided by
            font family ppl in TS1 encoding.
            Default family used instead on input line 485.

! LaTeX Error: Unicode character − (U+2212)
               not set up for use with LaTeX.

See the LaTeX manual or LaTeX Companion for explanation.
Type  H <return>  for immediate help.
 ...                                              
                                                  
l.486 asymmetry (cam1 −
                          cam0) & +64.2 ms & +66.0 ms & noise \\
You may provide a definition with
\DeclareUnicodeCharacter 


pdfTeX warning (ext4): destination with the same identifier (name{none.\\thenon
e\040}) has been already used, duplicate ignored
<to be read again> 
                   \relax 
l.487 \end{longtable}
                     

! LaTeX Error: Unicode character Δ (U+0394)
               not set up for use with LaTeX.

See the LaTeX manual or LaTeX Companion for explanation.
Type  H <return>  for immediate help.
 ...                                              
                                                  
l.498 ... --- but empirically \texttt{Δq\ ≈\ 0}
                                                   on this board when the
You may provide a definition with
\DeclareUnicodeCharacter 


! LaTeX Error: Unicode character ≈ (U+2248)
               not set up for use with LaTeX.

See the LaTeX manual or LaTeX Companion for explanation.
Type  H <return>  for immediate help.
 ...                                              
                                                  
l.498 ... --- but empirically \texttt{Δq\ ≈\ 0}
                                                   on this board when the
You may provide a definition with
\DeclareUnicodeCharacter 

[53]

! LaTeX Error: Unicode character ≤ (U+2264)
               not set up for use with LaTeX.

See the LaTeX manual or LaTeX Companion for explanation.
Type  H <return>  for immediate help.
 ...                                              
                                                  
l.582 ...ur reads, one modulo (1 \texttt{UDIV} ≤
                                                   12 cycles on
You may provide a definition with
\DeclareUnicodeCharacter 

LaTeX Info: Symbol \textrightarrow not provided by
            font family ppl in TS1 encoding.
            Default family used instead on input line 585.
[54]

! LaTeX Error: Environment subfigure undefined.

See the LaTeX manual or LaTeX Companion for explanation.
Type  H <return>  for immediate help.
 ...                                              
                                                  
l.620 \begin{subfigure}
                       [t]{0.31\linewidth}
Your command was ignored.
Type  I <command> <return>  to replace it with another command,
or  <return>  to continue without it.

! Missing number, treated as zero.
<to be read again> 
                   }
l.620 \begin{subfigure}[t]{0.31\linewidth}
                                          
A number should have been here; I inserted `0'.
(If you can't figure out why I needed to see a number,
look up `weird error' in the index to The TeXbook.)

! Illegal unit of measure (pt inserted).
<to be read again> 
                   }
l.620 \begin{subfigure}[t]{0.31\linewidth}
                                          
Dimensions can be in units of em, ex, in, pt, pc,
cm, mm, dd, cc, nd, nc, bp, or sp; but yours is a new one!
I'll assume that you meant to say pt, for printer's points.
To recover gracefully from this error, it's best to
delete the erroneous units; e.g., type `2' to delete
two letters. (See Chapter 27 of The TeXbook.)

<figures/experiment_frames/fig_seam_cam0.jpg, id=1628, 513.92pt x 513.92pt>
File: figures/experiment_frames/fig_seam_cam0.jpg Graphic file (type jpg)
<use figures/experiment_frames/fig_seam_cam0.jpg>
Package pdftex.def Info: figures/experiment_frames/fig_seam_cam0.jpg  used on i
nput line 622.
(pdftex.def)             Requested size: 394.35522pt x 394.36299pt.

! LaTeX Error: \begin{figure} on input line 618 ended by \end{subfigure}.

See the LaTeX manual or LaTeX Companion for explanation.
Type  H <return>  for immediate help.
 ...                                              
                                                  
l.627 \end{subfigure}
                     \hfill
Your command was ignored.
Type  I <command> <return>  to replace it with another command,
or  <return>  to continue without it.


! LaTeX Error: Environment subfigure undefined.

See the LaTeX manual or LaTeX Companion for explanation.
Type  H <return>  for immediate help.
 ...                                              
                                                  
l.628 \begin{subfigure}
                       [t]{0.31\linewidth}
Your command was ignored.
Type  I <command> <return>  to replace it with another command,
or  <return>  to continue without it.

! Missing number, treated as zero.
<to be read again> 
                   }
l.628 \begin{subfigure}[t]{0.31\linewidth}
                                          
A number should have been here; I inserted `0'.
(If you can't figure out why I needed to see a number,
look up `weird error' in the index to The TeXbook.)

! Illegal unit of measure (pt inserted).
<to be read again> 
                   }
l.628 \begin{subfigure}[t]{0.31\linewidth}
                                          
Dimensions can be in units of em, ex, in, pt, pc,
cm, mm, dd, cc, nd, nc, bp, or sp; but yours is a new one!
I'll assume that you meant to say pt, for printer's points.
To recover gracefully from this error, it's best to
delete the erroneous units; e.g., type `2' to delete
two letters. (See Chapter 27 of The TeXbook.)

<figures/experiment_frames/fig_seam_cam1.jpg, id=1629, 513.92pt x 513.92pt>
File: figures/experiment_frames/fig_seam_cam1.jpg Graphic file (type jpg)
<use figures/experiment_frames/fig_seam_cam1.jpg>
Package pdftex.def Info: figures/experiment_frames/fig_seam_cam1.jpg  used on i
nput line 630.
(pdftex.def)             Requested size: 394.35522pt x 394.36299pt.

! LaTeX Error: \begin{figure} on input line 618 ended by \end{subfigure}.

See the LaTeX manual or LaTeX Companion for explanation.
Type  H <return>  for immediate help.
 ...                                              
                                                  
l.635 \end{subfigure}
                     \hfill
Your command was ignored.
Type  I <command> <return>  to replace it with another command,
or  <return>  to continue without it.


! LaTeX Error: Environment subfigure undefined.

See the LaTeX manual or LaTeX Companion for explanation.
Type  H <return>  for immediate help.
 ...                                              
                                                  
l.636 \begin{subfigure}
                       [t]{0.31\linewidth}
Your command was ignored.
Type  I <command> <return>  to replace it with another command,
or  <return>  to continue without it.

! Missing number, treated as zero.
<to be read again> 
                   }
l.636 \begin{subfigure}[t]{0.31\linewidth}
                                          
A number should have been here; I inserted `0'.
(If you can't figure out why I needed to see a number,
look up `weird error' in the index to The TeXbook.)

! Illegal unit of measure (pt inserted).
<to be read again> 
                   }
l.636 \begin{subfigure}[t]{0.31\linewidth}
                                          
Dimensions can be in units of em, ex, in, pt, pc,
cm, mm, dd, cc, nd, nc, bp, or sp; but yours is a new one!
I'll assume that you meant to say pt, for printer's points.
To recover gracefully from this error, it's best to
delete the erroneous units; e.g., type `2' to delete
two letters. (See Chapter 27 of The TeXbook.)

<figures/experiment_frames/fig_seam_extra.jpg, id=1630, 513.92pt x 513.92pt>
File: figures/experiment_frames/fig_seam_extra.jpg Graphic file (type jpg)
<use figures/experiment_frames/fig_seam_extra.jpg>
Package pdftex.def Info: figures/experiment_frames/fig_seam_extra.jpg  used on 
input line 638.
(pdftex.def)             Requested size: 394.35522pt x 394.36299pt.

! LaTeX Error: \begin{figure} on input line 618 ended by \end{subfigure}.

See the LaTeX manual or LaTeX Companion for explanation.
Type  H <return>  for immediate help.
 ...                                              
                                                  
l.644 \end{subfigure}
                     
Your command was ignored.
Type  I <command> <return>  to replace it with another command,
or  <return>  to continue without it.

[55]
Overfull \vbox (663.40858pt too high) has occurred while \output is active []


[56 <./figures/experiment_frames/fig_seam_cam0.jpg> <./figures/experiment_frame
s/fig_seam_cam1.jpg> <./figures/experiment_frames/fig_seam_extra.jpg>]
Overfull \hbox (3.58519pt too wide) in paragraph at lines 656--662
[]\T1/ppl/m/n/10 (-20) For the same drain thresh-old on the post-Fix-B firmware
 (ses-sion [][]\T1/cmtt/m/n/10 s041_e17_eof_check[][]\T1/ppl/m/n/10 (-20) ),
 []


! LaTeX Error: Environment subfigure undefined.

See the LaTeX manual or LaTeX Companion for explanation.
Type  H <return>  for immediate help.
 ...                                              
                                                  
l.665 \begin{subfigure}
                       [t]{0.44\linewidth}
Your command was ignored.
Type  I <command> <return>  to replace it with another command,
or  <return>  to continue without it.

! Missing number, treated as zero.
<to be read again> 
                   }
l.665 \begin{subfigure}[t]{0.44\linewidth}
                                          
A number should have been here; I inserted `0'.
(If you can't figure out why I needed to see a number,
look up `weird error' in the index to The TeXbook.)

! Illegal unit of measure (pt inserted).
<to be read again> 
                   }
l.665 \begin{subfigure}[t]{0.44\linewidth}
                                          
Dimensions can be in units of em, ex, in, pt, pc,
cm, mm, dd, cc, nd, nc, bp, or sp; but yours is a new one!
I'll assume that you meant to say pt, for printer's points.
To recover gracefully from this error, it's best to
delete the erroneous units; e.g., type `2' to delete
two letters. (See Chapter 27 of The TeXbook.)

<figures/experiment_frames/fig_clean_cam0.jpg, id=1649, 513.92pt x 513.92pt>
File: figures/experiment_frames/fig_clean_cam0.jpg Graphic file (type jpg)
<use figures/experiment_frames/fig_clean_cam0.jpg>
Package pdftex.def Info: figures/experiment_frames/fig_clean_cam0.jpg  used on 
input line 667.
(pdftex.def)             Requested size: 394.35522pt x 394.36299pt.

! LaTeX Error: \begin{figure} on input line 663 ended by \end{subfigure}.

See the LaTeX manual or LaTeX Companion for explanation.
Type  H <return>  for immediate help.
 ...                                              
                                                  
l.672 \end{subfigure}
                     \hfill
Your command was ignored.
Type  I <command> <return>  to replace it with another command,
or  <return>  to continue without it.


! LaTeX Error: Environment subfigure undefined.

See the LaTeX manual or LaTeX Companion for explanation.
Type  H <return>  for immediate help.
 ...                                              
                                                  
l.673 \begin{subfigure}
                       [t]{0.44\linewidth}
Your command was ignored.
Type  I <command> <return>  to replace it with another command,
or  <return>  to continue without it.

! Missing number, treated as zero.
<to be read again> 
                   }
l.673 \begin{subfigure}[t]{0.44\linewidth}
                                          
A number should have been here; I inserted `0'.
(If you can't figure out why I needed to see a number,
look up `weird error' in the index to The TeXbook.)

! Illegal unit of measure (pt inserted).
<to be read again> 
                   }
l.673 \begin{subfigure}[t]{0.44\linewidth}
                                          
Dimensions can be in units of em, ex, in, pt, pc,
cm, mm, dd, cc, nd, nc, bp, or sp; but yours is a new one!
I'll assume that you meant to say pt, for printer's points.
To recover gracefully from this error, it's best to
delete the erroneous units; e.g., type `2' to delete
two letters. (See Chapter 27 of The TeXbook.)

<figures/experiment_frames/fig_clean_cam1.jpg, id=1650, 513.92pt x 513.92pt>
File: figures/experiment_frames/fig_clean_cam1.jpg Graphic file (type jpg)
<use figures/experiment_frames/fig_clean_cam1.jpg>
Package pdftex.def Info: figures/experiment_frames/fig_clean_cam1.jpg  used on 
input line 675.
(pdftex.def)             Requested size: 394.35522pt x 394.36299pt.

! LaTeX Error: \begin{figure} on input line 663 ended by \end{subfigure}.

See the LaTeX manual or LaTeX Companion for explanation.
Type  H <return>  for immediate help.
 ...                                              
                                                  
l.681 \end{subfigure}
                     
Your command was ignored.
Type  I <command> <return>  to replace it with another command,
or  <return>  to continue without it.


Underfull \hbox (badness 10000) in paragraph at lines 690--690
[]\T1/ppl/b/n/9 (+20) Figure 15. |\T1/ppl/m/n/9 (+20) Post-Fix-B \T1/cmtt/m/n/9
 switch_drain=1 \T1/ppl/m/n/9 (+20) frames. The mid-buffer seam
 []


Underfull \hbox (badness 10000) in paragraph at lines 690--690
\T1/ppl/m/n/9 (+20) char-ac-terised in Fig-ure [][]12[][] is re-moved at the pi
xel level. Source:
 []

[57]
Overfull \vbox (245.18674pt too high) has occurred while \output is active []


[58 <./figures/experiment_frames/fig_clean_cam0.jpg> <./figures/experiment_fram
es/fig_clean_cam1.jpg>]
Overfull \hbox (16.69688pt too wide) in paragraph at lines 731--745
\T1/ppl/m/n/10 (-20) Root cause is the way \T1/cmtt/m/n/10 sentai_cam_get_raw_w
ith_recovery \T1/ppl/m/n/10 (-20) blocks on \T1/cmtt/m/n/10 cam->GetRawFrame
 []


! LaTeX Error: Unicode character − (U+2212)
               not set up for use with LaTeX.

See the LaTeX manual or LaTeX Companion for explanation.
Type  H <return>  for immediate help.
 ...                                              
                                                  
l.745 ...xtbf{Directional asymmetry cam1 − cam0}
                                                   was +65 ms pre-fix and is
You may provide a definition with
\DeclareUnicodeCharacter 


! LaTeX Error: Unicode character ≤ (U+2264)
               not set up for use with LaTeX.

See the LaTeX manual or LaTeX Companion for explanation.
Type  H <return>  for immediate help.
 ...                                              
                                                  
l.746   now ≤
                2 ms --- but it was never analysed as a \emph{sensor-side}
You may provide a definition with
\DeclareUnicodeCharacter 

[59]

! LaTeX Error: No counter 'none' defined.

See the LaTeX manual or LaTeX Companion for explanation.
Type  H <return>  for immediate help.
 ...                                              
                                                  
l.786 ...width - 6\tabcolsep) * \real{0.2667}}@{}}
                                                  
Your command was ignored.
Type  I <command> <return>  to replace it with another command,
or  <return>  to continue without it.

! Missing number, treated as zero.
<to be read again> 
                   \c@none 
l.786 ...width - 6\tabcolsep) * \real{0.2667}}@{}}
                                                  
A number should have been here; I inserted `0'.
(If you can't figure out why I needed to see a number,
look up `weird error' in the index to The TeXbook.)


! LaTeX Error: Unicode character σ (U+03C3)
               not set up for use with LaTeX.

See the LaTeX manual or LaTeX Companion for explanation.
Type  H <return>  for immediate help.
 ...                                              
                                                  
l.791 Mean ± σ
                
You may provide a definition with
\DeclareUnicodeCharacter 


pdfTeX warning (ext4): destination with the same identifier (name{none.\\thenon
e\040}) has been already used, duplicate ignored
<to be read again> 
                   \relax 
l.810 \end{longtable}
                     

! LaTeX Error: No counter 'none' defined.

See the LaTeX manual or LaTeX Companion for explanation.
Type  H <return>  for immediate help.
 ...                                              
                                                  
l.817 \begin{longtable}[]{@{}lrrr@{}}
                                     
Your command was ignored.
Type  I <command> <return>  to replace it with another command,
or  <return>  to continue without it.

! Missing number, treated as zero.
<to be read again> 
                   \c@none 
l.817 \begin{longtable}[]{@{}lrrr@{}}
                                     
A number should have been here; I inserted `0'.
(If you can't figure out why I needed to see a number,
look up `weird error' in the index to The TeXbook.)

LaTeX Info: Symbol \textrightarrow not provided by
            font family ppl in TS1 encoding.
            Default family used instead on input line 824.
LaTeX Info: Symbol \textrightarrow not provided by
            font family ppl in TS1 encoding.
            Default family used instead on input line 826.

! LaTeX Error: Unicode character − (U+2212)
               not set up for use with LaTeX.

See the LaTeX manual or LaTeX Companion for explanation.
Type  H <return>  for immediate help.
 ...                                              
                                                  
l.828 asymmetry (cam1 −
                          cam0) & \textbf{−1.1 ms} & +0.1 ms & −1.0 ms \\
You may provide a definition with
\DeclareUnicodeCharacter 


! LaTeX Error: Unicode character − (U+2212)
               not set up for use with LaTeX.

See the LaTeX manual or LaTeX Companion for explanation.
Type  H <return>  for immediate help.
 ...                                              
                                                  
l.828 ...etry (cam1 − cam0) & \textbf{−1.1 ms}
                                                   & +0.1 ms & −1.0 ms \\
You may provide a definition with
\DeclareUnicodeCharacter 


! LaTeX Error: Unicode character − (U+2212)
               not set up for use with LaTeX.

See the LaTeX manual or LaTeX Companion for explanation.
Type  H <return>  for immediate help.
 ...                                              
                                                  
l.828 ...am0) & \textbf{−1.1 ms} & +0.1 ms & −
                                                  1.0 ms \\
You may provide a definition with
\DeclareUnicodeCharacter 


pdfTeX warning (ext4): destination with the same identifier (name{none.\\thenon
e\040}) has been already used, duplicate ignored
<to be read again> 
                   \relax 
l.829 \end{longtable}
                     

! LaTeX Error: No counter 'none' defined.

See the LaTeX manual or LaTeX Companion for explanation.
Type  H <return>  for immediate help.
 ...                                              
                                                  
l.848 ...width - 8\tabcolsep) * \real{0.1667}}@{}}
                                                  
Your command was ignored.
Type  I <command> <return>  to replace it with another command,
or  <return>  to continue without it.

! Missing number, treated as zero.
<to be read again> 
                   \c@none 
l.848 ...width - 8\tabcolsep) * \real{0.1667}}@{}}
                                                  
A number should have been here; I inserted `0'.
(If you can't figure out why I needed to see a number,
look up `weird error' in the index to The TeXbook.)


! LaTeX Error: Unicode character − (U+2212)
               not set up for use with LaTeX.

See the LaTeX manual or LaTeX Companion for explanation.
Type  H <return>  for immediate help.
 ...                                              
                                                  
l.857 Asymmetry (cam1 −
                          cam0)
You may provide a definition with
\DeclareUnicodeCharacter 


! LaTeX Error: Unicode character − (U+2212)
               not set up for use with LaTeX.

See the LaTeX manual or LaTeX Companion for explanation.
Type  H <return>  for immediate help.
 ...                                              
                                                  
l.873 & 6.86 & 145.3--145.7 ms & +0.1 / −
                                           1.1 ms & \texttt{drain=2} clean;
You may provide a definition with
\DeclareUnicodeCharacter 


! LaTeX Error: Unicode character − (U+2212)
               not set up for use with LaTeX.

See the LaTeX manual or LaTeX Companion for explanation.
Type  H <return>  for immediate help.
 ...                                              
                                                  
l.878 ... & \textbf{145.8 ms} & \textbf{−2.1 ms}
                                                   & no regression;
You may provide a definition with
\DeclareUnicodeCharacter 


Overfull \hbox (62.98233pt too wide) in paragraph at lines 878--880
\T1/cmtt/m/n/10 sentai.diag.cam_stats()|  
 []


pdfTeX warning (ext4): destination with the same identifier (name{none.\\thenon
e\040}) has been already used, duplicate ignored
<to be read again> 
                   \relax 
l.880 \end{longtable}
                      [60]
Overfull \hbox (124.75218pt too wide) in paragraph at lines 883--891
\T1/ppl/m/n/10 (-20) ([][]\T1/cmtt/m/n/10 experiments/s041_e17_eof_check/e17_t2
_frames/[][] \T1/ppl/m/n/10 (-20) vs the old [][]\T1/cmtt/m/n/10 experiments/s0
38_e17_drain_ab/e17_t1_frames/[][]\T1/ppl/m/n/10 (-20) ).
 []


! LaTeX Error: Unicode character ↔ (U+2194)
               not set up for use with LaTeX.

See the LaTeX manual or LaTeX Companion for explanation.
Type  H <return>  for immediate help.
 ...                                              
                                                  
l.922 ... alternating \texttt{cam\_a\ ↔\ cam\_b}
                                                  , switch every
You may provide a definition with
\DeclareUnicodeCharacter 


! LaTeX Error: Unicode character − (U+2212)
               not set up for use with LaTeX.

See the LaTeX manual or LaTeX Companion for explanation.
Type  H <return>  for immediate help.
 ...                                              
                                                  
l.927 ... C\_total\ −\ max(A\_total,\ B\_total)}
                                                  , with
You may provide a definition with
\DeclareUnicodeCharacter 

[61]

! LaTeX Error: Unicode character ≤ (U+2264)
               not set up for use with LaTeX.

See the LaTeX manual or LaTeX Companion for explanation.
Type  H <return>  for immediate help.
 ...                                              
                                                  
l.944 ...review fixes). All three agree within ≤
                                                   1 ms on
You may provide a definition with
\DeclareUnicodeCharacter 


! LaTeX Error: No counter 'none' defined.

See the LaTeX manual or LaTeX Companion for explanation.
Type  H <return>  for immediate help.
 ...                                              
                                                  
l.965 ...idth - 12\tabcolsep) * \real{0.1481}}@{}}
                                                  
Your command was ignored.
Type  I <command> <return>  to replace it with another command,
or  <return>  to continue without it.

! Missing number, treated as zero.
<to be read again> 
                   \c@none 
l.965 ...idth - 12\tabcolsep) * \real{0.1481}}@{}}
                                                  
A number should have been here; I inserted `0'.
(If you can't figure out why I needed to see a number,
look up `weird error' in the index to The TeXbook.)


pdfTeX warning (ext4): destination with the same identifier (name{none.\\thenon
e\040}) has been already used, duplicate ignored
<to be read again> 
                   \relax 
l.992 \end{longtable}
                     

! LaTeX Error: No counter 'none' defined.

See the LaTeX manual or LaTeX Companion for explanation.
Type  H <return>  for immediate help.
 ...                                              
                                                  
l.998 \begin{longtable}[]{@{}lrr@{}}
                                    
Your command was ignored.
Type  I <command> <return>  to replace it with another command,
or  <return>  to continue without it.

! Missing number, treated as zero.
<to be read again> 
                   \c@none 
l.998 \begin{longtable}[]{@{}lrr@{}}
                                    
A number should have been here; I inserted `0'.
(If you can't figure out why I needed to see a number,
look up `weird error' in the index to The TeXbook.)

LaTeX Info: Symbol \textrightarrow not provided by
            font family ppl in TS1 encoding.
            Default family used instead on input line 1005.
LaTeX Info: Symbol \textrightarrow not provided by
            font family ppl in TS1 encoding.
            Default family used instead on input line 1006.

! LaTeX Error: Unicode character − (U+2212)
               not set up for use with LaTeX.

See the LaTeX manual or LaTeX Companion for explanation.
Type  H <return>  for immediate help.
 ...                                              
                                                  
l.1007 \textbf{asymmetry (cam1 − cam0)}
                                          & --- & \textbf{−2.1 ms} \\
You may provide a definition with
\DeclareUnicodeCharacter 


! LaTeX Error: Unicode character − (U+2212)
               not set up for use with LaTeX.

See the LaTeX manual or LaTeX Companion for explanation.
Type  H <return>  for immediate help.
 ...                                              
                                                  
l.1007 ...m1 − cam0)} & --- & \textbf{−2.1 ms}
                                                   \\
You may provide a definition with
\DeclareUnicodeCharacter 


pdfTeX warning (ext4): destination with the same identifier (name{none.\\thenon
e\040}) has been already used, duplicate ignored
<to be read again> 
                   \relax 
l.1008 \end{longtable}
                      

! LaTeX Error: No counter 'none' defined.

See the LaTeX manual or LaTeX Companion for explanation.
Type  H <return>  for immediate help.
 ...                                              
                                                  
l.1023 ...idth - 4\tabcolsep) * \real{0.3000}}@{}}
                                                  
Your command was ignored.
Type  I <command> <return>  to replace it with another command,
or  <return>  to continue without it.

! Missing number, treated as zero.
<to be read again> 
                   \c@none 
l.1023 ...idth - 4\tabcolsep) * \real{0.3000}}@{}}
                                                  
A number should have been here; I inserted `0'.
(If you can't figure out why I needed to see a number,
look up `weird error' in the index to The TeXbook.)


! LaTeX Error: Unicode character ≈ (U+2248)
               not set up for use with LaTeX.

See the LaTeX manual or LaTeX Companion for explanation.
Type  H <return>  for immediate help.
 ...                                              
                                                  
l.1037 arm-to-consume round trip ≈
                                     0.5 frame interval at 30 fps \\
You may provide a definition with
\DeclareUnicodeCharacter 


pdfTeX warning (ext4): destination with the same identifier (name{none.\\thenon
e\040}) has been already used, duplicate ignored
<to be read again> 
                   \relax 
l.1044 \end{longtable}
                       [62]

! LaTeX Error: Unicode character ≈ (U+2248)
               not set up for use with LaTeX.

See the LaTeX manual or LaTeX Companion for explanation.
Type  H <return>  for immediate help.
 ...                                              
                                                  
l.1073   \texttt{(0.5\ +\ 2)\ ≈\ 2.5}
                                        frame intervals of overhead per switch
You may provide a definition with
\DeclareUnicodeCharacter 


! LaTeX Error: Unicode character ≈ (U+2248)
               not set up for use with LaTeX.

See the LaTeX manual or LaTeX Companion for explanation.
Type  H <return>  for immediate help.
 ...                                              
                                                  
l.1074 ...y what E18 measured (82.5 ms / 33 ms ≈
                                                   2.5). The
You may provide a definition with
\DeclareUnicodeCharacter 


! LaTeX Error: Unicode character ≈ (U+2248)
               not set up for use with LaTeX.

See the LaTeX manual or LaTeX Companion for explanation.
Type  H <return>  for immediate help.
 ...                                              
                                                  
l.1079 ...\texttt{1} cam1 frame: effective FPS ≈
                                                  
You may provide a definition with
\DeclareUnicodeCharacter 


! LaTeX Error: Unicode character ≈ (U+2248)
               not set up for use with LaTeX.

See the LaTeX manual or LaTeX Companion for explanation.
Type  H <return>  for immediate help.
 ...                                              
                                                  
l.1120 ...exttt{cam1} by \textasciitilde65 ms (≈
                                                   40 \%). Alternating sched...

You may provide a definition with
\DeclareUnicodeCharacter 


! LaTeX Error: Unicode character σ (U+03C3)
               not set up for use with LaTeX.

See the LaTeX manual or LaTeX Companion for explanation.
Type  H <return>  for immediate help.
 ...                                              
                                                  
l.1126   \texttt{to\_tensor} produced σ
                                         ≈ 1 ms within each camera group. The

You may provide a definition with
\DeclareUnicodeCharacter 


! LaTeX Error: Unicode character ≈ (U+2248)
               not set up for use with LaTeX.

See the LaTeX manual or LaTeX Companion for explanation.
Type  H <return>  for immediate help.
 ...                                              
                                                  
l.1126   \texttt{to\_tensor} produced σ ≈
                                             1 ms within each camera group. The

You may provide a definition with
\DeclareUnicodeCharacter 

[63]
Overfull \hbox (67.53198pt too wide) in paragraph at lines 1148--1148
[]\T1/cmtt/m/n/10 curl -s http://10.0.0.1/api/raw/diags/s045_e18_post_refactor/
003_e18_C_alt_cam0_cam1.csv[] 
 []


! LaTeX Error: No counter 'none' defined.

See the LaTeX manual or LaTeX Companion for explanation.
Type  H <return>  for immediate help.
 ...                                              
                                                  
l.1173 ...idth - 8\tabcolsep) * \real{0.2000}}@{}}
                                                  
Your command was ignored.
Type  I <command> <return>  to replace it with another command,
or  <return>  to continue without it.

! Missing number, treated as zero.
<to be read again> 
                   \c@none 
l.1173 ...idth - 8\tabcolsep) * \real{0.2000}}@{}}
                                                  
A number should have been here; I inserted `0'.
(If you can't figure out why I needed to see a number,
look up `weird error' in the index to The TeXbook.)


Overfull \hbox (4.50343pt too wide) in paragraph at lines 1191--1191
[]|[][]\T1/ppl/m/n/10 (-20) detection_task.cc[][]|  
 []

LaTeX Info: Symbol \textrightarrow not provided by
            font family ppl in TS1 encoding.
            Default family used instead on input line 1193.

Overfull \hbox (4.49504pt too wide) in paragraph at lines 1193--1195
\T1/ppl/m/n/10 (-20) per/memcpy.md[][]|  
 []


Overfull \hbox (75.88417pt too wide) in paragraph at lines 1196--1196
[]|[][]\T1/ppl/m/n/10 (-20) sentai_runtime.cc:yolo_infer_info[][]|  
 []


Overfull \hbox (112.10666pt too wide) in paragraph at lines 1200--1200
[]|[][]\T1/ppl/m/n/10 (-20) diag/_session.py:snapshot_both_cameras[][]|  
 []


Overfull \hbox (61.94798pt too wide) in paragraph at lines 1205--1205
\T1/cmtt/m/n/10 HandleSwitchCameraRequest|  
 []


Overfull \hbox (14.70952pt too wide) in paragraph at lines 1207--1209
\T1/cmtt/m/n/10 g_cam_switch_seq 
 []


Overfull \hbox (67.93825pt too wide) in paragraph at lines 1212--1213
[]|[][]\T1/ppl/m/n/10 (-20) libs/camera/camera_support.h[][]|  
 []

LaTeX Info: Symbol \textrightarrow not provided by
            font family ppl in TS1 encoding.
            Default family used instead on input line 1215.
LaTeX Info: Symbol \textrightarrow not provided by
            font family ppl in TS1 encoding.
            Default family used instead on input line 1216.

Overfull \hbox (8.34543pt too wide) in paragraph at lines 1217--1218
\T1/ppl/m/n/10 (-20) (\T1/cmtt/m/n/10 GpioSetFromIsr\T1/ppl/m/n/10 (-20) , 
 []


Overfull \hbox (49.46518pt too wide) in paragraph at lines 1217--1218
\T1/cmtt/m/n/10 SentaiCamMuxSetFromIsr\T1/ppl/m/n/10 (-20) )|  
 []


Overfull \hbox (7.74712pt too wide) in paragraph at lines 1219--1219
[]|[][]\T1/ppl/m/n/10 (-20) libs/base/gpio.cc[][]|  
 []

LaTeX Info: Symbol \textrightarrow not provided by
            font family ppl in TS1 encoding.
            Default family used instead on input line 1220.

Overfull \hbox (10.15082pt too wide) in paragraph at lines 1219--1221
\T1/cmtt/m/n/10 DR_SET\T1/ppl/m/n/10 (-20) /\T1/cmtt/m/n/10 DR_CLEAR|  
 []


Overfull \hbox (85.72005pt too wide) in paragraph at lines 1224--1225
[]|[][]\T1/ppl/m/n/10 (-20) camera_support.c:CSI_IRQHandler[][], 
 []


Overfull \hbox (76.6095pt too wide) in paragraph at lines 1224--1225
\T1/ppl/m/n/10 (-20) tai_runtime.cc:sentai_cam_switch[][]|  
 []


! LaTeX Error: Unicode character − (U+2212)
               not set up for use with LaTeX.

See the LaTeX manual or LaTeX Companion for explanation.
Type  H <return>  for immediate help.
 ...                                              
                                                  
l.1229 ...rain=2}; directional asymmetry (cam1 −
                                                   cam0) collapses from +65
You may provide a definition with
\DeclareUnicodeCharacter 


! LaTeX Error: Unicode character ≤ (U+2264)
               not set up for use with LaTeX.

See the LaTeX manual or LaTeX Companion for explanation.
Type  H <return>  for immediate help.
 ...                                              
                                                  
l.1230 ms to ≤
                 2 ms. \textbf{Note}: \texttt{drain=1} is still not fully clean

You may provide a definition with
\DeclareUnicodeCharacter 


Overfull \hbox (85.72005pt too wide) in paragraph at lines 1233--1234
[]|[][]\T1/ppl/m/n/10 (-20) camera_support.c:CSI_IRQHandler[][], 
 []


Overfull \hbox (43.57747pt too wide) in paragraph at lines 1233--1234
\T1/cmtt/m/n/10 sentai.camera.ratio(a, 
 []

LaTeX Info: Symbol \textrightarrow not provided by
            font family ppl in TS1 encoding.
            Default family used instead on input line 1234.

Overfull \hbox (81.89311pt too wide) in paragraph at lines 1239--1239
\T1/cmtt/m/n/10 sentai.camera.switch_drain(n) 
 []


Overfull \hbox (20.49182pt too wide) in paragraph at lines 1239--1240
[]|[][]\T1/ppl/m/n/10 (-20) modsentai_camera.c[][], 
 []


Overfull \hbox (102.88799pt too wide) in paragraph at lines 1246--1246
\T1/cmtt/m/n/10 sentai.camera.set_resolution(w,h) 
 []


Overfull \hbox (15.25424pt too wide) in paragraph at lines 1246--1246
\T1/ppl/m/n/10 (-20) 720p/VGA/QVGA|  
 []


Overfull \hbox (39.8323pt too wide) in paragraph at lines 1251--1251
[]|[][]\T1/ppl/m/n/10 (-20) libs/camera/cam_mux.h[][] 
 []


Overfull \hbox (14.70952pt too wide) in paragraph at lines 1252--1253
\T1/cmtt/m/n/10 camera_support.c 
 []


Overfull \hbox (101.04498pt too wide) in paragraph at lines 1256--1257
[]|[][]\T1/ppl/m/n/10 (-20) sentai_runtime.cc:sentai_cam_ratio_set[][], 
 []

LaTeX Info: Symbol \textrightarrow not provided by
            font family ppl in TS1 encoding.
            Default family used instead on input line 1259.

Overfull \hbox (91.16235pt too wide) in paragraph at lines 1262--1262
[]|[][]\T1/ppl/m/n/10 (-20) sentai_runtime.cc:sentai_cam_switch[][]|  
 []


! LaTeX Error: Unicode character − (U+2212)
               not set up for use with LaTeX.

See the LaTeX manual or LaTeX Companion for explanation.
Type  H <return>  for immediate help.
 ...                                              
                                                  
l.1265 ...tt{(now\ −\ ts0)\ \textless{}\ budget}
                                                   & Survives tick-counter
You may provide a definition with
\DeclareUnicodeCharacter 


Overfull \hbox (14.70952pt too wide) in paragraph at lines 1268--1268
\T1/cmtt/m/n/10 g_cam_current_id 
 []


Overfull \hbox (7.07922pt too wide) in paragraph at lines 1268--1268
[]|[][]\T1/ppl/m/n/10 (-20) sentai_runtime.cc[][]|  
 []


Overfull \hbox (7.07922pt too wide) in paragraph at lines 1272--1272
[]|[][]\T1/ppl/m/n/10 (-20) sentai_runtime.cc[][]|  
 []


Overfull \hbox (118.63414pt too wide) in paragraph at lines 1273--1275
[]|\T1/cmtt/m/n/10 sentai_tracker_set_active_camera(id) 
 []


Overfull \hbox (51.45055pt too wide) in paragraph at lines 1277--1277
\T1/cmtt/m/n/10 sentai.diag.cam_stats()|  
 []


Overfull \hbox (8.27922pt too wide) in paragraph at lines 1278--1281
[]|[][]\T1/ppl/m/n/10 (-20) sentai_runtime.cc[][], 
 []


Overfull \hbox (8.27922pt too wide) in paragraph at lines 1287--1288
[]|[][]\T1/ppl/m/n/10 (-20) sentai_runtime.cc[][], 
 []


Overfull \hbox (4.21208pt too wide) in paragraph at lines 1290--1293
\T1/cmtt/m/n/10 frame_interval 
 []


Overfull \hbox (13.65977pt too wide) in paragraph at lines 1294--1294
\T1/cmtt/m/n/10 resolution=(w,h) 
 []


Overfull \hbox (14.6658pt too wide) in paragraph at lines 1294--1294
[]|[][]\T1/ppl/m/n/10 (-20) diag/e_pipeline.py[][]|  
 []


Overfull \hbox (13.65977pt too wide) in paragraph at lines 1296--1298
\T1/cmtt/m/n/10 resolution=(w,h) 
 []


Overfull \hbox (65.62209pt too wide) in paragraph at lines 1299--1299
\T1/cmtt/m/n/10 _ensure_model_loaded(path) 
 []


Overfull \hbox (6.52267pt too wide) in paragraph at lines 1299--1301
\T1/ppl/m/n/10 (-20) e14/e15/e16/e18 
 []


Overfull \hbox (98.16414pt too wide) in paragraph at lines 1301--1303
\T1/cmtt/m/n/10 _ensure_model_loaded(model_path)|  
 []


Overfull \hbox (46.20183pt too wide) in paragraph at lines 1309--1309
\T1/cmtt/m/n/10 g_sentai_frame_verbose|  
 []


Overfull \hbox (7.07922pt too wide) in paragraph at lines 1310--1310
[]|[][]\T1/ppl/m/n/10 (-20) sentai_runtime.cc[][]|  
 []

LaTeX Info: Symbol \textrightarrow not provided by
            font family ppl in TS1 encoding.
            Default family used instead on input line 1311.

Overfull \hbox (18.9085pt too wide) in paragraph at lines 1311--1314
\T1/cmtt/m/n/10 sentai.verbose(0) 
 []


Overfull \hbox (50.37532pt too wide) in paragraph at lines 1315--1316
[]|[][]\T1/ppl/m/n/10 (-20) diag/_host_upload_repl.py[][] 
 []


Overfull \hbox (25.20695pt too wide) in paragraph at lines 1320--1321
[]|\T1/cmtt/m/n/10 sentai_lfs_task.cc 
 []


Overfull \hbox (6.35034pt too wide) in paragraph at lines 1321--1322
[]|[][]\T1/ppl/m/n/10 (-20) sentai_lfs_task.cc[][], 
 []

LaTeX Info: Symbol \textrightarrow not provided by
            font family ppl in TS1 encoding.
            Default family used instead on input line 1323.
LaTeX Info: Symbol \textrightarrow not provided by
            font family ppl in TS1 encoding.
            Default family used instead on input line 1324.

pdfTeX warning (ext4): destination with the same identifier (name{none.\\thenon
e\040}) has been already used, duplicate ignored
<to be read again> 
                   \relax 
l.1326 \end{longtable}
                       [64] [65] [66] [67] [68]
LaTeX Info: Symbol \textrightarrow not provided by
            font family ppl in TS1 encoding.
            Default family used instead on input line 1368.
LaTeX Info: Symbol \textrightarrow not provided by
            font family ppl in TS1 encoding.
            Default family used instead on input line 1368.


! LaTeX Error: No counter 'none' defined.

See the LaTeX manual or LaTeX Companion for explanation.
Type  H <return>  for immediate help.
 ...                                              
                                                  
l.1378 ...idth - 2\tabcolsep) * \real{0.5000}}@{}}
                                                  
Your command was ignored.
Type  I <command> <return>  to replace it with another command,
or  <return>  to continue without it.

! Missing number, treated as zero.
<to be read again> 
                   \c@none 
l.1378 ...idth - 2\tabcolsep) * \real{0.5000}}@{}}
                                                  
A number should have been here; I inserted `0'.
(If you can't figure out why I needed to see a number,
look up `weird error' in the index to The TeXbook.)


! LaTeX Error: Unicode character ≈ (U+2248)
               not set up for use with LaTeX.

See the LaTeX manual or LaTeX Companion for explanation.
Type  H <return>  for immediate help.
 ...                                              
                                                  
l.1406 --- e.g.~\texttt{(9,\ 1)} ≈
                                     12.7 FPS average. (2) Drop native resol...

You may provide a definition with
\DeclareUnicodeCharacter 


pdfTeX warning (ext4): destination with the same identifier (name{none.\\thenon
e\040}) has been already used, duplicate ignored
<to be read again> 
                   \relax 
l.1415 \end{longtable}
                       [69]
Overfull \hbox (44.74577pt too wide) in paragraph at lines 1440--1444
[]\T1/cmtt/m/n/10 libs/base/gpio.cc:GpioSetFromIsr \T1/ppl/m/n/10 (-20) / \T1/c
mtt/m/n/10 SentaiCamMuxSetFromIsr \T1/ppl/m/n/10 (-20) --- atomic \T1/cmtt/m/n/
10 DR_SET\T1/ppl/m/n/10 (-20) /\T1/cmtt/m/n/10 DR_CLEAR
 []


Overfull \hbox (80.282pt too wide) in paragraph at lines 1448--1452
[]\T1/cmtt/m/n/10 examples/sentai_runtime/sentai_runtime.cc:sentai_cam_switch \
T1/ppl/m/n/10 (-20) --- arms \T1/cmtt/m/n/10 g_cam_pending_mux_id\T1/ppl/m/n/10
 (-20) ,
 []


! LaTeX Error: Unicode character ↔ (U+2194)
               not set up for use with LaTeX.

See the LaTeX manual or LaTeX Companion for explanation.
Type  H <return>  for immediate help.
 ...                                              
                                                  
l.1463   ↔
             cam1 every frame, single timing
You may provide a definition with
\DeclareUnicodeCharacter 

) (./paper_mdpi_discussion.tex [70]) (./paper_mdpi_threats.tex

! LaTeX Error: Unicode character σ (U+03C3)
               not set up for use with LaTeX.

See the LaTeX manual or LaTeX Companion for explanation.
Type  H <return>  for immediate help.
 ...                                              
                                                  
l.23 ...d 30 fps sensor rates (typical \texttt{σ}
                                                   of 1.5--3 ms on a
You may provide a definition with
\DeclareUnicodeCharacter 

[71]

! LaTeX Error: Unicode character − (U+2212)
               not set up for use with LaTeX.

See the LaTeX manual or LaTeX Companion for explanation.
Type  H <return>  for immediate help.
 ...                                              
                                                  
l.77 ...measurements. - The 2 ms residual cam1 −
                                                   cam0 asymmetry reported
You may provide a definition with
\DeclareUnicodeCharacter 

[72]

! LaTeX Error: Unicode character ≤ (U+2264)
               not set up for use with LaTeX.

See the LaTeX manual or LaTeX Companion for explanation.
Type  H <return>  for immediate help.
 ...                                              
                                                  
l.112 The ≤
              1 ms cross-session agreement observed in Table 4 is evidence
You may provide a definition with
\DeclareUnicodeCharacter 


Overfull \hbox (27.21109pt too wide) in paragraph at lines 157--162
[]\T1/ppl/m/n/10 (-20) Retaining the knob as an ex-per-i-men-ta-tion hook has a
 small cost (the \T1/cmtt/m/n/10 switch_drain_set/_get
 []

[73]

! LaTeX Error: Unicode character σ (U+03C3)
               not set up for use with LaTeX.

See the LaTeX manual or LaTeX Companion for explanation.
Type  H <return>  for immediate help.
 ...                                              
                                                  
l.229 sample dropped. With \texttt{σ\ ≈\ 2\ ms}
                                                   on a \textasciitilde60 ms...

You may provide a definition with
\DeclareUnicodeCharacter 


! LaTeX Error: Unicode character ≈ (U+2248)
               not set up for use with LaTeX.

See the LaTeX manual or LaTeX Companion for explanation.
Type  H <return>  for immediate help.
 ...                                              
                                                  
l.229 sample dropped. With \texttt{σ\ ≈\ 2\ ms}
                                                   on a \textasciitilde60 ms...

You may provide a definition with
\DeclareUnicodeCharacter 


! LaTeX Error: Unicode character − (U+2212)
               not set up for use with LaTeX.

See the LaTeX manual or LaTeX Companion for explanation.
Type  H <return>  for immediate help.
 ...                                              
                                                  
l.231 ...+9.5 ms from eDMA, +83 ms switch tax, −
                                                  64 ms
You may provide a definition with
\DeclareUnicodeCharacter 


! LaTeX Error: Unicode character ⁻ (U+207B)
               not set up for use with LaTeX.

See the LaTeX manual or LaTeX Companion for explanation.
Type  H <return>  for immediate help.
 ...                                              
                                                  
l.239 ...oduce \texttt{p\ \textless{}\ 10⁻¹⁰}
                                                   and not
You may provide a definition with
\DeclareUnicodeCharacter 


! LaTeX Error: Unicode character ⁰ (U+2070)
               not set up for use with LaTeX.

See the LaTeX manual or LaTeX Companion for explanation.
Type  H <return>  for immediate help.
 ...                                              
                                                  
l.239 ...oduce \texttt{p\ \textless{}\ 10⁻¹⁰}
                                                   and not
You may provide a definition with
\DeclareUnicodeCharacter 

[74]

! LaTeX Error: No counter 'none' defined.

See the LaTeX manual or LaTeX Companion for explanation.
Type  H <return>  for immediate help.
 ...                                              
                                                  
l.281 ...width - 4\tabcolsep) * \real{0.3333}}@{}}
                                                  
Your command was ignored.
Type  I <command> <return>  to replace it with another command,
or  <return>  to continue without it.

! Missing number, treated as zero.
<to be read again> 
                   \c@none 
l.281 ...width - 4\tabcolsep) * \real{0.3333}}@{}}
                                                  
A number should have been here; I inserted `0'.
(If you can't figure out why I needed to see a number,
look up `weird error' in the index to The TeXbook.)


! LaTeX Error: Unicode character ≤ (U+2264)
               not set up for use with LaTeX.

See the LaTeX manual or LaTeX Companion for explanation.
Type  H <return>  for immediate help.
 ...                                              
                                                  
l.300 ...nsor sync & hardware rework required, ≤
                                                   2 ms
You may provide a definition with
\DeclareUnicodeCharacter 


pdfTeX warning (ext4): destination with the same identifier (name{none.\\thenon
e\040}) has been already used, duplicate ignored
<to be read again> 
                   \relax 
l.309 \end{longtable}
                     ) (./paper_mdpi_statnotes.tex

! LaTeX Error: Unicode character σ (U+03C3)
               not set up for use with LaTeX.

See the LaTeX manual or LaTeX Companion for explanation.
Type  H <return>  for immediate help.
 ...                                              
                                                  
l.14 Let \texttt{σ}
                     be the sample standard deviation of per-iteration times
You may provide a definition with
\DeclareUnicodeCharacter 


! LaTeX Error: Unicode character σ (U+03C3)
               not set up for use with LaTeX.

See the LaTeX manual or LaTeX Companion for explanation.
Type  H <return>  for immediate help.
 ...                                              
                                                  
l.15 and \texttt{SE\ =\ σ/√n}
                                 the standard error of the mean. To support a
You may provide a definition with
\DeclareUnicodeCharacter 


! LaTeX Error: Unicode character √ (U+221A)
               not set up for use with LaTeX.

See the LaTeX manual or LaTeX Companion for explanation.
Type  H <return>  for immediate help.
 ...                                              
                                                  
l.15 and \texttt{SE\ =\ σ/√n}
                                 the standard error of the mean. To support a
You may provide a definition with
\DeclareUnicodeCharacter 


! LaTeX Error: Unicode character Δ (U+0394)
               not set up for use with LaTeX.

See the LaTeX manual or LaTeX Companion for explanation.
Type  H <return>  for immediate help.
 ...                                              
                                                  
l.16 claim that two means differ by Δ
                                       with 95 \% confidence, we want
You may provide a definition with
\DeclareUnicodeCharacter 


! LaTeX Error: Unicode character Δ (U+0394)
               not set up for use with LaTeX.

See the LaTeX manual or LaTeX Companion for explanation.
Type  H <return>  for immediate help.
 ...                                              
                                                  
l.17 ...tt{\textbar{}Δ\textbar{}\ ≫\ 2\ ×\ SE}
                                                  .
You may provide a definition with
\DeclareUnicodeCharacter 


! LaTeX Error: Unicode character ≫ (U+226B)
               not set up for use with LaTeX.

See the LaTeX manual or LaTeX Companion for explanation.
Type  H <return>  for immediate help.
 ...                                              
                                                  
l.17 ...tt{\textbar{}Δ\textbar{}\ ≫\ 2\ ×\ SE}
                                                  .
You may provide a definition with
\DeclareUnicodeCharacter 


! LaTeX Error: Unicode character σ (U+03C3)
               not set up for use with LaTeX.

See the LaTeX manual or LaTeX Companion for explanation.
Type  H <return>  for immediate help.
 ...                                              
                                                  
l.19 Observed \texttt{σ}
                          values for the dominant measurements, from the
You may provide a definition with
\DeclareUnicodeCharacter 


! LaTeX Error: No counter 'none' defined.

See the LaTeX manual or LaTeX Companion for explanation.
Type  H <return>  for immediate help.
 ...                                              
                                                  
l.27 ...ewidth - 6\tabcolsep) * \real{0.2667}}@{}}
                                                  
Your command was ignored.
Type  I <command> <return>  to replace it with another command,
or  <return>  to continue without it.

! Missing number, treated as zero.
<to be read again> 
                   \c@none 
l.27 ...ewidth - 6\tabcolsep) * \real{0.2667}}@{}}
                                                  
A number should have been here; I inserted `0'.
(If you can't figure out why I needed to see a number,
look up `weird error' in the index to The TeXbook.)


! LaTeX Error: Unicode character σ (U+03C3)
               not set up for use with LaTeX.

See the LaTeX manual or LaTeX Companion for explanation.
Type  H <return>  for immediate help.
 ...                                              
                                                  
l.32 Observed σ
                 (ms)
You may provide a definition with
\DeclareUnicodeCharacter 


! LaTeX Error: Unicode character σ (U+03C3)
               not set up for use with LaTeX.

See the LaTeX manual or LaTeX Companion for explanation.
Type  H <return>  for immediate help.
 ...                                              
                                                  
l.36 SE = σ
            /√n (ms)
You may provide a definition with
\DeclareUnicodeCharacter 


! LaTeX Error: Unicode character √ (U+221A)
               not set up for use with LaTeX.

See the LaTeX manual or LaTeX Companion for explanation.
Type  H <return>  for immediate help.
 ...                                              
                                                  
l.36 SE = σ/√
                n (ms)
You may provide a definition with
\DeclareUnicodeCharacter 


Overfull \hbox (17.55827pt too wide) in paragraph at lines 42--42
\T1/cmtt/m/n/10 frame_interval_ms 
 []


Overfull \hbox (1.81212pt too wide) in paragraph at lines 44--44
\T1/cmtt/m/n/10 total_frame_ms 
 []


Overfull \hbox (1.81212pt too wide) in paragraph at lines 46--46
\T1/cmtt/m/n/10 total_frame_ms 
 []


Overfull \hbox (1.81212pt too wide) in paragraph at lines 48--48
\T1/cmtt/m/n/10 total_frame_ms|  
 []


Overfull \hbox (1.81212pt too wide) in paragraph at lines 49--49
\T1/cmtt/m/n/10 total_frame_ms|  
 []


pdfTeX warning (ext4): destination with the same identifier (name{none.\\thenon
e\040}) has been already used, duplicate ignored
<to be read again> 
                   \relax 
l.50 \end{longtable}
                     [75]

! LaTeX Error: Unicode character ≥ (U+2265)
               not set up for use with LaTeX.

See the LaTeX manual or LaTeX Companion for explanation.
Type  H <return>  for immediate help.
 ...                                              
                                                  
l.67 ...g sweeps were introduced and we wanted ≥
                                                   19 samples per
You may provide a definition with
\DeclareUnicodeCharacter 


! LaTeX Error: Unicode character − (U+2212)
               not set up for use with LaTeX.

See the LaTeX manual or LaTeX Companion for explanation.
Type  H <return>  for immediate help.
 ...                                              
                                                  
l.85   drain paths of iterations 1 \ldots{} N−
                                                1.
You may provide a definition with
\DeclareUnicodeCharacter 


! LaTeX Error: Unicode character − (U+2212)
               not set up for use with LaTeX.

See the LaTeX manual or LaTeX Companion for explanation.
Type  H <return>  for immediate help.
 ...                                              
                                                  
l.96 ...es all three confounds with a cost of n−
                                                  1
You may provide a definition with
\DeclareUnicodeCharacter 


Overfull \hbox (170.6677pt too wide) in paragraph at lines 102--108
[]\T1/ppl/m/n/10 (-20) We have ob-served the first-sample el-e-va-tion em-pir-i
-cally: in ev-ery \T1/cmtt/m/n/10 s045_e18_post_refactor/003_e18_C_alt_cam0_cam
1.csv
 []

[76]

! LaTeX Error: Unicode character σ (U+03C3)
               not set up for use with LaTeX.

See the LaTeX manual or LaTeX Companion for explanation.
Type  H <return>  for immediate help.
 ...                                              
                                                  
l.112 σ}
         \label{bessel-corrected-ux3c3-not-population-ux3c3}
You may provide a definition with
\DeclareUnicodeCharacter 


! LaTeX Error: Unicode character σ (U+03C3)
               not set up for use with LaTeX.

See the LaTeX manual or LaTeX Companion for explanation.
Type  H <return>  for immediate help.
 ...                                              
                                                  
l.112 σ}
         \label{bessel-corrected-ux3c3-not-population-ux3c3}
You may provide a definition with
\DeclareUnicodeCharacter 


! LaTeX Error: Unicode character − (U+2212)
               not set up for use with LaTeX.

See the LaTeX manual or LaTeX Companion for explanation.
Type  H <return>  for immediate help.
 ...                                              
                                                  
l.115 deviation, denominator \texttt{n−1}
                                           ) rather than
You may provide a definition with
\DeclareUnicodeCharacter 


! LaTeX Error: Unicode character ≥ (U+2265)
               not set up for use with LaTeX.

See the LaTeX manual or LaTeX Companion for explanation.
Type  H <return>  for immediate help.
 ...                                              
                                                  
l.170   Effect sizes are all ≥
                                 10 × the standard error, so any standard test

You may provide a definition with
\DeclareUnicodeCharacter 


! LaTeX Error: Unicode character ⁻ (U+207B)
               not set up for use with LaTeX.

See the LaTeX manual or LaTeX Companion for explanation.
Type  H <return>  for immediate help.
 ...                                              
                                                  
l.171   would return p \textless{} 10⁻
                                        ¹⁰ --- not informative.
You may provide a definition with
\DeclareUnicodeCharacter 


! LaTeX Error: Unicode character ⁰ (U+2070)
               not set up for use with LaTeX.

See the LaTeX manual or LaTeX Companion for explanation.
Type  H <return>  for immediate help.
 ...                                              
                                                  
l.171   would return p \textless{} 10⁻¹⁰
                                              --- not informative.
You may provide a definition with
\DeclareUnicodeCharacter 


! LaTeX Error: Unicode character ≤ (U+2264)
               not set up for use with LaTeX.

See the LaTeX manual or LaTeX Companion for explanation.
Type  H <return>  for immediate help.
 ...                                              
                                                  
l.180   quantity agree within ≤
                                  1 ms. That is stronger evidence than any
You may provide a definition with
\DeclareUnicodeCharacter 


! LaTeX Error: Unicode character σ (U+03C3)
               not set up for use with LaTeX.

See the LaTeX manual or LaTeX Companion for explanation.
Type  H <return>  for immediate help.
 ...                                              
                                                  
l.186 switch tax), we quote it alongside its σ
                                                and its n so a reader can
You may provide a definition with
\DeclareUnicodeCharacter 

[77]

! LaTeX Error: Unicode character μ (U+03BC)
               not set up for use with LaTeX.

See the LaTeX manual or LaTeX Companion for explanation.
Type  H <return>  for immediate help.
 ...                                              
                                                  
l.200 ...r-iteration times are i.i.d. with mean μ
                                                   and finite variance, then
You may provide a definition with
\DeclareUnicodeCharacter 


! LaTeX Error: Unicode character μ (U+03BC)
               not set up for use with LaTeX.

See the LaTeX manual or LaTeX Companion for explanation.
Type  H <return>  for immediate help.
 ...                                              
                                                  
l.202 converges almost surely to 1000/μ
                                         as T → ∞.
You may provide a definition with
\DeclareUnicodeCharacter 

LaTeX Info: Symbol \textrightarrow not provided by
            font family ppl in TS1 encoding.
            Default family used instead on input line 202.

! LaTeX Error: Unicode character ∞ (U+221E)
               not set up for use with LaTeX.

See the LaTeX manual or LaTeX Companion for explanation.
Type  H <return>  for immediate help.
 ...                                              
                                                  
l.202 ...ges almost surely to 1000/μ as T → ∞
                                                  .
You may provide a definition with
\DeclareUnicodeCharacter 


! LaTeX Error: Unicode character σ (U+03C3)
               not set up for use with LaTeX.

See the LaTeX manual or LaTeX Companion for explanation.
Type  H <return>  for immediate help.
 ...                                              
                                                  
l.206 The σ
             (1--3 ms on a 60--150 ms mean) is well within the regime where the

You may provide a definition with
\DeclareUnicodeCharacter 


! LaTeX Error: Unicode character σ (U+03C3)
               not set up for use with LaTeX.

See the LaTeX manual or LaTeX Companion for explanation.
Type  H <return>  for immediate help.
 ...                                              
                                                  
l.258   The σ
               values reported are Bessel-corrected (they match the
You may provide a definition with
\DeclareUnicodeCharacter 

) (./paper_mdpi_artifact.tex [78]

! LaTeX Error: No counter 'none' defined.

See the LaTeX manual or LaTeX Companion for explanation.
Type  H <return>  for immediate help.
 ...                                              
                                                  
l.34 ...ewidth - 2\tabcolsep) * \real{0.5000}}@{}}
                                                  
Your command was ignored.
Type  I <command> <return>  to replace it with another command,
or  <return>  to continue without it.

! Missing number, treated as zero.
<to be read again> 
                   \c@none 
l.34 ...ewidth - 2\tabcolsep) * \real{0.5000}}@{}}
                                                  
A number should have been here; I inserted `0'.
(If you can't figure out why I needed to see a number,
look up `weird error' in the index to The TeXbook.)


Overfull \hbox (66.00958pt too wide) in paragraph at lines 51--51
[]|\T1/cmtt/m/n/10 examples/sentai_runtime/diag/_host_upload_repl.py|  
 []


Overfull \hbox (3.02496pt too wide) in paragraph at lines 53--53
[]|\T1/cmtt/m/n/10 examples/sentai_runtime/diag/drivers/|  
 []


pdfTeX warning (ext4): destination with the same identifier (name{none.\\thenon
e\040}) has been already used, duplicate ignored
<to be read again> 
                   \relax 
l.71 \end{longtable}
                    

! LaTeX Error: No counter 'none' defined.

See the LaTeX manual or LaTeX Companion for explanation.
Type  H <return>  for immediate help.
 ...                                              
                                                  
l.92 ...ewidth - 2\tabcolsep) * \real{0.5000}}@{}}
                                                  
Your command was ignored.
Type  I <command> <return>  to replace it with another command,
or  <return>  to continue without it.

! Missing number, treated as zero.
<to be read again> 
                   \c@none 
l.92 ...ewidth - 2\tabcolsep) * \real{0.5000}}@{}}
                                                  
A number should have been here; I inserted `0'.
(If you can't figure out why I needed to see a number,
look up `weird error' in the index to The TeXbook.)

[79]
pdfTeX warning (ext4): destination with the same identifier (name{none.\\thenon
e\040}) has been already used, duplicate ignored
<to be read again> 
                   \relax 
l.114 \end{longtable}
                     

! LaTeX Error: No counter 'none' defined.

See the LaTeX manual or LaTeX Companion for explanation.
Type  H <return>  for immediate help.
 ...                                              
                                                  
l.131 ...width - 2\tabcolsep) * \real{0.5000}}@{}}
                                                  
Your command was ignored.
Type  I <command> <return>  to replace it with another command,
or  <return>  to continue without it.

! Missing number, treated as zero.
<to be read again> 
                   \c@none 
l.131 ...width - 2\tabcolsep) * \real{0.5000}}@{}}
                                                  
A number should have been here; I inserted `0'.
(If you can't figure out why I needed to see a number,
look up `weird error' in the index to The TeXbook.)


! LaTeX Error: Unicode character ≈ (U+2248)
               not set up for use with LaTeX.

See the LaTeX manual or LaTeX Companion for explanation.
Type  H <return>  for immediate help.
 ...                                              
                                                  
l.148 Bench time & ≈
                       5 s per experiment sweep; ≈ 30 s per session including

You may provide a definition with
\DeclareUnicodeCharacter 


! LaTeX Error: Unicode character ≈ (U+2248)
               not set up for use with LaTeX.

See the LaTeX manual or LaTeX Companion for explanation.
Type  H <return>  for immediate help.
 ...                                              
                                                  
l.148 ... time & ≈ 5 s per experiment sweep; ≈
                                                   30 s per session including
You may provide a definition with
\DeclareUnicodeCharacter 


! LaTeX Error: Unicode character ≈ (U+2248)
               not set up for use with LaTeX.

See the LaTeX manual or LaTeX Companion for explanation.
Type  H <return>  for immediate help.
 ...                                              
                                                  
l.149 ... the entire reported E18 benchmark is ≈
                                                   15 s
You may provide a definition with
\DeclareUnicodeCharacter 


pdfTeX warning (ext4): destination with the same identifier (name{none.\\thenon
e\040}) has been already used, duplicate ignored
<to be read again> 
                   \relax 
l.151 \end{longtable}
                      [80]

! LaTeX Error: Unicode character ≤ (U+2264)
               not set up for use with LaTeX.

See the LaTeX manual or LaTeX Companion for explanation.
Type  H <return>  for immediate help.
 ...                                              
                                                  
l.201 within the ≤
                     1 ms cross-session noise documented in Table 4.
You may provide a definition with
\DeclareUnicodeCharacter 


! LaTeX Error: No counter 'none' defined.

See the LaTeX manual or LaTeX Companion for explanation.
Type  H <return>  for immediate help.
 ...                                              
                                                  
l.219 ...width - 6\tabcolsep) * \real{0.2500}}@{}}
                                                  
Your command was ignored.
Type  I <command> <return>  to replace it with another command,
or  <return>  to continue without it.

! Missing number, treated as zero.
<to be read again> 
                   \c@none 
l.219 ...width - 6\tabcolsep) * \real{0.2500}}@{}}
                                                  
A number should have been here; I inserted `0'.
(If you can't figure out why I needed to see a number,
look up `weird error' in the index to The TeXbook.)


! LaTeX Error: Unicode character ≈ (U+2248)
               not set up for use with LaTeX.

See the LaTeX manual or LaTeX Companion for explanation.
Type  H <return>  for immediate help.
 ...                                              
                                                  
l.234 CPU memcpy ≈
                     24 ms baseline & \url{memcpy.md} §``Baseline'',
You may provide a definition with
\DeclareUnicodeCharacter 


! LaTeX Error: Unicode character ≈ (U+2248)
               not set up for use with LaTeX.

See the LaTeX manual or LaTeX Companion for explanation.
Type  H <return>  for immediate help.
 ...                                              
                                                  
l.239 eDMA memcpy ≈
                      14.6 ms & \url{memcpy.md} §``Optimised'',
You may provide a definition with
\DeclareUnicodeCharacter 


Overfull \hbox (56.32556pt too wide) in paragraph at lines 243--244
[]|[][]\T1/cmtt/m/n/10 ../experiments/s032_e15_x20/[][] 
 []


Overfull \hbox (4.62569pt too wide) in paragraph at lines 245--247
[]|[][]\T1/cmtt/m/n/10 _build_appendix.py[][] 
 []


Overfull \hbox (58.5753pt too wide) in paragraph at lines 251--255
[]|[][]\T1/cmtt/m/n/10 ../experiments/s021_e14_x20/[][]\T1/ppl/m/n/10 (-20) , 
 []


Overfull \hbox (4.62569pt too wide) in paragraph at lines 256--258
[]|[][]\T1/cmtt/m/n/10 _build_appendix.py[][] 
 []


Overfull \hbox (256.8266pt too wide) in paragraph at lines 260--261
[]|[][]\T1/cmtt/m/n/10 ../experiments/s034_e15_vs_e16_x40/002_e16_camswitch_cam
0_cam1.csv[][]|  
 []


Overfull \hbox (4.62569pt too wide) in paragraph at lines 262--264
[]|[][]\T1/cmtt/m/n/10 _build_appendix.py[][] 
 []


Overfull \hbox (256.8266pt too wide) in paragraph at lines 266--267
[]|[][]\T1/cmtt/m/n/10 ../experiments/s035_e15_vs_e16_x40/002_e16_camswitch_cam
0_cam1.csv[][]|  
 []


Overfull \hbox (4.62569pt too wide) in paragraph at lines 268--270
[]|[][]\T1/cmtt/m/n/10 _build_appendix.py[][] 
 []


! LaTeX Error: Unicode character ≤ (U+2264)
               not set up for use with LaTeX.

See the LaTeX manual or LaTeX Companion for explanation.
Type  H <return>  for immediate help.
 ...                                              
                                                  
l.270 Fix B alternating FPS 6.87, asymmetry ≤
                                                1 ms (E16 alone) &
You may provide a definition with
\DeclareUnicodeCharacter 


Overfull \hbox (272.57275pt too wide) in paragraph at lines 272--273
[]|[][]\T1/cmtt/m/n/10 ../experiments/s042_e16_eof_30fps_x40/001_e16_camswitch_
cam0_cam1.csv[][]|  
 []


Overfull \hbox (4.62569pt too wide) in paragraph at lines 274--276
[]|[][]\T1/cmtt/m/n/10 _build_appendix.py[][] 
 []


Overfull \hbox (241.08044pt too wide) in paragraph at lines 278--279
[]|[][]\T1/cmtt/m/n/10 ../experiments/s043_e18_headtail_drain2/{001,002,003}_e1
8_*.csv[][]|  
 []


Overfull \hbox (4.62569pt too wide) in paragraph at lines 280--282
[]|[][]\T1/cmtt/m/n/10 _build_appendix.py[][] 
 []


Overfull \hbox (230.58301pt too wide) in paragraph at lines 284--285
[]|[][]\T1/cmtt/m/n/10 ../experiments/s045_e18_post_refactor/{001,002,003}_e18_
*.csv[][]|  
 []


Overfull \hbox (4.62569pt too wide) in paragraph at lines 286--288
[]|[][]\T1/cmtt/m/n/10 _build_appendix.py[][] 
 []


! LaTeX Error: Unicode character ≤ (U+2264)
               not set up for use with LaTeX.

See the LaTeX manual or LaTeX Companion for explanation.
Type  H <return>  for immediate help.
 ...                                              
                                                  
l.288 Cross-session reproducibility ≤
                                        1 ms & \url{evaluation.md} Table 4 &
You may provide a definition with
\DeclareUnicodeCharacter 


Overfull \hbox (121.55992pt too wide) in paragraph at lines 289--291
[]|[][]\T1/cmtt/m/n/10 ../experiments/s043_e18_headtail_drain2/[][]\T1/ppl/m/n/
10 (-20) , 
 []


Overfull \hbox (340.80609pt too wide) in paragraph at lines 295--296
[]|[][]\T1/cmtt/m/n/10 ../experiments/s038_e17_drain_ab/e17_t1_frames/{002_cam0
_133ms,003_cam1_202ms}.jpg[][]|  
 []


Overfull \hbox (162.34967pt too wide) in paragraph at lines 299--300
[]|[][]\T1/cmtt/m/n/10 ../experiments/s041_e17_eof_check/e17_t2_frames/[][]|  
 []


Overfull \hbox (162.34967pt too wide) in paragraph at lines 303--304
[]|[][]\T1/cmtt/m/n/10 ../experiments/s041_e17_eof_check/e17_t1_frames/[][]|  
 []


Overfull \hbox (30.08197pt too wide) in paragraph at lines 307--308
[]|\T1/cmtt/m/n/10 sentai.diag.cam_stats() 
 []


Overfull \hbox (111.0252pt too wide) in paragraph at lines 309--310
[]|[][]\T1/ppl/m/n/10 (-20) modsentai_diag.c:mod_sentai_diag_cam_stats[][]|  
 []

[81]
pdfTeX warning (ext4): destination with the same identifier (name{none.\\thenon
e\040}) has been already used, duplicate ignored
<to be read again> 
                   \relax 
l.310 \end{longtable}
                      [82]
Overfull \hbox (88.52686pt too wide) in paragraph at lines 342--342
[]\T1/cmtt/m/n/10 python3 experiments/_build_appendix.py  # overwrites experime
nts/_appendix section of README[] 
 []


Overfull \hbox (9.79608pt too wide) in paragraph at lines 342--342
[]    \T1/cmtt/m/n/10 rows = list(csv.DictReader(open(csvpath).readlines()))[1:
]  # drop warmup[] 
 []


Overfull \hbox (104.27301pt too wide) in paragraph at lines 342--342
[]\T1/cmtt/m/n/10 for sess in ('s043_e18_headtail_drain2', 's044_e18_headtail_d
rain2', 's045_e18_post_refactor'):[] 
 []

[83]) (./paper_mdpi_conclusion.tex [84]) (./paper_mdpi_future.tex [85])
[86] (./sentai_drones.bbl) [87] (./paper_mdpi_appendices.tex [88

] [89] [90]
[91] [92] [93]
Overfull \hbox (21.75148pt too wide) in paragraph at lines 633--636
[]\T1/cmtt/m/n/10 sentai.link.obstacle_distance(distances72, ...)\T1/ppl/m/n/10
 (-20) : Sends a raw \T1/cmtt/m/n/10 OBSTACLE_DISTANCE
 []

[94] [95]
Overfull \hbox (23.63194pt too wide) in paragraph at lines 764--766
[]\T1/cmtt/m/n/10 sentai.pipeline.camera_config(cam_id, fov_h, fov_v, mount_pit
ch, mount_roll,
 []

[96] [97]
Overfull \hbox (10.71536pt too wide) in paragraph at lines 920--925
[]\T1/ppl/m/n/10 (-20) The \T1/cmtt/m/n/10 sentai.pca \T1/ppl/m/n/10 (-20) name
s-pace pro-vides principal-component anal-y-sis for high-dimensional
 []

[98] [99] [100] [101]) (./paper_mdpi_glossary.tex

! LaTeX Error: No counter 'none' defined.

See the LaTeX manual or LaTeX Companion for explanation.
Type  H <return>  for immediate help.
 ...                                              
                                                  
l.11 ...ewidth - 2\tabcolsep) * \real{0.5000}}@{}}
                                                  
Your command was ignored.
Type  I <command> <return>  to replace it with another command,
or  <return>  to continue without it.

! Missing number, treated as zero.
<to be read again> 
                   \c@none 
l.11 ...ewidth - 2\tabcolsep) * \real{0.5000}}@{}}
                                                  
A number should have been here; I inserted `0'.
(If you can't figure out why I needed to see a number,
look up `weird error' in the index to The TeXbook.)

LaTeX Info: Symbol \textrightarrow not provided by
            font family ppl in TS1 encoding.
            Default family used instead on input line 25.

pdfTeX warning (ext4): destination with the same identifier (name{none.\\thenon
e\040}) has been already used, duplicate ignored
<to be read again> 
                   \relax 
l.45 \end{longtable}
                     [102]

! LaTeX Error: No counter 'none' defined.

See the LaTeX manual or LaTeX Companion for explanation.
Type  H <return>  for immediate help.
 ...                                              
                                                  
l.55 ...ewidth - 2\tabcolsep) * \real{0.5000}}@{}}
                                                  
Your command was ignored.
Type  I <command> <return>  to replace it with another command,
or  <return>  to continue without it.

! Missing number, treated as zero.
<to be read again> 
                   \c@none 
l.55 ...ewidth - 2\tabcolsep) * \real{0.5000}}@{}}
                                                  
A number should have been here; I inserted `0'.
(If you can't figure out why I needed to see a number,
look up `weird error' in the index to The TeXbook.)


pdfTeX warning (ext4): destination with the same identifier (name{none.\\thenon
e\040}) has been already used, duplicate ignored
<to be read again> 
                   \relax 
l.92 \end{longtable}
                     [103]

! LaTeX Error: No counter 'none' defined.

See the LaTeX manual or LaTeX Companion for explanation.
Type  H <return>  for immediate help.
 ...                                              
                                                  
l.102 ...width - 2\tabcolsep) * \real{0.5000}}@{}}
                                                  
Your command was ignored.
Type  I <command> <return>  to replace it with another command,
or  <return>  to continue without it.

! Missing number, treated as zero.
<to be read again> 
                   \c@none 
l.102 ...width - 2\tabcolsep) * \real{0.5000}}@{}}
                                                  
A number should have been here; I inserted `0'.
(If you can't figure out why I needed to see a number,
look up `weird error' in the index to The TeXbook.)


! LaTeX Error: Unicode character − (U+2212)
               not set up for use with LaTeX.

See the LaTeX manual or LaTeX Companion for explanation.
Type  H <return>  for immediate help.
 ...                                              
                                                  
l.134 ...l\ =\ (int\ −\ zero\_point)\ ×\ scale}
                                                  . \\
You may provide a definition with
\DeclareUnicodeCharacter 


pdfTeX warning (ext4): destination with the same identifier (name{none.\\thenon
e\040}) has been already used, duplicate ignored
<to be read again> 
                   \relax 
l.135 \end{longtable}
                      [104]

! LaTeX Error: No counter 'none' defined.

See the LaTeX manual or LaTeX Companion for explanation.
Type  H <return>  for immediate help.
 ...                                              
                                                  
l.146 ...width - 2\tabcolsep) * \real{0.5000}}@{}}
                                                  
Your command was ignored.
Type  I <command> <return>  to replace it with another command,
or  <return>  to continue without it.

! Missing number, treated as zero.
<to be read again> 
                   \c@none 
l.146 ...width - 2\tabcolsep) * \real{0.5000}}@{}}
                                                  
A number should have been here; I inserted `0'.
(If you can't figure out why I needed to see a number,
look up `weird error' in the index to The TeXbook.)


pdfTeX warning (ext4): destination with the same identifier (name{none.\\thenon
e\040}) has been already used, duplicate ignored
<to be read again> 
                   \relax 
l.196 \end{longtable}
                      [105]

! LaTeX Error: No counter 'none' defined.

See the LaTeX manual or LaTeX Companion for explanation.
Type  H <return>  for immediate help.
 ...                                              
                                                  
l.206 ...width - 2\tabcolsep) * \real{0.5000}}@{}}
                                                  
Your command was ignored.
Type  I <command> <return>  to replace it with another command,
or  <return>  to continue without it.

! Missing number, treated as zero.
<to be read again> 
                   \c@none 
l.206 ...width - 2\tabcolsep) * \real{0.5000}}@{}}
                                                  
A number should have been here; I inserted `0'.
(If you can't figure out why I needed to see a number,
look up `weird error' in the index to The TeXbook.)


pdfTeX warning (ext4): destination with the same identifier (name{none.\\thenon
e\040}) has been already used, duplicate ignored
<to be read again> 
                   \relax 
l.235 \end{longtable}
                     

! LaTeX Error: No counter 'none' defined.

See the LaTeX manual or LaTeX Companion for explanation.
Type  H <return>  for immediate help.
 ...                                              
                                                  
l.245 ...width - 2\tabcolsep) * \real{0.5000}}@{}}
                                                  
Your command was ignored.
Type  I <command> <return>  to replace it with another command,
or  <return>  to continue without it.

! Missing number, treated as zero.
<to be read again> 
                   \c@none 
l.245 ...width - 2\tabcolsep) * \real{0.5000}}@{}}
                                                  
A number should have been here; I inserted `0'.
(If you can't figure out why I needed to see a number,
look up `weird error' in the index to The TeXbook.)


! LaTeX Error: Unicode character − (U+2212)
               not set up for use with LaTeX.

See the LaTeX manual or LaTeX Companion for explanation.
Type  H <return>  for immediate help.
 ...                                              
                                                  
l.267 ...��\ max(A\_total\_mean,\ B\_total\_mean)}
                                                   in an
You may provide a definition with
\DeclareUnicodeCharacter 


! LaTeX Error: Unicode character − (U+2212)
               not set up for use with LaTeX.

See the LaTeX manual or LaTeX Companion for explanation.
Type  H <return>  for immediate help.
 ...                                              
                                                  
l.270 ...am1\_total\_mean\ −\ cam0\_total\_mean}
                                                   within the alternating
You may provide a definition with
\DeclareUnicodeCharacter 

[106]
pdfTeX warning (ext4): destination with the same identifier (name{none.\\thenon
e\040}) has been already used, duplicate ignored
<to be read again> 
                   \relax 
l.280 \end{longtable}
                     

! LaTeX Error: No counter 'none' defined.

See the LaTeX manual or LaTeX Companion for explanation.
Type  H <return>  for immediate help.
 ...                                              
                                                  
l.290 ...width - 2\tabcolsep) * \real{0.5000}}@{}}
                                                  
Your command was ignored.
Type  I <command> <return>  to replace it with another command,
or  <return>  to continue without it.

! Missing number, treated as zero.
<to be read again> 
                   \c@none 
l.290 ...width - 2\tabcolsep) * \real{0.5000}}@{}}
                                                  
A number should have been here; I inserted `0'.
(If you can't figure out why I needed to see a number,
look up `weird error' in the index to The TeXbook.)


pdfTeX warning (ext4): destination with the same identifier (name{none.\\thenon
e\040}) has been already used, duplicate ignored
<to be read again> 
                   \relax 
l.321 \end{longtable}
                      [107]) [108]

enddocument/afterlastpage: lastpage setting LastPage.
(./sentai_drones.aux)
 ***********
LaTeX2e <2023-11-01> patch level 1
L3 programming layer <2024-01-22>
 ***********


LaTeX Warning: There were multiply-defined labels.

Package rerunfilecheck Info: File `sentai_drones.out' has not changed.
(rerunfilecheck)             Checksum: 3575360E71ABB6BEE7086B1CB71BDD9C;52467.
 ) 
Here is how much of TeX's memory you used:
 36336 strings out of 476182
 678541 string characters out of 5795595
 1976975 words of memory out of 5000000
 56583 multiletter control sequences out of 15000+600000
 642469 words of font info for 559 fonts, out of 8000000 for 9000
 14 hyphenation exceptions out of 8191
 123i,13n,124p,2321b,717s stack positions out of 10000i,1000n,20000p,200000b,200000s
 </home/bogdan/.texlive2023/texmf-var/fonts/pk/ljfour/jknappen/ec/tcrb1000.60
0pk> </home/bogdan/.texlive2023/texmf-var/fonts/pk/ljfour/jknappen/ec/tcrb1200.
600pk> </home/bogdan/.texlive2023/texmf-var/fonts/pk/ljfour/jknappen/ec/ectt120
0.600pk> </home/bogdan/.texlive2023/texmf-var/fonts/pk/ljfour/jknappen/ec/tctt1
000.600pk> </home/bogdan/.texlive2023/texmf-var/fonts/pk/ljfour/jknappen/ec/tcr
m1000.600pk> </home/bogdan/.texlive2023/texmf-var/fonts/pk/ljfour/jknappen/ec/e
cit1000.600pk> </home/bogdan/.texlive2023/texmf-var/fonts/pk/ljfour/jknappen/ec
/ectt0900.600pk> </home/bogdan/.texlive2023/texmf-var/fonts/pk/ljfour/jknappen/
ec/ectt1000.600pk> </home/bogdan/.texlive2023/texmf-var/fonts/pk/ljfour/jknappe
n/ec/ecss0800.375pk></usr/share/texlive/texmf-dist/fonts/type1/public/amsfonts/
cm/cmr10.pfb></usr/share/texlive/texmf-dist/fonts/type1/public/amsfonts/cm/cmsy
10.pfb></usr/share/texlive/texmf-dist/fonts/type1/urw/palatino/uplb8a.pfb></usr
/share/texlive/texmf-dist/fonts/type1/urw/palatino/uplr8a.pfb></usr/share/texli
ve/texmf-dist/fonts/type1/urw/palatino/uplri8a.pfb>
Output written on sentai_drones.pdf (108 pages, 818543 bytes).
PDF statistics:
 2500 PDF objects out of 2984 (max. 8388607)
 2125 compressed objects within 22 object streams
 438 named destinations out of 1000 (max. 500000)
 130134 words of extra memory for PDF output out of 154059 (max. 10000000)

