ts	roll	pitch	yaw	x	y	z
15883	0.000	0.000	0.000	-0.0000	-0.0000	0.0150
15892	0.000	0.000	0.000	-0.0000	-0.0000	0.0150
15953	0.000	0.000	0.000	-0.0000	-0.0000	0.0150
15955	0.000	0.000	0.000	-0.0000	-0.0000	0.0150
15975	0.000	0.000	0.000	-0.0000	-0.0000	0.0150
15975	0.000	0.000	0.000	-0.0000	-0.0000	0.0150
16000	0.000	0.000	0.000	-0.0000	-0.0000	0.0150
16010	0.000	0.000	0.000	-0.0000	-0.0000	0.0150
16053	0.000	0.001	0.000	-0.0000	-0.0000	0.0150
16053	0.000	0.001	0.000	-0.0000	-0.0000	0.0150
16065	0.000	0.001	0.000	-0.0000	-0.0000	0.0150
16085	0.000	0.001	0.000	-0.0000	-0.0000	0.0150
16106	0.000	0.001	0.000	-0.0000	-0.0000	0.0150
16129	0.000	0.001	0.000	-0.0000	-0.0000	0.0150
16171	0.000	0.001	0.000	-0.0000	-0.0000	0.0150
16174	0.000	0.001	0.000	-0.0000	-0.0000	0.0150
16193	0.000	0.001	0.000	-0.0000	-0.0000	0.0150
16261	0.000	0.001	0.000	-0.0000	-0.0000	0.0150
16275	0.000	0.001	0.000	-0.0000	-0.0000	0.0150
16275	0.000	0.001	0.000	-0.0000	-0.0000	0.0150
16277	0.000	0.001	0.000	-0.0000	-0.0000	0.0150
16287	0.000	0.001	0.000	-0.0000	-0.0000	0.0150
16332	0.000	0.001	0.000	-0.0000	-0.0000	0.0150
16334	0.000	0.001	0.000	-0.0000	-0.0000	0.0150
16346	0.000	0.001	0.000	-0.0000	-0.0000	0.0150
16382	0.000	0.001	0.000	-0.0000	-0.0000	0.0150
16385	0.000	0.001	0.000	-0.0000	-0.0000	0.0150
16479	0.000	0.002	0.000	-0.0000	-0.0000	0.0150
16484	0.000	0.002	0.000	-0.0000	-0.0000	0.0150
16484	0.000	0.002	0.000	-0.0000	-0.0000	0.0150
16484	0.000	0.002	0.000	-0.0000	-0.0000	0.0150
16491	0.000	0.002	0.000	-0.0000	-0.0000	0.0150
16511	0.000	0.002	0.000	-0.0000	-0.0000	0.0150
16551	0.000	0.002	0.000	-0.0000	-0.0000	0.0150
16551	0.000	0.002	0.000	-0.0000	-0.0000	0.0150
16595	0.000	0.002	0.000	-0.0000	-0.0000	0.0150
16597	0.000	0.002	0.000	-0.0000	-0.0000	0.0150
16605	0.000	0.002	0.000	-0.0000	-0.0000	0.0150
16625	0.000	0.002	0.000	-0.0000	-0.0000	0.0150
16653	0.000	0.002	0.000	-0.0000	-0.0000	0.0150
16668	0.000	0.002	0.000	-0.0000	-0.0000	0.0150
16686	0.000	0.002	0.000	-0.0000	-0.0000	0.0150
16705	0.000	0.002	0.000	-0.0000	-0.0000	0.0150
16732	0.000	0.002	0.000	-0.0000	-0.0000	0.0150
16748	0.000	0.002	0.000	-0.0000	-0.0000	0.0150
16769	0.000	0.002	0.000	-0.0000	-0.0000	0.0150
16818	0.000	0.003	0.000	-0.0000	-0.0000	0.0150
16840	0.000	0.003	0.000	-0.0000	-0.0000	0.0150
16842	0.000	0.003	0.000	-0.0000	-0.0000	0.0150
16846	0.000	0.003	0.000	-0.0000	-0.0000	0.0150
16872	0.000	0.003	0.000	-0.0000	-0.0000	0.0150
16893	0.000	0.003	0.000	-0.0000	-0.0000	0.0150
16909	0.000	0.003	0.000	-0.0000	-0.0000	0.0150
16926	0.000	0.003	0.000	-0.0000	-0.0000	0.0150
16945	0.000	0.003	0.000	-0.0000	-0.0000	0.0150
16986	0.000	0.003	0.000	-0.0000	-0.0000	0.0150
16988	0.000	0.003	0.000	-0.0000	-0.0000	0.0150
17031	0.000	0.003	0.000	-0.0000	-0.0000	0.0150
17033	0.000	0.003	0.000	-0.0000	-0.0000	0.0150
17046	0.000	0.003	0.000	-0.0000	-0.0000	0.0150
17065	0.000	0.003	0.000	-0.0000	-0.0000	0.0150
17117	0.000	0.003	0.000	-0.0000	-0.0000	0.0150
17117	0.000	0.003	0.000	-0.0000	-0.0000	0.0150
17125	0.000	0.003	0.000	-0.0000	-0.0000	0.0150
17151	0.000	0.003	0.000	-0.0000	-0.0000	0.0150
17166	0.000	0.003	0.000	-0.0000	-0.0000	0.0150
17185	0.000	0.003	0.000	-0.0000	-0.0000	0.0150
17205	0.000	0.004	0.000	-0.0000	-0.0000	0.0150
17226	0.000	0.004	0.000	-0.0000	-0.0000	0.0150
17265	0.000	0.004	0.000	-0.0000	-0.0000	0.0150
17265	0.000	0.004	0.000	-0.0000	-0.0000	0.0150
17319	0.000	0.004	0.000	-0.0000	-0.0000	0.0150
17321	0.000	0.004	0.000	-0.0000	-0.0000	0.0150
17351	0.000	0.004	0.000	-0.0000	-0.0000	0.0150
17357	0.000	0.004	0.000	-0.0000	-0.0000	0.0150
17394	0.000	0.004	0.000	-0.0000	-0.0000	0.0150
17398	0.000	0.004	0.000	-0.0000	-0.0000	0.0150
17430	0.000	0.004	0.000	-0.0000	-0.0000	0.0150
17442	0.000	0.004	0.000	-0.0000	-0.0000	0.0150
17448	0.000	0.004	0.000	-0.0000	-0.0000	0.0150
17512	0.000	0.004	0.000	-0.0000	-0.0000	0.0150
17514	0.000	0.004	0.000	-0.0000	-0.0000	0.0150
17514	0.000	0.004	0.000	-0.0000	-0.0000	0.0150
17526	0.000	0.004	0.000	-0.0000	-0.0000	0.0150
17560	-0.012	0.004	-0.001	-0.0000	-0.0000	0.0150
17585	-0.005	0.004	-0.003	-0.0000	-0.0000	0.0153
17587	-0.005	0.004	-0.003	-0.0000	-0.0000	0.0153
17611	0.009	0.002	-0.004	-0.0000	-0.0000	0.0158
17627	-0.001	-0.002	-0.005	-0.0000	-0.0000	0.0165
17658	0.004	-0.004	-0.006	-0.0000	-0.0000	0.0177
17666	0.015	-0.004	-0.006	-0.0000	-0.0000	0.0184
17685	0.019	-0.004	-0.006	-0.0000	-0.0000	0.0201
17714	0.002	-0.004	-0.006	-0.0000	-0.0000	0.0238
17733	-0.029	-0.005	-0.006	-0.0000	-0.0000	0.0255
17778	-0.054	-0.003	-0.006	-0.0000	0.0000	0.0344
17778	-0.054	-0.003	-0.006	-0.0000	0.0000	0.0344
17802	0.003	-0.001	-0.006	-0.0000	0.0000	0.0383
17814	0.018	-0.000	-0.006	-0.0000	0.0000	0.0406
17826	0.022	0.001	-0.006	-0.0000	0.0000	0.0435
17846	0.012	0.004	-0.006	-0.0001	0.0000	0.0473
17878	0.001	0.008	-0.006	-0.0001	0.0001	0.0559
17886	-0.010	0.008	-0.006	-0.0001	0.0001	0.0582
17919	-0.065	0.004	-0.006	-0.0001	0.0001	0.0662
17927	-0.048	0.004	-0.006	-0.0001	0.0001	0.0683
17950	-0.018	0.004	-0.006	-0.0001	0.0001	0.0706
17969	0.039	0.004	-0.006	-0.0001	0.0001	0.0764
17985	0.050	0.002	-0.006	-0.0001	0.0001	0.0818
18006	0.030	0.001	-0.006	-0.0001	0.0001	0.0883
18033	0.005	0.001	-0.006	-0.0001	0.0001	0.0974
18071	0.055	0.001	-0.004	-0.0001	0.0001	0.1074
18071	0.055	0.001	-0.004	-0.0001	0.0001	0.1074
18087	0.072	-0.001	-0.002	-0.0001	0.0001	0.1165
18113	0.100	0.001	-0.002	-0.0001	0.0001	0.1222
18128	0.121	0.002	-0.002	-0.0001	0.0001	0.1256
18172	0.036	-0.004	-0.002	-0.0001	0.0001	0.1410
18174	0.019	-0.004	-0.002	-0.0001	0.0001	0.1460
18220	0.054	-0.001	0.000	-0.0001	0.0001	0.1593
18222	0.088	-0.001	0.001	-0.0001	0.0000	0.1646
18225	0.088	-0.001	0.001	-0.0001	0.0000	0.1646
18246	0.118	-0.001	0.001	-0.0001	0.0000	0.1707
18274	0.118	-0.005	0.001	-0.0001	-0.0000	0.1847
18289	0.105	-0.005	0.001	-0.0001	-0.0000	0.1890
18306	0.119	-0.004	0.001	-0.0000	-0.0001	0.1967
18340	0.094	-0.004	0.001	-0.0000	-0.0001	0.2110
18363	0.042	-0.003	0.001	-0.0000	-0.0001	0.2131
18369	0.042	-0.003	0.001	-0.0000	-0.0001	0.2131
18390	-0.040	-0.003	0.001	0.0000	-0.0002	0.2213
18409	-0.082	-0.003	0.001	0.0000	-0.0002	0.2247
18438	-0.094	-0.002	0.001	0.0001	-0.0002	0.2352
18454	-0.115	-0.004	0.001	0.0001	-0.0002	0.2459
18494	-0.123	-0.004	0.001	0.0001	-0.0002	0.2576
18494	-0.123	-0.004	0.001	0.0001	-0.0002	0.2576
18505	-0.121	-0.005	0.001	0.0001	-0.0002	0.2678
18550	-0.125	-0.006	0.001	0.0002	-0.0001	0.2873
18550	-0.125	-0.006	0.001	0.0002	-0.0001	0.2873
18570	-0.137	-0.006	0.001	0.0002	-0.0001	0.2935
18595	-0.152	-0.004	0.001	0.0002	-0.0000	0.3072
18605	-0.154	-0.004	0.001	0.0002	-0.0000	0.3119
18630	-0.063	0.000	0.001	0.0003	0.0001	0.3271
18659	0.045	0.005	0.001	0.0003	0.0001	0.3450
18670	0.064	0.007	0.001	0.0003	0.0001	0.3525
18690	0.109	0.014	0.001	0.0003	0.0002	0.3646
18718	0.215	0.029	0.001	0.0004	0.0002	0.3809
18729	0.204	0.032	0.001	0.0004	0.0002	0.3858
18772	0.114	0.037	0.001	0.0004	0.0001	0.4037
18772	0.114	0.037	0.001	0.0004	0.0001	0.4037
18785	0.092	0.038	0.001	0.0004	0.0001	0.4107
18805	0.080	0.036	0.001	0.0005	0.0001	0.4290
18829	0.106	0.030	0.001	0.0005	-0.0000	0.4504
18845	0.097	0.026	0.001	0.0005	-0.0000	0.4564
18868	0.051	0.017	0.001	0.0005	-0.0001	0.4706
18909	0.019	0.012	0.001	0.0006	-0.0002	0.4932
18909	0.019	0.012	0.001	0.0006	-0.0002	0.4932
18926	0.019	0.012	0.001	0.0006	-0.0002	0.4932
18946	-0.056	0.004	0.001	0.0006	-0.0003	0.5232
19000	-0.089	-0.005	0.001	0.0007	-0.0003	0.5477
19000	-0.089	-0.005	0.001	0.0007	-0.0003	0.5477
19009	-0.103	-0.006	0.001	0.0007	-0.0003	0.5553
19035	-0.107	-0.007	0.001	0.0007	-0.0003	0.5696
19045	-0.107	-0.007	0.001	0.0007	-0.0003	0.5696
19093	-0.108	-0.009	0.001	0.0008	-0.0003	0.6140
19093	-0.108	-0.009	0.001	0.0008	-0.0003	0.6140
19146	-0.099	-0.004	0.001	0.0009	-0.0002	0.6561
19146	-0.099	-0.004	0.001	0.0009	-0.0002	0.6561
19146	-0.099	-0.004	0.001	0.0009	-0.0002	0.6561
19167	-0.005	0.004	0.001	0.0010	-0.0002	0.6772
19190	0.013	0.009	0.001	0.0010	-0.0001	0.6949
19208	0.011	0.013	0.001	0.0010	-0.0001	0.7054
19227	0.010	0.019	0.001	0.0011	-0.0001	0.7249
19245	0.015	0.025	0.001	0.0011	-0.0001	0.7425
19265	0.015	0.025	0.001	0.0011	-0.0001	0.7423
19285	0.015	0.025	0.001	0.0011	-0.0001	0.7423
19306	0.015	0.025	0.001	0.0011	-0.0001	0.7423
19329	-0.023	0.048	0.001	0.0012	-0.0000	0.7975
19356	-0.006	0.056	0.001	0.0012	-0.0001	0.8013
19366	-0.012	0.057	0.001	0.0013	-0.0001	0.8090
19388	-0.024	0.056	0.001	0.0013	-0.0001	0.8134
19418	-0.053	0.050	0.001	0.0013	-0.0001	0.8373
19426	-0.053	0.050	0.001	0.0013	-0.0001	0.8369
19457	-0.072	0.042	0.001	0.0013	-0.0002	0.8617
19466	-0.078	0.039	0.001	0.0013	-0.0002	0.8709
19487	-0.082	0.034	0.001	0.0014	-0.0002	0.8868
19533	-0.059	0.027	0.001	0.0014	-0.0002	0.9280
19544	-0.030	0.026	0.001	0.0014	-0.0002	0.9377
19546	-0.030	0.026	0.001	0.0014	-0.0002	0.9377
19609	0.037	0.020	0.001	0.0015	-0.0001	1.0016
19609	0.037	0.020	0.001	0.0015	-0.0001	1.0016
19609	0.037	0.020	0.001	0.0015	-0.0001	1.0016
19628	0.037	0.020	0.001	0.0015	-0.0001	1.0136
19662	0.087	0.025	0.001	0.0015	-0.0002	1.0423
19666	0.087	0.025	0.001	0.0015	-0.0002	1.0423
19694	0.163	0.027	0.001	0.0015	-0.0002	1.0719
19726	0.064	0.027	0.001	0.0016	-0.0002	1.0995
19726	0.064	0.027	0.001	0.0016	-0.0002	1.0995
19751	-0.092	0.025	0.001	0.0016	-0.0002	1.1228
19774	-0.170	0.017	0.001	0.0017	-0.0003	1.1411
19786	-0.176	0.012	0.001	0.0017	-0.0003	1.1516
19806	-0.156	-0.001	0.001	0.0017	-0.0003	1.1701
19836	-0.116	-0.019	0.001	0.0017	-0.0003	1.1953
19850	-0.101	-0.020	0.001	0.0017	-0.0003	1.2052
19870	-0.073	-0.020	0.001	0.0018	-0.0003	1.2191
19902	-0.009	-0.014	0.001	0.0018	-0.0002	1.2423
19906	0.015	-0.010	0.001	0.0018	-0.0002	1.2505
19926	0.015	-0.010	0.001	0.0018	-0.0002	1.2505
19975	0.042	0.015	0.002	0.0019	-0.0002	1.3041
19975	0.042	0.015	0.002	0.0019	-0.0002	1.3041
19986	0.042	0.015	0.002	0.0019	-0.0002	1.3051
20026	0.026	0.024	0.002	0.0020	-0.0002	1.3459
20026	0.026	0.024	0.002	0.0020	-0.0002	1.3459
20053	-0.011	0.020	0.002	0.0020	-0.0002	1.3693
20077	-0.036	0.014	0.002	0.0020	-0.0002	1.3916
20097	-0.054	0.010	0.002	0.0021	-0.0002	1.4114
20108	-0.054	0.010	0.002	0.0021	-0.0002	1.4119
20145	0.001	0.010	0.002	0.0021	-0.0002	1.4459
20145	0.001	0.010	0.002	0.0021	-0.0002	1.4459
20176	0.072	0.017	0.002	0.0021	-0.0002	1.4749
20196	0.064	0.023	0.002	0.0022	-0.0002	1.4922
20212	0.067	0.027	0.002	0.0022	-0.0002	1.5019
20228	0.071	0.032	0.002	0.0022	-0.0002	1.5203
20246	0.069	0.035	0.002	0.0022	-0.0002	1.5305
20265	0.058	0.037	0.002	0.0022	-0.0002	1.5466
20320	0.031	0.037	0.002	0.0023	-0.0003	1.5954
20320	0.031	0.037	0.002	0.0023	-0.0003	1.5954
20326	0.031	0.037	0.002	0.0023	-0.0003	1.5954
20361	-0.063	0.026	0.002	0.0023	-0.0003	1.6305
20375	-0.106	0.018	0.002	0.0023	-0.0003	1.6503
20388	-0.108	0.013	0.002	0.0023	-0.0003	1.6599
20428	-0.097	-0.003	0.002	0.0024	-0.0003	1.6951
20428	-0.097	-0.003	0.002	0.0024	-0.0003	1.6951
20474	-0.058	-0.006	0.002	0.0024	-0.0002	1.7362
20474	-0.058	-0.006	0.002	0.0024	-0.0002	1.7362
20502	-0.069	-0.006	0.002	0.0025	-0.0002	1.7692
20507	-0.069	-0.006	0.002	0.0025	-0.0002	1.7692
20527	-0.071	-0.004	0.002	0.0025	-0.0002	1.7923
20552	-0.033	-0.001	0.002	0.0025	-0.0001	1.8050
20566	0.034	0.004	0.002	0.0025	-0.0001	1.8209
20599	0.097	0.011	0.002	0.0026	-0.0001	1.8433
20605	0.097	0.011	0.002	0.0026	-0.0001	1.8440
20650	0.107	0.027	0.002	0.0026	-0.0000	1.8846
20650	0.107	0.027	0.002	0.0026	-0.0000	1.8846
20705	0.010	0.022	0.002	0.0026	-0.0000	1.9246
20719	-0.014	0.019	0.002	0.0026	-0.0000	1.9320
20751	0.004	0.014	0.002	0.0027	-0.0000	1.9592
20751	0.004	0.014	0.002	0.0027	-0.0000	1.9592
20753	0.004	0.014	0.002	0.0027	-0.0000	1.9592
20774	0.021	0.014	0.002	0.0027	-0.0000	1.9762
20794	0.012	0.014	0.002	0.0027	-0.0000	1.9878
20813	-0.060	0.014	0.002	0.0027	0.0000	2.0061
20852	-0.133	0.014	0.002	0.0027	0.0000	2.0367
20854	-0.133	0.014	0.002	0.0027	0.0000	2.0367
20865	-0.133	0.014	0.002	0.0027	0.0000	2.0367
20887	-0.153	0.005	0.002	0.0027	0.0001	2.0648
20911	-0.130	0.002	0.002	0.0027	0.0002	2.0806
20925	-0.087	0.001	0.002	0.0027	0.0002	2.0909
20978	0.040	0.009	0.002	0.0027	0.0004	2.1328
20978	0.040	0.009	0.002	0.0027	0.0004	2.1328
20992	0.037	0.014	0.002	0.0027	0.0004	2.1409
21008	0.028	0.020	0.002	0.0027	0.0004	2.1498
21034	0.024	0.028	0.002	0.0027	0.0005	2.1660
21045	0.027	0.031	0.002	0.0027	0.0005	2.1719
21085	0.040	0.036	0.002	0.0027	0.0006	2.1995
21085	0.040	0.036	0.002	0.0027	0.0006	2.1995
21108	0.072	0.036	0.002	0.0027	0.0007	2.2136
21129	0.090	0.035	0.002	0.0027	0.0007	2.2288
21145	0.098	0.035	0.002	0.0027	0.0007	2.2355
21193	0.165	0.037	0.002	0.0027	0.0008	2.2730
21195	0.165	0.037	0.002	0.0027	0.0008	2.2730
21205	0.165	0.037	0.002	0.0027	0.0008	2.2730
21229	0.116	0.035	0.002	0.0027	0.0009	2.2909
21250	0.031	0.032	0.002	0.0027	0.0009	2.3109
21266	0.031	0.032	0.002	0.0027	0.0009	2.3109
21316	-0.046	0.012	0.002	0.0026	0.0010	2.3502
21316	-0.046	0.012	0.002	0.0026	0.0010	2.3502
21326	-0.046	0.012	0.002	0.0026	0.0010	2.3502
21346	-0.028	0.006	0.002	0.0026	0.0010	2.3631
21395	0.100	-0.001	0.002	0.0026	0.0011	2.3890
21395	0.100	-0.001	0.002	0.0026	0.0011	2.3890
21406	0.108	-0.001	0.002	0.0026	0.0011	2.3951
21439	0.064	0.001	0.002	0.0026	0.0012	2.4142
21447	0.064	0.001	0.002	0.0026	0.0012	2.4148
21489	-0.048	0.007	0.002	0.0026	0.0013	2.4396
21491	-0.048	0.007	0.002	0.0026	0.0013	2.4396
21510	-0.008	0.007	0.002	0.0026	0.0014	2.4519
21555	0.003	-0.003	0.002	0.0026	0.0015	2.4766
21557	0.003	-0.003	0.002	0.0026	0.0015	2.4766
21566	0.021	-0.003	0.002	0.0026	0.0015	2.4834
21626	0.068	0.003	0.002	0.0026	0.0017	2.5159
21626	0.068	0.003	0.002	0.0026	0.0017	2.5159
21628	0.068	0.003	0.002	0.0026	0.0017	2.5159
21646	0.076	0.006	0.002	0.0026	0.0017	2.5228
21672	0.137	0.016	0.002	0.0026	0.0018	2.5371
21686	0.176	0.019	0.002	0.0026	0.0019	2.5410
21708	0.297	0.027	0.002	0.0026	0.0019	2.5538
21762	0.268	0.031	0.002	0.0025	0.0020	2.5768
21762	0.268	0.031	0.002	0.0025	0.0020	2.5768
21766	0.268	0.031	0.002	0.0025	0.0020	2.5768
21811	0.176	0.028	0.002	0.0025	0.0021	2.6003
21811	0.176	0.028	0.002	0.0025	0.0021	2.6003
21826	0.176	0.028	0.002	0.0025	0.0021	2.6003
21869	0.148	0.005	0.002	0.0025	0.0021	2.6269
21869	0.148	0.005	0.002	0.0025	0.0021	2.6269
21885	0.122	0.002	0.002	0.0025	0.0021	2.6316
21916	0.052	-0.004	0.002	0.0025	0.0021	2.6460
21925	0.036	-0.005	0.002	0.0025	0.0022	2.6518
21951	-0.005	-0.007	0.002	0.0025	0.0022	2.6600
21988	-0.017	-0.010	0.002	0.0025	0.0024	2.6777
21990	-0.017	-0.010	0.002	0.0025	0.0024	2.6793
22026	-0.059	-0.014	0.002	0.0025	0.0025	2.6925
22027	-0.059	-0.014	0.002	0.0025	0.0025	2.6941
22047	-0.086	-0.015	0.002	0.0025	0.0026	2.7015
22084	-0.038	-0.008	0.002	0.0026	0.0028	2.7165
22086	-0.038	-0.008	0.002	0.0026	0.0028	2.7165
22105	-0.038	-0.008	0.002	0.0026	0.0028	2.7165
22125	-0.038	-0.008	0.002	0.0026	0.0028	2.7165
22145	-0.038	-0.008	0.002	0.0026	0.0028	2.7165
22165	-0.038	-0.008	0.002	0.0026	0.0028	2.7165
22185	0.069	0.009	0.005	0.0026	0.0031	2.7277
22216	0.042	0.010	0.016	0.0026	0.0033	2.7360
22226	0.035	0.011	0.020	0.0026	0.0033	2.7398
22262	0.038	0.015	0.027	0.0026	0.0035	2.7491
22265	0.038	0.015	0.027	0.0026	0.0035	2.7491
22290	0.020	0.019	0.025	0.0026	0.0037	2.7588
22307	0.020	0.019	0.025	0.0026	0.0037	2.7607
22349	0.012	0.022	0.018	0.0026	0.0039	2.7769
22351	0.012	0.022	0.018	0.0026	0.0039	2.7769
22373	0.029	0.023	0.016	0.0026	0.0040	2.7796
22398	0.085	0.026	0.012	0.0026	0.0042	2.7866
22410	0.108	0.027	0.011	0.0026	0.0043	2.7892
22428	0.122	0.027	0.009	0.0026	0.0043	2.7906
22451	0.165	0.028	0.007	0.0026	0.0045	2.7938
22468	0.155	0.028	0.007	0.0026	0.0045	2.7958
22486	0.099	0.028	0.005	0.0026	0.0046	2.7959
22511	0.027	0.028	0.004	0.0025	0.0047	2.7969
22533	-0.012	0.029	0.002	0.0025	0.0048	2.8000
22552	0.006	0.029	0.001	0.0025	0.0049	2.7995
22577	0.025	0.029	0.000	0.0025	0.0050	2.8000
22586	0.034	0.029	-0.001	0.0025	0.0050	2.8002
22605	0.082	0.029	-0.001	0.0025	0.0051	2.8005
22625	0.109	0.028	-0.001	0.0025	0.0052	2.8024
22645	0.099	0.025	-0.001	0.0025	0.0053	2.8029
22665	0.103	0.026	-0.001	0.0025	0.0054	2.8046
22689	0.122	0.027	-0.001	0.0025	0.0055	2.8057
22713	0.176	0.030	-0.001	0.0024	0.0056	2.8061
22725	0.195	0.031	-0.001	0.0024	0.0057	2.8062
22745	0.204	0.030	-0.001	0.0024	0.0058	2.8060
22765	0.201	0.028	-0.001	0.0024	0.0059	2.8082
22790	0.183	0.026	-0.001	0.0024	0.0060	2.8096
22807	0.156	0.025	-0.001	0.0024	0.0060	2.8093
22826	0.126	0.023	-0.001	0.0024	0.0061	2.8098
22857	0.155	0.018	-0.001	0.0024	0.0062	2.8121
22866	0.155	0.018	-0.001	0.0024	0.0062	2.8137
22917	0.219	0.006	-0.001	0.0024	0.0064	2.8120
22917	0.219	0.006	-0.001	0.0024	0.0064	2.8120
22925	0.206	0.004	-0.001	0.0024	0.0064	2.8115
22964	0.154	0.002	-0.001	0.0024	0.0066	2.8127
22966	0.154	0.002	-0.001	0.0024	0.0066	2.8127
22985	0.154	0.002	-0.001	0.0024	0.0066	2.8127
23005	0.086	0.002	-0.001	0.0024	0.0066	2.8040
23028	0.089	0.002	-0.001	0.0024	0.0067	2.8036
23048	0.092	0.003	-0.001	0.0025	0.0068	2.8036
23095	0.026	0.004	-0.001	0.0025	0.0071	2.8030
23097	0.026	0.004	-0.001	0.0025	0.0071	2.8030
23106	0.026	0.004	-0.001	0.0025	0.0071	2.8030
23127	0.020	0.008	-0.001	0.0026	0.0072	2.8007
23146	0.046	0.012	-0.001	0.0026	0.0073	2.7983
23166	0.089	0.014	-0.001	0.0026	0.0074	2.7968
23210	0.049	0.017	-0.001	0.0026	0.0076	2.7918
23216	0.041	0.018	-0.001	0.0027	0.0077	2.7902
23225	0.041	0.018	-0.001	0.0027	0.0077	2.7902
23256	0.088	0.025	-0.001	0.0027	0.0079	2.7845
23266	0.093	0.026	-0.001	0.0027	0.0080	2.7832
23285	0.091	0.026	-0.001	0.0027	0.0080	2.7818
23315	0.080	0.028	-0.001	0.0027	0.0082	2.7782
23338	0.054	0.030	-0.001	0.0027	0.0083	2.7742
23346	0.054	0.030	-0.001	0.0027	0.0083	2.7742
23373	0.088	0.033	-0.001	0.0028	0.0085	2.7669
23407	0.195	0.034	-0.001	0.0028	0.0087	2.7632
23407	0.195	0.034	-0.001	0.0028	0.0087	2.7632
23466	0.215	0.029	-0.001	0.0028	0.0090	2.7557
23466	0.215	0.029	-0.001	0.0028	0.0090	2.7557
23468	0.215	0.029	-0.001	0.0028	0.0090	2.7557
23490	0.158	0.029	-0.001	0.0028	0.0091	2.7491
23508	0.154	0.029	-0.001	0.0029	0.0091	2.7477
23527	0.180	0.030	-0.001	0.0029	0.0092	2.7440
23597	0.215	0.022	-0.001	0.0028	0.0095	2.7348
23597	0.215	0.022	-0.001	0.0028	0.0095	2.7348
23601	0.184	0.014	-0.001	0.0028	0.0095	2.7323
23635	0.470	-0.428	-0.010	0.0029	0.0097	2.7261
23635	0.470	-0.428	-0.010	0.0029	0.0097	2.7261
23655	0.780	-0.797	-0.013	0.0029	0.0097	2.7241
23665	1.142	-1.219	-0.015	0.0030	0.0098	2.7219
23685	2.192	-2.430	-0.010	0.0031	0.0098	2.7161
23706	2.604	-2.908	-0.010	0.0032	0.0098	2.7134
23731	3.209	-3.641	-0.018	0.0037	0.0096	2.7076
23762	3.377	-3.877	-0.041	0.0043	0.0093	2.7026
23766	3.408	-3.936	-0.055	0.0047	0.0090	2.7000
23791	3.432	-4.003	-0.075	0.0054	0.0085	2.6967
23845	3.355	-4.071	-0.141	0.0078	0.0069	2.6868
23849	3.324	-4.040	-0.149	0.0084	0.0065	2.6847
23851	3.324	-4.040	-0.149	0.0084	0.0065	2.6847
23878	3.137	-3.863	-0.162	0.0089	0.0063	2.6801
23885	3.137	-3.863	-0.162	0.0089	0.0063	2.6801
23922	2.839	-3.564	-0.181	0.0122	0.0039	2.6704
23933	2.756	-3.468	-0.182	0.0127	0.0036	2.6676
23947	2.694	-3.394	-0.182	0.0140	0.0027	2.6647
23972	2.567	-3.212	-0.180	0.0151	0.0020	2.6601
23987	2.443	-3.040	-0.175	0.0162	0.0013	2.6556
24009	2.284	-2.871	-0.167	0.0172	0.0007	2.6511
24026	2.181	-2.773	-0.162	0.0176	0.0004	2.6486
24061	1.873	-2.524	-0.139	0.0212	-0.0021	2.6398
24075	1.803	-2.450	-0.132	0.0214	-0.0021	2.6376
24092	1.737	-2.370	-0.119	0.0237	-0.0038	2.6338
24105	1.701	-2.320	-0.113	0.0244	-0.0043	2.6319
24141	1.544	-2.123	-0.091	0.0263	-0.0054	2.6260
24145	1.544	-2.123	-0.091	0.0263	-0.0054	2.6260
24167	1.484	-1.994	-0.077	0.0273	-0.0059	2.6221
24192	1.524	-1.914	-0.065	0.0282	-0.0064	2.6185
24218	1.500	-1.863	-0.055	0.0287	-0.0066	2.6153
24229	1.492	-1.861	-0.047	0.0294	-0.0070	2.6129
24257	1.481	-1.926	-0.030	0.0322	-0.0090	2.6085
24266	1.463	-1.903	-0.030	0.0315	-0.0083	2.6083
24300	1.499	-1.943	-0.012	0.0326	-0.0089	2.6028
24318	1.583	-1.997	-0.001	0.0343	-0.0101	2.5996
24326	1.570	-1.982	-0.001	0.0337	-0.0096	2.5992
24345	1.574	-2.005	0.002	0.0344	-0.0101	2.5977
24379	1.559	-2.118	0.020	0.0379	-0.0124	2.5914
24388	1.564	-2.137	0.022	0.0384	-0.0128	2.5901
24406	1.580	-2.163	0.025	0.0392	-0.0133	2.5887
24427	1.596	-2.193	0.030	0.0403	-0.0139	2.5854
24446	1.624	-2.217	0.033	0.0415	-0.0147	2.5829
24466	1.656	-2.233	0.035	0.0428	-0.0155	2.5805
24501	1.690	-2.253	0.036	0.0449	-0.0169	2.5761
24507	1.680	-2.240	0.036	0.0443	-0.0165	2.5756
24525	1.691	-2.256	0.036	0.0457	-0.0174	2.5727
24548	1.734	-2.293	0.037	0.0478	-0.0188	2.5701
24569	1.777	-2.315	0.037	0.0492	-0.0197	2.5674
24587	1.806	-2.340	0.038	0.0510	-0.0210	2.5659
24609	1.818	-2.343	0.038	0.0528	-0.0222	2.5632
24626	1.825	-2.336	0.037	0.0535	-0.0226	2.5618
24664	1.763	-2.304	0.036	0.0576	-0.0254	2.5574
24668	1.763	-2.304	0.036	0.0576	-0.0254	2.5574
24686	1.666	-2.276	0.035	0.0600	-0.0272	2.5556
24724	1.502	-2.176	0.032	0.0644	-0.0302	2.5512
24726	1.502	-2.176	0.032	0.0644	-0.0302	2.5512
24745	1.497	-2.169	0.031	0.0641	-0.0299	2.5507
24780	1.260	-2.031	0.030	0.0700	-0.0340	2.5472
24790	1.214	-1.990	0.030	0.0705	-0.0344	2.5460
24812	1.178	-1.937	0.031	0.0742	-0.0369	2.5450
24825	1.166	-1.902	0.032	0.0753	-0.0376	2.5443
24856	1.128	-1.777	0.032	0.0771	-0.0388	2.5412
24881	1.158	-1.727	0.033	0.0789	-0.0400	2.5394
24908	1.215	-1.676	0.035	0.0821	-0.0422	2.5370
24908	1.215	-1.676	0.035	0.0821	-0.0422	2.5370
24926	1.223	-1.671	0.037	0.0841	-0.0435	2.5364
24947	1.194	-1.657	0.039	0.0864	-0.0451	2.5352
24969	1.131	-1.645	0.041	0.0892	-0.0470	2.5342
25001	1.121	-1.636	0.045	0.0919	-0.0488	2.5315
25007	1.114	-1.640	0.048	0.0940	-0.0503	2.5315
25026	1.114	-1.640	0.048	0.0938	-0.0501	2.5312
25065	1.166	-1.663	0.057	0.1009	-0.0551	2.5293
25065	1.166	-1.663	0.057	0.1009	-0.0551	2.5293
25089	1.224	-1.663	0.059	0.1042	-0.0574	2.5292
25111	1.264	-1.634	0.059	0.1062	-0.0587	2.5282
25133	1.318	-1.593	0.060	0.1093	-0.0610	2.5275
25145	1.334	-1.577	0.060	0.1108	-0.0620	2.5273
25171	1.339	-1.536	0.060	0.1130	-0.0636	2.5262
25186	1.339	-1.511	0.061	0.1162	-0.0659	2.5260
25228	1.353	-1.470	0.061	0.1219	-0.0700	2.5250
25228	1.353	-1.470	0.061	0.1219	-0.0700	2.5250
25246	1.341	-1.460	0.061	0.1237	-0.0713	2.5250
25276	1.310	-1.406	0.061	0.1284	-0.0748	2.5247
25291	1.311	-1.392	0.062	0.1295	-0.0756	2.5243
25310	1.304	-1.361	0.062	0.1327	-0.0780	2.5244
25342	1.330	-1.307	0.063	0.1380	-0.0819	2.5245
25347	1.330	-1.307	0.063	0.1380	-0.0819	2.5245
25368	1.335	-1.260	0.063	0.1424	-0.0853	2.5252
25387	1.297	-1.204	0.063	0.1456	-0.0876	2.5253
25412	1.217	-1.131	0.062	0.1469	-0.0886	2.5246
25436	1.065	-1.056	0.062	0.1511	-0.0918	2.5251
25462	1.003	-1.001	0.062	0.1525	-0.0928	2.5243
25466	1.003	-1.001	0.062	0.1525	-0.0928	2.5243
25527	0.961	-0.998	0.065	0.1604	-0.0988	2.5248
25527	0.961	-0.998	0.065	0.1604	-0.0988	2.5248
25527	0.961	-0.998	0.065	0.1604	-0.0988	2.5248
25570	0.980	-1.072	0.070	0.1673	-0.1041	2.5254
25570	0.980	-1.072	0.070	0.1673	-0.1041	2.5254
25590	1.051	-1.101	0.071	0.1701	-0.1061	2.5257
25607	1.088	-1.116	0.072	0.1723	-0.1078	2.5261
25626	1.141	-1.142	0.074	0.1746	-0.1095	2.5262
25647	1.150	-1.152	0.075	0.1759	-0.1105	2.5263
25667	1.099	-1.165	0.076	0.1793	-0.1130	2.5269
25770	1.374	-1.211	0.083	0.1910	-0.1218	2.5285
25770	1.374	-1.211	0.083	0.1910	-0.1218	2.5285
25770	1.374	-1.211	0.083	0.1910	-0.1218	2.5285
25772	1.374	-1.211	0.083	0.1910	-0.1218	2.5285
25772	1.374	-1.211	0.083	0.1910	-0.1218	2.5285
25823	1.335	-1.330	0.089	0.1991	-0.1279	2.5301
25823	1.335	-1.330	0.089	0.1991	-0.1279	2.5301
25825	1.335	-1.330	0.089	0.1991	-0.1279	2.5301
25851	1.307	-1.371	0.095	0.2042	-0.1319	2.5312
25878	1.340	-1.367	0.099	0.2075	-0.1344	2.5318
25904	1.365	-1.318	0.103	0.2125	-0.1383	2.5328
25914	1.367	-1.299	0.104	0.2144	-0.1398	2.5332
25935	1.364	-1.246	0.105	0.2183	-0.1428	2.5340
25946	1.368	-1.253	0.105	0.2183	-0.1427	2.5339
25983	1.246	-1.122	0.105	0.2267	-0.1494	2.5356
25985	1.246	-1.122	0.105	0.2267	-0.1494	2.5356
26039	1.156	-0.964	0.104	0.2338	-0.1549	2.5369
26039	1.156	-0.964	0.104	0.2338	-0.1549	2.5369
26045	1.152	-0.927	0.104	0.2357	-0.1565	2.5373
26105	1.132	-0.730	0.101	0.2458	-0.1646	2.5390
26107	1.132	-0.730	0.101	0.2458	-0.1646	2.5390
26107	1.132	-0.730	0.101	0.2458	-0.1646	2.5390
26125	1.071	-0.686	0.100	0.2491	-0.1673	2.5396
26154	0.925	-0.596	0.098	0.2535	-0.1709	2.5403
26173	0.876	-0.575	0.098	0.2539	-0.1711	2.5405
26188	0.839	-0.559	0.097	0.2569	-0.1736	2.5411
26208	0.862	-0.563	0.099	0.2600	-0.1761	2.5417
26225	0.890	-0.582	0.099	0.2613	-0.1771	2.5420
26266	0.886	-0.672	0.100	0.2677	-0.1822	2.5434
26266	0.886	-0.672	0.100	0.2677	-0.1822	2.5434
26313	0.977	-0.780	0.104	0.2763	-0.1894	2.5452
26317	0.984	-0.790	0.104	0.2764	-0.1893	2.5452
26326	0.984	-0.790	0.104	0.2764	-0.1893	2.5452
26382	1.154	-0.814	0.105	0.2878	-0.1989	2.5473
26382	1.154	-0.814	0.105	0.2878	-0.1989	2.5473
26386	1.154	-0.814	0.105	0.2878	-0.1989	2.5473
26407	1.160	-0.807	0.105	0.2924	-0.2029	2.5479
26432	1.122	-0.781	0.104	0.2954	-0.2053	2.5485
26448	1.100	-0.766	0.104	0.2965	-0.2061	2.5488
26480	1.061	-0.709	0.103	0.3016	-0.2103	2.5496
26490	1.062	-0.696	0.103	0.3031	-0.2116	2.5498
26513	1.053	-0.664	0.102	0.3077	-0.2156	2.5505
26557	1.103	-0.684	0.102	0.3128	-0.2197	2.5514
26561	1.103	-0.684	0.102	0.3128	-0.2197	2.5514
26565	1.103	-0.684	0.102	0.3128	-0.2197	2.5514
26585	1.223	-0.720	0.103	0.3182	-0.2245	2.5519
26606	1.275	-0.747	0.104	0.3215	-0.2273	2.5523
26627	1.256	-0.774	0.104	0.3250	-0.2303	2.5529
26669	1.173	-0.786	0.104	0.3299	-0.2344	2.5537
26676	1.158	-0.784	0.104	0.3317	-0.2361	2.5538
26686	1.146	-0.781	0.104	0.3334	-0.2376	2.5540
26705	1.117	-0.770	0.104	0.3366	-0.2403	2.5544
26725	1.085	-0.760	0.104	0.3401	-0.2435	2.5547
26751	1.016	-0.749	0.104	0.3431	-0.2459	2.5552
26785	0.947	-0.735	0.103	0.3480	-0.2501	2.5558
26785	0.947	-0.735	0.103	0.3480	-0.2501	2.5558
26805	0.950	-0.722	0.103	0.3514	-0.2532	2.5560
26832	0.984	-0.709	0.103	0.3555	-0.2568	2.5563
26858	1.063	-0.688	0.102	0.3611	-0.2616	2.5568
26902	1.002	-0.677	0.102	0.3682	-0.2677	2.5576
26902	1.002	-0.677	0.102	0.3682	-0.2677	2.5576
26906	1.002	-0.677	0.102	0.3682	-0.2677	2.5576
26934	0.949	-0.680	0.102	0.3719	-0.2710	2.5579
26946	0.947	-0.680	0.102	0.3738	-0.2727	2.5580
26965	0.923	-0.677	0.102	0.3772	-0.2757	2.5582
26990	0.896	-0.670	0.101	0.3813	-0.2794	2.5582
27011	0.856	-0.633	0.101	0.3849	-0.2826	2.5583
27027	0.859	-0.611	0.100	0.3880	-0.2855	2.5583
27057	0.880	-0.540	0.099	0.3920	-0.2889	2.5587
27081	0.898	-0.516	0.099	0.3944	-0.2909	2.5591
27086	0.900	-0.522	0.099	0.3942	-0.2906	2.5592
27122	0.932	-0.546	0.099	0.3995	-0.2954	2.5594
27133	0.957	-0.563	0.099	0.4015	-0.2971	2.5594
27145	1.006	-0.585	0.099	0.4035	-0.2990	2.5594
27211	1.146	-0.682	0.101	0.4120	-0.3065	2.5598
27213	1.146	-0.682	0.101	0.4120	-0.3065	2.5598
27213	1.146	-0.682	0.101	0.4120	-0.3065	2.5598
27250	1.321	-0.718	0.102	0.4192	-0.3134	2.5594
27250	1.321	-0.718	0.102	0.4192	-0.3134	2.5594
27266	1.362	-0.727	0.102	0.4205	-0.3144	2.5596
27294	1.316	-0.741	0.102	0.4249	-0.3185	2.5597
27316	1.275	-0.755	0.102	0.4280	-0.3213	2.5598
27330	1.266	-0.764	0.102	0.4297	-0.3228	2.5598
27347	1.240	-0.769	0.103	0.4337	-0.3267	2.5597
27382	1.236	-0.791	0.103	0.4387	-0.3313	2.5596
27386	1.236	-0.791	0.103	0.4387	-0.3313	2.5596
27405	1.219	-0.802	0.103	0.4419	-0.3345	2.5594
27455	1.174	-0.766	0.102	0.4503	-0.3423	2.5591
27455	1.174	-0.766	0.102	0.4503	-0.3423	2.5591
27468	1.153	-0.747	0.101	0.4526	-0.3445	2.5590
27502	1.097	-0.709	0.099	0.4571	-0.3486	2.5590
27506	1.099	-0.716	0.099	0.4570	-0.3484	2.5591
27526	1.107	-0.699	0.097	0.4607	-0.3520	2.5587
27547	1.102	-0.689	0.096	0.4645	-0.3557	2.5584
27570	1.062	-0.668	0.094	0.4675	-0.3584	2.5584
27591	1.056	-0.654	0.092	0.4705	-0.3613	2.5583
27610	1.042	-0.633	0.090	0.4738	-0.3642	2.5582
27626	1.025	-0.624	0.090	0.4755	-0.3660	2.5580
27671	0.945	-0.612	0.089	0.4811	-0.3710	2.5579
27675	0.945	-0.612	0.089	0.4811	-0.3710	2.5579
27690	0.942	-0.633	0.089	0.4852	-0.3750	2.5575
27706	0.948	-0.643	0.089	0.4869	-0.3764	2.5575
27748	1.021	-0.683	0.090	0.4933	-0.3825	2.5570
27751	1.021	-0.683	0.090	0.4933	-0.3825	2.5570
27766	1.067	-0.687	0.090	0.4965	-0.3855	2.5567
27786	1.055	-0.685	0.089	0.5006	-0.3895	2.5563
27810	0.971	-0.673	0.087	0.5040	-0.3927	2.5560
27840	0.890	-0.653	0.087	0.5072	-0.3957	2.5558
27848	0.880	-0.645	0.087	0.5090	-0.3974	2.5556
27867	0.909	-0.632	0.086	0.5126	-0.4009	2.5552
27910	0.952	-0.628	0.086	0.5188	-0.4065	2.5548
27910	0.952	-0.628	0.086	0.5188	-0.4065	2.5548
27925	0.952	-0.628	0.086	0.5188	-0.4065	2.5548
27969	0.837	-0.552	0.084	0.5293	-0.4168	2.5537
27983	0.835	-0.546	0.084	0.5311	-0.4185	2.5535
27985	0.835	-0.546	0.084	0.5311	-0.4185	2.5535
28038	0.903	-0.518	0.083	0.5388	-0.4259	2.5529
28038	0.903	-0.518	0.083	0.5388	-0.4259	2.5529
28046	0.903	-0.518	0.083	0.5388	-0.4259	2.5529
28065	0.971	-0.512	0.083	0.5434	-0.4304	2.5524
28090	1.025	-0.519	0.083	0.5461	-0.4329	2.5522
28106	1.046	-0.518	0.083	0.5482	-0.4349	2.5519
28312	0.408	0.169	0.032	0.5760	-0.4623	2.5488
28312	0.408	0.169	0.032	0.5760	-0.4623	2.5488
28312	0.408	0.169	0.032	0.5760	-0.4623	2.5488
28312	0.408	0.169	0.032	0.5760	-0.4623	2.5488
28312	0.408	0.169	0.032	0.5760	-0.4623	2.5488
28314	0.408	0.169	0.032	0.5760	-0.4623	2.5488
28314	0.408	0.169	0.032	0.5760	-0.4623	2.5488
28316	0.408	0.169	0.032	0.5760	-0.4623	2.5488
28316	0.408	0.169	0.032	0.5760	-0.4623	2.5488
28316	0.408	0.169	0.032	0.5760	-0.4623	2.5488
28329	-0.354	0.904	0.012	0.5785	-0.4649	2.5485
28349	-1.402	1.892	-0.010	0.5825	-0.4690	2.5481
28372	-2.048	2.477	-0.037	0.5870	-0.4734	2.5477
28397	-2.276	2.661	-0.079	0.5909	-0.4775	2.5474
28412	-2.239	2.601	-0.113	0.5936	-0.4803	2.5471
28425	-2.161	2.530	-0.163	0.5970	-0.4839	2.5469
28465	-2.028	2.425	-0.222	0.6021	-0.4891	2.5464
28467	-2.028	2.425	-0.222	0.6021	-0.4891	2.5464
28486	-1.993	2.411	-0.233	0.6037	-0.4908	2.5462
28526	-1.854	2.417	-0.259	0.6107	-0.4981	2.5453
28529	-1.854	2.417	-0.259	0.6107	-0.4981	2.5453
28546	-1.854	2.417	-0.259	0.6107	-0.4981	2.5453
28584	-1.463	2.254	-0.247	0.6166	-0.5044	2.5443
28590	-1.366	2.204	-0.241	0.6178	-0.5057	2.5441
28605	-1.366	2.204	-0.241	0.6178	-0.5057	2.5441
28632	-1.078	2.049	-0.213	0.6213	-0.5100	2.5432
28667	-0.845	1.834	-0.185	0.6241	-0.5128	2.5429
28667	-0.845	1.834	-0.185	0.6241	-0.5128	2.5429
28687	-0.782	1.791	-0.174	0.6250	-0.5139	2.5427
28710	-0.559	1.614	-0.147	0.6275	-0.5169	2.5422
28729	-0.358	1.459	-0.124	0.6294	-0.5192	2.5418
28753	-0.209	1.306	-0.106	0.6314	-0.5214	2.5416
28770	-0.136	1.234	-0.095	0.6323	-0.5226	2.5414
28811	0.052	0.973	-0.060	0.6368	-0.5277	2.5409
28811	0.052	0.973	-0.060	0.6368	-0.5277	2.5409
28840	0.212	0.850	-0.049	0.6395	-0.5308	2.5405
28846	0.241	0.831	-0.044	0.6402	-0.5320	2.5403
28904	0.232	0.698	-0.026	0.6457	-0.5388	2.5395
28907	0.232	0.698	-0.026	0.6457	-0.5388	2.5395
28909	0.214	0.690	-0.022	0.6467	-0.5402	2.5393
28931	0.188	0.689	-0.018	0.6479	-0.5418	2.5391
28969	0.141	0.661	-0.010	0.6523	-0.5468	2.5385
28969	0.141	0.661	-0.010	0.6523	-0.5468	2.5385
28985	0.017	0.680	-0.006	0.6544	-0.5496	2.5381
29019	-0.074	0.677	-0.003	0.6569	-0.5524	2.5378
29026	-0.152	0.709	0.001	0.6578	-0.5539	2.5376
29053	-0.251	0.754	0.006	0.6597	-0.5568	2.5372
29083	-0.290	0.771	0.010	0.6632	-0.5604	2.5367
29085	-0.290	0.771	0.010	0.6632	-0.5604	2.5367
29108	-0.260	0.813	0.014	0.6649	-0.5628	2.5364
29152	-0.233	0.866	0.017	0.6686	-0.5673	2.5358
29152	-0.233	0.866	0.017	0.6686	-0.5673	2.5358
29166	-0.221	0.867	0.017	0.6697	-0.5686	2.5356
29194	-0.141	0.870	0.016	0.6722	-0.5720	2.5351
29212	-0.068	0.862	0.015	0.6739	-0.5742	2.5348
29252	-0.065	0.834	0.012	0.6767	-0.5776	2.5343
29257	-0.066	0.842	0.012	0.6775	-0.5789	2.5342
29265	-0.059	0.833	0.012	0.6776	-0.5789	2.5342
29311	-0.023	0.813	0.009	0.6809	-0.5836	2.5335
29311	-0.023	0.813	0.009	0.6809	-0.5836	2.5335
29325	-0.070	0.810	0.007	0.6826	-0.5861	2.5332
29362	-0.054	0.775	0.002	0.6851	-0.5896	2.5327
29366	-0.054	0.775	0.002	0.6851	-0.5896	2.5327
29386	-0.045	0.766	0.001	0.6861	-0.5913	2.5325
29406	-0.033	0.757	-0.001	0.6878	-0.5941	2.5321
29434	-0.074	0.743	-0.002	0.6896	-0.5970	2.5317
29447	-0.116	0.738	-0.003	0.6902	-0.5980	2.5316
29467	-0.224	0.739	-0.003	0.6915	-0.6000	2.5314
29489	-0.258	0.731	-0.004	0.6922	-0.6007	2.5312
29507	-0.262	0.710	-0.006	0.6933	-0.6025	2.5310
29551	-0.142	0.632	-0.009	0.6957	-0.6061	2.5305
29551	-0.142	0.632	-0.009	0.6957	-0.6061	2.5305
29566	-0.104	0.606	-0.010	0.6963	-0.6072	2.5304
29588	-0.084	0.566	-0.010	0.6975	-0.6095	2.5301
29620	-0.093	0.522	-0.010	0.6992	-0.6123	2.5298
29626	-0.093	0.522	-0.010	0.6992	-0.6123	2.5298
29654	-0.080	0.467	-0.011	0.7011	-0.6155	2.5294
29666	-0.080	0.467	-0.011	0.7011	-0.6155	2.5294
29725	0.039	0.364	-0.011	0.7047	-0.6214	2.5285
29725	0.039	0.364	-0.011	0.7047	-0.6214	2.5285
29727	0.039	0.364	-0.011	0.7047	-0.6214	2.5285
29766	0.156	0.306	-0.012	0.7067	-0.6250	2.5280
29768	0.179	0.294	-0.012	0.7071	-0.6260	2.5279
29785	0.179	0.294	-0.012	0.7072	-0.6261	2.5279
29832	0.100	0.260	-0.013	0.7104	-0.6321	2.5272
29832	0.100	0.260	-0.013	0.7104	-0.6321	2.5272
29847	0.037	0.261	-0.014	0.7110	-0.6332	2.5271
29876	-0.078	0.263	-0.016	0.7124	-0.6360	2.5268
29889	-0.109	0.263	-0.016	0.7130	-0.6370	2.5267
29912	-0.160	0.262	-0.018	0.7138	-0.6389	2.5266
29939	-0.183	0.256	-0.019	0.7153	-0.6415	2.5263
29946	-0.183	0.256	-0.019	0.7154	-0.6415	2.5262
30000	-0.177	0.228	-0.019	0.7179	-0.6465	2.5258
30000	-0.177	0.228	-0.019	0.7179	-0.6465	2.5258
30006	-0.177	0.228	-0.019	0.7179	-0.6464	2.5258
30034	-0.167	0.207	-0.019	0.7192	-0.6491	2.5256
30048	-0.168	0.201	-0.019	0.7195	-0.6497	2.5255
30069	-0.190	0.190	-0.019	0.7203	-0.6512	2.5254
30085	-0.217	0.181	-0.019	0.7210	-0.6528	2.5252
30120	-0.220	0.162	-0.019	0.7221	-0.6549	2.5250
30125	-0.214	0.160	-0.020	0.7222	-0.6549	2.5249
30152	-0.156	0.129	-0.020	0.7232	-0.6570	2.5248
30165	-0.112	0.115	-0.020	0.7235	-0.6578	2.5247
30199	0.002	0.071	-0.020	0.7247	-0.6602	2.5245
30205	0.027	0.060	-0.020	0.7250	-0.6608	2.5244
30265	0.044	0.015	-0.020	0.7264	-0.6638	2.5242
30285	-0.012	0.009	-0.022	0.7271	-0.6653	2.5241
30308	-0.083	-0.004	-0.024	0.7281	-0.6677	2.5239
30310	-0.083	-0.004	-0.024	0.7281	-0.6677	2.5239
30312	-0.083	-0.004	-0.024	0.7281	-0.6677	2.5239
30326	-0.083	-0.004	-0.024	0.7281	-0.6677	2.5239
30369	-0.086	-0.051	-0.027	0.7296	-0.6710	2.5237
30374	-0.086	-0.051	-0.027	0.7296	-0.6710	2.5237
30386	-0.005	-0.080	-0.028	0.7302	-0.6723	2.5236
30416	0.071	-0.111	-0.030	0.7311	-0.6743	2.5234
30434	0.076	-0.123	-0.031	0.7317	-0.6758	2.5233
30461	0.064	-0.131	-0.033	0.7324	-0.6773	2.5232
30471	0.055	-0.135	-0.033	0.7327	-0.6780	2.5232
30485	0.064	-0.143	-0.034	0.7332	-0.6793	2.5232
30506	0.076	-0.149	-0.035	0.7335	-0.6799	2.5231
30543	0.037	-0.171	-0.035	0.7348	-0.6829	2.5229
30545	0.037	-0.171	-0.035	0.7348	-0.6829	2.5229
30565	0.032	-0.175	-0.035	0.7351	-0.6837	2.5228
30587	0.067	-0.185	-0.035	0.7358	-0.6853	2.5227
30609	0.046	-0.192	-0.035	0.7367	-0.6872	2.5226
30630	0.018	-0.196	-0.035	0.7372	-0.6884	2.5225
30645	0.009	-0.198	-0.035	0.7374	-0.6891	2.5225
30679	0.017	-0.208	-0.035	0.7382	-0.6910	2.5224
30685	0.017	-0.208	-0.035	0.7382	-0.6910	2.5224
30738	-0.174	-0.203	-0.035	0.7399	-0.6949	2.5221
30740	-0.174	-0.203	-0.035	0.7399	-0.6949	2.5221
30746	-0.174	-0.203	-0.035	0.7399	-0.6949	2.5221
30770	-0.162	-0.206	-0.035	0.7406	-0.6966	2.5221
30795	-0.057	-0.227	-0.035	0.7413	-0.6983	2.5220
30810	-0.028	-0.235	-0.035	0.7416	-0.6989	2.5220
30830	0.015	-0.251	-0.035	0.7421	-0.7001	2.5220
30847	0.026	-0.257	-0.035	0.7424	-0.7008	2.5220
30869	-0.013	-0.263	-0.035	0.7431	-0.7027	2.5219
30903	-0.067	-0.261	-0.035	0.7439	-0.7047	2.5218
30905	-0.067	-0.261	-0.035	0.7439	-0.7047	2.5218
30926	-0.066	-0.259	-0.036	0.7442	-0.7055	2.5218
30983	-0.032	-0.287	-0.036	0.7459	-0.7095	2.5216
30983	-0.032	-0.287	-0.036	0.7459	-0.7095	2.5216
30985	-0.032	-0.287	-0.036	0.7459	-0.7095	2.5216
31008	0.009	-0.300	-0.036	0.7465	-0.7107	2.5216
31037	0.076	-0.317	-0.036	0.7474	-0.7126	2.5215
31045	0.076	-0.317	-0.036	0.7473	-0.7125	2.5215
31066	0.083	-0.317	-0.037	0.7478	-0.7139	2.5214
31110	-0.053	-0.308	-0.037	0.7487	-0.7161	2.5213
31110	-0.053	-0.308	-0.037	0.7487	-0.7161	2.5213
31125	-0.073	-0.307	-0.037	0.7490	-0.7168	2.5213
31170	-0.038	-0.324	-0.038	0.7498	-0.7192	2.5212
31170	-0.038	-0.324	-0.038	0.7498	-0.7192	2.5212
31185	-0.038	-0.324	-0.038	0.7498	-0.7192	2.5212
31212	0.070	-0.360	-0.038	0.7511	-0.7218	2.5211
31227	0.081	-0.367	-0.038	0.7513	-0.7223	2.5211
31247	0.089	-0.374	-0.038	0.7517	-0.7234	2.5211
31302	0.041	-0.380	-0.038	0.7528	-0.7262	2.5210
31348	-0.012	-0.383	-0.036	0.7538	-0.7290	2.5209
31350	-0.012	-0.383	-0.036	0.7538	-0.7290	2.5209
31350	-0.012	-0.383	-0.036	0.7538	-0.7290	2.5209
31350	-0.012	-0.383	-0.036	0.7538	-0.7290	2.5209
31365	-0.012	-0.383	-0.036	0.7538	-0.7290	2.5209
31417	0.171	-0.426	-0.033	0.7557	-0.7330	2.5208
31419	0.171	-0.426	-0.033	0.7557	-0.7330	2.5208
31425	0.171	-0.426	-0.033	0.7557	-0.7330	2.5208
31479	-0.156	-0.357	-0.034	0.7571	-0.7361	2.5208
31479	-0.156	-0.357	-0.034	0.7571	-0.7361	2.5208
31486	-0.194	-0.349	-0.034	0.7573	-0.7367	2.5208
31507	-0.245	-0.331	-0.035	0.7580	-0.7379	2.5208
31528	-0.236	-0.332	-0.035	0.7582	-0.7385	2.5208
31551	-0.192	-0.334	-0.035	0.7586	-0.7394	2.5208
31567	-0.174	-0.342	-0.035	0.7589	-0.7402	2.5208
31602	-0.147	-0.358	-0.035	0.7595	-0.7417	2.5208
31606	-0.147	-0.358	-0.035	0.7595	-0.7417	2.5208
31627	-0.139	-0.369	-0.035	0.7604	-0.7435	2.5208
31648	-0.132	-0.373	-0.035	0.7606	-0.7439	2.5208
31666	-0.115	-0.381	-0.035	0.7610	-0.7450	2.5207
31698	-0.027	-0.402	-0.035	0.7618	-0.7464	2.5206
31727	0.036	-0.420	-0.035	0.7626	-0.7483	2.5205
31727	0.036	-0.420	-0.035	0.7626	-0.7483	2.5205
31748	0.003	-0.420	-0.035	0.7631	-0.7494	2.5205
31767	-0.005	-0.420	-0.035	0.7634	-0.7501	2.5204
31787	-0.024	-0.419	-0.035	0.7643	-0.7513	2.5204
31837	-0.013	-0.425	-0.035	0.7653	-0.7537	2.5203
31839	-0.013	-0.425	-0.035	0.7653	-0.7537	2.5203
31845	-0.013	-0.425	-0.035	0.7653	-0.7537	2.5203
31884	0.013	-0.426	-0.035	0.7663	-0.7557	2.5203
31887	0.013	-0.426	-0.035	0.7662	-0.7557	2.5203
31914	0.044	-0.419	-0.036	0.7670	-0.7570	2.5203
31948	0.026	-0.409	-0.037	0.7679	-0.7590	2.5202
31952	0.026	-0.409	-0.037	0.7679	-0.7590	2.5202
31972	0.028	-0.408	-0.037	0.7682	-0.7596	2.5202
32009	0.067	-0.412	-0.037	0.7695	-0.7618	2.5201
32009	0.067	-0.412	-0.037	0.7695	-0.7618	2.5201
32058	-0.084	-0.411	-0.036	0.7704	-0.7639	2.5200
32058	-0.084	-0.411	-0.036	0.7704	-0.7639	2.5200
32065	-0.084	-0.411	-0.036	0.7704	-0.7639	2.5200
32088	-0.076	-0.420	-0.033	0.7717	-0.7657	2.5199
32105	-0.050	-0.412	-0.034	0.7718	-0.7661	2.5199
32130	0.007	-0.409	-0.033	0.7723	-0.7670	2.5198
32146	0.048	-0.415	-0.033	0.7726	-0.7678	2.5198
32179	0.052	-0.417	-0.033	0.7733	-0.7691	2.5198
32193	0.016	-0.416	-0.033	0.7735	-0.7696	2.5198
32205	-0.013	-0.415	-0.033	0.7737	-0.7700	2.5198
32286	-0.014	-0.442	-0.033	0.7757	-0.7739	2.5197
32288	-0.014	-0.442	-0.033	0.7757	-0.7739	2.5197
32288	-0.014	-0.442	-0.033	0.7757	-0.7739	2.5197
32288	-0.014	-0.442	-0.033	0.7757	-0.7739	2.5197
32306	-0.014	-0.442	-0.033	0.7757	-0.7739	2.5197
32333	-0.042	-0.453	-0.033	0.7771	-0.7758	2.5196
32354	-0.041	-0.461	-0.032	0.7776	-0.7769	2.5195
32365	-0.041	-0.461	-0.032	0.7776	-0.7769	2.5195
32390	-0.067	-0.457	-0.030	0.7787	-0.7786	2.5193
32417	-0.076	-0.449	-0.030	0.7791	-0.7794	2.5193
32425	-0.076	-0.449	-0.030	0.7791	-0.7794	2.5193
32445	-0.100	-0.444	-0.030	0.7800	-0.7806	2.5191
32465	-0.098	-0.430	-0.030	0.7803	-0.7813	2.5191
32489	-0.082	-0.423	-0.031	0.7809	-0.7822	2.5190
32509	-0.059	-0.412	-0.031	0.7813	-0.7829	2.5189
32530	-0.046	-0.415	-0.030	0.7817	-0.7836	2.5189
32546	-0.040	-0.418	-0.029	0.7819	-0.7841	2.5189
32571	-0.027	-0.430	-0.028	0.7824	-0.7849	2.5188
32599	-0.008	-0.446	-0.027	0.7832	-0.7861	2.5188
32606	-0.008	-0.446	-0.027	0.7832	-0.7861	2.5188
32638	0.069	-0.470	-0.027	0.7841	-0.7874	2.5187
32646	0.092	-0.477	-0.027	0.7843	-0.7877	2.5187
32670	0.122	-0.483	-0.028	0.7847	-0.7885	2.5186
32688	0.125	-0.489	-0.028	0.7855	-0.7894	2.5185
32709	0.124	-0.490	-0.028	0.7855	-0.7898	2.5185
32725	0.111	-0.490	-0.028	0.7858	-0.7903	2.5185
32747	0.071	-0.489	-0.028	0.7864	-0.7912	2.5184
32778	0.131	-0.507	-0.028	0.7873	-0.7927	2.5183
32786	0.131	-0.507	-0.028	0.7873	-0.7927	2.5183
32807	0.121	-0.517	-0.028	0.7878	-0.7934	2.5182
32827	0.124	-0.527	-0.028	0.7884	-0.7943	2.5182
32847	0.119	-0.532	-0.028	0.7890	-0.7952	2.5181
32866	0.111	-0.532	-0.028	0.7893	-0.7956	2.5181
32887	0.069	-0.525	-0.028	0.7903	-0.7969	2.5180
32917	0.056	-0.520	-0.028	0.7907	-0.7976	2.5179
32930	0.059	-0.518	-0.028	0.7908	-0.7979	2.5179
32952	0.073	-0.516	-0.028	0.7915	-0.7988	2.5178
32967	0.079	-0.509	-0.027	0.7922	-0.7997	2.5177
32998	0.063	-0.504	-0.026	0.7927	-0.8006	2.5176
33022	0.021	-0.497	-0.025	0.7932	-0.8014	2.5175
33027	0.021	-0.497	-0.025	0.7932	-0.8014	2.5175
33045	0.069	-0.497	-0.025	0.7944	-0.8026	2.5174
33096	0.157	-0.469	-0.027	0.7954	-0.8041	2.5173
33096	0.157	-0.469	-0.027	0.7954	-0.8041	2.5173
33106	0.157	-0.469	-0.027	0.7954	-0.8041	2.5173
33136	0.191	-0.464	-0.027	0.7965	-0.8055	2.5172
33157	0.195	-0.465	-0.027	0.7968	-0.8061	2.5171
33165	0.195	-0.465	-0.027	0.7968	-0.8061	2.5171
33190	0.180	-0.458	-0.027	0.7979	-0.8073	2.5170
33208	0.139	-0.449	-0.026	0.7984	-0.8080	2.5169
33226	0.125	-0.449	-0.026	0.7985	-0.8083	2.5169
33256	0.086	-0.448	-0.027	0.7996	-0.8095	2.5168
33268	0.081	-0.452	-0.026	0.7996	-0.8098	2.5168
33285	0.039	-0.452	-0.025	0.8003	-0.8105	2.5167
33314	0.013	-0.457	-0.024	0.8010	-0.8114	2.5166
33325	0.013	-0.457	-0.024	0.8008	-0.8113	2.5166
33345	0.019	-0.468	-0.024	0.8012	-0.8120	2.5166
33366	0.006	-0.480	-0.024	0.8018	-0.8127	2.5165
33386	-0.012	-0.493	-0.024	0.8027	-0.8136	2.5164
33429	-0.014	-0.509	-0.023	0.8033	-0.8145	2.5163
33431	-0.014	-0.509	-0.023	0.8033	-0.8145	2.5163
33477	0.061	-0.521	-0.022	0.8047	-0.8160	2.5162
33477	0.061	-0.521	-0.022	0.8047	-0.8160	2.5162
33485	0.057	-0.525	-0.022	0.8050	-0.8164	2.5162
33505	0.070	-0.529	-0.022	0.8051	-0.8166	2.5161
33526	0.089	-0.535	-0.022	0.8060	-0.8175	2.5161
33554	0.096	-0.520	-0.022	0.8062	-0.8179	2.5160
33567	0.109	-0.523	-0.022	0.8066	-0.8184	2.5160
33585	0.126	-0.526	-0.022	0.8072	-0.8190	2.5160
33607	0.147	-0.529	-0.022	0.8078	-0.8197	2.5159
33626	0.168	-0.532	-0.022	0.8081	-0.8201	2.5159
33646	0.179	-0.535	-0.022	0.8091	-0.8211	2.5157
33678	0.191	-0.537	-0.022	0.8095	-0.8218	2.5157
33686	0.221	-0.539	-0.022	0.8099	-0.8221	2.5156
33748	0.241	-0.534	-0.022	0.8117	-0.8242	2.5153
33750	0.241	-0.534	-0.022	0.8117	-0.8242	2.5153
33750	0.241	-0.534	-0.022	0.8117	-0.8242	2.5153
33766	0.202	-0.530	-0.022	0.8120	-0.8246	2.5153
33803	0.072	-0.508	-0.022	0.8133	-0.8262	2.5151
33805	0.072	-0.508	-0.022	0.8133	-0.8262	2.5151
33837	0.002	-0.497	-0.022	0.8143	-0.8272	2.5150
33860	-0.028	-0.490	-0.022	0.8154	-0.8283	2.5149
33865	-0.028	-0.490	-0.022	0.8152	-0.8283	2.5149
33885	-0.018	-0.490	-0.022	0.8156	-0.8286	2.5149
33916	0.040	-0.470	-0.022	0.8168	-0.8299	2.5148
33926	0.061	-0.468	-0.022	0.8172	-0.8304	2.5148
33951	0.053	-0.460	-0.022	0.8178	-0.8310	2.5147
33993	0.007	-0.418	-0.022	0.8189	-0.8324	2.5146
33995	0.007	-0.418	-0.022	0.8189	-0.8324	2.5146
34011	0.045	-0.418	-0.022	0.8194	-0.8328	2.5146
34046	0.141	-0.429	-0.022	0.8203	-0.8338	2.5145
34046	0.141	-0.429	-0.022	0.8203	-0.8338	2.5145
34066	0.155	-0.439	-0.022	0.8211	-0.8346	2.5145
34086	0.155	-0.448	-0.022	0.8217	-0.8352	2.5144
34113	0.173	-0.462	-0.022	0.8225	-0.8360	2.5143
34128	0.159	-0.464	-0.022	0.8228	-0.8364	2.5143
34173	0.175	-0.472	-0.022	0.8241	-0.8379	2.5142
34173	0.175	-0.472	-0.022	0.8241	-0.8379	2.5142
34185	0.175	-0.472	-0.022	0.8241	-0.8379	2.5142
34206	0.187	-0.477	-0.022	0.8252	-0.8389	2.5141
34225	0.182	-0.458	-0.022	0.8259	-0.8397	2.5140
34245	0.191	-0.460	-0.022	0.8261	-0.8400	2.5140
34274	0.176	-0.461	-0.022	0.8270	-0.8410	2.5139
34298	0.188	-0.470	-0.022	0.8276	-0.8418	2.5138
34306	0.188	-0.470	-0.022	0.8276	-0.8418	2.5138
34327	0.182	-0.482	-0.022	0.8286	-0.8427	2.5137
34350	0.163	-0.490	-0.022	0.8291	-0.8433	2.5137
34366	0.139	-0.492	-0.022	0.8295	-0.8437	2.5136
34392	0.109	-0.494	-0.022	0.8303	-0.8446	2.5136
34406	0.100	-0.495	-0.022	0.8310	-0.8454	2.5135
34452	0.126	-0.502	-0.022	0.8323	-0.8467	2.5134
34452	0.126	-0.502	-0.022	0.8323	-0.8467	2.5134
34468	0.140	-0.505	-0.022	0.8330	-0.8474	2.5133
34485	0.140	-0.505	-0.022	0.8330	-0.8474	2.5133
34505	0.168	-0.509	-0.020	0.8341	-0.8484	2.5133
34526	0.213	-0.511	-0.019	0.8348	-0.8491	2.5132
34547	0.229	-0.510	-0.019	0.8356	-0.8498	2.5131
34569	0.183	-0.486	-0.019	0.8364	-0.8506	2.5131
34586	0.155	-0.472	-0.019	0.8370	-0.8512	2.5130
34605	0.137	-0.464	-0.019	0.8375	-0.8517	2.5130
34632	0.089	-0.447	-0.019	0.8385	-0.8526	2.5130
34658	0.094	-0.444	-0.019	0.8392	-0.8534	2.5129
34666	0.094	-0.444	-0.019	0.8392	-0.8534	2.5129
34686	0.163	-0.454	-0.019	0.8400	-0.8542	2.5129
34722	0.225	-0.465	-0.019	0.8408	-0.8551	2.5128
34726	0.225	-0.465	-0.019	0.8408	-0.8551	2.5128
34745	0.224	-0.466	-0.019	0.8417	-0.8559	2.5127
34768	0.200	-0.461	-0.019	0.8423	-0.8566	2.5127
34786	0.176	-0.456	-0.019	0.8432	-0.8573	2.5127
34814	0.172	-0.449	-0.019	0.8437	-0.8579	2.5126
34830	0.166	-0.450	-0.019	0.8444	-0.8586	2.5126
34847	0.145	-0.450	-0.019	0.8446	-0.8589	2.5126
34875	0.122	-0.451	-0.019	0.8457	-0.8599	2.5125
34892	0.156	-0.457	-0.019	0.8462	-0.8604	2.5125
34906	0.152	-0.458	-0.019	0.8466	-0.8608	2.5125
34926	0.160	-0.462	-0.019	0.8477	-0.8617	2.5124
34948	0.156	-0.466	-0.019	0.8481	-0.8623	2.5124
34966	0.126	-0.465	-0.019	0.8484	-0.8626	2.5124
34985	0.047	-0.460	-0.019	0.8494	-0.8634	2.5123
35006	0.004	-0.457	-0.019	0.8501	-0.8640	2.5123
35033	0.026	-0.462	-0.019	0.8502	-0.8644	2.5123
35045	0.026	-0.462	-0.019	0.8502	-0.8644	2.5123
35161	0.065	-0.311	-0.024	0.8536	-0.8683	2.5122
35174	-0.509	0.117	-0.032	0.8540	-0.8687	2.5122
35176	-0.509	0.117	-0.032	0.8540	-0.8687	2.5122
35178	-0.509	0.117	-0.032	0.8540	-0.8687	2.5122
35178	-0.509	0.117	-0.032	0.8540	-0.8687	2.5122
35178	-0.509	0.117	-0.032	0.8540	-0.8687	2.5122
35192	-2.038	1.387	-0.031	0.8549	-0.8694	2.5122
35230	-4.015	3.171	0.001	0.8559	-0.8703	2.5124
35234	-4.015	3.171	0.001	0.8559	-0.8703	2.5124
35271	-4.598	3.875	-0.065	0.8566	-0.8707	2.5129
35271	-4.598	3.875	-0.065	0.8566	-0.8707	2.5129
35311	-4.548	3.914	-0.174	0.8568	-0.8705	2.5132
35316	-4.535	3.952	-0.207	0.8566	-0.8701	2.5133
35326	-4.514	3.935	-0.207	0.8567	-0.8703	2.5133
35347	-4.388	4.019	-0.270	0.8561	-0.8692	2.5135
35367	-4.296	4.008	-0.285	0.8560	-0.8691	2.5135
35386	-4.104	3.993	-0.314	0.8554	-0.8681	2.5135
35424	-3.681	3.814	-0.347	0.8543	-0.8666	2.5133
35431	-3.573	3.735	-0.352	0.8538	-0.8660	2.5132
35446	-3.468	3.648	-0.356	0.8534	-0.8656	2.5131
35469	-3.230	3.451	-0.360	0.8527	-0.8647	2.5130
35490	-3.006	3.242	-0.359	0.8520	-0.8639	2.5128
35516	-2.624	2.901	-0.345	0.8514	-0.8633	2.5126
35526	-2.521	2.825	-0.338	0.8503	-0.8621	2.5125
35553	-2.232	2.603	-0.321	0.8503	-0.8622	2.5125
35579	-1.937	2.368	-0.288	0.8492	-0.8610	2.5124
35589	-1.872	2.308	-0.275	0.8487	-0.8605	2.5124
35610	-1.787	2.228	-0.262	0.8490	-0.8609	2.5125
35640	-1.639	2.106	-0.221	0.8475	-0.8595	2.5125
35646	-1.639	2.106	-0.221	0.8475	-0.8595	2.5125
35747	-1.387	1.804	-0.100	0.8468	-0.8590	2.5131
35749	-1.387	1.804	-0.100	0.8468	-0.8590	2.5131
35749	-1.387	1.804	-0.100	0.8468	-0.8590	2.5131
35749	-1.387	1.804	-0.100	0.8468	-0.8590	2.5131
35749	-1.387	1.804	-0.100	0.8468	-0.8590	2.5131
35765	-1.387	1.804	-0.100	0.8468	-0.8590	2.5131
35799	-1.523	1.904	-0.048	0.8450	-0.8573	2.5132
35812	-1.565	1.928	-0.042	0.8451	-0.8574	2.5132
35829	-1.616	1.981	-0.035	0.8440	-0.8564	2.5132
35856	-1.719	2.044	-0.022	0.8433	-0.8557	2.5132
35867	-1.775	2.054	-0.021	0.8434	-0.8558	2.5132
35924	-1.840	2.091	-0.016	0.8424	-0.8547	2.5133
35924	-1.840	2.091	-0.016	0.8424	-0.8547	2.5133
35926	-1.840	2.091	-0.016	0.8424	-0.8547	2.5133
35963	-1.818	2.119	-0.016	0.8413	-0.8534	2.5134
35965	-1.838	2.149	-0.014	0.8403	-0.8525	2.5133
36023	-1.959	2.243	-0.009	0.8371	-0.8492	2.5132
36025	-1.959	2.243	-0.009	0.8371	-0.8492	2.5132
36025	-1.959	2.243	-0.009	0.8371	-0.8492	2.5132
36048	-1.963	2.256	-0.008	0.8358	-0.8479	2.5131
36069	-1.922	2.238	-0.008	0.8348	-0.8469	2.5131
36088	-1.878	2.227	-0.008	0.8330	-0.8452	2.5130
36106	-1.838	2.198	-0.009	0.8329	-0.8449	2.5130
36139	-1.714	2.116	-0.010	0.8303	-0.8424	2.5128
36145	-1.706	2.105	-0.010	0.8308	-0.8428	2.5129
36165	-1.563	2.027	-0.010	0.8281	-0.8402	2.5127
36188	-1.450	1.952	-0.010	0.8267	-0.8388	2.5126
36206	-1.416	1.912	-0.011	0.8267	-0.8387	2.5127
36228	-1.424	1.853	-0.008	0.8240	-0.8362	2.5125
36250	-1.393	1.808	-0.007	0.8234	-0.8355	2.5125
36272	-1.345	1.759	-0.006	0.8223	-0.8345	2.5125
36286	-1.294	1.715	-0.005	0.8212	-0.8334	2.5125
36306	-1.267	1.696	-0.004	0.8207	-0.8329	2.5125
36341	-1.254	1.645	0.000	0.8185	-0.8306	2.5125
36352	-1.284	1.648	0.002	0.8176	-0.8298	2.5124
36370	-1.328	1.655	0.004	0.8165	-0.8288	2.5124
36399	-1.433	1.676	0.008	0.8141	-0.8266	2.5123
36415	-1.445	1.678	0.009	0.8139	-0.8262	2.5123
36429	-1.425	1.680	0.010	0.8126	-0.8250	2.5123
36457	-1.309	1.640	0.011	0.8098	-0.8223	2.5121
36466	-1.309	1.640	0.011	0.8098	-0.8223	2.5121
36514	-1.244	1.561	0.012	0.8051	-0.8177	2.5120
36520	-1.244	1.561	0.012	0.8053	-0.8178	2.5120
36526	-1.244	1.561	0.012	0.8053	-0.8178	2.5120
36550	-1.333	1.547	0.015	0.8016	-0.8145	2.5118
36584	-1.339	1.516	0.019	0.7983	-0.8112	2.5117
36588	-1.339	1.516	0.019	0.7983	-0.8112	2.5117
36614	-1.307	1.473	0.020	0.7952	-0.8083	2.5116
36626	-1.277	1.452	0.021	0.7946	-0.8076	2.5115
36657	-1.171	1.387	0.022	0.7924	-0.8055	2.5114
36665	-1.171	1.387	0.022	0.7924	-0.8055	2.5114
36685	-1.126	1.310	0.023	0.7894	-0.8027	2.5113
36730	-1.199	1.236	0.026	0.7856	-0.7989	2.5111
36732	-1.199	1.236	0.026	0.7856	-0.7989	2.5111
36753	-1.180	1.224	0.028	0.7835	-0.7969	2.5110
36766	-1.174	1.216	0.029	0.7828	-0.7962	2.5110
36788	-1.198	1.205	0.030	0.7811	-0.7945	2.5110
36831	-1.292	1.209	0.033	0.7770	-0.7905	2.5109
36850	-1.275	1.213	0.034	0.7754	-0.7889	2.5108
36852	-1.275	1.213	0.034	0.7754	-0.7889	2.5108
36865	-1.275	1.213	0.034	0.7754	-0.7889	2.5108
36890	-1.277	1.229	0.039	0.7712	-0.7849	2.5107
36911	-1.297	1.241	0.040	0.7694	-0.7830	2.5106
36930	-1.307	1.246	0.041	0.7678	-0.7815	2.5105
36959	-1.250	1.232	0.043	0.7646	-0.7784	2.5104
36965	-1.250	1.232	0.043	0.7648	-0.7786	2.5104
36986	-1.225	1.221	0.044	0.7636	-0.7774	2.5104
37036	-1.110	1.142	0.046	0.7576	-0.7716	2.5101
37036	-1.110	1.142	0.046	0.7576	-0.7716	2.5101
37046	-1.110	1.142	0.046	0.7576	-0.7716	2.5101
37083	-1.057	1.056	0.052	0.7513	-0.7655	2.5099
37085	-1.057	1.056	0.052	0.7513	-0.7655	2.5099
37106	-1.074	1.044	0.052	0.7500	-0.7643	2.5098
37145	-1.063	0.989	0.054	0.7463	-0.7607	2.5097
37147	-1.055	0.971	0.054	0.7447	-0.7592	2.5097
37167	-1.068	0.951	0.054	0.7433	-0.7579	2.5096
37214	-1.152	0.890	0.056	0.7374	-0.7522	2.5094
37216	-1.152	0.890	0.056	0.7376	-0.7524	2.5095
37238	-1.140	0.873	0.057	0.7349	-0.7499	2.5094
37250	-1.134	0.864	0.057	0.7336	-0.7485	2.5093
37269	-1.131	0.862	0.058	0.7308	-0.7458	2.5092
37288	-1.126	0.849	0.058	0.7287	-0.7438	2.5092
37331	-1.110	0.803	0.060	0.7230	-0.7382	2.5090
37333	-1.110	0.803	0.060	0.7230	-0.7382	2.5090
37345	-1.110	0.787	0.060	0.7215	-0.7368	2.5089
37366	-1.116	0.759	0.061	0.7191	-0.7344	2.5089
37387	-1.094	0.727	0.061	0.7166	-0.7319	2.5088
37405	-1.082	0.711	0.062	0.7152	-0.7306	2.5087
37425	-1.016	0.659	0.062	0.7117	-0.7270	2.5086
37456	-0.950	0.605	0.062	0.7084	-0.7239	2.5085
37465	-0.950	0.605	0.062	0.7084	-0.7239	2.5085
37503	-0.989	0.582	0.064	0.7026	-0.7181	2.5084
37505	-0.992	0.588	0.063	0.7028	-0.7183	2.5084
37526	-0.992	0.588	0.063	0.7028	-0.7183	2.5084
37545	-1.104	0.609	0.066	0.6978	-0.7133	2.5083
37577	-1.141	0.612	0.066	0.6941	-0.7096	2.5082
37599	-1.104	0.597	0.066	0.6917	-0.7073	2.5081
37622	-1.001	0.560	0.065	0.6885	-0.7039	2.5081
37626	-1.001	0.560	0.065	0.6885	-0.7039	2.5081
37651	-0.900	0.525	0.065	0.6860	-0.7015	2.5080
37685	-0.925	0.515	0.064	0.6821	-0.6975	2.5080
37698	-0.953	0.534	0.064	0.6809	-0.6964	2.5079
37706	-0.953	0.534	0.064	0.6809	-0.6964	2.5079
37747	-0.985	0.586	0.063	0.6747	-0.6903	2.5078
37747	-0.985	0.586	0.063	0.6747	-0.6903	2.5078
37765	-0.992	0.597	0.063	0.6747	-0.6903	2.5078
37798	-1.077	0.622	0.066	0.6680	-0.6834	2.5077
37809	-1.098	0.619	0.066	0.6666	-0.6819	2.5077
37826	-1.112	0.620	0.066	0.6650	-0.6804	2.5076
37869	-1.115	0.587	0.067	0.6590	-0.6744	2.5075
37871	-1.115	0.587	0.067	0.6590	-0.6744	2.5075
37893	-1.113	0.545	0.068	0.6557	-0.6709	2.5075
37925	-1.101	0.496	0.069	0.6519	-0.6670	2.5074
37925	-1.101	0.496	0.069	0.6519	-0.6670	2.5074
37946	-1.136	0.466	0.069	0.6487	-0.6636	2.5073
37986	-1.200	0.433	0.071	0.6443	-0.6590	2.5072
38009	-1.223	0.419	0.071	0.6420	-0.6568	2.5071
38009	-1.223	0.419	0.071	0.6420	-0.6568	2.5071
38060	-1.147	0.403	0.071	0.6360	-0.6506	2.5070
38060	-1.147	0.403	0.071	0.6360	-0.6506	2.5070
38066	-1.147	0.403	0.071	0.6360	-0.6506	2.5070
38109	-0.983	0.419	0.071	0.6294	-0.6435	2.5070
38109	-0.983	0.419	0.071	0.6294	-0.6435	2.5070
38133	-0.959	0.434	0.073	0.6255	-0.6393	2.5069
38153	-1.034	0.466	0.074	0.6224	-0.6360	2.5069
38165	-1.039	0.477	0.074	0.6223	-0.6361	2.5069
38187	-1.106	0.474	0.075	0.6187	-0.6319	2.5069
38205	-1.162	0.476	0.075	0.6158	-0.6289	2.5069
38230	-1.201	0.460	0.075	0.6125	-0.6253	2.5068
38254	-1.184	0.439	0.074	0.6101	-0.6229	2.5068
38270	-1.093	0.392	0.072	0.6074	-0.6200	2.5068
38297	-0.963	0.328	0.071	0.6045	-0.6169	2.5067
38305	-0.963	0.328	0.071	0.6045	-0.6169	2.5067
38326	-0.833	0.264	0.070	0.6011	-0.6131	2.5067
38354	-0.819	0.250	0.069	0.5976	-0.6096	2.5067
38365	-0.819	0.250	0.069	0.5976	-0.6096	2.5067
38390	-0.885	0.269	0.068	0.5940	-0.6057	2.5066
38408	-0.988	0.316	0.069	0.5915	-0.6031	2.5066
38425	-0.988	0.316	0.069	0.5915	-0.6031	2.5066
38482	-1.178	0.402	0.069	0.5827	-0.5935	2.5066
38482	-1.178	0.402	0.069	0.5827	-0.5935	2.5066
38485	-1.178	0.402	0.069	0.5827	-0.5935	2.5066
38513	-1.139	0.392	0.069	0.5795	-0.5898	2.5066
38547	-1.097	0.380	0.068	0.5761	-0.5863	2.5066
38547	-1.097	0.380	0.068	0.5761	-0.5863	2.5066
38566	-1.067	0.371	0.068	0.5749	-0.5848	2.5066
38585	-1.041	0.365	0.068	0.5735	-0.5832	2.5066
38607	-0.972	0.365	0.067	0.5704	-0.5799	2.5065
38625	-1.040	0.388	0.067	0.5679	-0.5771	2.5065
38646	-1.074	0.403	0.068	0.5670	-0.5761	2.5065
38677	-1.198	0.495	0.068	0.5631	-0.5720	2.5065
38696	-1.237	0.563	0.069	0.5609	-0.5695	2.5065
38706	-1.237	0.563	0.069	0.5609	-0.5695	2.5065
38726	-1.254	0.616	0.069	0.5580	-0.5662	2.5065
38745	-1.272	0.665	0.070	0.5552	-0.5632	2.5065
38765	-1.295	0.685	0.070	0.5538	-0.5616	2.5065
38805	-1.415	0.736	0.070	0.5491	-0.5564	2.5064
38805	-1.415	0.736	0.070	0.5491	-0.5564	2.5064
38830	-1.492	0.751	0.069	0.5459	-0.5527	2.5064
38845	-1.521	0.749	0.069	0.5445	-0.5510	2.5064
38882	-1.584	0.738	0.068	0.5391	-0.5450	2.5063
38886	-1.584	0.738	0.068	0.5391	-0.5450	2.5063
38907	-1.552	0.699	0.067	0.5357	-0.5409	2.5063
38926	-1.515	0.684	0.066	0.5341	-0.5392	2.5063
38945	-1.479	0.664	0.065	0.5326	-0.5375	2.5063
38966	-1.377	0.597	0.065	0.5283	-0.5324	2.5062
38996	-1.299	0.529	0.065	0.5244	-0.5278	2.5062
39005	-1.271	0.504	0.065	0.5231	-0.5263	2.5062
39052	-1.199	0.416	0.066	0.5176	-0.5200	2.5062
39054	-1.199	0.416	0.066	0.5176	-0.5200	2.5062
39066	-1.199	0.416	0.066	0.5176	-0.5200	2.5062
39085	-1.206	0.387	0.066	0.5144	-0.5159	2.5062
39106	-1.095	0.331	0.067	0.5105	-0.5112	2.5062
39129	-1.059	0.298	0.067	0.5080	-0.5083	2.5062
39174	-1.006	0.268	0.069	0.5026	-0.5021	2.5063
39174	-1.006	0.268	0.069	0.5026	-0.5021	2.5063
39186	-1.006	0.268	0.069	0.5026	-0.5021	2.5063
39225	-0.857	0.242	0.071	0.4955	-0.4935	2.5063
39225	-0.857	0.242	0.071	0.4955	-0.4935	2.5063
39251	-0.916	0.251	0.073	0.4913	-0.4884	2.5063
39265	-0.950	0.260	0.073	0.4896	-0.4862	2.5063
39285	-0.975	0.282	0.073	0.4883	-0.4848	2.5063
39309	-0.990	0.274	0.073	0.4838	-0.4788	2.5063
39325	-0.976	0.267	0.073	0.4824	-0.4772	2.5063
39349	-0.930	0.238	0.072	0.4788	-0.4728	2.5063
39366	-0.930	0.238	0.072	0.4790	-0.4733	2.5063
39388	-0.865	0.195	0.071	0.4756	-0.4690	2.5063
39417	-0.827	0.167	0.071	0.4719	-0.4646	2.5063
39425	-0.827	0.167	0.071	0.4719	-0.4646	2.5063
39450	-0.855	0.176	0.071	0.4694	-0.4615	2.5063
39467	-0.897	0.204	0.071	0.4670	-0.4584	2.5063
39486	-0.926	0.234	0.071	0.4660	-0.4575	2.5063
39508	-0.938	0.272	0.072	0.4626	-0.4531	2.5063
39526	-0.956	0.314	0.072	0.4601	-0.4500	2.5063
39546	-0.951	0.325	0.073	0.4588	-0.4484	2.5063
39570	-0.927	0.346	0.073	0.4560	-0.4448	2.5062
39605	-0.932	0.375	0.073	0.4523	-0.4402	2.5062
39607	-0.932	0.375	0.073	0.4523	-0.4402	2.5062
39630	-0.966	0.394	0.073	0.4487	-0.4353	2.5062
39652	-0.958	0.405	0.073	0.4468	-0.4330	2.5062
39674	-0.966	0.413	0.073	0.4446	-0.4304	2.5062
39685	-0.986	0.421	0.074	0.4427	-0.4279	2.5062
39724	-1.063	0.462	0.074	0.4394	-0.4239	2.5063
39726	-1.063	0.462	0.074	0.4394	-0.4239	2.5063
39747	-1.074	0.473	0.074	0.4362	-0.4196	2.5062
39780	-1.067	0.481	0.074	0.4332	-0.4158	2.5062
39795	-1.083	0.486	0.074	0.4308	-0.4127	2.5062
39831	-1.107	0.500	0.073	0.4263	-0.4070	2.5062
39839	-1.107	0.500	0.073	0.4263	-0.4070	2.5062
39846	-1.107	0.500	0.073	0.4263	-0.4070	2.5062
39866	-1.115	0.496	0.073	0.4230	-0.4025	2.5062
39909	-1.154	0.498	0.073	0.4181	-0.3961	2.5062
39909	-1.154	0.498	0.073	0.4181	-0.3961	2.5062
39925	-1.154	0.498	0.073	0.4181	-0.3961	2.5062
39946	-1.054	0.469	0.072	0.4131	-0.3893	2.5061
39969	-0.953	0.438	0.069	0.4113	-0.3871	2.5062
39987	-0.917	0.420	0.068	0.4101	-0.3855	2.5062
40012	-0.915	0.392	0.065	0.4066	-0.3809	2.5062
40036	-0.965	0.396	0.065	0.4044	-0.3780	2.5062
40046	-0.990	0.400	0.065	0.4031	-0.3761	2.5062
40079	-0.991	0.426	0.065	0.3995	-0.3715	2.5062
40088	-0.973	0.434	0.065	0.3979	-0.3694	2.5062
40144	-1.012	0.455	0.064	0.3908	-0.3597	2.5062
40155	-1.035	0.465	0.064	0.3894	-0.3578	2.5062
40179	-1.060	0.495	0.064	0.3873	-0.3551	2.5062
40181	-1.045	0.495	0.064	0.3858	-0.3530	2.5062
40185	-1.045	0.495	0.064	0.3858	-0.3530	2.5062
40211	-1.008	0.468	0.063	0.3820	-0.3476	2.5061
40238	-0.969	0.432	0.063	0.3790	-0.3436	2.5061
40245	-0.945	0.418	0.062	0.3775	-0.3415	2.5061
40298	-0.734	0.304	0.060	0.3716	-0.3335	2.5061
40300	-0.734	0.304	0.060	0.3716	-0.3335	2.5061
40308	-0.694	0.281	0.060	0.3699	-0.3311	2.5061
40328	-0.619	0.243	0.059	0.3677	-0.3280	2.5061
40357	-0.559	0.210	0.059	0.3660	-0.3258	2.5061
40366	-0.550	0.201	0.058	0.3647	-0.3240	2.5061
40407	-0.677	0.224	0.058	0.3596	-0.3170	2.5060
40407	-0.677	0.224	0.058	0.3596	-0.3170	2.5060
40425	-0.693	0.255	0.057	0.3568	-0.3130	2.5060
40448	-0.655	0.267	0.056	0.3540	-0.3090	2.5060
40467	-0.643	0.270	0.055	0.3528	-0.3074	2.5060
40489	-0.654	0.278	0.055	0.3495	-0.3027	2.5060
40519	-0.662	0.285	0.054	0.3470	-0.2993	2.5060
40526	-0.678	0.287	0.054	0.3455	-0.2972	2.5060
40573	-0.785	0.308	0.054	0.3399	-0.2893	2.5060
40573	-0.785	0.308	0.054	0.3399	-0.2893	2.5060
40585	-0.785	0.308	0.054	0.3399	-0.2893	2.5060
40610	-0.760	0.301	0.054	0.3359	-0.2836	2.5060
40628	-0.734	0.291	0.054	0.3334	-0.2799	2.5059
40646	-0.713	0.286	0.054	0.3322	-0.2781	2.5059
40687	-0.641	0.270	0.053	0.3268	-0.2704	2.5058
40690	-0.641	0.270	0.053	0.3268	-0.2704	2.5058
40707	-0.634	0.273	0.053	0.3248	-0.2675	2.5058
40725	-0.667	0.281	0.052	0.3232	-0.2652	2.5058
40748	-0.726	0.299	0.051	0.3211	-0.2621	2.5058
40772	-0.761	0.322	0.050	0.3190	-0.2592	2.5058
40800	-0.765	0.354	0.051	0.3166	-0.2558	2.5058
40814	-0.800	0.385	0.051	0.3143	-0.2524	2.5058
40825	-0.825	0.401	0.051	0.3136	-0.2513	2.5058
40852	-0.903	0.442	0.052	0.3110	-0.2475	2.5058
40866	-0.925	0.459	0.052	0.3101	-0.2462	2.5058
40889	-0.916	0.483	0.052	0.3079	-0.2431	2.5058
40906	-0.869	0.498	0.053	0.3059	-0.2401	2.5057
40927	-0.791	0.510	0.052	0.3034	-0.2364	2.5057
40949	-0.779	0.524	0.050	0.3016	-0.2337	2.5057
40972	-0.823	0.546	0.049	0.2995	-0.2307	2.5057
40990	-0.874	0.567	0.050	0.2974	-0.2278	2.5057
41006	-0.902	0.578	0.050	0.2964	-0.2263	2.5057
41039	-0.942	0.604	0.050	0.2926	-0.2208	2.5057
41049	-0.951	0.611	0.049	0.2914	-0.2190	2.5056
41065	-0.963	0.614	0.049	0.2902	-0.2172	2.5056
41085	-1.010	0.620	0.048	0.2870	-0.2125	2.5056
41113	-1.045	0.624	0.048	0.2835	-0.2074	2.5055
41128	-1.058	0.624	0.048	0.2825	-0.2060	2.5055
41145	-1.046	0.620	0.048	0.2804	-0.2028	2.5055
41179	-1.025	0.605	0.048	0.2772	-0.1982	2.5054
41226	-0.920	0.576	0.047	0.2718	-0.1902	2.5054
41226	-0.920	0.576	0.047	0.2718	-0.1902	2.5054
41226	-0.920	0.576	0.047	0.2718	-0.1902	2.5054
41276	-0.920	0.565	0.047	0.2668	-0.1828	2.5053
41278	-0.920	0.565	0.047	0.2668	-0.1828	2.5053
41286	-0.933	0.562	0.047	0.2654	-0.1806	2.5053
41338	-0.917	0.530	0.043	0.2599	-0.1726	2.5053
41338	-0.917	0.530	0.043	0.2599	-0.1726	2.5053
41345	-0.917	0.530	0.043	0.2599	-0.1726	2.5053
41415	-0.557	0.422	0.037	0.2522	-0.1612	2.5051
41415	-0.557	0.422	0.037	0.2522	-0.1612	2.5051
41415	-0.557	0.422	0.037	0.2522	-0.1612	2.5051
41429	-0.552	0.410	0.037	0.2509	-0.1593	2.5051
41462	-0.571	0.409	0.037	0.2466	-0.1529	2.5051
41466	-0.571	0.409	0.037	0.2466	-0.1529	2.5051
41486	-0.594	0.420	0.037	0.2451	-0.1507	2.5051
41524	-0.685	0.477	0.037	0.2405	-0.1439	2.5051
41526	-0.685	0.477	0.037	0.2405	-0.1439	2.5051
41568	-0.753	0.536	0.036	0.2357	-0.1369	2.5051
41573	-0.753	0.536	0.036	0.2357	-0.1369	2.5051
41593	-0.794	0.561	0.035	0.2329	-0.1326	2.5050
41614	-0.852	0.584	0.035	0.2304	-0.1291	2.5050
41625	-0.852	0.584	0.035	0.2306	-0.1293	2.5050
41658	-0.964	0.612	0.036	0.2260	-0.1226	2.5049
41668	-0.957	0.611	0.036	0.2250	-0.1211	2.5049
41694	-0.913	0.594	0.036	0.2219	-0.1164	2.5049
41705	-0.913	0.594	0.036	0.2219	-0.1164	2.5049
41752	-0.793	0.549	0.035	0.2159	-0.1076	2.5048
41752	-0.793	0.549	0.035	0.2159	-0.1076	2.5048
41803	-0.783	0.540	0.034	0.2116	-0.1012	2.5048
41805	-0.791	0.546	0.034	0.2116	-0.1012	2.5048
41805	-0.791	0.546	0.034	0.2116	-0.1012	2.5048
41838	-0.797	0.566	0.033	0.2066	-0.0937	2.5047
41848	-0.790	0.566	0.033	0.2054	-0.0919	2.5047
41866	-0.790	0.566	0.033	0.2054	-0.0919	2.5047
41888	-0.766	0.561	0.033	0.2012	-0.0857	2.5046
41907	-0.727	0.548	0.033	0.1992	-0.0826	2.5046
41925	-0.700	0.525	0.032	0.1964	-0.0786	2.5045
41947	-0.670	0.493	0.031	0.1948	-0.0762	2.5045
41971	-0.659	0.472	0.031	0.1929	-0.0733	2.5045
41985	-0.659	0.468	0.031	0.1920	-0.0721	2.5045
42153	0.780	-0.783	0.002	0.1773	-0.0503	2.5045
42153	0.780	-0.783	0.002	0.1773	-0.0503	2.5045
42153	0.780	-0.783	0.002	0.1773	-0.0503	2.5045
42153	0.780	-0.783	0.002	0.1773	-0.0503	2.5045
42160	1.756	-1.681	0.006	0.1761	-0.0485	2.5046
42166	1.748	-1.678	0.005	0.1760	-0.0483	2.5046
42204	5.280	-5.212	0.104	0.1710	-0.0407	2.5050
42204	5.280	-5.212	0.104	0.1710	-0.0407	2.5050
42204	5.280	-5.212	0.104	0.1710	-0.0407	2.5050
42204	5.280	-5.212	0.104	0.1710	-0.0407	2.5050
42206	5.280	-5.212	0.104	0.1710	-0.0407	2.5050
42255	5.296	-5.268	-0.061	0.1672	-0.0345	2.5057
42255	5.296	-5.268	-0.061	0.1672	-0.0345	2.5057
42265	5.296	-5.268	-0.061	0.1672	-0.0345	2.5057
42296	4.680	-4.675	-0.340	0.1650	-0.0298	2.5065
42309	4.581	-4.618	-0.382	0.1645	-0.0288	2.5066
42325	4.507	-4.593	-0.422	0.1639	-0.0277	2.5067
42369	4.207	-4.502	-0.519	0.1623	-0.0238	2.5069
42369	4.207	-4.502	-0.519	0.1623	-0.0238	2.5069
42386	3.859	-4.342	-0.552	0.1625	-0.0226	2.5071
42424	3.297	-3.982	-0.569	0.1613	-0.0199	2.5069
42426	3.297	-3.982	-0.569	0.1613	-0.0199	2.5069
42466	2.704	-3.554	-0.553	0.1614	-0.0174	2.5066
42466	2.704	-3.554	-0.553	0.1614	-0.0174	2.5066
42485	2.606	-3.464	-0.543	0.1613	-0.0168	2.5065
42505	2.386	-3.248	-0.519	0.1598	-0.0144	2.5064
42545	1.975	-2.878	-0.454	0.1591	-0.0115	2.5062
42547	1.975	-2.878	-0.454	0.1591	-0.0115	2.5062
42582	1.576	-2.614	-0.377	0.1586	-0.0084	2.5061
42597	1.472	-2.543	-0.356	0.1580	-0.0072	2.5061
42622	1.275	-2.425	-0.307	0.1577	-0.0054	2.5062
42630	1.196	-2.367	-0.282	0.1572	-0.0042	2.5063
42646	1.147	-2.331	-0.256	0.1574	-0.0035	2.5063
42665	1.131	-2.312	-0.256	0.1568	-0.0030	2.5064
42705	1.008	-2.187	-0.156	0.1573	-0.0001	2.5065
42705	1.008	-2.187	-0.156	0.1573	-0.0001	2.5065
42726	1.049	-2.164	-0.117	0.1574	0.0013	2.5066
42768	1.152	-2.099	-0.057	0.1568	0.0041	2.5068
42772	1.152	-2.099	-0.057	0.1568	0.0041	2.5068
42786	1.237	-2.100	-0.029	0.1576	0.0050	2.5068
42810	1.234	-2.054	-0.011	0.1565	0.0068	2.5070
42833	1.252	-2.068	0.006	0.1572	0.0076	2.5069
42849	1.233	-2.048	0.014	0.1561	0.0092	2.5071
42865	1.232	-2.053	0.018	0.1560	0.0097	2.5071
42910	1.269	-2.076	0.025	0.1547	0.0124	2.5072
42910	1.269	-2.076	0.025	0.1547	0.0124	2.5072
42925	1.282	-2.098	0.026	0.1549	0.0129	2.5072
42971	1.262	-2.179	0.025	0.1552	0.0152	2.5072
42973	1.262	-2.179	0.025	0.1552	0.0152	2.5072
42993	1.292	-2.213	0.024	0.1557	0.0159	2.5071
43033	1.331	-2.246	0.018	0.1566	0.0175	2.5070
43033	1.331	-2.246	0.018	0.1566	0.0175	2.5070
43046	1.340	-2.249	0.017	0.1570	0.0178	2.5070
43069	1.345	-2.238	0.012	0.1574	0.0186	2.5069
43087	1.332	-2.228	0.009	0.1583	0.0190	2.5068
43117	1.310	-2.198	0.004	0.1589	0.0197	2.5068
43135	1.304	-2.171	-0.000	0.1598	0.0201	2.5067
43147	1.288	-2.154	-0.002	0.1602	0.0203	2.5067
43205	1.186	-1.961	-0.016	0.1623	0.0216	2.5065
43207	1.186	-1.961	-0.016	0.1623	0.0216	2.5065
43207	1.186	-1.961	-0.016	0.1623	0.0216	2.5065
43284	0.810	-1.746	-0.026	0.1664	0.0226	2.5063
43286	0.821	-1.722	-0.027	0.1671	0.0227	2.5062
43288	0.821	-1.722	-0.027	0.1671	0.0227	2.5062
43292	0.821	-1.722	-0.027	0.1669	0.0228	2.5063
43306	0.856	-1.701	-0.026	0.1678	0.0229	2.5062
43340	0.877	-1.601	-0.027	0.1708	0.0231	2.5060
43345	0.877	-1.601	-0.027	0.1708	0.0231	2.5060
43369	0.838	-1.533	-0.027	0.1727	0.0232	2.5059
43426	0.821	-1.356	-0.026	0.1773	0.0234	2.5056
43426	0.821	-1.356	-0.026	0.1773	0.0234	2.5056
43432	0.821	-1.356	-0.026	0.1770	0.0235	2.5057
43446	0.821	-1.334	-0.025	0.1777	0.0236	2.5056
43470	0.831	-1.289	-0.023	0.1796	0.0235	2.5055
43485	0.856	-1.236	-0.021	0.1825	0.0229	2.5053
43505	0.849	-1.155	-0.022	0.1835	0.0231	2.5052
43538	0.867	-1.074	-0.021	0.1861	0.0228	2.5051
43577	0.856	-0.952	-0.020	0.1889	0.0225	2.5049
43577	0.856	-0.952	-0.020	0.1889	0.0225	2.5049
43585	0.856	-0.952	-0.020	0.1889	0.0225	2.5049
43625	0.800	-0.866	-0.017	0.1919	0.0221	2.5047
43625	0.800	-0.866	-0.017	0.1919	0.0221	2.5047
43683	0.782	-0.824	-0.011	0.1962	0.0213	2.5044
43683	0.782	-0.824	-0.011	0.1962	0.0213	2.5044
43685	0.782	-0.824	-0.011	0.1962	0.0213	2.5044
43708	0.782	-0.824	-0.011	0.1962	0.0213	2.5044
43756	0.711	-0.799	-0.009	0.2015	0.0200	2.5041
43756	0.711	-0.799	-0.009	0.2015	0.0200	2.5041
43765	0.711	-0.799	-0.009	0.2015	0.0200	2.5041
43787	0.668	-0.783	-0.008	0.2039	0.0192	2.5039
43817	0.662	-0.766	-0.006	0.2054	0.0189	2.5039
43826	0.678	-0.766	-0.005	0.2062	0.0187	2.5038
43852	0.734	-0.775	-0.003	0.2081	0.0182	2.5037
43878	0.729	-0.790	-0.002	0.2092	0.0180	2.5036
43888	0.727	-0.804	-0.001	0.2103	0.0176	2.5036
43905	0.727	-0.804	-0.001	0.2103	0.0176	2.5036
43939	0.705	-0.858	0.003	0.2140	0.0164	2.5034
43948	0.700	-0.871	0.004	0.2149	0.0161	2.5033
43972	0.692	-0.890	0.005	0.2158	0.0160	2.5033
43997	0.735	-0.910	0.007	0.2184	0.0152	2.5031
44005	0.736	-0.917	0.007	0.2182	0.0153	2.5031
44025	0.749	-0.930	0.007	0.2202	0.0145	2.5030
44047	0.760	-0.934	0.009	0.2222	0.0138	2.5029
44077	0.790	-0.931	0.010	0.2246	0.0131	2.5028
44085	0.796	-0.928	0.010	0.2258	0.0127	2.5027
44136	0.785	-0.884	0.010	0.2296	0.0114	2.5025
44138	0.785	-0.884	0.010	0.2296	0.0114	2.5025
44146	0.786	-0.892	0.009	0.2296	0.0115	2.5025
44189	0.809	-0.799	0.005	0.2363	0.0089	2.5022
44189	0.809	-0.799	0.005	0.2363	0.0089	2.5022
44232	0.811	-0.765	0.002	0.2404	0.0075	2.5020
44232	0.811	-0.765	0.002	0.2404	0.0075	2.5020
44253	0.771	-0.699	0.002	0.2429	0.0064	2.5019
44271	0.682	-0.607	0.002	0.2455	0.0053	2.5018
44287	0.637	-0.562	0.003	0.2467	0.0048	2.5017
44307	0.572	-0.440	0.003	0.2500	0.0035	2.5016
44341	0.616	-0.327	0.004	0.2534	0.0021	2.5015
44354	0.632	-0.296	0.004	0.2542	0.0018	2.5015
44366	0.651	-0.268	0.004	0.2552	0.0013	2.5014
44408	0.744	-0.170	0.006	0.2595	-0.0005	2.5013
44418	0.753	-0.159	0.006	0.2608	-0.0011	2.5013
44426	0.753	-0.159	0.006	0.2608	-0.0011	2.5013
44464	0.719	-0.116	0.007	0.2651	-0.0030	2.5012
44468	0.720	-0.124	0.007	0.2651	-0.0029	2.5012
44486	0.720	-0.124	0.007	0.2651	-0.0029	2.5012
44507	0.767	-0.107	0.009	0.2693	-0.0050	2.5011
44526	0.801	-0.101	0.011	0.2715	-0.0061	2.5010
44554	0.794	-0.110	0.010	0.2739	-0.0072	2.5009
44589	0.737	-0.116	0.009	0.2770	-0.0088	2.5008
44589	0.737	-0.116	0.009	0.2770	-0.0088	2.5008
44634	0.682	-0.193	0.007	0.2818	-0.0111	2.5006
44634	0.682	-0.193	0.007	0.2818	-0.0111	2.5006
44645	0.698	-0.210	0.007	0.2829	-0.0117	2.5006
44665	0.717	-0.240	0.008	0.2853	-0.0130	2.5005
44688	0.690	-0.266	0.008	0.2881	-0.0145	2.5005
44706	0.723	-0.264	0.009	0.2903	-0.0157	2.5004
44729	0.748	-0.262	0.009	0.2924	-0.0167	2.5004
44752	0.753	-0.244	0.010	0.2951	-0.0181	2.5003
44768	0.732	-0.244	0.009	0.2963	-0.0187	2.5003
44796	0.714	-0.233	0.009	0.2999	-0.0205	2.5003
44806	0.714	-0.233	0.009	0.2999	-0.0205	2.5003
44840	0.721	-0.205	0.009	0.3048	-0.0232	2.5003
44848	0.703	-0.188	0.009	0.3064	-0.0242	2.5003
44898	0.544	-0.118	0.009	0.3124	-0.0275	2.5002
44898	0.544	-0.118	0.009	0.3124	-0.0275	2.5002
44906	0.544	-0.118	0.009	0.3124	-0.0275	2.5002
44929	0.596	-0.041	0.010	0.3159	-0.0297	2.5002
44956	0.706	0.008	0.011	0.3184	-0.0311	2.5002
44976	0.781	0.049	0.011	0.3207	-0.0323	2.5002
44986	0.806	0.073	0.012	0.3222	-0.0334	2.5002
45022	0.849	0.134	0.013	0.3264	-0.0359	2.5002
45030	0.847	0.127	0.013	0.3263	-0.0357	2.5002
45067	0.792	0.122	0.014	0.3310	-0.0386	2.5002
45067	0.792	0.122	0.014	0.3310	-0.0386	2.5002
45112	0.695	0.120	0.016	0.3350	-0.0412	2.5002
45112	0.695	0.120	0.016	0.3350	-0.0412	2.5002
45126	0.668	0.123	0.016	0.3363	-0.0421	2.5002
45154	0.682	0.113	0.018	0.3395	-0.0442	2.5002
45187	0.698	0.095	0.019	0.3430	-0.0465	2.5002
45187	0.698	0.095	0.019	0.3430	-0.0465	2.5002
45221	0.690	0.071	0.019	0.3466	-0.0490	2.5002
45227	0.690	0.063	0.019	0.3465	-0.0488	2.5002
45246	0.706	0.052	0.019	0.3478	-0.0497	2.5002
45270	0.741	0.034	0.019	0.3510	-0.0521	2.5002
45302	0.723	0.010	0.019	0.3540	-0.0541	2.5002
45306	0.723	0.010	0.019	0.3540	-0.0541	2.5002
45333	0.649	0.004	0.018	0.3568	-0.0563	2.5002
45362	0.625	-0.004	0.018	0.3597	-0.0582	2.5002
45366	0.625	-0.004	0.018	0.3597	-0.0582	2.5002
45406	0.615	-0.019	0.019	0.3630	-0.0606	2.5002
45406	0.615	-0.019	0.019	0.3630	-0.0606	2.5002
45431	0.692	-0.047	0.019	0.3658	-0.0625	2.5003
45470	0.744	-0.101	0.019	0.3691	-0.0646	2.5003
45470	0.744	-0.101	0.019	0.3691	-0.0646	2.5003
45524	0.792	-0.147	0.018	0.3744	-0.0685	2.5003
45526	0.792	-0.147	0.018	0.3744	-0.0685	2.5003
45526	0.792	-0.147	0.018	0.3744	-0.0685	2.5003
45551	0.767	-0.160	0.018	0.3764	-0.0701	2.5004
45565	0.764	-0.157	0.018	0.3787	-0.0721	2.5004
45585	0.739	-0.148	0.018	0.3807	-0.0733	2.5004
45606	0.722	-0.131	0.017	0.3823	-0.0747	2.5004
45628	0.685	-0.108	0.017	0.3847	-0.0766	2.5004
45649	0.647	-0.082	0.016	0.3866	-0.0779	2.5004
45665	0.621	-0.065	0.017	0.3887	-0.0798	2.5004
45693	0.627	-0.044	0.018	0.3906	-0.0812	2.5005
45713	0.669	-0.034	0.018	0.3922	-0.0823	2.5005
45754	0.714	-0.049	0.018	0.3962	-0.0854	2.5005
45757	0.715	-0.056	0.018	0.3963	-0.0853	2.5006
45767	0.715	-0.056	0.018	0.3963	-0.0853	2.5006
45785	0.711	-0.056	0.018	0.3987	-0.0876	2.5006
45812	0.732	-0.062	0.018	0.4017	-0.0900	2.5006
45826	0.758	-0.062	0.018	0.4026	-0.0907	2.5007
45854	0.814	-0.073	0.018	0.4052	-0.0929	2.5007
45866	0.812	-0.072	0.018	0.4060	-0.0936	2.5007
45898	0.794	-0.065	0.018	0.4084	-0.0956	2.5008
45912	0.785	-0.062	0.018	0.4094	-0.0966	2.5008
45928	0.769	-0.061	0.018	0.4103	-0.0972	2.5008
45947	0.738	-0.059	0.017	0.4123	-0.0990	2.5008
45982	0.734	-0.085	0.017	0.4151	-0.1012	2.5009
45986	0.734	-0.085	0.017	0.4151	-0.1012	2.5009
46006	0.723	-0.110	0.018	0.4173	-0.1033	2.5009
46054	0.772	-0.148	0.018	0.4221	-0.1076	2.5009
46064	0.784	-0.151	0.018	0.4230	-0.1084	2.5009
46066	0.784	-0.151	0.018	0.4230	-0.1084	2.5009
46085	0.783	-0.164	0.018	0.4242	-0.1092	2.5010
46107	0.731	-0.162	0.018	0.4264	-0.1113	2.5010
46126	0.670	-0.151	0.018	0.4283	-0.1132	2.5010
46149	0.621	-0.140	0.018	0.4303	-0.1151	2.5010
46177	0.619	-0.120	0.017	0.4331	-0.1175	2.5011
46205	0.584	-0.115	0.017	0.4353	-0.1194	2.5012
46209	0.584	-0.115	0.017	0.4353	-0.1194	2.5012
46226	0.578	-0.101	0.017	0.4374	-0.1214	2.5012
46281	0.661	-0.082	0.017	0.4425	-0.1261	2.5013
46281	0.661	-0.082	0.017	0.4425	-0.1261	2.5013
46331	0.633	-0.035	0.015	0.4480	-0.1312	2.5014
46331	0.633	-0.035	0.015	0.4480	-0.1312	2.5014
46333	0.633	-0.035	0.015	0.4480	-0.1312	2.5014
46348	0.597	-0.022	0.014	0.4494	-0.1325	2.5014
46375	0.537	-0.002	0.013	0.4517	-0.1348	2.5014
46391	0.511	0.008	0.013	0.4528	-0.1358	2.5014
46405	0.513	0.022	0.013	0.4551	-0.1382	2.5014
46442	0.529	0.041	0.012	0.4581	-0.1409	2.5014
46483	0.492	0.045	0.012	0.4623	-0.1449	2.5015
46483	0.492	0.045	0.012	0.4623	-0.1449	2.5015
46485	0.492	0.045	0.012	0.4623	-0.1449	2.5015
46533	0.566	0.042	0.012	0.4668	-0.1494	2.5015
46535	0.566	0.042	0.012	0.4668	-0.1494	2.5015
46545	0.566	0.042	0.012	0.4668	-0.1494	2.5015
46596	0.453	0.061	0.011	0.4726	-0.1553	2.5016
46596	0.453	0.061	0.011	0.4726	-0.1553	2.5016
46613	0.440	0.066	0.011	0.4736	-0.1563	2.5016
46627	0.425	0.071	0.011	0.4746	-0.1573	2.5016
46650	0.379	0.079	0.011	0.4764	-0.1590	2.5017
46666	0.363	0.082	0.011	0.4774	-0.1601	2.5017
46706	0.366	0.078	0.011	0.4812	-0.1638	2.5017
46706	0.366	0.078	0.011	0.4812	-0.1638	2.5017
46754	0.346	0.051	0.011	0.4857	-0.1685	2.5017
46757	0.346	0.051	0.011	0.4857	-0.1685	2.5017
46766	0.349	0.045	0.011	0.4858	-0.1685	2.5018
46785	0.374	0.021	0.011	0.4883	-0.1713	2.5018
46809	0.430	-0.003	0.011	0.4899	-0.1727	2.5018
46826	0.430	-0.003	0.011	0.4899	-0.1727	2.5018
46847	0.499	-0.030	0.011	0.4928	-0.1758	2.5018
46874	0.522	-0.059	0.011	0.4956	-0.1787	2.5018
46886	0.522	-0.059	0.011	0.4956	-0.1787	2.5018
46908	0.508	-0.069	0.011	0.4978	-0.1812	2.5018
46927	0.506	-0.075	0.011	0.4994	-0.1829	2.5018
46949	0.469	-0.078	0.011	0.5010	-0.1846	2.5018
46989	0.429	-0.086	0.011	0.5041	-0.1879	2.5018
46991	0.429	-0.086	0.011	0.5041	-0.1879	2.5018
47006	0.434	-0.090	0.011	0.5048	-0.1885	2.5018
47038	0.432	-0.109	0.012	0.5071	-0.1909	2.5018
47053	0.483	-0.124	0.012	0.5087	-0.1926	2.5018
47066	0.483	-0.124	0.012	0.5087	-0.1926	2.5018
47109	0.645	-0.162	0.012	0.5125	-0.1966	2.5018
47111	0.645	-0.162	0.012	0.5125	-0.1966	2.5018
47153	0.527	-0.190	0.011	0.5167	-0.2012	2.5018
47153	0.527	-0.190	0.011	0.5167	-0.2012	2.5018
47165	0.527	-0.190	0.011	0.5167	-0.2012	2.5018
47187	0.469	-0.191	0.011	0.5189	-0.2036	2.5018
47206	0.449	-0.191	0.011	0.5208	-0.2058	2.5018
47225	0.445	-0.189	0.011	0.5222	-0.2073	2.5019
47273	0.356	-0.164	0.011	0.5255	-0.2109	2.5019
47275	0.356	-0.164	0.011	0.5255	-0.2109	2.5019
47285	0.342	-0.154	0.011	0.5266	-0.2121	2.5019
47318	0.365	-0.138	0.011	0.5291	-0.2148	2.5019
47328	0.395	-0.144	0.011	0.5300	-0.2158	2.5019
47383	0.549	-0.153	0.011	0.5342	-0.2204	2.5019
47383	0.549	-0.153	0.011	0.5342	-0.2204	2.5019
47385	0.549	-0.153	0.011	0.5342	-0.2204	2.5019
47408	0.539	-0.154	0.010	0.5368	-0.2234	2.5018
47425	0.519	-0.150	0.010	0.5375	-0.2241	2.5018
47445	0.482	-0.138	0.010	0.5393	-0.2261	2.5018
47489	0.458	-0.115	0.010	0.5429	-0.2302	2.5018
47489	0.458	-0.115	0.010	0.5429	-0.2302	2.5018
47505	0.458	-0.115	0.010	0.5429	-0.2302	2.5018
47544	0.479	-0.092	0.010	0.5473	-0.2353	2.5017
47551	0.494	-0.088	0.010	0.5482	-0.2364	2.5017
47568	0.507	-0.084	0.010	0.5489	-0.2371	2.5017
47593	0.502	-0.076	0.009	0.5513	-0.2400	2.5017
47605	0.498	-0.074	0.009	0.5518	-0.2405	2.5017
47632	0.413	-0.074	0.009	0.5537	-0.2427	2.5017
47659	0.348	-0.077	0.009	0.5552	-0.2444	2.5017
47682	0.309	-0.094	0.010	0.5575	-0.2472	2.5017
47685	0.309	-0.094	0.010	0.5574	-0.2470	2.5017
47712	0.328	-0.111	0.010	0.5589	-0.2487	2.5017
47727	0.309	-0.130	0.010	0.5605	-0.2506	2.5017
47770	0.330	-0.175	0.009	0.5639	-0.2545	2.5017
47770	0.330	-0.175	0.009	0.5639	-0.2545	2.5017
47790	0.377	-0.188	0.009	0.5657	-0.2566	2.5017
47820	0.435	-0.209	0.008	0.5677	-0.2588	2.5017
47826	0.435	-0.209	0.008	0.5677	-0.2588	2.5017
47876	0.299	-0.189	0.008	0.5726	-0.2645	2.5017
47877	0.299	-0.189	0.008	0.5726	-0.2645	2.5017
47885	0.299	-0.189	0.008	0.5726	-0.2645	2.5017
47907	0.323	-0.163	0.008	0.5758	-0.2683	2.5016
47930	0.348	-0.152	0.008	0.5767	-0.2692	2.5016
47946	0.359	-0.145	0.008	0.5774	-0.2701	2.5016
47978	0.245	-0.112	0.008	0.5802	-0.2733	2.5016
47989	0.211	-0.103	0.008	0.5810	-0.2743	2.5016
48006	0.150	-0.086	0.008	0.5830	-0.2766	2.5016
48029	0.152	-0.081	0.008	0.5844	-0.2781	2.5016
48058	0.205	-0.084	0.008	0.5864	-0.2804	2.5016
48066	0.205	-0.084	0.008	0.5864	-0.2804	2.5016
48102	0.279	-0.107	0.008	0.5895	-0.2840	2.5016
48115	0.283	-0.113	0.008	0.5902	-0.2848	2.5016
48143	0.320	-0.124	0.008	0.5916	-0.2864	2.5016
48152	0.357	-0.133	0.008	0.5928	-0.2878	2.5016
48174	0.397	-0.148	0.008	0.5942	-0.2894	2.5016
48206	0.461	-0.172	0.008	0.5964	-0.2920	2.5015
48208	0.461	-0.172	0.008	0.5964	-0.2920	2.5015
48225	0.460	-0.182	0.008	0.5975	-0.2933	2.5015
48269	0.371	-0.210	0.008	0.6011	-0.2976	2.5014
48273	0.371	-0.210	0.008	0.6011	-0.2975	2.5015
48286	0.365	-0.215	0.009	0.6019	-0.2985	2.5014
48318	0.404	-0.229	0.009	0.6043	-0.3014	2.5014
48328	0.447	-0.233	0.009	0.6053	-0.3026	2.5014
48345	0.483	-0.236	0.009	0.6062	-0.3036	2.5014
48395	0.519	-0.240	0.008	0.6105	-0.3087	2.5015
48395	0.519	-0.240	0.008	0.6105	-0.3087	2.5015
48406	0.519	-0.240	0.008	0.6105	-0.3087	2.5015
48445	0.486	-0.232	0.006	0.6138	-0.3126	2.5015
48449	0.486	-0.232	0.006	0.6138	-0.3126	2.5015
48466	0.476	-0.230	0.006	0.6144	-0.3133	2.5015
48494	0.449	-0.225	0.006	0.6173	-0.3168	2.5014
48506	0.475	-0.226	0.006	0.6181	-0.3177	2.5014
48525	0.475	-0.226	0.006	0.6181	-0.3177	2.5014
48551	0.542	-0.237	0.006	0.6209	-0.3211	2.5014
48572	0.535	-0.243	0.006	0.6222	-0.3225	2.5014
48585	0.535	-0.243	0.006	0.6222	-0.3225	2.5014
48608	0.427	-0.249	0.006	0.6247	-0.3256	2.5013
48640	0.337	-0.251	0.006	0.6268	-0.3280	2.5013
48646	0.337	-0.251	0.006	0.6268	-0.3280	2.5013
48677	0.273	-0.260	0.006	0.6293	-0.3311	2.5013
48686	0.267	-0.262	0.006	0.6300	-0.3317	2.5013
48706	0.247	-0.267	0.006	0.6310	-0.3329	2.5013
48748	0.163	-0.290	0.005	0.6338	-0.3361	2.5013
48750	0.163	-0.290	0.005	0.6338	-0.3361	2.5013
48765	0.170	-0.294	0.005	0.6346	-0.3370	2.5013
48806	0.355	-0.309	0.005	0.6379	-0.3407	2.5013
48808	0.355	-0.309	0.005	0.6379	-0.3407	2.5013
48826	0.342	-0.314	0.005	0.6394	-0.3425	2.5013
48871	0.208	-0.309	0.005	0.6431	-0.3467	2.5013
48873	0.208	-0.309	0.005	0.6431	-0.3467	2.5013
48894	0.201	-0.305	0.005	0.6440	-0.3476	2.5013
48905	0.199	-0.300	0.005	0.6453	-0.3491	2.5013
48932	0.196	-0.295	0.005	0.6469	-0.3509	2.5013
48949	0.237	-0.290	0.005	0.6482	-0.3524	2.5013
48999	0.444	-0.282	0.005	0.6512	-0.3557	2.5013
48999	0.444	-0.282	0.005	0.6512	-0.3557	2.5013
49010	0.453	-0.284	0.005	0.6521	-0.3568	2.5013
49048	0.431	-0.290	0.004	0.6552	-0.3603	2.5013
49051	0.431	-0.290	0.004	0.6552	-0.3603	2.5013
49270	-0.184	2.057	-0.019	0.6696	-0.3772	2.5014
49272	-0.184	2.057	-0.019	0.6696	-0.3772	2.5014
49274	-0.184	2.057	-0.019	0.6696	-0.3772	2.5014
49274	-0.184	2.057	-0.019	0.6696	-0.3772	2.5014
49274	-0.184	2.057	-0.019	0.6696	-0.3772	2.5014
49274	-0.184	2.057	-0.019	0.6696	-0.3772	2.5014
49278	-0.184	2.057	-0.019	0.6696	-0.3772	2.5014
49278	-0.184	2.057	-0.019	0.6696	-0.3772	2.5014
49278	-0.184	2.057	-0.019	0.6696	-0.3772	2.5014
49278	-0.184	2.057	-0.019	0.6696	-0.3772	2.5014
49278	-0.184	2.057	-0.019	0.6696	-0.3772	2.5014
49287	-0.184	2.057	-0.019	0.6696	-0.3772	2.5014
49333	-0.493	2.925	-0.052	0.6740	-0.3833	2.5020
49333	-0.493	2.925	-0.052	0.6740	-0.3833	2.5020
49381	-0.458	2.521	-0.076	0.6762	-0.3873	2.5025
49381	-0.458	2.521	-0.076	0.6762	-0.3873	2.5025
49385	-0.420	2.473	-0.080	0.6767	-0.3884	2.5026
49429	-0.301	2.364	-0.084	0.6784	-0.3916	2.5027
49429	-0.301	2.364	-0.084	0.6784	-0.3916	2.5027
49492	-0.371	2.029	-0.076	0.6802	-0.3966	2.5027
49492	-0.371	2.029	-0.076	0.6802	-0.3966	2.5027
49494	-0.371	2.029	-0.076	0.6802	-0.3966	2.5027
49506	-0.409	1.916	-0.071	0.6804	-0.3980	2.5026
49543	-0.420	1.640	-0.062	0.6819	-0.4003	2.5024
49545	-0.420	1.640	-0.062	0.6819	-0.4003	2.5024
49567	-0.407	1.509	-0.055	0.6821	-0.4019	2.5023
49604	-0.315	1.288	-0.044	0.6830	-0.4042	2.5021
49616	-0.253	1.214	-0.040	0.6836	-0.4050	2.5021
49667	-0.020	1.006	-0.028	0.6851	-0.4080	2.5021
49667	-0.020	1.006	-0.028	0.6851	-0.4080	2.5021
49669	-0.020	1.006	-0.028	0.6851	-0.4080	2.5021
49701	-0.027	0.911	-0.021	0.6860	-0.4104	2.5021
49705	-0.027	0.911	-0.021	0.6860	-0.4104	2.5021
49730	-0.018	0.873	-0.016	0.6867	-0.4125	2.5021
49746	0.035	0.856	-0.014	0.6872	-0.4137	2.5022
49766	0.081	0.841	-0.013	0.6878	-0.4145	2.5022
49786	0.115	0.843	-0.010	0.6879	-0.4159	2.5022
49827	0.128	0.837	-0.008	0.6889	-0.4183	2.5023
49827	0.128	0.837	-0.008	0.6889	-0.4183	2.5023
49850	0.203	0.847	-0.007	0.6896	-0.4201	2.5024
49866	0.245	0.844	-0.008	0.6901	-0.4208	2.5024
49900	0.294	0.834	-0.009	0.6914	-0.4229	2.5024
49906	0.294	0.834	-0.009	0.6914	-0.4229	2.5024
49947	0.282	0.864	-0.008	0.6920	-0.4261	2.5024
49947	0.282	0.864	-0.008	0.6920	-0.4261	2.5024
49966	0.303	0.879	-0.008	0.6923	-0.4275	2.5023
49990	0.338	0.886	-0.008	0.6928	-0.4290	2.5023
50029	0.362	0.892	-0.008	0.6933	-0.4311	2.5023
50029	0.362	0.892	-0.008	0.6933	-0.4311	2.5023
50054	0.338	0.903	-0.007	0.6935	-0.4327	2.5022
50084	0.287	0.902	-0.009	0.6939	-0.4347	2.5022
50086	0.287	0.902	-0.009	0.6939	-0.4347	2.5022
50115	0.233	0.891	-0.009	0.6940	-0.4361	2.5021
50137	0.115	0.871	-0.010	0.6939	-0.4383	2.5021
50161	0.054	0.845	-0.011	0.6942	-0.4393	2.5021
50165	0.054	0.845	-0.011	0.6942	-0.4393	2.5021
50197	0.016	0.822	-0.011	0.6944	-0.4410	2.5020
50212	0.032	0.813	-0.011	0.6947	-0.4416	2.5021
50265	0.154	0.774	-0.011	0.6947	-0.4446	2.5020
50267	0.154	0.774	-0.011	0.6947	-0.4446	2.5020
50267	0.154	0.774	-0.011	0.6947	-0.4446	2.5020
50301	0.211	0.751	-0.011	0.6943	-0.4467	2.5019
50311	0.226	0.743	-0.011	0.6945	-0.4472	2.5019
50329	0.257	0.725	-0.011	0.6944	-0.4483	2.5019
50349	0.293	0.706	-0.011	0.6941	-0.4496	2.5019
50376	0.319	0.675	-0.011	0.6939	-0.4513	2.5019
50385	0.319	0.675	-0.011	0.6942	-0.4511	2.5019
50405	0.318	0.664	-0.011	0.6943	-0.4518	2.5019
50457	0.256	0.595	-0.011	0.6937	-0.4555	2.5017
50459	0.256	0.595	-0.011	0.6937	-0.4555	2.5017
50465	0.256	0.595	-0.011	0.6937	-0.4555	2.5017
50485	0.153	0.572	-0.010	0.6935	-0.4568	2.5017
50512	0.094	0.554	-0.010	0.6935	-0.4579	2.5016
50525	0.048	0.539	-0.010	0.6932	-0.4591	2.5016
50565	0.051	0.524	-0.010	0.6932	-0.4608	2.5015
50565	0.051	0.524	-0.010	0.6932	-0.4608	2.5015
50587	0.122	0.514	-0.010	0.6930	-0.4621	2.5015
50616	0.194	0.500	-0.010	0.6924	-0.4642	2.5014
50625	0.211	0.497	-0.010	0.6923	-0.4648	2.5013
50645	0.245	0.490	-0.010	0.6919	-0.4662	2.5013
50665	0.253	0.482	-0.010	0.6915	-0.4675	2.5012
50707	0.208	0.462	-0.010	0.6908	-0.4701	2.5012
50735	0.218	0.449	-0.010	0.6905	-0.4715	2.5011
50735	0.218	0.449	-0.010	0.6905	-0.4715	2.5011
50745	0.218	0.449	-0.010	0.6905	-0.4715	2.5011
50790	0.220	0.416	-0.010	0.6898	-0.4742	2.5011
50790	0.220	0.416	-0.010	0.6898	-0.4742	2.5011
50817	0.077	0.387	-0.010	0.6889	-0.4764	2.5010
50825	0.077	0.387	-0.010	0.6891	-0.4763	2.5010
50848	0.000	0.368	-0.010	0.6887	-0.4776	2.5010
50867	-0.044	0.348	-0.010	0.6880	-0.4792	2.5009
50913	-0.073	0.330	-0.010	0.6877	-0.4808	2.5009
50913	-0.073	0.330	-0.010	0.6877	-0.4808	2.5009
50925	-0.073	0.330	-0.010	0.6877	-0.4808	2.5009
50968	0.005	0.308	-0.010	0.6865	-0.4840	2.5008
50968	0.005	0.308	-0.010	0.6865	-0.4840	2.5008
51021	0.045	0.292	-0.010	0.6854	-0.4867	2.5006
51023	0.045	0.292	-0.010	0.6854	-0.4867	2.5006
51025	0.045	0.292	-0.010	0.6854	-0.4867	2.5006
51048	0.139	0.287	-0.010	0.6845	-0.4884	2.5005
51093	0.142	0.274	-0.010	0.6837	-0.4904	2.5005
51093	0.142	0.274	-0.010	0.6837	-0.4904	2.5005
51105	0.134	0.272	-0.010	0.6835	-0.4909	2.5004
51140	0.096	0.266	-0.010	0.6827	-0.4928	2.5004
51145	0.096	0.266	-0.010	0.6827	-0.4928	2.5004
51171	0.067	0.261	-0.010	0.6819	-0.4944	2.5003
51189	0.048	0.259	-0.010	0.6815	-0.4953	2.5003
51218	0.021	0.257	-0.010	0.6812	-0.4962	2.5003
51253	0.009	0.251	-0.010	0.6803	-0.4981	2.5002
51255	0.009	0.251	-0.010	0.6803	-0.4981	2.5002
51265	0.020	0.250	-0.010	0.6800	-0.4987	2.5002
51308	0.044	0.243	-0.010	0.6789	-0.5009	2.5001
51308	0.044	0.243	-0.010	0.6789	-0.5009	2.5001
51329	-0.002	0.238	-0.010	0.6782	-0.5023	2.5001
51351	-0.027	0.234	-0.010	0.6776	-0.5033	2.5000
51368	-0.032	0.230	-0.010	0.6770	-0.5043	2.5000
51385	-0.045	0.227	-0.010	0.6768	-0.5049	2.5000
51406	-0.069	0.217	-0.010	0.6760	-0.5061	2.5000
51431	-0.076	0.208	-0.010	0.6754	-0.5072	2.4999
51446	-0.076	0.208	-0.010	0.6754	-0.5072	2.4999
51489	0.001	0.193	-0.010	0.6739	-0.5099	2.4999
51489	0.001	0.193	-0.010	0.6739	-0.5099	2.4999
51505	0.001	0.193	-0.010	0.6739	-0.5099	2.4999
51548	0.154	0.178	-0.010	0.6721	-0.5127	2.4998
51548	0.154	0.178	-0.010	0.6721	-0.5127	2.4998
51570	0.153	0.169	-0.010	0.6714	-0.5139	2.4998
51597	0.088	0.160	-0.010	0.6709	-0.5148	2.4997
51605	0.065	0.154	-0.010	0.6704	-0.5157	2.4997
51641	0.048	0.141	-0.010	0.6695	-0.5171	2.4997
51651	0.070	0.138	-0.010	0.6692	-0.5176	2.4997
51670	0.119	0.130	-0.010	0.6685	-0.5188	2.4996
51686	0.132	0.125	-0.010	0.6680	-0.5195	2.4996
51708	0.140	0.118	-0.010	0.6675	-0.5205	2.4997
51734	0.125	0.112	-0.010	0.6669	-0.5214	2.4997
51785	0.047	0.107	-0.010	0.6652	-0.5242	2.4997
51785	0.047	0.107	-0.010	0.6652	-0.5242	2.4997
51785	0.047	0.107	-0.010	0.6652	-0.5242	2.4997
51808	-0.020	0.105	-0.010	0.6646	-0.5251	2.4997
51826	-0.086	0.103	-0.010	0.6639	-0.5263	2.4996
51853	-0.114	0.102	-0.010	0.6634	-0.5270	2.4996
51867	-0.120	0.100	-0.010	0.6632	-0.5274	2.4996
51893	-0.106	0.098	-0.010	0.6625	-0.5286	2.4996
51907	-0.075	0.097	-0.010	0.6618	-0.5296	2.4995
51930	-0.040	0.097	-0.010	0.6613	-0.5302	2.4995
51945	-0.008	0.097	-0.010	0.6607	-0.5312	2.4995
51966	-0.014	0.097	-0.010	0.6600	-0.5322	2.4995
51987	-0.048	0.097	-0.010	0.6594	-0.5330	2.4995
52013	-0.136	0.097	-0.010	0.6588	-0.5340	2.4995
52059	-0.190	0.099	-0.010	0.6575	-0.5359	2.4995
52059	-0.190	0.099	-0.010	0.6575	-0.5359	2.4995
52083	-0.166	0.096	-0.010	0.6568	-0.5368	2.4995
52085	-0.166	0.096	-0.010	0.6568	-0.5368	2.4995
52126	-0.174	0.088	-0.010	0.6553	-0.5389	2.4995
52144	-0.150	0.094	-0.010	0.6550	-0.5393	2.4995
52146	-0.150	0.094	-0.010	0.6550	-0.5393	2.4995
52191	-0.033	0.103	-0.010	0.6533	-0.5416	2.4995
52191	-0.033	0.103	-0.010	0.6533	-0.5416	2.4995
52209	-0.077	0.103	-0.010	0.6528	-0.5422	2.4995
52250	-0.169	0.102	-0.010	0.6515	-0.5441	2.4995
52250	-0.169	0.102	-0.010	0.6515	-0.5441	2.4995
52265	-0.169	0.102	-0.010	0.6515	-0.5441	2.4995
52319	-0.198	0.070	-0.010	0.6491	-0.5471	2.4996
52319	-0.198	0.070	-0.010	0.6491	-0.5471	2.4996
52325	-0.168	0.066	-0.010	0.6488	-0.5475	2.4996
52368	-0.013	0.059	-0.011	0.6475	-0.5493	2.4996
52368	-0.013	0.059	-0.011	0.6475	-0.5493	2.4996
52393	0.013	0.055	-0.011	0.6470	-0.5499	2.4996
52410	0.054	0.049	-0.011	0.6463	-0.5508	2.4997
52427	0.022	0.043	-0.011	0.6456	-0.5519	2.4997
52446	0.021	0.041	-0.011	0.6451	-0.5524	2.4997
52482	0.029	0.034	-0.011	0.6439	-0.5541	2.4997
52486	0.029	0.034	-0.011	0.6439	-0.5541	2.4997
52506	0.017	0.025	-0.011	0.6430	-0.5552	2.4998
52529	0.007	0.017	-0.011	0.6424	-0.5561	2.4998
52548	-0.004	0.013	-0.011	0.6420	-0.5566	2.4998
52565	-0.031	0.008	-0.011	0.6415	-0.5573	2.4998
52585	-0.040	0.007	-0.011	0.6411	-0.5579	2.4998
52606	-0.059	0.007	-0.011	0.6401	-0.5592	2.4998
52625	-0.048	0.009	-0.011	0.6400	-0.5594	2.4998
52654	-0.027	0.015	-0.011	0.6390	-0.5608	2.4998
52667	-0.030	0.018	-0.011	0.6386	-0.5613	2.4997
52686	-0.044	0.020	-0.011	0.6383	-0.5618	2.4998
52736	0.016	0.042	-0.011	0.6369	-0.5637	2.4998
52736	0.016	0.042	-0.011	0.6369	-0.5637	2.4998
52786	-0.005	0.052	-0.011	0.6353	-0.5658	2.4998
52786	-0.005	0.052	-0.011	0.6353	-0.5658	2.4998
52786	-0.005	0.052	-0.011	0.6353	-0.5658	2.4998
52809	-0.047	0.053	-0.011	0.6345	-0.5668	2.4999
52827	-0.084	0.053	-0.011	0.6338	-0.5677	2.4999
52850	-0.096	0.053	-0.011	0.6334	-0.5683	2.4999
52875	-0.102	0.051	-0.011	0.6324	-0.5695	2.5000
52902	-0.094	0.048	-0.011	0.6318	-0.5703	2.5000
52906	-0.077	0.046	-0.011	0.6316	-0.5706	2.5000
52925	-0.059	0.045	-0.011	0.6312	-0.5711	2.5000
52947	-0.016	0.041	-0.011	0.6305	-0.5719	2.5000
52983	0.013	0.036	-0.011	0.6293	-0.5735	2.5000
52985	0.013	0.036	-0.011	0.6293	-0.5735	2.5000
53007	-0.015	0.033	-0.011	0.6285	-0.5744	2.5000
53037	0.005	0.030	-0.009	0.6275	-0.5758	2.5000
53045	0.005	0.030	-0.009	0.6275	-0.5758	2.5000
53066	0.031	0.029	-0.009	0.6270	-0.5765	2.5000
53092	0.075	0.025	-0.009	0.6261	-0.5777	2.5000
53114	0.030	0.018	-0.009	0.6254	-0.5785	2.5000
53125	-0.014	0.013	-0.009	0.6251	-0.5790	2.5000
53149	-0.082	0.008	-0.009	0.6244	-0.5798	2.5000
53170	-0.090	0.006	-0.009	0.6237	-0.5808	2.5001
53187	-0.094	0.005	-0.009	0.6231	-0.5815	2.5001
53214	-0.097	0.004	-0.009	0.6226	-0.5823	2.5001
53225	-0.077	0.004	-0.009	0.6222	-0.5827	2.5001
53251	-0.017	0.004	-0.009	0.6216	-0.5835	2.5001
53266	0.019	0.005	-0.009	0.6213	-0.5839	2.5001
53285	0.094	0.008	-0.009	0.6207	-0.5847	2.5002
53306	0.042	0.009	-0.009	0.6199	-0.5857	2.5002
53326	-0.023	0.011	-0.009	0.6193	-0.5865	2.5002
53360	-0.089	0.016	-0.009	0.6183	-0.5879	2.5002
53366	-0.089	0.016	-0.009	0.6183	-0.5879	2.5002
53414	-0.066	0.029	-0.009	0.6166	-0.5900	2.5003
53414	-0.066	0.029	-0.009	0.6166	-0.5900	2.5003
53428	-0.033	0.030	-0.009	0.6162	-0.5906	2.5003
53480	-0.026	0.025	-0.007	0.6146	-0.5926	2.5003
53480	-0.026	0.025	-0.007	0.6146	-0.5926	2.5003
53486	-0.026	0.025	-0.007	0.6146	-0.5926	2.5003
53522	0.004	0.023	-0.007	0.6136	-0.5940	2.5003
53531	0.002	0.021	-0.007	0.6132	-0.5945	2.5003
53545	-0.007	0.018	-0.007	0.6129	-0.5948	2.5003
53589	-0.010	0.010	-0.007	0.6118	-0.5963	2.5003
53592	-0.010	0.010	-0.007	0.6118	-0.5963	2.5003
53607	-0.008	0.009	-0.007	0.6115	-0.5967	2.5003
53640	-0.040	0.008	-0.007	0.6104	-0.5981	2.5003
53647	-0.048	0.009	-0.007	0.6101	-0.5985	2.5003
53667	-0.034	0.009	-0.007	0.6094	-0.5994	2.5004
53686	-0.034	0.009	-0.007	0.6094	-0.5994	2.5004
53715	0.023	0.013	-0.007	0.6080	-0.6012	2.5004
53731	0.015	0.013	-0.007	0.6077	-0.6016	2.5004
53745	0.015	0.013	-0.007	0.6077	-0.6016	2.5004
53787	0.040	0.015	-0.007	0.6061	-0.6039	2.5004
53787	0.040	0.015	-0.007	0.6061	-0.6039	2.5004
53807	0.042	0.015	-0.007	0.6058	-0.6043	2.5004
53826	0.026	0.013	-0.007	0.6052	-0.6050	2.5004
53847	0.015	0.013	-0.007	0.6043	-0.6062	2.5005
53867	0.009	0.013	-0.007	0.6038	-0.6069	2.5005
53887	0.008	0.013	-0.007	0.6035	-0.6073	2.5005
53923	0.010	0.014	-0.007	0.6025	-0.6087	2.5005
53925	0.010	0.014	-0.007	0.6025	-0.6087	2.5005
53946	0.066	0.017	-0.007	0.6019	-0.6095	2.5005
53967	0.102	0.018	-0.007	0.6014	-0.6102	2.5005
53987	0.095	0.019	-0.007	0.6009	-0.6109	2.5005
54006	0.088	0.020	-0.007	0.6006	-0.6114	2.5005
54026	0.077	0.023	-0.007	0.6000	-0.6121	2.5004
54066	-0.003	0.028	-0.007	0.5989	-0.6136	2.5005
54066	-0.003	0.028	-0.007	0.5989	-0.6136	2.5005
54100	-0.075	0.029	-0.007	0.5979	-0.6151	2.5005
54117	-0.085	0.029	-0.007	0.5973	-0.6159	2.5005
54129	-0.081	0.029	-0.007	0.5970	-0.6164	2.5005
54151	-0.065	0.029	-0.007	0.5963	-0.6172	2.5005
54166	-0.043	0.028	-0.007	0.5958	-0.6178	2.5005
54192	0.003	0.028	-0.007	0.5948	-0.6192	2.5005
54206	0.014	0.027	-0.007	0.5945	-0.6196	2.5005
54239	0.011	0.019	-0.007	0.5935	-0.6210	2.5005
54245	0.011	0.019	-0.007	0.5935	-0.6210	2.5005
54280	-0.069	0.006	-0.007	0.5925	-0.6222	2.5005
54288	-0.072	0.004	-0.007	0.5922	-0.6226	2.5005
54306	-0.071	0.001	-0.007	0.5918	-0.6232	2.5005
54330	-0.090	-0.008	-0.007	0.5909	-0.6245	2.5005
54347	-0.098	-0.011	-0.007	0.5906	-0.6248	2.5005
54367	-0.122	-0.014	-0.007	0.5899	-0.6257	2.5005
54386	-0.128	-0.016	-0.007	0.5895	-0.6262	2.5004
54405	-0.116	-0.016	-0.007	0.5890	-0.6270	2.5004
54487	-0.067	-0.009	-0.007	0.5865	-0.6302	2.5004
54487	-0.067	-0.009	-0.007	0.5865	-0.6302	2.5004
54489	-0.067	-0.009	-0.007	0.5865	-0.6302	2.5004
54489	-0.067	-0.009	-0.007	0.5865	-0.6302	2.5004
54514	-0.048	-0.003	-0.007	0.5858	-0.6311	2.5004
54525	-0.057	-0.001	-0.007	0.5855	-0.6315	2.5004
54547	-0.061	0.003	-0.007	0.5849	-0.6324	2.5004
54596	-0.036	0.010	-0.007	0.5836	-0.6340	2.5004
54598	-0.036	0.010	-0.007	0.5836	-0.6340	2.5004
54606	-0.036	0.010	-0.007	0.5836	-0.6340	2.5004
54630	-0.011	0.015	-0.007	0.5826	-0.6354	2.5004
54665	0.051	0.018	-0.007	0.5815	-0.6368	2.5004
54668	0.048	0.017	-0.007	0.5812	-0.6372	2.5004
54709	-0.005	0.013	-0.007	0.5802	-0.6386	2.5004
54711	-0.005	0.013	-0.007	0.5802	-0.6386	2.5004
54727	-0.017	0.010	-0.007	0.5796	-0.6395	2.5004
54746	-0.013	0.009	-0.007	0.5793	-0.6399	2.5004
54783	-0.010	0.003	-0.007	0.5781	-0.6415	2.5004
54785	-0.010	0.003	-0.007	0.5781	-0.6415	2.5004
54835	-0.093	-0.001	-0.007	0.5764	-0.6437	2.5004
54835	-0.093	-0.001	-0.007	0.5764	-0.6437	2.5004
54845	-0.093	-0.001	-0.007	0.5764	-0.6437	2.5004
54894	-0.139	-0.011	-0.007	0.5745	-0.6462	2.5003
54894	-0.139	-0.011	-0.007	0.5745	-0.6462	2.5003
54906	-0.139	-0.011	-0.007	0.5745	-0.6462	2.5003
54953	0.024	-0.012	-0.007	0.5730	-0.6481	2.5004
54955	0.024	-0.012	-0.007	0.5730	-0.6481	2.5004
54970	0.046	-0.012	-0.007	0.5724	-0.6488	2.5004
54986	0.014	-0.014	-0.007	0.5720	-0.6494	2.5004
55020	-0.017	-0.012	-0.007	0.5711	-0.6505	2.5004
55026	-0.017	-0.012	-0.007	0.5711	-0.6505	2.5004
55074	0.109	-0.002	-0.007	0.5695	-0.6526	2.5004
55075	0.109	-0.002	-0.007	0.5695	-0.6526	2.5004
55085	0.109	-0.002	-0.007	0.5695	-0.6526	2.5004
55119	-0.003	0.001	-0.007	0.5683	-0.6543	2.5004
55129	-0.022	0.001	-0.007	0.5680	-0.6547	2.5004
55145	-0.034	0.001	-0.007	0.5677	-0.6551	2.5004
55166	0.008	0.001	-0.007	0.5670	-0.6560	2.5004
55196	0.078	0.001	-0.007	0.5660	-0.6573	2.5004
55206	0.081	0.001	-0.007	0.5657	-0.6577	2.5004
55227	0.073	0.001	-0.007	0.5653	-0.6583	2.5004
55248	0.064	0.001	-0.007	0.5646	-0.6592	2.5004
55266	0.041	-0.001	-0.007	0.5640	-0.6600	2.5004
55299	0.043	-0.002	-0.007	0.5632	-0.6611	2.5004
55307	0.045	-0.002	-0.007	0.5628	-0.6616	2.5004
55367	-0.063	0.001	-0.007	0.5611	-0.6639	2.5004
55367	-0.063	0.001	-0.007	0.5611	-0.6639	2.5004
55367	-0.063	0.001	-0.007	0.5611	-0.6639	2.5004
55415	-0.086	-0.003	-0.007	0.5594	-0.6660	2.5004
55415	-0.086	-0.003	-0.007	0.5594	-0.6660	2.5004
55425	-0.068	-0.003	-0.007	0.5591	-0.6665	2.5004
55446	-0.031	-0.005	-0.007	0.5585	-0.6672	2.5003
55487	0.077	-0.009	-0.007	0.5573	-0.6688	2.5004
55488	0.077	-0.009	-0.007	0.5573	-0.6688	2.5004
55505	0.074	-0.014	-0.007	0.5565	-0.6698	2.5004
55540	-0.002	-0.020	-0.007	0.5557	-0.6708	2.5004
55551	-0.057	-0.022	-0.007	0.5554	-0.6712	2.5004
55592	-0.108	-0.021	-0.007	0.5548	-0.6721	2.5004
55603	-0.077	-0.019	-0.007	0.5540	-0.6731	2.5004
55605	-0.077	-0.019	-0.007	0.5540	-0.6731	2.5004
55673	-0.126	-0.014	-0.007	0.5520	-0.6757	2.5005
55675	-0.126	-0.014	-0.007	0.5520	-0.6757	2.5005
55677	-0.126	-0.014	-0.007	0.5520	-0.6757	2.5005
55685	-0.126	-0.014	-0.007	0.5520	-0.6757	2.5005
55707	-0.066	-0.005	-0.007	0.5513	-0.6765	2.5005
55737	0.021	0.003	-0.007	0.5505	-0.6776	2.5005
55745	0.021	0.003	-0.007	0.5505	-0.6776	2.5005
55789	0.053	0.010	-0.007	0.5492	-0.6792	2.5005
55789	0.053	0.010	-0.007	0.5492	-0.6792	2.5005
55807	0.029	0.015	-0.007	0.5486	-0.6799	2.5005
55840	0.011	0.022	-0.007	0.5476	-0.6811	2.5006
55846	0.011	0.022	-0.007	0.5476	-0.6811	2.5006
55885	0.097	0.026	-0.007	0.5462	-0.6829	2.5006
55887	0.097	0.026	-0.007	0.5462	-0.6829	2.5006
55908	0.129	0.021	-0.007	0.5455	-0.6838	2.5006
55926	0.129	0.015	-0.007	0.5449	-0.6846	2.5006
55946	0.100	0.008	-0.007	0.5443	-0.6853	2.5006
55966	0.085	0.004	-0.007	0.5437	-0.6861	2.5006
56037	-0.046	-0.015	-0.007	0.5418	-0.6886	2.5006
56037	-0.046	-0.015	-0.007	0.5418	-0.6886	2.5006
56037	-0.046	-0.015	-0.007	0.5418	-0.6886	2.5006
56060	-0.068	-0.019	-0.007	0.5411	-0.6895	2.5006
56066	-0.068	-0.019	-0.007	0.5408	-0.6899	2.5006
56094	-0.037	-0.018	-0.007	0.5401	-0.6907	2.5006
56106	-0.037	-0.018	-0.007	0.5401	-0.6907	2.5006
56141	0.092	-0.015	-0.007	0.5387	-0.6924	2.5005
56147	0.092	-0.015	-0.007	0.5388	-0.6923	2.5006
56166	0.129	-0.012	-0.007	0.5382	-0.6930	2.5005
56203	0.061	-0.007	-0.007	0.5370	-0.6946	2.5005
56210	0.061	-0.007	-0.007	0.5369	-0.6946	2.5006
56226	0.061	-0.007	-0.007	0.5369	-0.6946	2.5006
56274	0.093	0.002	-0.007	0.5352	-0.6968	2.5006
56274	0.093	0.002	-0.007	0.5352	-0.6968	2.5006
56286	0.093	0.002	-0.007	0.5352	-0.6968	2.5006
56321	0.056	0.005	-0.007	0.5339	-0.6985	2.5007
56325	0.056	0.005	-0.007	0.5339	-0.6985	2.5007
56475	-0.177	0.007	-0.007	0.5302	-0.7032	2.5007
56475	-0.177	0.007	-0.007	0.5302	-0.7032	2.5007
56475	-0.177	0.007	-0.007	0.5302	-0.7032	2.5007
56475	-0.177	0.007	-0.007	0.5302	-0.7032	2.5007
56475	-0.177	0.007	-0.007	0.5302	-0.7032	2.5007
56477	-0.177	0.007	-0.007	0.5302	-0.7032	2.5007
56477	-0.177	0.007	-0.007	0.5302	-0.7032	2.5007
56515	-1.991	0.035	-0.002	0.5288	-0.7048	2.5008
56520	-1.978	0.043	-0.000	0.5287	-0.7049	2.5008
56525	-1.978	0.043	-0.000	0.5287	-0.7049	2.5008
56584	-3.083	0.054	0.004	0.5267	-0.7065	2.5012
56584	-3.083	0.054	0.004	0.5267	-0.7065	2.5012
56586	-3.083	0.054	0.004	0.5267	-0.7065	2.5012
56606	-3.169	0.049	0.004	0.5258	-0.7067	2.5015
56633	-3.260	0.060	0.005	0.5251	-0.7070	2.5016
56648	-3.320	0.066	0.006	0.5247	-0.7070	2.5017
56691	-3.508	0.099	0.005	0.5234	-0.7067	2.5019
56691	-3.508	0.099	0.005	0.5234	-0.7067	2.5019
56705	-3.479	0.118	0.004	0.5227	-0.7063	2.5019
56738	-3.292	0.141	0.004	0.5218	-0.7061	2.5018
56745	-3.204	0.147	0.003	0.5215	-0.7059	2.5017
56768	-3.000	0.161	0.003	0.5208	-0.7054	2.5016
56793	-2.760	0.178	0.001	0.5201	-0.7043	2.5015
56805	-2.525	0.195	0.001	0.5195	-0.7039	2.5015
56832	-2.336	0.215	0.002	0.5189	-0.7043	2.5014
56846	-2.299	0.222	0.003	0.5186	-0.7041	2.5014
56865	-2.203	0.240	0.003	0.5179	-0.7035	2.5014
56887	-2.049	0.262	0.003	0.5172	-0.7035	2.5014
56985	-1.628	0.332	0.003	0.5138	-0.7023	2.5015
56985	-1.628	0.332	0.003	0.5138	-0.7023	2.5015
56985	-1.628	0.332	0.003	0.5138	-0.7023	2.5015
56987	-1.628	0.332	0.003	0.5138	-0.7023	2.5015
56987	-1.628	0.332	0.003	0.5138	-0.7023	2.5015
57013	-1.512	0.346	0.003	0.5130	-0.7023	2.5016
57033	-1.443	0.348	0.002	0.5121	-0.7016	2.5016
57045	-1.423	0.346	0.002	0.5118	-0.7019	2.5017
57069	-1.448	0.337	0.000	0.5109	-0.7011	2.5017
57119	-1.473	0.309	-0.002	0.5091	-0.7007	2.5018
57119	-1.473	0.309	-0.002	0.5091	-0.7007	2.5018
57125	-1.473	0.309	-0.002	0.5091	-0.7007	2.5018
57161	-1.460	0.293	-0.003	0.5081	-0.7006	2.5019
57169	-1.454	0.286	-0.004	0.5076	-0.7002	2.5019
57185	-1.438	0.279	-0.005	0.5072	-0.6999	2.5019
57205	-1.402	0.264	-0.005	0.5060	-0.6987	2.5019
57227	-1.370	0.252	-0.004	0.5054	-0.6987	2.5019
57269	-1.447	0.234	-0.003	0.5038	-0.6980	2.5020
57271	-1.447	0.234	-0.003	0.5038	-0.6980	2.5020
57292	-1.486	0.230	-0.003	0.5031	-0.6973	2.5019
57305	-1.477	0.230	-0.003	0.5031	-0.6976	2.5020
57338	-1.567	0.224	-0.002	0.5017	-0.6963	2.5019
57346	-1.605	0.224	-0.003	0.5013	-0.6956	2.5019
57408	-1.641	0.230	-0.005	0.4993	-0.6939	2.5018
57408	-1.641	0.230	-0.005	0.4993	-0.6939	2.5018
57408	-1.641	0.230	-0.005	0.4993	-0.6939	2.5018
57457	-1.528	0.254	-0.004	0.4976	-0.6917	2.5018
57457	-1.528	0.254	-0.004	0.4976	-0.6917	2.5018
57465	-1.522	0.254	-0.004	0.4976	-0.6920	2.5018
57490	-1.505	0.263	-0.003	0.4964	-0.6897	2.5017
57512	-1.478	0.263	-0.003	0.4957	-0.6888	2.5017
57527	-1.449	0.263	-0.003	0.4954	-0.6886	2.5017
57583	-1.432	0.261	-0.002	0.4937	-0.6867	2.5017
57585	-1.432	0.261	-0.002	0.4937	-0.6867	2.5017
57585	-1.432	0.261	-0.002	0.4937	-0.6867	2.5017
57608	-1.461	0.265	-0.002	0.4927	-0.6846	2.5016
57641	-1.483	0.275	-0.002	0.4917	-0.6837	2.5017
57647	-1.483	0.275	-0.002	0.4917	-0.6837	2.5017
57690	-1.363	0.292	-0.001	0.4901	-0.6810	2.5016
57696	-1.326	0.292	-0.001	0.4897	-0.6803	2.5016
57706	-1.326	0.292	-0.001	0.4897	-0.6805	2.5016
57730	-1.301	0.286	-0.001	0.4887	-0.6784	2.5015
57763	-1.290	0.271	-0.002	0.4873	-0.6763	2.5015
57765	-1.290	0.271	-0.002	0.4873	-0.6763	2.5015
57801	-1.155	0.251	-0.002	0.4860	-0.6738	2.5015
57810	-1.155	0.251	-0.002	0.4860	-0.6738	2.5015
57827	-1.085	0.235	-0.002	0.4851	-0.6721	2.5014
57846	-1.085	0.230	-0.002	0.4849	-0.6719	2.5014
57865	-1.103	0.221	-0.003	0.4841	-0.6705	2.5014
57904	-1.075	0.212	-0.003	0.4831	-0.6688	2.5013
57906	-1.075	0.212	-0.003	0.4831	-0.6688	2.5013
57933	-1.042	0.206	-0.003	0.4819	-0.6665	2.5013
57964	-1.046	0.199	-0.003	0.4809	-0.6643	2.5012
57975	-1.057	0.197	-0.003	0.4807	-0.6641	2.5012
58016	-1.133	0.191	-0.003	0.4794	-0.6618	2.5011
58018	-1.133	0.191	-0.003	0.4794	-0.6618	2.5011
58026	-1.133	0.191	-0.003	0.4794	-0.6618	2.5011
58081	-1.219	0.187	0.001	0.4770	-0.6568	2.5009
58081	-1.219	0.187	0.001	0.4770	-0.6568	2.5009
58085	-1.219	0.187	0.001	0.4770	-0.6568	2.5009
58131	-1.062	0.174	0.002	0.4753	-0.6530	2.5008
58131	-1.062	0.174	0.002	0.4753	-0.6530	2.5008
58145	-1.012	0.168	0.002	0.4749	-0.6523	2.5008
58183	-0.906	0.138	0.002	0.4733	-0.6485	2.5008
58185	-0.906	0.138	0.002	0.4733	-0.6485	2.5008
58206	-0.934	0.128	0.002	0.4726	-0.6471	2.5007
58226	-0.969	0.123	0.001	0.4722	-0.6462	2.5007
58246	-1.010	0.116	0.001	0.4715	-0.6446	2.5007
58267	-1.010	0.112	0.001	0.4710	-0.6436	2.5007
58328	-0.955	0.085	0.001	0.4688	-0.6386	2.5006
58330	-0.955	0.085	0.001	0.4688	-0.6386	2.5006
58332	-0.955	0.085	0.001	0.4688	-0.6386	2.5006
58346	-0.951	0.080	0.001	0.4682	-0.6371	2.5006
58366	-0.934	0.074	0.002	0.4674	-0.6353	2.5005
58386	-0.946	0.068	0.003	0.4666	-0.6333	2.5005
58412	-0.974	0.059	0.004	0.4657	-0.6310	2.5004
58429	-0.971	0.056	0.004	0.4654	-0.6302	2.5004
58446	-0.942	0.050	0.004	0.4645	-0.6280	2.5004
58465	-0.918	0.048	0.004	0.4642	-0.6272	2.5003
58507	-0.810	0.024	0.006	0.4628	-0.6238	2.5003
58507	-0.810	0.024	0.006	0.4628	-0.6238	2.5003
58531	-0.793	0.015	0.007	0.4621	-0.6220	2.5003
58565	-0.790	0.009	0.009	0.4609	-0.6192	2.5002
58565	-0.790	0.009	0.009	0.4609	-0.6192	2.5002
58587	-0.785	0.003	0.009	0.4600	-0.6165	2.5002
58608	-0.788	-0.004	0.009	0.4593	-0.6145	2.5001
58628	-0.773	-0.012	0.009	0.4585	-0.6127	2.5001
58645	-0.770	-0.016	0.009	0.4582	-0.6118	2.5000
58689	-0.776	-0.032	0.009	0.4567	-0.6078	2.4999
58689	-0.776	-0.032	0.009	0.4567	-0.6078	2.4999
58706	-0.776	-0.034	0.009	0.4563	-0.6067	2.4999
58725	-0.752	-0.035	0.009	0.4555	-0.6046	2.4999
58752	-0.717	-0.039	0.010	0.4544	-0.6014	2.4998
58787	-0.742	-0.048	0.012	0.4532	-0.5983	2.4998
58787	-0.742	-0.048	0.012	0.4532	-0.5983	2.4998
58805	-0.753	-0.051	0.013	0.4528	-0.5971	2.4998
58825	-0.766	-0.058	0.014	0.4518	-0.5939	2.4997
58853	-0.769	-0.064	0.014	0.4511	-0.5923	2.4997
58866	-0.764	-0.068	0.014	0.4507	-0.5911	2.4997
58886	-0.763	-0.078	0.014	0.4501	-0.5891	2.4997
58931	-0.630	-0.105	0.014	0.4485	-0.5847	2.4997
58931	-0.630	-0.105	0.014	0.4485	-0.5847	2.4997
58950	-0.590	-0.117	0.013	0.4478	-0.5825	2.4997
58966	-0.613	-0.121	0.013	0.4475	-0.5816	2.4996
58986	-0.660	-0.122	0.013	0.4468	-0.5794	2.4996
59009	-0.658	-0.119	0.013	0.4462	-0.5775	2.4996
59028	-0.639	-0.115	0.014	0.4455	-0.5755	2.4996
59097	-0.707	-0.109	0.014	0.4433	-0.5692	2.4996
59097	-0.707	-0.109	0.014	0.4433	-0.5692	2.4996
59099	-0.707	-0.109	0.014	0.4433	-0.5692	2.4996
59105	-0.707	-0.109	0.014	0.4433	-0.5692	2.4996
59157	-0.777	-0.105	0.014	0.4413	-0.5630	2.4996
59159	-0.777	-0.105	0.014	0.4413	-0.5630	2.4996
59165	-0.777	-0.105	0.014	0.4413	-0.5631	2.4996
59193	-0.750	-0.109	0.014	0.4403	-0.5595	2.4996
59212	-0.720	-0.118	0.014	0.4395	-0.5572	2.4995
59264	-0.674	-0.138	0.013	0.4380	-0.5526	2.4995
59264	-0.674	-0.138	0.013	0.4380	-0.5526	2.4995
59266	-0.674	-0.138	0.013	0.4380	-0.5526	2.4995
59292	-0.598	-0.145	0.014	0.4369	-0.5491	2.4995
59305	-0.581	-0.150	0.014	0.4366	-0.5480	2.4995
59325	-0.607	-0.164	0.014	0.4358	-0.5452	2.4994
59355	-0.610	-0.178	0.013	0.4348	-0.5421	2.4994
59369	-0.579	-0.181	0.013	0.4345	-0.5412	2.4994
59387	-0.480	-0.192	0.013	0.4337	-0.5380	2.4994
59411	-0.422	-0.198	0.014	0.4332	-0.5363	2.4995
59432	-0.362	-0.207	0.015	0.4326	-0.5341	2.4995
59457	-0.369	-0.215	0.015	0.4319	-0.5322	2.4995
59500	-0.396	-0.220	0.015	0.4306	-0.5279	2.4995
59500	-0.396	-0.220	0.015	0.4306	-0.5279	2.4995
59505	-0.396	-0.220	0.015	0.4306	-0.5279	2.4995
59525	-0.388	-0.218	0.015	0.4298	-0.5242	2.4996
59574	-0.438	-0.215	0.017	0.4285	-0.5201	2.4996
59574	-0.438	-0.215	0.017	0.4285	-0.5201	2.4996
59603	-0.478	-0.213	0.017	0.4277	-0.5173	2.4995
59607	-0.478	-0.213	0.017	0.4277	-0.5173	2.4995
59626	-0.485	-0.209	0.017	0.4271	-0.5151	2.4995
59645	-0.496	-0.208	0.017	0.4268	-0.5138	2.4995
59673	-0.502	-0.200	0.017	0.4258	-0.5102	2.4995
59690	-0.499	-0.199	0.017	0.4256	-0.5094	2.4995
59723	-0.551	-0.199	0.017	0.4246	-0.5059	2.4995
59726	-0.551	-0.199	0.017	0.4246	-0.5059	2.4995
59749	-0.607	-0.197	0.017	0.4241	-0.5035	2.4995
59797	-0.651	-0.179	0.018	0.4225	-0.4982	2.4995
59797	-0.651	-0.179	0.018	0.4225	-0.4982	2.4995
59805	-0.651	-0.179	0.018	0.4225	-0.4982	2.4995
59827	-0.571	-0.176	0.018	0.4218	-0.4945	2.4995
59864	-0.524	-0.179	0.018	0.4209	-0.4915	2.4995
59866	-0.524	-0.179	0.018	0.4209	-0.4915	2.4995
59886	-0.468	-0.180	0.018	0.4202	-0.4884	2.4996
59908	-0.418	-0.180	0.018	0.4195	-0.4860	2.4996
59925	-0.407	-0.181	0.018	0.4192	-0.4848	2.4996
59961	-0.497	-0.178	0.019	0.4181	-0.4807	2.4996
59968	-0.497	-0.178	0.019	0.4181	-0.4807	2.4996
59988	-0.566	-0.183	0.019	0.4173	-0.4774	2.4996
60028	-0.532	-0.196	0.019	0.4161	-0.4722	2.4997
60028	-0.532	-0.196	0.019	0.4161	-0.4722	2.4997
60064	-0.462	-0.207	0.019	0.4154	-0.4691	2.4997
60089	-0.426	-0.221	0.018	0.4145	-0.4655	2.4997
60091	-0.426	-0.221	0.018	0.4145	-0.4657	2.4997
60114	-0.407	-0.224	0.018	0.4141	-0.4641	2.4997
60131	-0.367	-0.226	0.018	0.4136	-0.4621	2.4997
60145	-0.387	-0.228	0.018	0.4131	-0.4596	2.4997
60165	-0.409	-0.228	0.018	0.4129	-0.4587	2.4997
60192	-0.477	-0.227	0.018	0.4121	-0.4556	2.4997
60215	-0.533	-0.223	0.018	0.4116	-0.4532	2.4997
60225	-0.533	-0.223	0.018	0.4116	-0.4532	2.4997
60248	-0.612	-0.215	0.019	0.4109	-0.4498	2.4997
60270	-0.645	-0.207	0.019	0.4104	-0.4475	2.4997
60286	-0.622	-0.204	0.019	0.4102	-0.4465	2.4997
60335	-0.537	-0.196	0.019	0.4090	-0.4420	2.4998
60335	-0.537	-0.196	0.019	0.4090	-0.4420	2.4998
60345	-0.512	-0.193	0.019	0.4088	-0.4408	2.4998
60392	-0.457	-0.178	0.019	0.4078	-0.4363	2.4998
60395	-0.462	-0.178	0.019	0.4075	-0.4351	2.4998
60405	-0.480	-0.177	0.019	0.4074	-0.4338	2.4998
60452	-0.569	-0.163	0.020	0.4064	-0.4302	2.4999
60452	-0.569	-0.163	0.020	0.4064	-0.4302	2.4999
60505	-0.629	-0.145	0.021	0.4050	-0.4235	2.4999
60507	-0.629	-0.145	0.021	0.4050	-0.4235	2.4999
60507	-0.629	-0.145	0.021	0.4050	-0.4235	2.4999
60526	-0.635	-0.148	0.021	0.4045	-0.4210	2.4999
60576	-0.609	-0.167	0.021	0.4032	-0.4150	2.4999
60578	-0.609	-0.167	0.021	0.4032	-0.4150	2.4999
60585	-0.609	-0.167	0.021	0.4032	-0.4150	2.4999
60607	-0.551	-0.172	0.021	0.4028	-0.4127	2.4999
60633	-0.505	-0.176	0.021	0.4020	-0.4094	2.4999
60646	-0.505	-0.176	0.021	0.4020	-0.4094	2.4999
60690	-0.404	-0.183	0.021	0.4009	-0.4041	2.4999
60695	-0.394	-0.184	0.021	0.4007	-0.4029	2.4999
60711	-0.400	-0.184	0.021	0.4004	-0.4020	2.5000
60755	-0.502	-0.179	0.022	0.3994	-0.3973	2.5000
60755	-0.502	-0.179	0.022	0.3994	-0.3973	2.5000
60791	-0.497	-0.171	0.022	0.3986	-0.3935	2.5000
60810	-0.479	-0.174	0.021	0.3981	-0.3911	2.5000
60812	-0.479	-0.174	0.021	0.3981	-0.3911	2.5000
60833	-0.462	-0.178	0.019	0.3977	-0.3889	2.5000
60868	-0.456	-0.175	0.018	0.3969	-0.3856	2.5000
60868	-0.456	-0.175	0.018	0.3969	-0.3856	2.5000
60918	-0.405	-0.179	0.016	0.3957	-0.3790	2.5001
60918	-0.405	-0.179	0.016	0.3957	-0.3790	2.5001
60925	-0.405	-0.179	0.016	0.3957	-0.3790	2.5001
60945	-0.428	-0.181	0.016	0.3954	-0.3776	2.5001
60976	-0.482	-0.182	0.016	0.3947	-0.3740	2.5001
61003	-0.466	-0.182	0.016	0.3941	-0.3713	2.5001
61009	-0.472	-0.178	0.016	0.3941	-0.3714	2.5001
61027	-0.468	-0.178	0.016	0.3937	-0.3689	2.5002
61054	-0.493	-0.172	0.017	0.3931	-0.3666	2.5002
61066	-0.493	-0.172	0.017	0.3931	-0.3666	2.5002
61117	-0.592	-0.155	0.018	0.3918	-0.3597	2.5002
61117	-0.592	-0.155	0.018	0.3918	-0.3597	2.5002
61125	-0.592	-0.155	0.018	0.3918	-0.3597	2.5002
61157	-0.616	-0.155	0.017	0.3911	-0.3554	2.5002
61180	-0.554	-0.154	0.015	0.3906	-0.3531	2.5002
61186	-0.554	-0.154	0.015	0.3906	-0.3531	2.5002
61238	-0.447	-0.157	0.014	0.3894	-0.3468	2.5002
61240	-0.447	-0.157	0.014	0.3894	-0.3468	2.5002
61246	-0.447	-0.157	0.014	0.3894	-0.3468	2.5002
61272	-0.551	-0.147	0.014	0.3887	-0.3430	2.5002
61291	-0.602	-0.139	0.015	0.3885	-0.3421	2.5002
61306	-0.668	-0.134	0.015	0.3882	-0.3404	2.5003
61340	-0.717	-0.126	0.015	0.3875	-0.3365	2.5003
61354	-0.670	-0.130	0.014	0.3871	-0.3343	2.5003
61366	-0.670	-0.130	0.014	0.3870	-0.3344	2.5004
61424	-0.507	-0.152	0.009	0.3856	-0.3264	2.5004
61424	-0.507	-0.152	0.009	0.3856	-0.3264	2.5004
61426	-0.507	-0.152	0.009	0.3856	-0.3264	2.5004
61446	-0.565	-0.145	0.009	0.3851	-0.3238	2.5004
61465	-0.577	-0.141	0.007	0.3847	-0.3212	2.5004
61498	-0.545	-0.136	0.006	0.3840	-0.3175	2.5004
61505	-0.545	-0.136	0.006	0.3840	-0.3175	2.5004
61526	-0.452	-0.145	0.006	0.3834	-0.3142	2.5004
61563	-0.411	-0.161	0.006	0.3827	-0.3108	2.5004
61565	-0.411	-0.161	0.006	0.3827	-0.3108	2.5004
61585	-0.310	-0.170	0.006	0.3822	-0.3073	2.5004
61630	-0.247	-0.178	0.006	0.3812	-0.3024	2.5005
61630	-0.247	-0.178	0.006	0.3812	-0.3024	2.5005
61688	-0.157	-0.192	0.006	0.3800	-0.2954	2.5005
61688	-0.157	-0.192	0.006	0.3800	-0.2954	2.5005
61690	-0.157	-0.192	0.006	0.3800	-0.2954	2.5005
61739	-0.175	-0.189	0.007	0.3791	-0.2904	2.5005
61741	-0.175	-0.189	0.007	0.3791	-0.2904	2.5005
61745	-0.214	-0.184	0.007	0.3789	-0.2890	2.5005
61765	-0.256	-0.178	0.007	0.3786	-0.2878	2.5005
61799	-0.331	-0.174	0.007	0.3779	-0.2834	2.5005
61805	-0.331	-0.174	0.007	0.3779	-0.2834	2.5005
61826	-0.371	-0.174	0.007	0.3776	-0.2812	2.5005
61851	-0.430	-0.174	0.007	0.3771	-0.2787	2.5005
61866	-0.446	-0.175	0.007	0.3767	-0.2768	2.5005
61892	-0.434	-0.175	0.007	0.3762	-0.2732	2.5005
61908	-0.444	-0.174	0.007	0.3759	-0.2716	2.5005
61925	-0.457	-0.172	0.007	0.3758	-0.2706	2.5005
61974	-0.430	-0.161	0.007	0.3747	-0.2649	2.5005
61974	-0.430	-0.161	0.007	0.3747	-0.2649	2.5005
61985	-0.430	-0.161	0.007	0.3747	-0.2649	2.5005
62006	-0.387	-0.157	0.007	0.3743	-0.2618	2.5005
62038	-0.392	-0.155	0.007	0.3737	-0.2587	2.5005
62085	-0.426	-0.138	0.008	0.3728	-0.2538	2.5006
62085	-0.426	-0.138	0.008	0.3728	-0.2538	2.5006
62085	-0.426	-0.138	0.008	0.3728	-0.2538	2.5006
62142	-0.442	-0.128	0.008	0.3716	-0.2464	2.5006
62142	-0.442	-0.128	0.008	0.3716	-0.2464	2.5006
62146	-0.442	-0.128	0.008	0.3716	-0.2464	2.5006
62168	-0.460	-0.127	0.008	0.3714	-0.2447	2.5006
62187	-0.490	-0.124	0.008	0.3709	-0.2419	2.5005
62205	-0.479	-0.123	0.008	0.3705	-0.2393	2.5005
62225	-0.479	-0.123	0.008	0.3705	-0.2395	2.5005
62273	-0.345	-0.127	0.008	0.3694	-0.2336	2.5004
62273	-0.345	-0.127	0.008	0.3694	-0.2336	2.5004
62285	-0.345	-0.127	0.008	0.3694	-0.2336	2.5004
62325	-0.395	-0.127	0.008	0.3686	-0.2279	2.5004
62327	-0.395	-0.127	0.008	0.3686	-0.2279	2.5004
62345	-0.399	-0.123	0.008	0.3682	-0.2261	2.5004
62386	-0.430	-0.117	0.008	0.3676	-0.2230	2.5004
62386	-0.430	-0.117	0.008	0.3676	-0.2230	2.5004
62412	-0.513	-0.109	0.008	0.3670	-0.2192	2.5004
62439	-0.539	-0.099	0.008	0.3665	-0.2168	2.5005
62445	-0.539	-0.099	0.008	0.3665	-0.2168	2.5005
62489	-0.555	-0.090	0.009	0.3655	-0.2104	2.5004
62491	-0.555	-0.090	0.009	0.3655	-0.2104	2.5004
62505	-0.555	-0.090	0.009	0.3655	-0.2104	2.5004
62534	-0.578	-0.090	0.009	0.3648	-0.2056	2.5004
62560	-0.537	-0.093	0.009	0.3643	-0.2026	2.5003
62568	-0.537	-0.093	0.009	0.3643	-0.2027	2.5003
62619	-0.361	-0.108	0.005	0.3634	-0.1970	2.5003
62619	-0.361	-0.108	0.005	0.3634	-0.1970	2.5003
62628	-0.348	-0.111	0.005	0.3632	-0.1960	2.5003
62671	-0.300	-0.112	0.005	0.3625	-0.1921	2.5003
62673	-0.300	-0.112	0.005	0.3625	-0.1921	2.5003
62686	-0.320	-0.109	0.005	0.3621	-0.1895	2.5003
62705	-0.329	-0.109	0.005	0.3619	-0.1886	2.5003
62741	-0.401	-0.105	0.005	0.3612	-0.1842	2.5003
62745	-0.401	-0.105	0.005	0.3612	-0.1842	2.5003
62766	-0.401	-0.105	0.005	0.3612	-0.1842	2.5003
62785	-0.372	-0.103	0.005	0.3606	-0.1801	2.5003
62807	-0.358	-0.103	0.005	0.3603	-0.1783	2.5003
62828	-0.369	-0.102	0.005	0.3600	-0.1763	2.5003
62849	-0.388	-0.099	0.005	0.3597	-0.1744	2.5003
62879	-0.457	-0.090	0.005	0.3593	-0.1726	2.5003
62888	-0.457	-0.090	0.005	0.3593	-0.1726	2.5003
62915	-0.543	-0.074	0.005	0.3588	-0.1690	2.5003
62927	-0.543	-0.070	0.005	0.3587	-0.1681	2.5003
62945	-0.545	-0.060	0.005	0.3583	-0.1664	2.5003
62981	-0.661	-0.037	0.005	0.3576	-0.1622	2.5002
62990	-0.697	-0.030	0.005	0.3575	-0.1609	2.5002
63038	-0.773	-0.006	0.005	0.3566	-0.1557	2.5002
63040	-0.773	-0.006	0.005	0.3566	-0.1557	2.5002
63045	-0.773	-0.006	0.005	0.3566	-0.1557	2.5002
63067	-0.754	-0.013	0.005	0.3561	-0.1521	2.5002
63096	-0.704	-0.028	0.005	0.3555	-0.1486	2.5002
63106	-0.652	-0.035	0.005	0.3553	-0.1472	2.5002
63126	-0.569	-0.048	0.005	0.3549	-0.1447	2.5002
63146	-0.525	-0.054	0.004	0.3546	-0.1434	2.5002
63165	-0.436	-0.066	0.003	0.3542	-0.1405	2.5002
63190	-0.394	-0.075	0.002	0.3539	-0.1382	2.5002
63220	-0.309	-0.088	0.002	0.3533	-0.1348	2.5002
63226	-0.309	-0.088	0.002	0.3533	-0.1348	2.5002
63245	-0.241	-0.095	0.002	0.3528	-0.1318	2.5002
63276	-0.233	-0.098	0.001	0.3523	-0.1279	2.5002
63517	4.665	-2.492	0.016	0.3494	-0.1073	2.5009
63517	4.665	-2.492	0.016	0.3494	-0.1073	2.5009
63517	4.665	-2.492	0.016	0.3494	-0.1073	2.5009
63517	4.665	-2.492	0.016	0.3494	-0.1073	2.5009
63519	4.665	-2.492	0.016	0.3494	-0.1073	2.5009
63519	4.665	-2.492	0.016	0.3494	-0.1073	2.5009
63519	4.665	-2.492	0.016	0.3494	-0.1073	2.5009
63519	4.665	-2.492	0.016	0.3494	-0.1073	2.5009
63521	4.665	-2.492	0.016	0.3494	-0.1073	2.5009
63521	4.665	-2.492	0.016	0.3494	-0.1073	2.5009
63521	4.665	-2.492	0.016	0.3494	-0.1073	2.5009
63529	4.673	-2.510	-0.000	0.3494	-0.1064	2.5011
63529	4.673	-2.510	-0.000	0.3494	-0.1064	2.5011
63551	4.410	-2.388	-0.048	0.3494	-0.1050	2.5014
63567	4.175	-2.257	-0.082	0.3495	-0.1043	2.5015
63619	3.392	-1.821	-0.224	0.3500	-0.1010	2.5023
63621	3.392	-1.821	-0.224	0.3500	-0.1010	2.5023
63628	3.350	-1.830	-0.249	0.3504	-0.1005	2.5026
63686	3.110	-1.884	-0.305	0.3513	-0.0980	2.5028
63688	3.110	-1.884	-0.305	0.3513	-0.0980	2.5028
63690	3.110	-1.884	-0.305	0.3513	-0.0980	2.5028
63736	2.399	-1.670	-0.326	0.3522	-0.0960	2.5027
63736	2.399	-1.670	-0.326	0.3522	-0.0960	2.5027
63749	2.292	-1.608	-0.325	0.3523	-0.0953	2.5026
63772	2.203	-1.554	-0.321	0.3532	-0.0952	2.5025
63790	2.067	-1.495	-0.311	0.3532	-0.0937	2.5024
63806	1.977	-1.477	-0.304	0.3536	-0.0934	2.5023
63826	1.725	-1.437	-0.286	0.3551	-0.0936	2.5021
63853	1.490	-1.363	-0.266	0.3551	-0.0919	2.5021
63892	1.341	-1.265	-0.227	0.3559	-0.0901	2.5021
63892	1.341	-1.265	-0.227	0.3559	-0.0901	2.5021
63905	1.295	-1.237	-0.216	0.3559	-0.0894	2.5021
63955	1.156	-1.159	-0.169	0.3572	-0.0874	2.5022
63955	1.156	-1.159	-0.169	0.3572	-0.0874	2.5022
63966	1.156	-1.159	-0.169	0.3572	-0.0874	2.5022
63989	1.144	-1.172	-0.132	0.3592	-0.0872	2.5022
64026	1.085	-1.147	-0.106	0.3592	-0.0853	2.5024
64026	1.085	-1.147	-0.106	0.3592	-0.0853	2.5024
64047	1.123	-1.146	-0.092	0.3600	-0.0851	2.5024
64090	1.232	-1.106	-0.061	0.3608	-0.0833	2.5026
64090	1.232	-1.106	-0.061	0.3608	-0.0833	2.5026
64107	1.258	-1.106	-0.054	0.3611	-0.0831	2.5026
64131	1.242	-1.108	-0.042	0.3619	-0.0827	2.5026
64147	1.215	-1.109	-0.033	0.3622	-0.0820	2.5026
64165	1.215	-1.109	-0.033	0.3622	-0.0820	2.5026
64203	1.245	-1.147	-0.015	0.3637	-0.0812	2.5026
64205	1.245	-1.147	-0.015	0.3637	-0.0812	2.5026
64232	1.292	-1.168	-0.008	0.3645	-0.0808	2.5026
64252	1.281	-1.188	-0.004	0.3651	-0.0805	2.5026
64272	1.252	-1.194	-0.001	0.3658	-0.0803	2.5026
64289	1.198	-1.196	0.001	0.3666	-0.0803	2.5026
64325	1.143	-1.195	0.004	0.3676	-0.0800	2.5026
64331	1.147	-1.195	0.005	0.3683	-0.0803	2.5025
64367	1.208	-1.195	0.006	0.3695	-0.0801	2.5025
64369	1.212	-1.195	0.007	0.3700	-0.0802	2.5025
64386	1.194	-1.191	0.007	0.3707	-0.0804	2.5024
64429	1.144	-1.160	0.006	0.3728	-0.0807	2.5024
64429	1.144	-1.160	0.006	0.3728	-0.0807	2.5024
64471	1.191	-1.110	0.005	0.3753	-0.0812	2.5022
64471	1.191	-1.110	0.005	0.3753	-0.0812	2.5022
64485	1.106	-1.082	0.004	0.3764	-0.0818	2.5022
64506	0.952	-1.035	0.003	0.3777	-0.0822	2.5021
64533	0.778	-0.979	0.003	0.3787	-0.0825	2.5021
64546	0.717	-0.945	0.002	0.3793	-0.0827	2.5021
64565	0.678	-0.868	-0.000	0.3812	-0.0835	2.5020
64599	0.739	-0.776	-0.004	0.3825	-0.0838	2.5020
64616	0.757	-0.750	-0.004	0.3834	-0.0842	2.5020
64636	0.735	-0.697	-0.005	0.3846	-0.0846	2.5020
64659	0.691	-0.657	-0.006	0.3859	-0.0852	2.5020
64674	0.676	-0.645	-0.006	0.3863	-0.0853	2.5019
64713	0.708	-0.609	-0.007	0.3884	-0.0862	2.5019
64713	0.708	-0.609	-0.007	0.3884	-0.0862	2.5019
64728	0.771	-0.607	-0.007	0.3894	-0.0867	2.5018
64745	0.819	-0.605	-0.007	0.3901	-0.0870	2.5018
64767	0.860	-0.602	-0.007	0.3910	-0.0874	2.5017
64785	0.850	-0.594	-0.008	0.3931	-0.0886	2.5016
64822	0.810	-0.581	-0.008	0.3948	-0.0895	2.5015
64826	0.810	-0.581	-0.008	0.3948	-0.0895	2.5015
64894	0.739	-0.564	-0.008	0.3981	-0.0914	2.5013
64894	0.739	-0.564	-0.008	0.3981	-0.0914	2.5013
64894	0.739	-0.564	-0.008	0.3981	-0.0914	2.5013
64916	0.694	-0.561	-0.008	0.3995	-0.0923	2.5012
64938	0.572	-0.552	-0.008	0.4015	-0.0937	2.5011
64964	0.514	-0.543	-0.008	0.4022	-0.0941	2.5010
64966	0.514	-0.543	-0.008	0.4022	-0.0941	2.5010
64999	0.552	-0.539	-0.008	0.4039	-0.0951	2.5010
65021	0.589	-0.541	-0.006	0.4052	-0.0959	2.5009
65027	0.594	-0.541	-0.006	0.4058	-0.0964	2.5009
65047	0.605	-0.541	-0.004	0.4073	-0.0974	2.5008
65068	0.605	-0.540	-0.004	0.4077	-0.0975	2.5008
65113	0.626	-0.521	-0.001	0.4108	-0.0996	2.5007
65113	0.626	-0.521	-0.001	0.4108	-0.0996	2.5007
65130	0.645	-0.517	-0.000	0.4117	-0.1002	2.5006
65146	0.645	-0.517	-0.000	0.4117	-0.1002	2.5006
65176	0.689	-0.496	0.003	0.4150	-0.1026	2.5004
65189	0.684	-0.489	0.003	0.4156	-0.1031	2.5004
65206	0.655	-0.476	0.004	0.4163	-0.1035	2.5003
65232	0.655	-0.445	0.005	0.4182	-0.1049	2.5002
65257	0.686	-0.431	0.005	0.4196	-0.1059	2.5002
65287	0.686	-0.410	0.004	0.4215	-0.1073	2.5001
65287	0.686	-0.410	0.004	0.4215	-0.1073	2.5001
65307	0.660	-0.393	0.004	0.4231	-0.1086	2.5000
65353	0.552	-0.349	0.006	0.4262	-0.1110	2.5000
65355	0.552	-0.349	0.006	0.4262	-0.1109	2.5000
65365	0.550	-0.338	0.006	0.4271	-0.1116	2.4999
65401	0.616	-0.314	0.008	0.4293	-0.1134	2.4999
65411	0.639	-0.307	0.008	0.4300	-0.1140	2.4998
65426	0.639	-0.307	0.008	0.4300	-0.1140	2.4998
65464	0.544	-0.246	0.008	0.4338	-0.1172	2.4997
65476	0.528	-0.229	0.008	0.4346	-0.1178	2.4997
65486	0.528	-0.229	0.008	0.4346	-0.1178	2.4997
65527	0.482	-0.166	0.007	0.4386	-0.1213	2.4996
65529	0.482	-0.166	0.007	0.4385	-0.1212	2.4995
65546	0.465	-0.157	0.008	0.4392	-0.1218	2.4995
65569	0.424	-0.131	0.009	0.4412	-0.1236	2.4995
65588	0.381	-0.109	0.011	0.4428	-0.1250	2.4994
65610	0.365	-0.096	0.012	0.4436	-0.1256	2.4994
65645	0.415	-0.089	0.014	0.4459	-0.1276	2.4993
65652	0.447	-0.091	0.014	0.4466	-0.1283	2.4993
65665	0.447	-0.091	0.014	0.4465	-0.1282	2.4993
65700	0.579	-0.100	0.014	0.4496	-0.1310	2.4992
65715	0.471	-0.026	0.012	0.4507	-0.1320	2.4991
65725	0.471	-0.026	0.012	0.4507	-0.1320	2.4991
65751	-0.110	0.336	0.000	0.4530	-0.1340	2.4991
65771	-0.280	0.445	-0.005	0.4536	-0.1346	2.4991
65785	-0.280	0.445	-0.005	0.4536	-0.1346	2.4991
65809	-0.895	0.851	-0.022	0.4562	-0.1370	2.4992
65830	-1.161	1.037	-0.032	0.4577	-0.1385	2.4993
65848	-1.250	1.112	-0.041	0.4588	-0.1395	2.4993
65880	-1.213	1.135	-0.049	0.4605	-0.1409	2.4991
65890	-1.202	1.124	-0.049	0.4605	-0.1409	2.4991
65910	-1.153	1.107	-0.053	0.4618	-0.1421	2.4985
65927	-1.097	1.100	-0.054	0.4630	-0.1431	2.4975
65946	-1.007	1.081	-0.054	0.4642	-0.1442	2.4963
65998	-0.775	1.040	-0.051	0.4668	-0.1464	2.4928
65999	-0.763	1.027	-0.051	0.4670	-0.1465	2.4930
66014	-0.688	1.004	-0.049	0.4678	-0.1473	2.4919
66025	-0.642	0.982	-0.047	0.4685	-0.1479	2.4909
66045	-0.573	0.971	-0.042	0.4698	-0.1491	2.4882
66098	-0.567	0.970	-0.030	0.4728	-0.1520	2.4808
66098	-0.567	0.970	-0.030	0.4728	-0.1520	2.4808
66147	-0.490	0.919	-0.021	0.4755	-0.1547	2.4755
66147	-0.490	0.919	-0.021	0.4755	-0.1547	2.4755
66147	-0.490	0.919	-0.021	0.4755	-0.1547	2.4755
66186	-0.583	0.914	-0.016	0.4777	-0.1569	2.4698
66186	-0.583	0.914	-0.016	0.4777	-0.1569	2.4698
66207	-0.647	0.940	-0.012	0.4788	-0.1582	2.4655
66231	-0.642	0.972	-0.009	0.4801	-0.1595	2.4603
66263	-0.573	0.972	-0.007	0.4815	-0.1610	2.4576
66265	-0.573	0.972	-0.007	0.4815	-0.1610	2.4576
66318	-0.340	0.924	-0.002	0.4844	-0.1641	2.4470
66318	-0.340	0.924	-0.002	0.4844	-0.1641	2.4470
66326	-0.340	0.924	-0.002	0.4844	-0.1641	2.4470
66347	-0.386	0.917	-0.002	0.4851	-0.1650	2.4444
66369	-0.535	0.936	-0.001	0.4862	-0.1662	2.4386
66389	-0.612	0.958	0.000	0.4871	-0.1673	2.4334
66438	-0.440	0.907	-0.001	0.4894	-0.1699	2.4229
66438	-0.440	0.907	-0.001	0.4894	-0.1699	2.4229
66445	-0.440	0.907	-0.001	0.4894	-0.1699	2.4229
66480	-0.368	0.855	-0.002	0.4910	-0.1717	2.4152
66496	-0.400	0.848	-0.001	0.4918	-0.1727	2.4083
66509	-0.404	0.847	-0.000	0.4922	-0.1732	2.4055
66526	-0.387	0.850	0.001	0.4929	-0.1741	2.3989
66547	-0.327	0.843	0.002	0.4938	-0.1752	2.3927
66565	-0.279	0.844	0.002	0.4943	-0.1759	2.3857
66608	-0.214	0.811	0.003	0.4960	-0.1779	2.3737
66608	-0.214	0.811	0.003	0.4960	-0.1779	2.3737
66645	-0.144	0.793	0.003	0.4970	-0.1791	2.3651
66663	-0.136	0.783	0.002	0.4976	-0.1800	2.3571
66667	-0.145	0.779	0.002	0.4980	-0.1805	2.3533
66694	-0.129	0.768	0.002	0.4985	-0.1813	2.3474
66712	-0.098	0.765	0.002	0.4990	-0.1820	2.3402
66725	-0.068	0.753	0.003	0.4995	-0.1827	2.3350
66746	-0.039	0.734	0.004	0.5002	-0.1836	2.3302
66799	-0.135	0.699	0.003	0.5018	-0.1857	2.3125
66801	-0.135	0.699	0.003	0.5018	-0.1857	2.3125
66805	-0.135	0.699	0.003	0.5018	-0.1857	2.3125
66834	-0.252	0.690	0.003	0.5027	-0.1871	2.3000
66846	-0.267	0.692	0.004	0.5030	-0.1875	2.2953
66869	-0.234	0.688	0.005	0.5037	-0.1885	2.2862
66889	-0.225	0.685	0.005	0.5041	-0.1890	2.2802
66912	-0.213	0.682	0.005	0.5049	-0.1904	2.2629
66933	-0.182	0.671	0.005	0.5054	-0.1912	2.2515
66960	-0.154	0.650	0.005	0.5061	-0.1921	2.2424
66966	-0.155	0.647	0.005	0.5063	-0.1925	2.2371
67022	-0.278	0.672	0.005	0.5076	-0.1947	2.2086
67022	-0.278	0.672	0.005	0.5076	-0.1947	2.2086
67026	-0.278	0.672	0.005	0.5076	-0.1947	2.2086
67048	-0.283	0.675	0.005	0.5079	-0.1955	2.1955
67074	-0.201	0.654	0.004	0.5086	-0.1966	2.1803
67086	-0.201	0.652	0.004	0.5089	-0.1970	2.1759
67106	-0.239	0.644	0.004	0.5092	-0.1977	2.1660
67142	-0.271	0.635	0.004	0.5100	-0.1989	2.1514
67146	-0.271	0.635	0.004	0.5100	-0.1989	2.1514
67165	-0.262	0.630	0.004	0.5105	-0.1997	2.1394
67187	-0.210	0.626	0.004	0.5109	-0.2005	2.1270
67206	-0.198	0.624	0.004	0.5109	-0.2008	2.1204
67253	-0.216	0.613	0.004	0.5120	-0.2029	2.0876
67253	-0.216	0.613	0.004	0.5120	-0.2029	2.0876
67306	-0.101	0.566	0.004	0.5127	-0.2047	2.0568
67306	-0.101	0.566	0.004	0.5127	-0.2047	2.0568
67306	-0.101	0.566	0.004	0.5127	-0.2047	2.0568
67350	-0.118	0.556	0.004	0.5135	-0.2062	2.0299
67350	-0.118	0.556	0.004	0.5135	-0.2062	2.0299
67381	-0.160	0.551	0.004	0.5138	-0.2072	2.0089
67385	-0.160	0.551	0.004	0.5138	-0.2072	2.0089
67414	-0.139	0.527	0.004	0.5142	-0.2084	1.9864
67470	-0.197	0.504	0.004	0.5148	-0.2102	1.9514
67470	-0.197	0.504	0.004	0.5148	-0.2102	1.9514
67470	-0.197	0.504	0.004	0.5148	-0.2102	1.9514
67519	-0.241	0.477	0.004	0.5153	-0.2117	1.9218
67519	-0.241	0.477	0.004	0.5153	-0.2117	1.9218
67525	-0.246	0.468	0.004	0.5154	-0.2120	1.9139
67560	-0.225	0.441	0.004	0.5156	-0.2131	1.8918
67565	-0.225	0.441	0.004	0.5157	-0.2131	1.8922
67586	-0.281	0.433	0.003	0.5159	-0.2138	1.8758
67606	-0.313	0.430	0.003	0.5160	-0.2146	1.8588
67626	-0.309	0.427	0.003	0.5162	-0.2149	1.8518
67649	-0.266	0.417	0.003	0.5164	-0.2158	1.8322
67687	-0.238	0.395	0.003	0.5167	-0.2170	1.8032
67689	-0.238	0.395	0.003	0.5167	-0.2170	1.8032
67705	-0.247	0.384	0.003	0.5167	-0.2174	1.7928
67740	-0.283	0.364	0.003	0.5170	-0.2183	1.7733
67746	-0.282	0.359	0.003	0.5171	-0.2186	1.7659
67766	-0.282	0.359	0.003	0.5171	-0.2186	1.7659
67788	-0.308	0.348	0.003	0.5172	-0.2194	1.7452
67810	-0.330	0.347	0.003	0.5174	-0.2200	1.7321
67825	-0.330	0.347	0.003	0.5175	-0.2200	1.7318
67864	-0.358	0.331	0.003	0.5177	-0.2214	1.6934
67866	-0.358	0.331	0.003	0.5177	-0.2214	1.6934
67885	-0.358	0.331	0.003	0.5177	-0.2214	1.6934
67909	-0.270	0.305	0.003	0.5177	-0.2223	1.6672
67941	-0.146	0.273	0.004	0.5179	-0.2230	1.6505
67945	-0.146	0.273	0.004	0.5179	-0.2230	1.6505
67995	-0.056	0.250	0.004	0.5181	-0.2243	1.6147
67995	-0.056	0.250	0.004	0.5181	-0.2243	1.6147
68006	-0.056	0.250	0.004	0.5181	-0.2243	1.6147
68039	-0.090	0.249	0.004	0.5182	-0.2252	1.5906
68045	-0.090	0.249	0.004	0.5182	-0.2252	1.5908
68089	-0.127	0.250	0.004	0.5184	-0.2263	1.5611
68105	-0.124	0.250	0.004	0.5184	-0.2268	1.5459
68107	-0.124	0.250	0.004	0.5184	-0.2268	1.5459
68130	-0.103	0.246	0.004	0.5185	-0.2274	1.5317
68168	-0.135	0.239	0.004	0.5185	-0.2284	1.5009
68178	-0.135	0.239	0.004	0.5186	-0.2285	1.5001
68186	-0.135	0.239	0.004	0.5186	-0.2285	1.5001
68223	-0.239	0.239	0.004	0.5185	-0.2297	1.4659
68226	-0.239	0.239	0.004	0.5185	-0.2297	1.4659
68286	-0.264	0.237	0.004	0.5186	-0.2312	1.4230
68286	-0.264	0.237	0.004	0.5186	-0.2312	1.4230
68288	-0.264	0.237	0.004	0.5186	-0.2312	1.4230
68311	-0.267	0.227	0.003	0.5186	-0.2318	1.4040
68350	-0.259	0.207	0.003	0.5186	-0.2327	1.3754
68350	-0.259	0.207	0.003	0.5186	-0.2327	1.3754
68365	-0.298	0.205	0.003	0.5185	-0.2331	1.3616
68388	-0.330	0.206	0.003	0.5185	-0.2334	1.3526
68419	-0.407	0.214	0.004	0.5185	-0.2342	1.3308
68448	-0.391	0.208	0.004	0.5185	-0.2348	1.3088
68448	-0.391	0.208	0.004	0.5185	-0.2348	1.3088
68471	-0.365	0.201	0.004	0.5185	-0.2352	1.2945
68488	-0.330	0.194	0.004	0.5184	-0.2355	1.2847
68530	-0.296	0.178	0.004	0.5184	-0.2363	1.2562
68530	-0.296	0.178	0.004	0.5184	-0.2363	1.2562
68545	-0.296	0.178	0.004	0.5184	-0.2363	1.2562
68565	-0.279	0.169	0.004	0.5182	-0.2368	1.2365
68591	-0.322	0.171	0.004	0.5183	-0.2375	1.2161
68605	-0.322	0.171	0.004	0.5183	-0.2375	1.2161
68626	-0.314	0.169	0.004	0.5182	-0.2379	1.2023
68652	-0.219	0.153	0.004	0.5181	-0.2385	1.1785
68666	-0.207	0.149	0.004	0.5181	-0.2387	1.1725
68720	-0.221	0.140	0.004	0.5180	-0.2397	1.1381
68720	-0.221	0.140	0.004	0.5180	-0.2397	1.1381
68729	-0.233	0.141	0.004	0.5180	-0.2399	1.1315
68746	-0.251	0.144	0.004	0.5180	-0.2402	1.1226
68769	-0.247	0.145	0.004	0.5179	-0.2407	1.1059
68785	-0.172	0.136	0.004	0.5178	-0.2410	1.0908
68809	-0.161	0.127	0.004	0.5178	-0.2415	1.0734
68828	-0.189	0.126	0.004	0.5177	-0.2418	1.0659
68845	-0.189	0.126	0.004	0.5178	-0.2418	1.0649
68897	-0.337	0.130	0.003	0.5175	-0.2430	1.0247
68897	-0.337	0.130	0.003	0.5175	-0.2430	1.0247
68905	-0.337	0.130	0.003	0.5175	-0.2430	1.0247
68944	-0.346	0.131	0.001	0.5174	-0.2438	0.9959
68948	-0.332	0.130	0.001	0.5173	-0.2439	0.9897
68966	-0.314	0.126	0.001	0.5173	-0.2441	0.9831
68985	-0.288	0.119	0.001	0.5171	-0.2444	0.9690
69007	-0.320	0.118	0.001	0.5171	-0.2448	0.9566
69025	-0.324	0.117	0.001	0.5171	-0.2450	0.9506
69047	-0.290	0.113	0.001	0.5170	-0.2454	0.9341
69067	-0.244	0.106	0.001	0.5169	-0.2458	0.9207
69085	-0.236	0.102	0.001	0.5168	-0.2459	0.9143
69141	-0.219	0.082	0.001	0.5166	-0.2469	0.8789
69143	-0.219	0.082	0.001	0.5166	-0.2469	0.8789
69145	-0.219	0.082	0.001	0.5166	-0.2469	0.8789
69180	-0.311	0.086	0.001	0.5164	-0.2474	0.8570
69186	-0.339	0.089	0.001	0.5163	-0.2476	0.8513
69205	-0.365	0.095	-0.000	0.5162	-0.2479	0.8383
69258	-0.299	0.090	-0.003	0.5160	-0.2487	0.8100
69258	-0.299	0.090	-0.003	0.5160	-0.2487	0.8100
69266	-0.299	0.090	-0.003	0.5160	-0.2487	0.8100
69285	-0.299	0.090	-0.003	0.5160	-0.2487	0.8100
69328	-0.241	0.066	-0.003	0.5157	-0.2496	0.7710
69328	-0.241	0.066	-0.003	0.5157	-0.2496	0.7710
69346	-0.241	0.066	-0.003	0.5157	-0.2496	0.7710
69377	-0.214	0.062	-0.003	0.5154	-0.2501	0.7465
69407	-0.151	0.056	-0.004	0.5153	-0.2505	0.7313
69407	-0.151	0.056	-0.004	0.5153	-0.2505	0.7313
69425	-0.151	0.056	-0.004	0.5153	-0.2505	0.7313
69458	-0.077	0.041	-0.004	0.5151	-0.2511	0.7081
69466	-0.074	0.039	-0.004	0.5150	-0.2512	0.7034
69488	-0.075	0.037	-0.004	0.5150	-0.2515	0.6975
69509	-0.087	0.036	-0.004	0.5149	-0.2517	0.6880
69526	-0.122	0.039	-0.004	0.5148	-0.2519	0.6775
69562	-0.211	0.051	-0.004	0.5148	-0.2524	0.6635
69571	-0.197	0.051	-0.004	0.5147	-0.2525	0.6585
69587	-0.090	0.039	-0.004	0.5146	-0.2528	0.6457
69616	-0.004	0.025	-0.004	0.5145	-0.2532	0.6334
69626	-0.004	0.025	-0.004	0.5145	-0.2532	0.6334
69647	0.013	0.013	-0.004	0.5143	-0.2536	0.6128
69671	-0.038	0.016	-0.004	0.5142	-0.2540	0.5984
69685	-0.055	0.018	-0.004	0.5142	-0.2542	0.5917
69711	-0.078	0.022	-0.004	0.5141	-0.2545	0.5763
69739	-0.066	0.017	-0.004	0.5139	-0.2550	0.5553
69745	-0.066	0.017	-0.004	0.5139	-0.2550	0.5553
69767	-0.061	0.011	-0.004	0.5138	-0.2554	0.5418
69795	-0.166	0.017	-0.004	0.5136	-0.2558	0.5234
69807	-0.166	0.017	-0.004	0.5136	-0.2558	0.5234
69825	-0.271	0.029	-0.004	0.5135	-0.2561	0.5107
69855	-0.399	0.050	-0.004	0.5134	-0.2566	0.4924
69866	-0.399	0.050	-0.004	0.5134	-0.2566	0.4924
69915	-0.371	0.055	-0.004	0.5131	-0.2573	0.4586
69915	-0.371	0.055	-0.004	0.5131	-0.2573	0.4586
69953	-0.308	0.047	-0.004	0.5128	-0.2578	0.4310
69956	-0.308	0.047	-0.004	0.5128	-0.2579	0.4300
69967	-0.288	0.044	-0.004	0.5127	-0.2580	0.4240
69998	-0.261	0.034	-0.004	0.5125	-0.2583	0.4050
70018	-0.262	0.032	-0.004	0.5125	-0.2584	0.3966
70033	-0.266	0.030	-0.004	0.5123	-0.2587	0.3843
70045	-0.266	0.030	-0.004	0.5123	-0.2587	0.3843
70080	-0.262	0.022	-0.004	0.5121	-0.2590	0.3636
70086	-0.269	0.021	-0.004	0.5121	-0.2591	0.3588
70105	-0.289	0.021	-0.004	0.5120	-0.2592	0.3529
70131	-0.290	0.022	-0.004	0.5119	-0.2595	0.3379
70146	-0.266	0.021	-0.004	0.5118	-0.2597	0.3315
70167	-0.216	0.015	-0.004	0.5118	-0.2598	0.3245
70206	-0.122	-0.011	-0.004	0.5115	-0.2602	0.3005
70208	-0.122	-0.011	-0.004	0.5115	-0.2602	0.3005
70226	-0.131	-0.016	-0.004	0.5114	-0.2604	0.2891
70278	-0.198	-0.005	-0.004	0.5112	-0.2610	0.2643
70278	-0.198	-0.005	-0.004	0.5112	-0.2610	0.2643
70286	-0.202	-0.001	-0.004	0.5112	-0.2611	0.2595
70333	-0.258	0.021	-0.004	0.5110	-0.2617	0.2310
70333	-0.258	0.021	-0.004	0.5110	-0.2617	0.2310
70345	-0.258	0.021	-0.004	0.5110	-0.2617	0.2310
70369	-0.244	0.018	-0.001	0.5108	-0.2621	0.2069
70386	-0.244	0.018	-0.001	0.5108	-0.2621	0.2069
70406	-0.208	0.009	0.000	0.5106	-0.2624	0.1935
70438	-0.187	-0.002	0.000	0.5104	-0.2628	0.1721
70446	-0.187	-0.002	0.000	0.5104	-0.2628	0.1718
70466	-0.136	-0.010	0.000	0.5103	-0.2630	0.1587
70491	-0.104	-0.017	0.000	0.5102	-0.2632	0.1489
