ts	roll	pitch	yaw	x	y	z
16420	0.000	-0.000	0.000	0.0000	-0.0000	0.0150
16422	0.000	-0.000	0.000	0.0000	-0.0000	0.0150
16422	0.000	-0.000	0.000	0.0000	-0.0000	0.0150
16431	0.000	-0.000	0.000	0.0000	-0.0000	0.0150
16449	0.000	-0.000	0.000	0.0000	-0.0000	0.0150
16469	0.000	-0.000	0.000	0.0000	-0.0000	0.0150
16542	0.000	-0.000	0.000	0.0000	-0.0000	0.0150
16564	0.000	-0.000	0.000	0.0000	-0.0000	0.0150
16568	0.000	-0.000	0.000	0.0000	-0.0000	0.0150
16570	0.000	-0.000	0.000	0.0000	-0.0000	0.0150
16575	0.000	-0.000	0.000	0.0000	-0.0000	0.0150
16604	0.000	-0.000	0.000	0.0000	-0.0000	0.0150
16619	0.000	-0.000	0.000	0.0000	-0.0000	0.0150
16645	0.000	-0.001	0.000	0.0000	-0.0000	0.0150
16658	0.000	-0.001	0.000	0.0000	-0.0000	0.0150
16672	0.000	-0.001	0.000	0.0000	-0.0000	0.0150
16701	0.000	-0.001	0.000	0.0000	-0.0000	0.0150
16710	0.000	-0.001	0.000	0.0000	-0.0000	0.0150
16732	0.000	-0.001	0.000	0.0000	-0.0000	0.0150
16754	0.000	-0.001	0.000	0.0000	-0.0000	0.0150
16776	0.000	-0.001	0.000	0.0000	-0.0000	0.0150
16792	0.000	-0.001	0.000	0.0000	-0.0000	0.0150
16809	0.000	-0.001	0.000	0.0000	-0.0000	0.0150
16864	0.000	-0.001	0.000	0.0000	-0.0000	0.0150
16920	0.000	-0.001	0.000	0.0000	-0.0000	0.0150
16923	0.000	-0.001	0.000	0.0000	-0.0000	0.0150
16923	0.000	-0.001	0.000	0.0000	-0.0000	0.0150
16927	0.000	-0.001	0.000	0.0000	-0.0000	0.0150
16929	0.000	-0.001	0.000	0.0000	-0.0000	0.0150
16959	0.000	-0.001	0.000	0.0000	-0.0000	0.0150
16987	0.000	-0.001	0.000	0.0000	-0.0000	0.0150
16991	0.000	-0.001	0.000	0.0000	-0.0000	0.0150
17071	0.000	-0.001	0.000	0.0000	-0.0000	0.0150
17071	0.000	-0.001	0.000	0.0000	-0.0000	0.0150
17073	0.000	-0.001	0.000	0.0000	-0.0000	0.0150
17075	0.000	-0.001	0.000	0.0000	-0.0000	0.0150
17132	0.000	-0.001	0.000	0.0000	-0.0000	0.0150
17148	0.000	-0.001	0.000	0.0000	-0.0000	0.0150
17148	0.000	-0.001	0.000	0.0000	-0.0000	0.0150
17150	0.000	-0.001	0.000	0.0000	-0.0000	0.0150
17236	0.000	-0.002	0.000	0.0000	-0.0000	0.0150
17238	0.000	-0.002	0.000	0.0000	-0.0000	0.0150
17242	0.000	-0.002	0.000	0.0000	-0.0000	0.0150
17245	0.000	-0.002	0.000	0.0000	-0.0000	0.0150
17249	0.000	-0.002	0.000	0.0000	-0.0000	0.0150
17291	0.000	-0.002	0.000	0.0000	-0.0000	0.0150
17291	0.000	-0.002	0.000	0.0000	-0.0000	0.0150
17316	0.000	-0.002	0.000	0.0000	-0.0000	0.0150
17339	0.000	-0.002	0.000	0.0000	-0.0000	0.0150
17353	0.000	-0.002	0.000	0.0000	-0.0000	0.0150
17389	0.000	-0.002	0.000	0.0000	-0.0000	0.0150
17391	0.000	-0.002	0.000	0.0000	-0.0000	0.0150
17415	0.000	-0.002	0.000	0.0000	-0.0000	0.0150
17431	0.000	-0.002	0.000	0.0000	-0.0000	0.0150
17452	0.000	-0.002	0.000	0.0000	-0.0000	0.0150
17475	0.000	-0.002	0.000	0.0000	-0.0000	0.0150
17494	0.000	-0.002	0.000	0.0000	-0.0000	0.0150
17511	0.000	-0.002	0.000	0.0000	-0.0000	0.0150
17529	0.000	-0.002	0.000	0.0000	-0.0000	0.0150
17554	0.000	-0.002	0.000	0.0000	-0.0000	0.0150
17578	0.000	-0.002	0.000	0.0000	-0.0000	0.0150
17593	0.000	-0.002	0.000	0.0000	-0.0000	0.0150
17612	0.000	-0.002	0.000	0.0000	-0.0000	0.0150
17629	0.000	-0.002	0.000	0.0000	-0.0000	0.0150
17697	0.000	-0.002	0.000	0.0000	-0.0000	0.0150
17699	0.000	-0.002	0.000	0.0000	-0.0000	0.0150
17702	0.000	-0.002	0.000	0.0000	-0.0000	0.0150
17727	0.000	-0.002	0.000	0.0000	-0.0000	0.0150
17729	0.000	-0.002	0.000	0.0000	-0.0000	0.0150
17753	0.000	-0.002	0.000	0.0000	-0.0000	0.0150
17771	0.000	-0.002	0.000	0.0000	-0.0000	0.0150
17806	0.000	-0.002	0.000	0.0000	-0.0000	0.0150
17820	0.000	-0.002	0.000	0.0000	-0.0000	0.0150
17830	0.000	-0.002	0.000	0.0000	-0.0000	0.0150
17896	0.000	-0.003	0.000	0.0000	-0.0000	0.0150
17896	0.000	-0.003	0.000	0.0000	-0.0000	0.0150
17914	0.000	-0.003	0.000	0.0000	-0.0000	0.0150
17950	0.000	-0.003	0.000	0.0000	-0.0000	0.0150
17950	0.000	-0.003	0.000	0.0000	-0.0000	0.0150
17972	0.000	-0.003	0.000	0.0000	-0.0000	0.0150
17974	0.000	-0.003	0.000	0.0000	-0.0000	0.0150
17990	0.000	-0.003	0.000	0.0000	-0.0000	0.0150
18014	0.000	-0.003	0.000	0.0000	-0.0000	0.0150
18032	0.000	-0.003	0.000	0.0000	-0.0000	0.0150
18054	0.000	-0.003	0.000	0.0000	-0.0000	0.0150
18069	-0.001	-0.003	-0.000	0.0000	-0.0000	0.0150
18102	0.001	-0.002	-0.002	0.0000	-0.0000	0.0151
18147	-0.012	-0.002	-0.004	0.0000	-0.0000	0.0160
18147	-0.012	-0.002	-0.004	0.0000	-0.0000	0.0160
18157	-0.036	-0.002	-0.005	0.0000	-0.0000	0.0165
18181	-0.064	-0.002	-0.005	0.0000	0.0000	0.0179
18191	-0.049	-0.001	-0.005	0.0000	0.0000	0.0183
18210	-0.045	-0.001	-0.005	0.0000	0.0000	0.0190
18236	-0.053	-0.000	-0.005	0.0000	0.0000	0.0212
18269	-0.066	0.001	-0.005	0.0000	0.0001	0.0252
18277	-0.059	0.002	-0.005	0.0000	0.0001	0.0266
18290	-0.059	0.003	-0.005	0.0000	0.0001	0.0282
18324	-0.049	0.006	-0.005	0.0000	0.0001	0.0333
18331	-0.016	0.009	-0.005	0.0000	0.0001	0.0355
18349	0.014	0.011	-0.005	0.0000	0.0001	0.0366
18370	0.080	0.013	-0.005	-0.0000	0.0002	0.0412
18505	0.124	-0.005	-0.005	-0.0001	0.0001	0.0735
18505	0.124	-0.005	-0.005	-0.0001	0.0001	0.0735
18505	0.124	-0.005	-0.005	-0.0001	0.0001	0.0735
18508	0.124	-0.005	-0.005	-0.0001	0.0001	0.0735
18513	0.119	-0.008	-0.005	-0.0001	0.0001	0.0767
18513	0.119	-0.008	-0.005	-0.0001	0.0001	0.0767
18513	0.119	-0.008	-0.005	-0.0001	0.0001	0.0767
18531	0.110	-0.009	-0.005	-0.0001	0.0001	0.0797
18555	0.093	-0.011	-0.005	-0.0001	0.0001	0.0852
18582	0.042	-0.011	-0.005	-0.0001	0.0000	0.0934
18601	0.022	-0.012	-0.005	-0.0001	0.0000	0.0998
18609	0.022	-0.012	-0.005	-0.0001	0.0000	0.0991
18631	-0.003	-0.014	-0.005	-0.0001	-0.0001	0.1106
18653	-0.051	-0.017	-0.005	-0.0001	-0.0001	0.1162
18671	-0.125	-0.023	-0.005	-0.0000	-0.0001	0.1218
18703	-0.129	-0.024	-0.005	-0.0000	-0.0001	0.1284
18729	-0.069	-0.021	-0.003	-0.0000	-0.0001	0.1383
18729	-0.069	-0.021	-0.003	-0.0000	-0.0001	0.1383
18750	-0.079	-0.020	-0.002	-0.0000	-0.0001	0.1453
18781	-0.112	-0.014	0.000	-0.0000	-0.0001	0.1532
18790	-0.112	-0.014	0.000	-0.0000	-0.0001	0.1532
18849	-0.032	-0.002	0.001	-0.0000	-0.0000	0.1751
18851	-0.032	-0.002	0.001	-0.0000	-0.0000	0.1751
18853	-0.021	-0.001	0.001	-0.0000	-0.0000	0.1789
18870	-0.000	-0.001	0.001	-0.0000	0.0000	0.1814
18890	0.047	0.000	0.001	-0.0000	0.0000	0.1890
18910	0.059	0.001	0.001	-0.0001	0.0000	0.1921
18933	0.055	0.005	0.001	-0.0001	0.0000	0.2057
18951	0.043	0.008	0.001	-0.0001	0.0000	0.2130
18972	-0.006	0.008	0.001	-0.0001	0.0000	0.2187
18991	-0.031	0.009	0.001	-0.0001	0.0000	0.2289
19011	-0.029	0.009	0.001	-0.0001	-0.0000	0.2293
19029	-0.010	0.008	0.001	-0.0001	-0.0000	0.2408
19049	-0.006	0.006	0.001	-0.0001	-0.0000	0.2476
19080	0.038	-0.002	0.001	-0.0002	-0.0000	0.2666
19104	0.043	-0.007	0.001	-0.0002	-0.0001	0.2737
19114	0.043	-0.007	0.001	-0.0002	-0.0001	0.2727
19146	0.023	-0.012	0.001	-0.0002	-0.0001	0.2911
19159	0.021	-0.012	0.001	-0.0002	-0.0001	0.3051
19177	0.027	-0.012	0.001	-0.0002	-0.0001	0.3098
19193	0.085	-0.013	0.001	-0.0002	-0.0002	0.3225
19211	0.102	-0.014	0.001	-0.0002	-0.0002	0.3291
19230	0.102	-0.014	0.001	-0.0002	-0.0002	0.3291
19282	-0.046	-0.013	0.001	-0.0002	-0.0003	0.3691
19282	-0.046	-0.013	0.001	-0.0002	-0.0003	0.3691
19290	-0.046	-0.013	0.001	-0.0002	-0.0003	0.3691
19324	-0.119	-0.009	0.001	-0.0002	-0.0003	0.3895
19346	-0.117	-0.009	0.001	-0.0002	-0.0003	0.3991
19354	-0.116	-0.011	0.001	-0.0002	-0.0003	0.4072
19370	-0.110	-0.013	0.001	-0.0002	-0.0003	0.4135
19420	-0.109	-0.023	0.001	-0.0002	-0.0003	0.4337
19422	-0.109	-0.023	0.001	-0.0002	-0.0003	0.4337
19439	-0.118	-0.023	0.001	-0.0002	-0.0003	0.4464
19477	-0.177	-0.021	0.001	-0.0002	-0.0003	0.4643
19477	-0.177	-0.021	0.001	-0.0002	-0.0003	0.4643
19508	-0.065	-0.017	0.001	-0.0002	-0.0002	0.4889
19511	-0.065	-0.017	0.001	-0.0002	-0.0002	0.4889
19534	0.055	-0.016	0.001	-0.0002	-0.0002	0.5072
19573	0.104	-0.006	0.001	-0.0002	-0.0001	0.5281
19592	0.130	0.009	0.001	-0.0002	-0.0001	0.5449
19592	0.130	0.009	0.001	-0.0002	-0.0001	0.5449
19609	0.127	0.023	0.001	-0.0002	-0.0001	0.5641
19629	0.119	0.028	0.001	-0.0002	-0.0001	0.5685
19666	0.054	0.040	0.001	-0.0002	-0.0002	0.5906
19670	0.054	0.040	0.001	-0.0002	-0.0002	0.5906
19689	0.074	0.040	0.001	-0.0002	-0.0002	0.6133
19715	0.067	0.031	0.001	-0.0002	-0.0003	0.6263
19730	0.026	0.025	0.001	-0.0002	-0.0003	0.6334
19752	-0.063	0.013	0.001	-0.0002	-0.0004	0.6505
19770	-0.092	0.007	0.001	-0.0002	-0.0004	0.6641
19790	-0.095	0.003	0.001	-0.0002	-0.0004	0.6732
19816	-0.055	-0.008	0.001	-0.0003	-0.0004	0.7012
19833	-0.040	-0.010	0.001	-0.0003	-0.0004	0.7097
19867	-0.059	-0.014	0.001	-0.0003	-0.0004	0.7364
19878	-0.060	-0.014	0.001	-0.0003	-0.0004	0.7451
19890	-0.071	-0.014	0.001	-0.0003	-0.0004	0.7548
19910	-0.071	-0.014	0.001	-0.0003	-0.0004	0.7548
19932	-0.071	-0.014	0.001	-0.0003	-0.0004	0.7548
19950	-0.071	-0.014	0.001	-0.0003	-0.0004	0.7548
19978	-0.146	-0.015	0.001	-0.0003	-0.0004	0.8064
20012	-0.117	-0.015	0.001	-0.0003	-0.0004	0.8154
20012	-0.117	-0.015	0.001	-0.0003	-0.0004	0.8154
20034	-0.095	-0.015	0.001	-0.0003	-0.0004	0.8288
20084	0.031	-0.009	0.001	-0.0003	-0.0004	0.8527
20086	0.031	-0.009	0.001	-0.0003	-0.0004	0.8527
20091	0.031	-0.009	0.001	-0.0003	-0.0004	0.8527
20109	0.085	-0.000	0.001	-0.0003	-0.0004	0.8688
20134	0.111	0.006	0.001	-0.0003	-0.0004	0.8841
20151	0.125	0.009	0.001	-0.0003	-0.0004	0.8944
20172	0.173	0.015	0.001	-0.0003	-0.0004	0.9114
20192	0.191	0.020	0.001	-0.0003	-0.0005	0.9305
20209	0.163	0.023	0.001	-0.0003	-0.0005	0.9428
20234	-0.015	0.023	0.001	-0.0003	-0.0006	0.9728
20256	-0.169	0.017	0.001	-0.0003	-0.0006	0.9952
20271	-0.209	0.013	0.001	-0.0003	-0.0007	1.0051
20292	-0.214	0.002	0.001	-0.0003	-0.0007	1.0279
20325	-0.165	-0.015	0.001	-0.0003	-0.0007	1.0594
20329	-0.165	-0.015	0.001	-0.0003	-0.0007	1.0594
20349	-0.095	-0.028	0.001	-0.0003	-0.0007	1.0881
20375	-0.068	-0.034	0.001	-0.0003	-0.0007	1.1048
20394	-0.061	-0.035	0.001	-0.0003	-0.0007	1.1266
20409	-0.059	-0.033	0.001	-0.0003	-0.0007	1.1349
20430	-0.075	-0.027	0.001	-0.0003	-0.0006	1.1540
20450	-0.071	-0.023	0.001	-0.0003	-0.0006	1.1619
20470	-0.008	-0.014	0.001	-0.0003	-0.0006	1.1889
20502	0.075	-0.008	0.001	-0.0003	-0.0006	1.2044
20509	0.113	-0.005	0.001	-0.0003	-0.0006	1.2137
20529	0.122	-0.003	0.001	-0.0003	-0.0006	1.2218
20551	0.055	0.001	0.001	-0.0003	-0.0006	1.2408
20569	-0.021	0.012	0.001	-0.0003	-0.0007	1.2648
20593	-0.023	0.016	0.001	-0.0003	-0.0007	1.2817
20614	-0.035	0.015	0.001	-0.0003	-0.0007	1.2993
20641	-0.048	0.013	0.001	-0.0003	-0.0008	1.3178
20669	0.002	0.012	0.001	-0.0003	-0.0008	1.3521
20671	0.002	0.012	0.001	-0.0003	-0.0008	1.3521
20690	0.040	0.012	0.001	-0.0003	-0.0008	1.3658
20710	0.101	0.015	0.001	-0.0003	-0.0008	1.3891
20751	0.093	0.018	0.001	-0.0003	-0.0009	1.4235
20753	0.093	0.018	0.001	-0.0003	-0.0009	1.4235
20774	0.032	0.022	0.001	-0.0003	-0.0009	1.4515
20796	0.038	0.024	0.001	-0.0003	-0.0010	1.4690
20810	0.059	0.024	0.001	-0.0003	-0.0010	1.4787
20838	0.123	0.018	0.001	-0.0003	-0.0011	1.5049
20852	0.125	0.014	0.001	-0.0003	-0.0011	1.5152
20869	0.107	0.010	0.001	-0.0004	-0.0011	1.5255
20903	0.036	0.003	0.001	-0.0004	-0.0012	1.5486
20938	-0.047	-0.008	0.001	-0.0004	-0.0013	1.5848
20938	-0.047	-0.008	0.001	-0.0004	-0.0013	1.5848
20955	-0.061	-0.011	0.001	-0.0004	-0.0013	1.5938
20970	-0.078	-0.017	0.001	-0.0004	-0.0014	1.6112
20996	-0.046	-0.022	0.001	-0.0004	-0.0014	1.6280
21014	0.024	-0.024	0.001	-0.0004	-0.0015	1.6442
21030	0.059	-0.024	0.001	-0.0004	-0.0015	1.6547
21049	0.080	-0.022	0.001	-0.0004	-0.0015	1.6735
21082	0.034	-0.013	0.001	-0.0003	-0.0016	1.7080
21099	0.001	-0.011	0.001	-0.0003	-0.0016	1.7180
21119	-0.042	-0.009	0.001	-0.0003	-0.0017	1.7389
21131	-0.060	-0.010	0.001	-0.0003	-0.0017	1.7487
21152	-0.077	-0.016	0.001	-0.0003	-0.0018	1.7683
21221	-0.164	-0.045	0.001	-0.0003	-0.0020	1.8240
21221	-0.164	-0.045	0.001	-0.0003	-0.0020	1.8240
21223	-0.164	-0.045	0.001	-0.0003	-0.0020	1.8240
21231	-0.164	-0.045	0.001	-0.0003	-0.0020	1.8240
21262	-0.124	-0.042	0.001	-0.0003	-0.0020	1.8517
21269	-0.117	-0.040	0.001	-0.0003	-0.0020	1.8591
21289	-0.120	-0.039	0.001	-0.0003	-0.0020	1.8681
21339	-0.118	-0.030	0.001	-0.0002	-0.0021	1.9103
21344	-0.118	-0.030	0.001	-0.0002	-0.0021	1.9103
21350	-0.118	-0.030	0.001	-0.0002	-0.0021	1.9103
21381	-0.006	-0.020	0.001	-0.0002	-0.0021	1.9361
21402	0.058	-0.013	0.001	-0.0002	-0.0022	1.9538
21409	0.093	-0.008	0.001	-0.0002	-0.0022	1.9619
21432	0.102	-0.000	0.001	-0.0002	-0.0022	1.9772
21452	0.070	0.005	0.001	-0.0002	-0.0023	1.9926
21471	0.066	0.010	0.001	-0.0002	-0.0023	2.0022
21521	0.067	0.020	0.001	-0.0002	-0.0025	2.0454
21557	0.041	0.019	0.001	-0.0002	-0.0027	2.0728
21557	0.041	0.019	0.001	-0.0002	-0.0027	2.0728
21557	0.041	0.019	0.001	-0.0002	-0.0027	2.0728
21569	0.041	0.019	0.001	-0.0002	-0.0027	2.0728
21590	-0.042	0.014	0.001	-0.0002	-0.0028	2.0934
21619	-0.107	0.006	0.001	-0.0002	-0.0029	2.1171
21634	-0.119	-0.002	0.001	-0.0002	-0.0030	2.1313
21670	-0.068	-0.010	0.001	-0.0002	-0.0031	2.1540
21673	-0.068	-0.010	0.001	-0.0002	-0.0031	2.1540
21689	-0.068	-0.010	0.001	-0.0002	-0.0031	2.1540
21718	0.083	-0.015	0.001	-0.0002	-0.0033	2.1847
21736	0.063	-0.014	0.001	-0.0002	-0.0033	2.1981
21773	0.053	-0.010	0.001	-0.0002	-0.0035	2.2259
21773	0.053	-0.010	0.001	-0.0002	-0.0035	2.2259
21790	0.051	-0.010	0.001	-0.0002	-0.0036	2.2343
21809	0.036	-0.010	0.001	-0.0002	-0.0036	2.2446
21829	-0.008	-0.012	0.001	-0.0002	-0.0037	2.2602
21849	-0.017	-0.012	0.001	-0.0002	-0.0038	2.2737
21883	-0.096	-0.016	0.001	-0.0001	-0.0040	2.2951
21889	-0.096	-0.016	0.001	-0.0001	-0.0040	2.2961
21918	-0.099	-0.018	0.001	-0.0001	-0.0041	2.3162
21931	-0.072	-0.019	0.001	-0.0001	-0.0042	2.3226
21950	-0.016	-0.022	0.001	-0.0001	-0.0042	2.3361
22019	-0.080	-0.021	0.001	-0.0001	-0.0045	2.3801
22019	-0.080	-0.021	0.001	-0.0001	-0.0045	2.3801
22019	-0.080	-0.021	0.001	-0.0001	-0.0045	2.3801
22029	-0.080	-0.021	0.001	-0.0001	-0.0045	2.3801
22051	-0.091	-0.011	0.001	-0.0000	-0.0046	2.4013
22079	-0.048	-0.008	0.001	-0.0000	-0.0048	2.4209
22089	-0.048	-0.008	0.001	-0.0000	-0.0048	2.4209
22120	-0.060	-0.013	0.001	0.0000	-0.0049	2.4443
22140	-0.071	-0.014	0.001	0.0000	-0.0050	2.4572
22150	-0.071	-0.014	0.001	0.0000	-0.0050	2.4572
22182	-0.064	-0.012	0.001	0.0000	-0.0051	2.4769
22203	-0.044	-0.008	0.001	0.0000	-0.0052	2.4902
22210	-0.054	-0.007	0.001	0.0000	-0.0052	2.4961
22266	-0.113	-0.000	0.001	0.0001	-0.0054	2.5250
22268	-0.113	-0.000	0.001	0.0001	-0.0054	2.5250
22270	-0.113	-0.000	0.001	0.0001	-0.0054	2.5250
22313	-0.057	0.004	0.001	0.0001	-0.0056	2.5529
22356	-0.162	0.004	0.001	0.0001	-0.0058	2.5774
22358	-0.162	0.004	0.001	0.0001	-0.0058	2.5774
22358	-0.162	0.004	0.001	0.0001	-0.0058	2.5774
22408	-0.196	0.003	0.001	0.0001	-0.0059	2.6010
22414	-0.166	0.002	0.001	0.0001	-0.0059	2.6058
22414	-0.166	0.002	0.001	0.0001	-0.0059	2.6058
22464	-0.011	-0.001	0.001	0.0001	-0.0061	2.6289
22466	-0.011	-0.001	0.001	0.0001	-0.0061	2.6289
22470	-0.011	-0.001	0.001	0.0001	-0.0061	2.6289
22534	0.096	0.009	0.001	0.0001	-0.0063	2.6565
22534	0.096	0.009	0.001	0.0001	-0.0063	2.6565
22534	0.096	0.009	0.001	0.0001	-0.0063	2.6565
22580	0.099	0.022	0.001	0.0001	-0.0065	2.6753
22582	0.099	0.022	0.001	0.0001	-0.0065	2.6753
22590	0.099	0.022	0.001	0.0001	-0.0065	2.6753
22611	0.038	0.020	0.001	0.0001	-0.0066	2.6847
22632	0.007	0.016	0.001	0.0001	-0.0067	2.6883
22650	0.007	0.016	0.001	0.0001	-0.0067	2.6883
22670	0.007	0.016	0.001	0.0001	-0.0067	2.6883
22690	0.007	0.016	0.001	0.0001	-0.0067	2.6883
22710	0.007	0.016	0.001	0.0001	-0.0067	2.6883
22730	-0.198	-0.013	0.010	0.0001	-0.0070	2.7049
22784	-0.183	-0.015	0.024	0.0001	-0.0072	2.7206
22784	-0.183	-0.015	0.024	0.0001	-0.0072	2.7206
22795	-0.185	-0.015	0.024	0.0001	-0.0072	2.7239
22814	-0.198	-0.015	0.024	0.0001	-0.0073	2.7281
22831	-0.211	-0.015	0.024	0.0001	-0.0073	2.7371
22850	-0.219	-0.015	0.024	0.0001	-0.0073	2.7404
22917	-0.199	-0.010	0.022	0.0001	-0.0075	2.7579
22919	-0.199	-0.010	0.022	0.0001	-0.0075	2.7579
22919	-0.199	-0.010	0.022	0.0001	-0.0075	2.7579
22929	-0.199	-0.010	0.022	0.0001	-0.0075	2.7579
22950	-0.162	-0.008	0.021	0.0001	-0.0075	2.7607
22980	-0.038	0.000	0.017	0.0001	-0.0076	2.7692
22989	-0.038	0.000	0.017	0.0001	-0.0076	2.7692
23012	0.103	0.006	0.014	0.0001	-0.0076	2.7704
23040	0.152	0.009	0.011	0.0001	-0.0077	2.7741
23061	0.061	0.011	0.009	0.0001	-0.0078	2.7756
23069	0.061	0.011	0.009	0.0001	-0.0078	2.7756
23098	-0.044	0.014	0.007	0.0001	-0.0079	2.7774
23118	-0.072	0.017	0.006	0.0001	-0.0080	2.7815
23133	-0.068	0.017	0.005	0.0001	-0.0080	2.7843
23172	-0.055	0.011	0.003	0.0000	-0.0082	2.7885
23172	-0.055	0.011	0.003	0.0000	-0.0082	2.7885
23229	-0.169	0.000	0.003	-0.0000	-0.0085	2.7972
23229	-0.169	0.000	0.003	-0.0000	-0.0085	2.7972
23229	-0.169	0.000	0.003	-0.0000	-0.0085	2.7972
23273	-0.151	-0.004	0.003	-0.0001	-0.0086	2.8009
23273	-0.151	-0.004	0.003	-0.0001	-0.0086	2.8009
23299	-0.085	-0.008	0.003	-0.0001	-0.0087	2.8030
23309	-0.034	-0.009	0.003	-0.0001	-0.0087	2.8031
23338	0.062	-0.013	0.003	-0.0001	-0.0088	2.8038
23350	0.089	-0.013	0.003	-0.0001	-0.0089	2.8053
23374	0.147	-0.013	0.003	-0.0001	-0.0089	2.8039
23397	0.164	-0.013	0.003	-0.0002	-0.0090	2.8062
23414	0.137	-0.013	0.003	-0.0002	-0.0091	2.8088
23438	-0.029	-0.013	0.003	-0.0002	-0.0092	2.8046
23459	-0.102	-0.013	0.003	-0.0002	-0.0093	2.8076
23470	-0.132	-0.012	0.003	-0.0002	-0.0093	2.8085
23504	-0.079	-0.011	0.003	-0.0002	-0.0095	2.8095
23520	-0.049	-0.012	0.003	-0.0002	-0.0096	2.8094
23529	-0.049	-0.012	0.003	-0.0002	-0.0096	2.8094
23549	-0.049	-0.012	0.003	-0.0002	-0.0096	2.8094
23575	-0.045	-0.013	0.003	-0.0003	-0.0098	2.8050
23593	-0.045	-0.013	0.003	-0.0003	-0.0098	2.8085
23613	-0.059	-0.012	0.003	-0.0003	-0.0099	2.8040
23630	-0.075	-0.011	0.003	-0.0003	-0.0099	2.8026
23669	-0.129	-0.006	0.002	-0.0003	-0.0101	2.8051
23673	-0.129	-0.006	0.002	-0.0003	-0.0101	2.8061
23693	-0.149	-0.009	0.001	-0.0003	-0.0101	2.8038
23713	-0.131	-0.015	0.000	-0.0003	-0.0102	2.8027
23730	-0.113	-0.018	0.000	-0.0003	-0.0102	2.8011
23762	-0.061	-0.022	0.000	-0.0003	-0.0104	2.7983
23772	-0.061	-0.022	0.000	-0.0003	-0.0104	2.7983
23806	-0.155	-0.018	0.000	-0.0003	-0.0105	2.7899
23810	-0.155	-0.018	0.000	-0.0003	-0.0105	2.7899
23833	-0.157	-0.013	0.000	-0.0003	-0.0106	2.7884
23856	-0.071	-0.009	0.000	-0.0003	-0.0106	2.7819
23888	-0.027	-0.010	0.000	-0.0003	-0.0107	2.7784
23890	-0.027	-0.010	0.000	-0.0003	-0.0107	2.7784
23912	-0.016	-0.010	0.000	-0.0003	-0.0108	2.7748
23930	-0.015	-0.010	0.000	-0.0003	-0.0108	2.7703
23970	-0.016	-0.009	0.000	-0.0003	-0.0109	2.7689
23970	-0.016	-0.009	0.000	-0.0003	-0.0109	2.7689
23997	-0.013	-0.006	0.000	-0.0003	-0.0110	2.7639
24010	-0.019	-0.005	0.000	-0.0003	-0.0111	2.7630
24041	-0.029	-0.002	0.000	-0.0003	-0.0112	2.7559
24146	-0.074	-0.031	-0.001	-0.0003	-0.0116	2.7411
24146	-0.074	-0.031	-0.001	-0.0003	-0.0116	2.7411
24146	-0.074	-0.031	-0.001	-0.0003	-0.0116	2.7411
24146	-0.074	-0.031	-0.001	-0.0003	-0.0116	2.7411
24148	-0.074	-0.031	-0.001	-0.0003	-0.0116	2.7411
24150	-0.074	-0.031	-0.001	-0.0003	-0.0116	2.7411
24172	0.297	-0.417	-0.011	-0.0003	-0.0118	2.7366
24194	0.882	-1.147	-0.020	-0.0003	-0.0119	2.7326
24210	1.525	-2.001	-0.025	-0.0002	-0.0120	2.7282
24229	1.924	-2.537	-0.025	-0.0002	-0.0121	2.7262
24254	2.411	-3.234	-0.028	-0.0000	-0.0123	2.7231
24272	2.796	-3.858	-0.037	0.0007	-0.0129	2.7172
24289	2.875	-3.985	-0.042	0.0006	-0.0130	2.7171
24327	2.975	-4.202	-0.077	0.0017	-0.0140	2.7104
24329	2.975	-4.202	-0.077	0.0017	-0.0140	2.7104
24349	2.923	-4.203	-0.103	0.0032	-0.0151	2.7053
24374	2.829	-4.136	-0.123	0.0042	-0.0160	2.7018
24394	2.693	-4.014	-0.140	0.0049	-0.0166	2.6987
24418	2.579	-3.871	-0.157	0.0068	-0.0181	2.6934
24455	2.313	-3.540	-0.170	0.0088	-0.0197	2.6861
24457	2.313	-3.540	-0.170	0.0088	-0.0197	2.6861
24474	2.171	-3.377	-0.172	0.0102	-0.0207	2.6821
24495	2.006	-3.203	-0.171	0.0115	-0.0217	2.6783
24510	2.006	-3.203	-0.171	0.0115	-0.0217	2.6783
24530	1.753	-2.902	-0.166	0.0120	-0.0222	2.6738
24566	1.522	-2.629	-0.153	0.0141	-0.0237	2.6676
24578	1.450	-2.521	-0.147	0.0143	-0.0239	2.6654
24594	1.383	-2.423	-0.139	0.0156	-0.0249	2.6624
24626	1.222	-2.219	-0.120	0.0162	-0.0253	2.6573
24630	1.194	-2.201	-0.113	0.0175	-0.0262	2.6555
24690	1.131	-2.026	-0.069	0.0192	-0.0275	2.6432
24695	1.131	-2.026	-0.069	0.0192	-0.0275	2.6432
24695	1.131	-2.026	-0.069	0.0192	-0.0275	2.6432
24712	1.137	-2.010	-0.060	0.0194	-0.0277	2.6407
24733	1.152	-2.001	-0.046	0.0201	-0.0282	2.6364
24751	1.140	-2.028	-0.034	0.0213	-0.0291	2.6326
24769	1.130	-2.062	-0.021	0.0225	-0.0299	2.6287
24792	1.147	-2.123	-0.009	0.0245	-0.0313	2.6251
24831	1.178	-2.126	0.008	0.0248	-0.0317	2.6186
24833	1.178	-2.126	0.008	0.0248	-0.0317	2.6186
24854	1.238	-2.149	0.017	0.0260	-0.0326	2.6144
24891	1.253	-2.179	0.028	0.0281	-0.0341	2.6077
24896	1.247	-2.166	0.028	0.0277	-0.0338	2.6073
24909	1.259	-2.183	0.029	0.0284	-0.0344	2.6057
24930	1.288	-2.238	0.033	0.0307	-0.0358	2.6026
24952	1.267	-2.258	0.037	0.0317	-0.0366	2.5991
24970	1.259	-2.275	0.038	0.0330	-0.0375	2.5963
24997	1.238	-2.278	0.040	0.0352	-0.0390	2.5921
25025	1.202	-2.242	0.040	0.0358	-0.0396	2.5885
25029	1.202	-2.242	0.040	0.0358	-0.0396	2.5885
25057	1.173	-2.221	0.040	0.0386	-0.0415	2.5842
25071	1.154	-2.196	0.039	0.0401	-0.0425	2.5817
25089	1.136	-2.172	0.039	0.0407	-0.0430	2.5799
25125	1.063	-2.130	0.038	0.0434	-0.0448	2.5755
25137	1.056	-2.108	0.038	0.0440	-0.0453	2.5737
25149	1.056	-2.108	0.038	0.0440	-0.0453	2.5737
25181	1.056	-2.070	0.037	0.0482	-0.0481	2.5676
25190	1.053	-2.062	0.037	0.0478	-0.0479	2.5672
25245	1.015	-2.012	0.036	0.0532	-0.0515	2.5615
25247	1.000	-1.996	0.036	0.0543	-0.0522	2.5605
25250	1.000	-1.996	0.036	0.0543	-0.0522	2.5605
25269	1.000	-1.996	0.036	0.0543	-0.0522	2.5605
25289	0.947	-1.945	0.035	0.0584	-0.0547	2.5578
25318	0.898	-1.865	0.034	0.0608	-0.0563	2.5550
25330	0.871	-1.834	0.034	0.0609	-0.0565	2.5536
25369	0.862	-1.780	0.034	0.0632	-0.0581	2.5493
25369	0.862	-1.780	0.034	0.0632	-0.0581	2.5493
25416	0.965	-1.847	0.038	0.0674	-0.0610	2.5444
25416	0.965	-1.847	0.038	0.0674	-0.0610	2.5444
25435	0.977	-1.877	0.040	0.0697	-0.0624	2.5434
25479	1.066	-1.919	0.043	0.0740	-0.0653	2.5397
25481	1.066	-1.919	0.043	0.0740	-0.0653	2.5397
25504	1.070	-1.914	0.044	0.0762	-0.0667	2.5381
25516	1.012	-1.902	0.044	0.0796	-0.0688	2.5374
25531	0.967	-1.880	0.044	0.0803	-0.0694	2.5364
25553	0.894	-1.850	0.043	0.0827	-0.0709	2.5355
25578	0.809	-1.782	0.042	0.0853	-0.0726	2.5342
25590	0.805	-1.723	0.042	0.0877	-0.0741	2.5334
25616	0.812	-1.671	0.043	0.0899	-0.0756	2.5323
25638	0.797	-1.626	0.043	0.0927	-0.0773	2.5313
25699	0.793	-1.489	0.048	0.1009	-0.0826	2.5291
25699	0.793	-1.489	0.048	0.1009	-0.0826	2.5291
25745	0.990	-1.415	0.052	0.1059	-0.0858	2.5274
25745	0.990	-1.415	0.052	0.1059	-0.0858	2.5274
25745	0.990	-1.415	0.052	0.1059	-0.0858	2.5274
25749	0.990	-1.415	0.052	0.1059	-0.0858	2.5274
25771	0.959	-1.370	0.052	0.1091	-0.0879	2.5263
25798	0.811	-1.320	0.054	0.1139	-0.0909	2.5260
25812	0.780	-1.305	0.054	0.1156	-0.0920	2.5259
25835	0.741	-1.272	0.055	0.1181	-0.0937	2.5253
25858	0.792	-1.247	0.056	0.1220	-0.0962	2.5253
25869	0.789	-1.240	0.056	0.1216	-0.0959	2.5249
25897	0.827	-1.164	0.058	0.1272	-0.0995	2.5250
25913	0.795	-1.132	0.058	0.1286	-0.1005	2.5250
25932	0.733	-1.067	0.058	0.1305	-0.1018	2.5244
25975	0.674	-1.009	0.060	0.1354	-0.1051	2.5239
25979	0.674	-1.009	0.060	0.1354	-0.1051	2.5239
25989	0.653	-1.019	0.062	0.1391	-0.1074	2.5247
26038	0.640	-1.039	0.063	0.1428	-0.1100	2.5237
26038	0.640	-1.039	0.063	0.1428	-0.1100	2.5237
26056	0.657	-1.057	0.063	0.1456	-0.1119	2.5239
26076	0.724	-1.072	0.063	0.1485	-0.1137	2.5241
26095	0.773	-1.083	0.064	0.1497	-0.1145	2.5239
26119	0.876	-1.121	0.064	0.1535	-0.1170	2.5240
26130	0.884	-1.135	0.064	0.1552	-0.1182	2.5242
26150	0.868	-1.159	0.065	0.1585	-0.1204	2.5247
26202	0.856	-1.177	0.065	0.1643	-0.1242	2.5250
26204	0.856	-1.177	0.065	0.1643	-0.1242	2.5250
26212	0.879	-1.179	0.065	0.1663	-0.1255	2.5253
26229	0.898	-1.179	0.065	0.1680	-0.1267	2.5257
26251	0.926	-1.170	0.065	0.1702	-0.1281	2.5259
26286	0.893	-1.136	0.067	0.1739	-0.1305	2.5260
26302	0.860	-1.118	0.068	0.1776	-0.1331	2.5268
26311	0.859	-1.110	0.068	0.1787	-0.1337	2.5268
26330	0.871	-1.105	0.069	0.1807	-0.1351	2.5271
26358	0.893	-1.107	0.071	0.1837	-0.1371	2.5276
26377	0.918	-1.105	0.072	0.1868	-0.1392	2.5280
26393	0.934	-1.117	0.074	0.1891	-0.1407	2.5283
26411	0.932	-1.123	0.075	0.1908	-0.1419	2.5286
26442	0.939	-1.131	0.077	0.1950	-0.1447	2.5292
26458	0.949	-1.132	0.077	0.1964	-0.1456	2.5294
26469	0.956	-1.134	0.078	0.1980	-0.1467	2.5297
26491	0.982	-1.137	0.080	0.2010	-0.1487	2.5303
26517	0.977	-1.137	0.081	0.2060	-0.1521	2.5313
26534	0.990	-1.136	0.081	0.2073	-0.1529	2.5315
26553	1.047	-1.132	0.081	0.2113	-0.1557	2.5324
26582	1.043	-1.112	0.081	0.2134	-0.1571	2.5327
26592	1.050	-1.105	0.081	0.2146	-0.1579	2.5329
26631	1.025	-1.049	0.080	0.2214	-0.1625	2.5344
26631	1.025	-1.049	0.080	0.2214	-0.1625	2.5344
26662	0.942	-1.021	0.079	0.2264	-0.1659	2.5354
26681	0.908	-1.013	0.079	0.2280	-0.1670	2.5357
26689	0.889	-1.004	0.079	0.2297	-0.1682	2.5361
26709	0.910	-0.987	0.079	0.2332	-0.1706	2.5368
26739	0.981	-0.948	0.078	0.2382	-0.1740	2.5378
26749	0.989	-0.932	0.078	0.2400	-0.1752	2.5382
26771	0.976	-0.915	0.078	0.2417	-0.1764	2.5385
26799	0.882	-0.849	0.077	0.2469	-0.1798	2.5396
26809	0.851	-0.830	0.076	0.2487	-0.1812	2.5399
26839	0.824	-0.786	0.076	0.2527	-0.1839	2.5407
26854	0.817	-0.758	0.075	0.2557	-0.1859	2.5413
26873	0.814	-0.733	0.075	0.2588	-0.1881	2.5418
26894	0.800	-0.709	0.075	0.2615	-0.1900	2.5424
26920	0.741	-0.690	0.075	0.2644	-0.1919	2.5430
26930	0.741	-0.690	0.075	0.2644	-0.1919	2.5430
26990	0.641	-0.604	0.075	0.2742	-0.1987	2.5446
26990	0.641	-0.604	0.075	0.2742	-0.1987	2.5446
26990	0.641	-0.604	0.075	0.2742	-0.1987	2.5446
27038	0.878	-0.636	0.077	0.2802	-0.2026	2.5459
27038	0.878	-0.636	0.077	0.2802	-0.2026	2.5459
27050	0.878	-0.636	0.077	0.2802	-0.2026	2.5459
27093	0.980	-0.782	0.084	0.2878	-0.2079	2.5474
27095	0.980	-0.782	0.084	0.2878	-0.2079	2.5474
27110	0.980	-0.782	0.084	0.2878	-0.2079	2.5474
27129	0.834	-0.865	0.091	0.2949	-0.2131	2.5484
27161	0.823	-0.892	0.094	0.2987	-0.2156	2.5493
27177	0.841	-0.897	0.095	0.3003	-0.2167	2.5496
27191	0.906	-0.912	0.097	0.3034	-0.2189	2.5501
27215	0.993	-0.924	0.098	0.3065	-0.2210	2.5507
27239	1.062	-0.932	0.098	0.3096	-0.2231	2.5513
27251	1.071	-0.931	0.098	0.3113	-0.2244	2.5514
27270	1.069	-0.928	0.098	0.3125	-0.2252	2.5517
27290	1.049	-0.914	0.098	0.3172	-0.2286	2.5523
27336	1.060	-0.903	0.098	0.3233	-0.2327	2.5533
27336	1.060	-0.903	0.098	0.3233	-0.2327	2.5533
27376	1.132	-0.925	0.096	0.3308	-0.2382	2.5541
27378	1.132	-0.925	0.096	0.3308	-0.2382	2.5541
27393	1.172	-0.926	0.095	0.3344	-0.2408	2.5545
27418	1.190	-0.926	0.094	0.3379	-0.2433	2.5549
27436	1.139	-0.900	0.091	0.3416	-0.2460	2.5552
27450	1.109	-0.879	0.089	0.3435	-0.2475	2.5553
27471	1.026	-0.830	0.086	0.3471	-0.2502	2.5556
27489	0.976	-0.801	0.084	0.3487	-0.2513	2.5558
27510	0.869	-0.716	0.079	0.3541	-0.2554	2.5560
27533	0.802	-0.652	0.077	0.3574	-0.2578	2.5564
27554	0.772	-0.621	0.076	0.3587	-0.2586	2.5566
27615	0.639	-0.539	0.075	0.3678	-0.2651	2.5575
27615	0.639	-0.539	0.075	0.3678	-0.2651	2.5575
27615	0.639	-0.539	0.075	0.3678	-0.2651	2.5575
27638	0.517	-0.533	0.075	0.3721	-0.2685	2.5575
27671	0.443	-0.555	0.075	0.3778	-0.2725	2.5581
27673	0.443	-0.555	0.075	0.3778	-0.2725	2.5581
27729	0.577	-0.552	0.075	0.3866	-0.2789	2.5585
27729	0.577	-0.552	0.075	0.3866	-0.2789	2.5585
27731	0.577	-0.552	0.075	0.3866	-0.2789	2.5585
27755	0.628	-0.549	0.075	0.3901	-0.2815	2.5587
27769	0.685	-0.544	0.076	0.3938	-0.2843	2.5587
27819	0.832	-0.547	0.076	0.4025	-0.2906	2.5591
27819	0.832	-0.547	0.076	0.4025	-0.2906	2.5591
27831	0.838	-0.548	0.076	0.4041	-0.2917	2.5593
27879	0.897	-0.556	0.078	0.4123	-0.2979	2.5594
27879	0.897	-0.556	0.078	0.4123	-0.2979	2.5594
27924	0.906	-0.565	0.079	0.4197	-0.3035	2.5594
27924	0.906	-0.565	0.079	0.4197	-0.3035	2.5594
27930	0.906	-0.565	0.079	0.4197	-0.3035	2.5594
27955	0.898	-0.539	0.078	0.4255	-0.3080	2.5592
27970	0.892	-0.523	0.078	0.4276	-0.3096	2.5591
27995	0.850	-0.470	0.077	0.4335	-0.3142	2.5588
28009	0.823	-0.448	0.077	0.4355	-0.3159	2.5587
28048	0.749	-0.390	0.076	0.4398	-0.3190	2.5588
28050	0.749	-0.390	0.076	0.4398	-0.3190	2.5588
28082	0.776	-0.359	0.076	0.4471	-0.3250	2.5583
28100	0.816	-0.361	0.076	0.4482	-0.3257	2.5584
28110	0.816	-0.361	0.076	0.4482	-0.3257	2.5584
28153	0.886	-0.386	0.076	0.4564	-0.3323	2.5580
28153	0.886	-0.386	0.076	0.4564	-0.3323	2.5580
28169	0.842	-0.386	0.075	0.4580	-0.3335	2.5579
28206	0.782	-0.406	0.073	0.4638	-0.3381	2.5577
28210	0.782	-0.406	0.073	0.4638	-0.3381	2.5577
28229	0.844	-0.436	0.073	0.4674	-0.3411	2.5575
28280	0.898	-0.518	0.071	0.4753	-0.3475	2.5570
28282	0.898	-0.518	0.071	0.4753	-0.3475	2.5570
28290	0.898	-0.518	0.071	0.4753	-0.3475	2.5570
28340	0.796	-0.586	0.069	0.4825	-0.3532	2.5565
28340	0.796	-0.586	0.069	0.4825	-0.3532	2.5565
28350	0.796	-0.586	0.069	0.4825	-0.3532	2.5565
28381	0.836	-0.654	0.068	0.4885	-0.3582	2.5559
28394	0.852	-0.684	0.068	0.4910	-0.3602	2.5557
28411	0.879	-0.717	0.067	0.4936	-0.3624	2.5554
28430	0.905	-0.736	0.067	0.4949	-0.3632	2.5554
28464	0.884	-0.783	0.066	0.4996	-0.3670	2.5550
28470	0.884	-0.783	0.066	0.4996	-0.3670	2.5550
28507	0.865	-0.832	0.066	0.5060	-0.3722	2.5543
28509	0.865	-0.832	0.066	0.5060	-0.3722	2.5543
28531	0.970	-0.861	0.066	0.5099	-0.3753	2.5539
28552	1.041	-0.874	0.066	0.5133	-0.3781	2.5535
28570	1.064	-0.876	0.066	0.5144	-0.3789	2.5534
28590	1.085	-0.873	0.065	0.5175	-0.3812	2.5532
28633	1.042	-0.866	0.062	0.5233	-0.3859	2.5526
28635	1.042	-0.866	0.062	0.5233	-0.3859	2.5526
28650	1.048	-0.872	0.062	0.5250	-0.3872	2.5524
28696	1.064	-0.867	0.062	0.5348	-0.3954	2.5512
28699	1.064	-0.867	0.062	0.5348	-0.3954	2.5512
28709	1.063	-0.862	0.061	0.5363	-0.3965	2.5511
28732	1.053	-0.851	0.060	0.5382	-0.3980	2.5509
28761	0.987	-0.813	0.057	0.5431	-0.4020	2.5503
28777	0.916	-0.781	0.056	0.5471	-0.4054	2.5498
28794	0.897	-0.768	0.056	0.5487	-0.4066	2.5497
28811	0.837	-0.731	0.056	0.5527	-0.4100	2.5492
28855	0.748	-0.691	0.055	0.5584	-0.4146	2.5485
28855	0.748	-0.691	0.055	0.5584	-0.4146	2.5485
28877	0.676	-0.651	0.055	0.5629	-0.4183	2.5480
28890	0.636	-0.629	0.055	0.5652	-0.4203	2.5477
28924	0.588	-0.573	0.054	0.5717	-0.4256	2.5469
28931	0.592	-0.579	0.054	0.5716	-0.4254	2.5470
28959	0.682	-0.549	0.056	0.5775	-0.4303	2.5462
28969	0.682	-0.549	0.056	0.5775	-0.4303	2.5462
28991	0.696	-0.528	0.057	0.5817	-0.4338	2.5457
29014	0.627	-0.479	0.059	0.5862	-0.4375	2.5453
29031	0.578	-0.453	0.059	0.5884	-0.4393	2.5450
29097	0.541	-0.363	0.060	0.5984	-0.4476	2.5439
29099	0.541	-0.363	0.060	0.5984	-0.4476	2.5439
29099	0.541	-0.363	0.060	0.5984	-0.4476	2.5439
29115	0.541	-0.371	0.060	0.6001	-0.4489	2.5437
29130	0.536	-0.389	0.060	0.6037	-0.4519	2.5433
29294	-0.365	0.799	0.036	0.6244	-0.4694	2.5408
29294	-0.365	0.799	0.036	0.6244	-0.4694	2.5408
29294	-0.365	0.799	0.036	0.6244	-0.4694	2.5408
29296	-0.365	0.799	0.036	0.6244	-0.4694	2.5408
29298	-0.365	0.799	0.036	0.6244	-0.4694	2.5408
29298	-0.365	0.799	0.036	0.6244	-0.4694	2.5408
29298	-0.365	0.799	0.036	0.6244	-0.4694	2.5408
29300	-0.365	0.799	0.036	0.6244	-0.4694	2.5408
29317	-1.225	1.854	0.020	0.6279	-0.4724	2.5404
29337	-1.689	2.476	0.005	0.6307	-0.4748	2.5402
29358	-1.903	2.824	-0.024	0.6338	-0.4774	2.5400
29370	-1.899	2.881	-0.045	0.6353	-0.4788	2.5400
29403	-1.658	2.741	-0.122	0.6402	-0.4830	2.5397
29411	-1.603	2.697	-0.150	0.6420	-0.4846	2.5396
29429	-1.593	2.680	-0.150	0.6421	-0.4846	2.5395
29482	-1.421	2.559	-0.247	0.6494	-0.4912	2.5388
29482	-1.421	2.559	-0.247	0.6494	-0.4912	2.5388
29490	-1.421	2.559	-0.247	0.6494	-0.4912	2.5388
29513	-1.219	2.473	-0.257	0.6523	-0.4940	2.5384
29533	-1.027	2.348	-0.254	0.6543	-0.4959	2.5380
29550	-0.936	2.264	-0.249	0.6553	-0.4967	2.5378
29578	-0.649	2.040	-0.231	0.6580	-0.4993	2.5373
29589	-0.649	2.040	-0.231	0.6580	-0.4993	2.5373
29609	-0.380	1.805	-0.208	0.6606	-0.5016	2.5369
29629	-0.240	1.639	-0.185	0.6626	-0.5037	2.5365
29657	-0.129	1.480	-0.164	0.6647	-0.5056	2.5362
29670	-0.061	1.388	-0.152	0.6659	-0.5068	2.5360
29694	-0.001	1.251	-0.129	0.6679	-0.5090	2.5356
29713	0.055	1.117	-0.107	0.6702	-0.5112	2.5353
29729	0.081	1.070	-0.097	0.6711	-0.5122	2.5352
29786	0.275	0.832	-0.044	0.6770	-0.5180	2.5345
29788	0.275	0.832	-0.044	0.6770	-0.5180	2.5345
29790	0.275	0.832	-0.044	0.6770	-0.5180	2.5345
29812	0.291	0.799	-0.026	0.6791	-0.5204	2.5342
29846	0.275	0.765	-0.010	0.6825	-0.5238	2.5339
29850	0.275	0.765	-0.010	0.6825	-0.5238	2.5339
29881	0.254	0.745	0.000	0.6855	-0.5266	2.5336
29891	0.224	0.763	0.003	0.6861	-0.5275	2.5335
29909	0.161	0.770	0.007	0.6884	-0.5297	2.5333
29956	-0.010	0.813	0.012	0.6923	-0.5336	2.5328
29958	-0.040	0.839	0.013	0.6930	-0.5345	2.5327
29972	-0.031	0.840	0.013	0.6942	-0.5356	2.5326
29989	-0.014	0.849	0.014	0.6951	-0.5365	2.5325
30026	0.065	0.867	0.013	0.6981	-0.5396	2.5321
30033	0.090	0.870	0.013	0.6989	-0.5404	2.5320
30050	0.099	0.886	0.013	0.7008	-0.5425	2.5318
30075	0.047	0.905	0.013	0.7025	-0.5445	2.5316
30091	0.016	0.895	0.012	0.7038	-0.5455	2.5314
30110	0.016	0.895	0.012	0.7038	-0.5455	2.5314
30154	-0.048	0.939	0.010	0.7085	-0.5509	2.5308
30157	-0.048	0.939	0.010	0.7085	-0.5509	2.5308
30169	-0.048	0.939	0.010	0.7085	-0.5509	2.5308
30190	-0.036	0.926	0.008	0.7105	-0.5531	2.5306
30212	-0.028	0.898	0.006	0.7119	-0.5544	2.5304
30230	0.025	0.881	0.005	0.7130	-0.5560	2.5302
30292	0.114	0.805	0.000	0.7166	-0.5604	2.5296
30292	0.114	0.805	0.000	0.7166	-0.5604	2.5296
30292	0.114	0.805	0.000	0.7166	-0.5604	2.5296
30313	0.059	0.788	-0.001	0.7177	-0.5616	2.5294
30329	0.031	0.777	-0.002	0.7182	-0.5622	2.5293
30357	0.044	0.722	-0.004	0.7199	-0.5641	2.5291
30393	0.055	0.647	-0.007	0.7220	-0.5671	2.5288
30400	0.058	0.639	-0.007	0.7221	-0.5670	2.5288
30414	0.073	0.597	-0.008	0.7234	-0.5684	2.5286
30458	0.148	0.523	-0.012	0.7261	-0.5719	2.5282
30460	0.148	0.523	-0.012	0.7261	-0.5719	2.5282
30508	0.416	0.443	-0.015	0.7291	-0.5758	2.5278
30508	0.416	0.443	-0.015	0.7291	-0.5758	2.5278
30510	0.416	0.443	-0.015	0.7291	-0.5758	2.5278
30538	0.453	0.434	-0.017	0.7307	-0.5786	2.5276
30553	0.425	0.436	-0.018	0.7314	-0.5797	2.5275
30576	0.317	0.463	-0.020	0.7328	-0.5817	2.5273
30590	0.259	0.484	-0.021	0.7337	-0.5833	2.5272
30610	0.227	0.499	-0.022	0.7345	-0.5843	2.5271
30640	0.158	0.515	-0.024	0.7361	-0.5865	2.5269
30658	0.123	0.516	-0.026	0.7371	-0.5881	2.5268
30681	0.126	0.507	-0.027	0.7382	-0.5897	2.5266
30694	0.121	0.499	-0.028	0.7389	-0.5907	2.5264
30710	0.121	0.499	-0.028	0.7389	-0.5907	2.5264
30740	0.031	0.476	-0.029	0.7407	-0.5940	2.5261
30750	-0.013	0.472	-0.029	0.7413	-0.5948	2.5260
30770	-0.099	0.466	-0.029	0.7421	-0.5963	2.5259
30801	-0.168	0.458	-0.029	0.7430	-0.5976	2.5257
30821	-0.183	0.442	-0.029	0.7439	-0.5989	2.5255
30829	-0.183	0.442	-0.029	0.7439	-0.5989	2.5255
30851	-0.161	0.404	-0.029	0.7451	-0.6012	2.5253
30869	-0.128	0.379	-0.029	0.7458	-0.6023	2.5252
30890	-0.103	0.364	-0.029	0.7462	-0.6027	2.5252
30916	-0.059	0.325	-0.029	0.7473	-0.6047	2.5250
30937	-0.002	0.297	-0.029	0.7480	-0.6059	2.5249
30950	0.013	0.284	-0.029	0.7484	-0.6066	2.5248
30996	0.052	0.229	-0.029	0.7498	-0.6091	2.5246
30996	0.052	0.229	-0.029	0.7498	-0.6091	2.5246
31010	0.055	0.219	-0.029	0.7500	-0.6096	2.5246
31030	0.065	0.206	-0.029	0.7505	-0.6102	2.5245
31070	0.169	0.157	-0.029	0.7518	-0.6126	2.5243
31070	0.169	0.157	-0.029	0.7518	-0.6126	2.5243
31100	0.172	0.126	-0.029	0.7528	-0.6144	2.5241
31126	0.166	0.099	-0.029	0.7538	-0.6164	2.5239
31145	0.178	0.090	-0.029	0.7542	-0.6171	2.5239
31151	0.178	0.090	-0.029	0.7542	-0.6171	2.5239
31194	0.193	0.056	-0.029	0.7555	-0.6197	2.5237
31196	0.193	0.056	-0.029	0.7555	-0.6197	2.5237
31210	0.173	0.053	-0.029	0.7558	-0.6203	2.5236
31259	0.061	0.047	-0.029	0.7575	-0.6236	2.5233
31259	0.061	0.047	-0.029	0.7575	-0.6236	2.5233
31302	0.185	0.015	-0.029	0.7589	-0.6266	2.5231
31305	0.185	0.015	-0.029	0.7589	-0.6266	2.5231
31309	0.206	0.006	-0.029	0.7592	-0.6274	2.5231
31333	0.169	-0.003	-0.029	0.7600	-0.6292	2.5230
31374	0.052	0.003	-0.029	0.7611	-0.6315	2.5228
31374	0.052	0.003	-0.029	0.7611	-0.6315	2.5228
31408	-0.053	0.020	-0.029	0.7623	-0.6341	2.5226
31410	-0.053	0.020	-0.029	0.7623	-0.6341	2.5226
31431	-0.033	0.018	-0.029	0.7631	-0.6359	2.5225
31450	-0.044	0.014	-0.029	0.7637	-0.6374	2.5225
31469	-0.069	0.014	-0.029	0.7640	-0.6381	2.5224
31515	-0.145	0.016	-0.029	0.7653	-0.6409	2.5223
31515	-0.145	0.016	-0.029	0.7653	-0.6409	2.5223
31529	-0.169	0.018	-0.029	0.7658	-0.6421	2.5222
31553	-0.200	0.022	-0.029	0.7662	-0.6430	2.5221
31569	-0.217	0.024	-0.029	0.7665	-0.6437	2.5221
31593	-0.254	0.026	-0.029	0.7670	-0.6450	2.5220
31618	-0.288	0.024	-0.029	0.7676	-0.6463	2.5219
31663	-0.267	0.002	-0.029	0.7684	-0.6483	2.5218
31665	-0.267	0.002	-0.029	0.7684	-0.6483	2.5218
31669	-0.267	0.002	-0.029	0.7684	-0.6483	2.5218
31692	-0.255	-0.012	-0.029	0.7689	-0.6494	2.5217
31736	-0.178	-0.051	-0.029	0.7697	-0.6514	2.5215
31738	-0.178	-0.051	-0.029	0.7697	-0.6514	2.5215
31781	-0.101	-0.087	-0.029	0.7705	-0.6534	2.5214
31781	-0.101	-0.087	-0.029	0.7705	-0.6534	2.5214
31789	-0.101	-0.087	-0.029	0.7705	-0.6534	2.5214
31812	-0.012	-0.119	-0.029	0.7711	-0.6550	2.5212
31831	0.052	-0.142	-0.029	0.7715	-0.6561	2.5212
31849	0.090	-0.154	-0.029	0.7717	-0.6567	2.5211
31880	0.156	-0.183	-0.029	0.7724	-0.6584	2.5210
31892	0.142	-0.188	-0.029	0.7728	-0.6591	2.5210
31915	0.106	-0.193	-0.029	0.7731	-0.6602	2.5209
31961	0.042	-0.197	-0.029	0.7738	-0.6623	2.5208
31961	0.042	-0.197	-0.029	0.7738	-0.6623	2.5208
31975	0.005	-0.197	-0.029	0.7741	-0.6630	2.5208
32000	-0.054	-0.200	-0.029	0.7748	-0.6647	2.5207
32009	-0.054	-0.200	-0.029	0.7747	-0.6647	2.5207
32033	-0.042	-0.209	-0.029	0.7753	-0.6663	2.5206
32055	-0.019	-0.214	-0.029	0.7757	-0.6675	2.5206
32078	-0.008	-0.219	-0.029	0.7762	-0.6687	2.5205
32090	-0.008	-0.219	-0.029	0.7762	-0.6687	2.5205
32115	-0.050	-0.222	-0.027	0.7770	-0.6706	2.5204
32144	-0.110	-0.219	-0.027	0.7775	-0.6721	2.5203
32150	-0.110	-0.219	-0.027	0.7774	-0.6721	2.5203
32173	-0.085	-0.219	-0.027	0.7779	-0.6732	2.5203
32190	-0.044	-0.221	-0.027	0.7783	-0.6742	2.5202
32211	0.000	-0.226	-0.027	0.7784	-0.6748	2.5202
32230	0.046	-0.232	-0.027	0.7787	-0.6755	2.5201
32266	0.099	-0.243	-0.027	0.7794	-0.6773	2.5200
32270	0.099	-0.243	-0.027	0.7794	-0.6773	2.5200
32294	0.066	-0.246	-0.027	0.7799	-0.6787	2.5200
32327	-0.054	-0.241	-0.027	0.7804	-0.6800	2.5199
32331	-0.054	-0.241	-0.027	0.7803	-0.6799	2.5199
32350	-0.129	-0.236	-0.027	0.7807	-0.6808	2.5199
32370	-0.207	-0.232	-0.027	0.7811	-0.6817	2.5198
32401	-0.232	-0.235	-0.027	0.7813	-0.6826	2.5198
32416	-0.208	-0.245	-0.027	0.7816	-0.6834	2.5198
32442	-0.165	-0.261	-0.027	0.7822	-0.6847	2.5197
32467	-0.121	-0.273	-0.027	0.7823	-0.6854	2.5197
32469	-0.121	-0.273	-0.027	0.7823	-0.6854	2.5197
32490	-0.130	-0.277	-0.027	0.7826	-0.6861	2.5197
32512	-0.195	-0.277	-0.027	0.7830	-0.6873	2.5196
32530	-0.214	-0.275	-0.027	0.7832	-0.6877	2.5196
32583	-0.177	-0.282	-0.027	0.7840	-0.6900	2.5195
32583	-0.177	-0.282	-0.027	0.7840	-0.6900	2.5195
32589	-0.177	-0.282	-0.027	0.7840	-0.6900	2.5195
32627	0.003	-0.316	-0.027	0.7849	-0.6919	2.5195
32631	0.003	-0.316	-0.027	0.7848	-0.6919	2.5194
32649	0.047	-0.325	-0.027	0.7849	-0.6924	2.5194
32704	0.060	-0.330	-0.027	0.7858	-0.6948	2.5192
32704	0.060	-0.330	-0.027	0.7858	-0.6948	2.5192
32710	0.060	-0.330	-0.027	0.7858	-0.6948	2.5192
32764	-0.087	-0.299	-0.030	0.7868	-0.6974	2.5191
32764	-0.087	-0.299	-0.030	0.7868	-0.6974	2.5191
32770	-0.087	-0.299	-0.030	0.7868	-0.6974	2.5191
32794	-0.064	-0.303	-0.031	0.7872	-0.6984	2.5190
32831	0.035	-0.325	-0.032	0.7877	-0.7001	2.5190
32831	0.035	-0.325	-0.032	0.7877	-0.7001	2.5190
32853	0.039	-0.334	-0.033	0.7880	-0.7010	2.5189
32883	-0.046	-0.332	-0.035	0.7885	-0.7024	2.5189
32889	-0.046	-0.332	-0.035	0.7885	-0.7024	2.5189
32944	-0.015	-0.344	-0.036	0.7894	-0.7049	2.5188
32944	-0.015	-0.344	-0.036	0.7894	-0.7049	2.5188
32950	-0.015	-0.344	-0.036	0.7894	-0.7049	2.5188
32977	-0.081	-0.342	-0.036	0.7898	-0.7060	2.5188
33001	-0.145	-0.339	-0.036	0.7902	-0.7072	2.5188
33009	-0.145	-0.339	-0.036	0.7902	-0.7072	2.5188
33048	-0.093	-0.350	-0.036	0.7909	-0.7090	2.5187
33058	-0.077	-0.354	-0.036	0.7911	-0.7094	2.5187
33074	-0.036	-0.362	-0.036	0.7915	-0.7102	2.5186
33094	-0.018	-0.367	-0.036	0.7918	-0.7110	2.5186
33135	-0.048	-0.366	-0.036	0.7921	-0.7122	2.5185
33135	-0.048	-0.366	-0.036	0.7921	-0.7122	2.5185
33151	-0.122	-0.358	-0.036	0.7924	-0.7128	2.5185
33174	-0.217	-0.345	-0.036	0.7927	-0.7136	2.5184
33189	-0.223	-0.342	-0.036	0.7930	-0.7143	2.5184
33210	-0.198	-0.344	-0.036	0.7931	-0.7148	2.5183
33253	-0.089	-0.363	-0.036	0.7936	-0.7164	2.5183
33253	-0.089	-0.363	-0.036	0.7936	-0.7164	2.5183
33306	0.030	-0.375	-0.036	0.7946	-0.7184	2.5182
33306	0.030	-0.375	-0.036	0.7946	-0.7184	2.5182
33318	0.004	-0.373	-0.036	0.7947	-0.7188	2.5182
33337	-0.031	-0.370	-0.036	0.7947	-0.7193	2.5182
33368	-0.033	-0.372	-0.036	0.7952	-0.7205	2.5181
33370	-0.033	-0.372	-0.036	0.7952	-0.7205	2.5181
33395	-0.072	-0.375	-0.036	0.7959	-0.7218	2.5180
33413	-0.068	-0.378	-0.036	0.7959	-0.7223	2.5180
33440	-0.010	-0.391	-0.036	0.7966	-0.7237	2.5179
33449	-0.010	-0.391	-0.036	0.7965	-0.7237	2.5179
33472	0.002	-0.396	-0.036	0.7971	-0.7250	2.5179
33490	-0.020	-0.392	-0.036	0.7975	-0.7258	2.5178
33532	-0.034	-0.388	-0.036	0.7981	-0.7275	2.5177
33538	-0.034	-0.388	-0.036	0.7980	-0.7275	2.5177
33550	-0.034	-0.388	-0.036	0.7980	-0.7275	2.5177
33574	0.037	-0.390	-0.036	0.7986	-0.7288	2.5176
33589	0.038	-0.392	-0.036	0.7988	-0.7292	2.5176
33614	0.009	-0.393	-0.036	0.7993	-0.7304	2.5175
33629	-0.007	-0.385	-0.036	0.7995	-0.7308	2.5175
33653	-0.030	-0.369	-0.036	0.7998	-0.7316	2.5174
33670	-0.014	-0.369	-0.036	0.8001	-0.7321	2.5174
33715	-0.021	-0.371	-0.034	0.8005	-0.7336	2.5173
33717	-0.021	-0.371	-0.034	0.8005	-0.7336	2.5173
33729	-0.020	-0.373	-0.033	0.8006	-0.7340	2.5172
33753	-0.033	-0.375	-0.031	0.8013	-0.7352	2.5171
33781	-0.064	-0.367	-0.029	0.8018	-0.7361	2.5171
33797	-0.057	-0.365	-0.029	0.8019	-0.7365	2.5171
33810	-0.045	-0.369	-0.028	0.8020	-0.7368	2.5171
33844	-0.047	-0.372	-0.027	0.8023	-0.7379	2.5170
33851	-0.038	-0.376	-0.027	0.8025	-0.7382	2.5170
33870	-0.038	-0.376	-0.027	0.8024	-0.7382	2.5170
33891	0.010	-0.397	-0.027	0.8031	-0.7395	2.5169
33929	-0.009	-0.411	-0.027	0.8034	-0.7404	2.5168
33929	-0.009	-0.411	-0.027	0.8034	-0.7404	2.5168
33953	0.003	-0.425	-0.027	0.8041	-0.7415	2.5167
33987	-0.003	-0.435	-0.027	0.8043	-0.7425	2.5167
33989	-0.003	-0.435	-0.027	0.8043	-0.7425	2.5167
34028	-0.070	-0.429	-0.027	0.8049	-0.7437	2.5165
34030	-0.070	-0.429	-0.027	0.8049	-0.7437	2.5165
34051	-0.062	-0.429	-0.027	0.8053	-0.7446	2.5165
34076	-0.061	-0.432	-0.027	0.8057	-0.7454	2.5164
34094	-0.061	-0.434	-0.027	0.8061	-0.7462	2.5163
34111	-0.056	-0.435	-0.027	0.8063	-0.7465	2.5163
34136	-0.013	-0.432	-0.026	0.8066	-0.7472	2.5162
34156	0.030	-0.435	-0.025	0.8070	-0.7479	2.5162
34175	0.038	-0.434	-0.024	0.8072	-0.7485	2.5161
34220	0.024	-0.420	-0.024	0.8080	-0.7502	2.5160
34222	0.024	-0.420	-0.024	0.8080	-0.7502	2.5160
34230	0.038	-0.420	-0.024	0.8083	-0.7506	2.5159
34251	0.061	-0.420	-0.024	0.8085	-0.7510	2.5159
34283	0.141	-0.407	-0.024	0.8094	-0.7525	2.5157
34292	0.151	-0.409	-0.024	0.8095	-0.7529	2.5157
34319	0.135	-0.407	-0.024	0.8099	-0.7536	2.5156
34337	0.103	-0.402	-0.024	0.8102	-0.7542	2.5156
34349	0.077	-0.398	-0.024	0.8104	-0.7546	2.5156
34369	0.056	-0.393	-0.024	0.8105	-0.7550	2.5155
34414	-0.028	-0.361	-0.023	0.8113	-0.7566	2.5154
34418	-0.041	-0.360	-0.023	0.8117	-0.7570	2.5154
34430	-0.041	-0.360	-0.023	0.8117	-0.7570	2.5154
34453	-0.044	-0.348	-0.023	0.8125	-0.7583	2.5153
34469	-0.048	-0.343	-0.023	0.8125	-0.7585	2.5152
34490	-0.063	-0.344	-0.023	0.8127	-0.7591	2.5152
34546	-0.099	-0.355	-0.023	0.8136	-0.7608	2.5150
34546	-0.099	-0.355	-0.023	0.8136	-0.7608	2.5150
34550	-0.099	-0.355	-0.023	0.8136	-0.7608	2.5150
34570	-0.099	-0.355	-0.023	0.8135	-0.7608	2.5150
34604	0.019	-0.378	-0.022	0.8147	-0.7625	2.5148
34612	0.019	-0.378	-0.022	0.8146	-0.7625	2.5148
34642	0.050	-0.392	-0.022	0.8151	-0.7635	2.5148
34668	0.074	-0.398	-0.022	0.8154	-0.7643	2.5147
34670	0.074	-0.398	-0.022	0.8154	-0.7643	2.5147
34694	0.055	-0.399	-0.022	0.8159	-0.7650	2.5146
34713	-0.012	-0.398	-0.022	0.8163	-0.7657	2.5146
34730	-0.062	-0.396	-0.022	0.8167	-0.7663	2.5145
34789	-0.034	-0.405	-0.022	0.8176	-0.7681	2.5144
34789	-0.034	-0.405	-0.022	0.8176	-0.7681	2.5144
34789	-0.034	-0.405	-0.022	0.8176	-0.7681	2.5144
34814	0.040	-0.416	-0.022	0.8185	-0.7690	2.5143
34836	0.079	-0.421	-0.022	0.8187	-0.7696	2.5143
34851	0.088	-0.422	-0.022	0.8189	-0.7700	2.5142
34869	0.097	-0.423	-0.022	0.8193	-0.7706	2.5142
34893	0.049	-0.414	-0.022	0.8196	-0.7713	2.5141
34912	0.003	-0.402	-0.022	0.8200	-0.7720	2.5140
34935	-0.006	-0.396	-0.022	0.8205	-0.7726	2.5140
34953	0.003	-0.386	-0.022	0.8210	-0.7733	2.5139
34978	0.030	-0.388	-0.022	0.8212	-0.7739	2.5139
34990	0.030	-0.388	-0.022	0.8212	-0.7739	2.5139
35012	0.041	-0.391	-0.022	0.8219	-0.7749	2.5138
35050	0.022	-0.390	-0.022	0.8225	-0.7759	2.5137
35050	0.022	-0.390	-0.022	0.8225	-0.7759	2.5137
35072	-0.016	-0.387	-0.022	0.8228	-0.7766	2.5136
35094	-0.001	-0.389	-0.022	0.8233	-0.7773	2.5135
35109	0.025	-0.390	-0.022	0.8238	-0.7779	2.5135
35130	0.016	-0.389	-0.022	0.8243	-0.7786	2.5135
35179	0.005	-0.363	-0.021	0.8248	-0.7797	2.5134
35183	0.014	-0.362	-0.021	0.8251	-0.7801	2.5133
35191	0.021	-0.361	-0.021	0.8254	-0.7804	2.5133
35214	0.033	-0.360	-0.021	0.8259	-0.7811	2.5133
35232	0.030	-0.360	-0.021	0.8260	-0.7814	2.5132
35262	0.002	-0.360	-0.021	0.8266	-0.7825	2.5131
35277	0.015	-0.362	-0.021	0.8271	-0.7832	2.5131
35290	0.015	-0.362	-0.021	0.8271	-0.7832	2.5131
35320	0.032	-0.356	-0.021	0.8280	-0.7843	2.5130
35331	0.029	-0.356	-0.021	0.8282	-0.7846	2.5129
35350	0.041	-0.360	-0.021	0.8288	-0.7854	2.5129
35369	0.041	-0.360	-0.021	0.8285	-0.7853	2.5129
35396	0.092	-0.361	-0.020	0.8293	-0.7864	2.5128
35410	0.110	-0.364	-0.020	0.8295	-0.7867	2.5128
35434	0.131	-0.362	-0.020	0.8298	-0.7873	2.5127
35461	0.085	-0.362	-0.020	0.8303	-0.7882	2.5127
35469	0.085	-0.362	-0.020	0.8303	-0.7882	2.5127
35497	0.016	-0.364	-0.020	0.8312	-0.7894	2.5126
35515	0.005	-0.367	-0.020	0.8314	-0.7898	2.5125
35545	0.011	-0.380	-0.020	0.8318	-0.7905	2.5124
35549	0.024	-0.386	-0.020	0.8321	-0.7908	2.5124
35601	0.127	-0.418	-0.020	0.8328	-0.7921	2.5123
35601	0.127	-0.418	-0.020	0.8328	-0.7921	2.5123
35609	0.121	-0.419	-0.020	0.8331	-0.7924	2.5123
35648	0.043	-0.407	-0.020	0.8337	-0.7935	2.5122
35650	0.026	-0.403	-0.020	0.8340	-0.7938	2.5121
35719	0.001	-0.395	-0.023	0.8353	-0.7957	2.5120
35719	0.001	-0.395	-0.023	0.8353	-0.7957	2.5120
35719	0.001	-0.395	-0.023	0.8353	-0.7957	2.5120
35770	0.032	-0.392	-0.023	0.8366	-0.7975	2.5119
35770	0.032	-0.392	-0.023	0.8366	-0.7975	2.5119
35770	0.032	-0.392	-0.023	0.8366	-0.7975	2.5119
35840	-0.022	-0.365	-0.023	0.8383	-0.7995	2.5117
35842	-0.022	-0.365	-0.023	0.8383	-0.7995	2.5117
35842	-0.022	-0.365	-0.023	0.8383	-0.7995	2.5117
35857	0.003	-0.364	-0.023	0.8385	-0.7999	2.5117
35874	0.042	-0.362	-0.023	0.8389	-0.8004	2.5117
35897	0.119	-0.366	-0.023	0.8393	-0.8010	2.5116
35911	0.213	-0.374	-0.023	0.8398	-0.8015	2.5116
35939	0.231	-0.375	-0.023	0.8401	-0.8022	2.5115
35949	0.222	-0.375	-0.023	0.8404	-0.8025	2.5115
35970	0.199	-0.373	-0.023	0.8408	-0.8029	2.5115
35991	0.099	-0.355	-0.023	0.8415	-0.8038	2.5115
36015	0.048	-0.348	-0.023	0.8417	-0.8043	2.5115
36029	0.032	-0.347	-0.023	0.8419	-0.8047	2.5115
36073	-0.010	-0.346	-0.023	0.8429	-0.8059	2.5115
36073	-0.010	-0.346	-0.023	0.8429	-0.8059	2.5115
36089	-0.029	-0.345	-0.023	0.8433	-0.8065	2.5115
36111	-0.040	-0.345	-0.023	0.8437	-0.8069	2.5114
36129	-0.020	-0.346	-0.023	0.8444	-0.8077	2.5114
36157	0.058	-0.355	-0.023	0.8447	-0.8083	2.5113
36172	0.082	-0.359	-0.023	0.8449	-0.8086	2.5113
36215	0.131	-0.372	-0.023	0.8457	-0.8097	2.5112
36215	0.131	-0.372	-0.023	0.8457	-0.8097	2.5112
36261	0.089	-0.376	-0.023	0.8466	-0.8110	2.5111
36269	0.073	-0.376	-0.023	0.8469	-0.8114	2.5111
36269	0.073	-0.376	-0.023	0.8469	-0.8114	2.5111
36290	0.060	-0.375	-0.023	0.8472	-0.8117	2.5110
36310	0.056	-0.375	-0.023	0.8476	-0.8124	2.5110
36334	0.120	-0.386	-0.023	0.8485	-0.8133	2.5109
36506	-1.278	1.055	-0.024	0.8513	-0.8177	2.5109
36506	-1.278	1.055	-0.024	0.8513	-0.8177	2.5109
36506	-1.278	1.055	-0.024	0.8513	-0.8177	2.5109
36506	-1.278	1.055	-0.024	0.8513	-0.8177	2.5109
36510	-1.278	1.055	-0.024	0.8513	-0.8177	2.5109
36510	-1.278	1.055	-0.024	0.8513	-0.8177	2.5109
36510	-1.278	1.055	-0.024	0.8513	-0.8177	2.5109
36513	-1.278	1.055	-0.024	0.8513	-0.8177	2.5109
36513	-1.278	1.055	-0.024	0.8513	-0.8177	2.5109
36559	-3.858	4.661	0.054	0.8524	-0.8191	2.5113
36561	-3.858	4.661	0.054	0.8524	-0.8191	2.5113
36569	-3.858	4.661	0.054	0.8524	-0.8191	2.5113
36633	-3.886	4.879	-0.107	0.8514	-0.8189	2.5120
36633	-3.886	4.879	-0.107	0.8514	-0.8189	2.5120
36633	-3.886	4.879	-0.107	0.8514	-0.8189	2.5120
36676	-3.691	4.672	-0.221	0.8499	-0.8183	2.5123
36676	-3.691	4.672	-0.221	0.8499	-0.8183	2.5123
36690	-3.691	4.672	-0.221	0.8499	-0.8183	2.5123
36733	-3.297	4.512	-0.322	0.8463	-0.8159	2.5124
36740	-3.193	4.421	-0.335	0.8458	-0.8156	2.5123
36749	-3.071	4.306	-0.349	0.8451	-0.8152	2.5123
36769	-2.808	4.058	-0.374	0.8429	-0.8137	2.5121
36792	-2.601	3.834	-0.382	0.8435	-0.8143	2.5120
36813	-2.222	3.433	-0.393	0.8415	-0.8131	2.5118
36860	-1.676	2.890	-0.379	0.8397	-0.8123	2.5115
36860	-1.676	2.890	-0.379	0.8397	-0.8123	2.5115
36872	-1.560	2.779	-0.367	0.8384	-0.8115	2.5115
36892	-1.420	2.612	-0.347	0.8372	-0.8108	2.5114
36926	-1.241	2.383	-0.309	0.8355	-0.8100	2.5114
36930	-1.226	2.358	-0.308	0.8365	-0.8107	2.5115
36949	-1.184	2.299	-0.295	0.8359	-0.8104	2.5115
36990	-1.016	2.062	-0.231	0.8355	-0.8107	2.5118
36990	-1.016	2.062	-0.231	0.8355	-0.8107	2.5118
37009	-1.016	2.062	-0.231	0.8355	-0.8107	2.5118
37032	-1.035	2.020	-0.173	0.8320	-0.8088	2.5118
37063	-1.084	1.987	-0.126	0.8310	-0.8086	2.5120
37069	-1.084	1.987	-0.126	0.8310	-0.8086	2.5120
37094	-1.213	2.027	-0.086	0.8288	-0.8075	2.5121
37119	-1.215	2.033	-0.063	0.8290	-0.8078	2.5122
37132	-1.209	2.047	-0.054	0.8287	-0.8077	2.5123
37150	-1.198	2.089	-0.039	0.8279	-0.8073	2.5123
37184	-1.245	2.165	-0.019	0.8268	-0.8068	2.5124
37193	-1.289	2.186	-0.016	0.8272	-0.8071	2.5125
37210	-1.289	2.186	-0.016	0.8272	-0.8071	2.5125
37231	-1.481	2.344	-0.002	0.8246	-0.8057	2.5124
37250	-1.551	2.415	0.003	0.8240	-0.8054	2.5124
37269	-1.560	2.434	0.003	0.8247	-0.8058	2.5125
37314	-1.510	2.566	0.011	0.8218	-0.8041	2.5125
37314	-1.510	2.566	0.011	0.8218	-0.8041	2.5125
37346	-1.575	2.652	0.014	0.8193	-0.8026	2.5124
37368	-1.598	2.688	0.013	0.8178	-0.8017	2.5124
37370	-1.598	2.688	0.013	0.8178	-0.8017	2.5124
37421	-1.551	2.683	0.009	0.8135	-0.7991	2.5123
37421	-1.551	2.683	0.009	0.8135	-0.7991	2.5123
37472	-1.537	2.577	0.007	0.8075	-0.7955	2.5121
37474	-1.537	2.577	0.007	0.8075	-0.7955	2.5121
37474	-1.537	2.577	0.007	0.8075	-0.7955	2.5121
37490	-1.466	2.520	0.007	0.8042	-0.7936	2.5120
37527	-1.234	2.349	0.001	0.8022	-0.7923	2.5120
37529	-1.234	2.349	0.001	0.8022	-0.7923	2.5120
37566	-1.274	2.161	0.000	0.7968	-0.7891	2.5119
37584	-1.287	2.093	-0.000	0.7956	-0.7883	2.5119
37590	-1.287	2.093	-0.000	0.7956	-0.7883	2.5119
37623	-1.218	1.886	0.001	0.7908	-0.7854	2.5118
37638	-1.132	1.779	0.002	0.7882	-0.7839	2.5118
37650	-1.099	1.731	0.002	0.7872	-0.7832	2.5118
37693	-0.971	1.542	0.004	0.7825	-0.7804	2.5118
37697	-0.966	1.534	0.003	0.7831	-0.7808	2.5118
37712	-0.928	1.500	0.005	0.7807	-0.7793	2.5117
37732	-0.886	1.458	0.005	0.7805	-0.7791	2.5117
37763	-0.689	1.325	0.009	0.7762	-0.7765	2.5116
37769	-0.689	1.325	0.009	0.7766	-0.7768	2.5117
37790	-0.670	1.324	0.012	0.7751	-0.7758	2.5116
37813	-0.630	1.328	0.016	0.7711	-0.7734	2.5115
37857	-0.563	1.323	0.021	0.7681	-0.7716	2.5114
37859	-0.563	1.323	0.021	0.7681	-0.7716	2.5114
37870	-0.563	1.323	0.021	0.7681	-0.7716	2.5114
37889	-0.563	1.323	0.021	0.7681	-0.7716	2.5114
37938	-0.758	1.451	0.039	0.7617	-0.7679	2.5112
37938	-0.758	1.451	0.039	0.7617	-0.7679	2.5112
37949	-0.758	1.451	0.039	0.7617	-0.7679	2.5112
37987	-0.964	1.576	0.048	0.7576	-0.7655	2.5110
38020	-1.026	1.633	0.050	0.7574	-0.7654	2.5111
38020	-1.026	1.633	0.050	0.7574	-0.7654	2.5111
38030	-1.026	1.633	0.050	0.7574	-0.7654	2.5111
38075	-1.264	1.890	0.057	0.7506	-0.7613	2.5109
38077	-1.264	1.890	0.057	0.7506	-0.7613	2.5109
38131	-1.298	2.013	0.060	0.7458	-0.7583	2.5108
38134	-1.302	2.034	0.060	0.7441	-0.7572	2.5107
38138	-1.302	2.034	0.060	0.7441	-0.7572	2.5107
38150	-1.310	2.047	0.061	0.7419	-0.7559	2.5106
38185	-1.304	2.042	0.063	0.7384	-0.7537	2.5105
38198	-1.294	2.024	0.063	0.7369	-0.7528	2.5104
38210	-1.294	2.024	0.063	0.7369	-0.7528	2.5104
38264	-1.129	1.835	0.063	0.7281	-0.7473	2.5100
38264	-1.129	1.835	0.063	0.7281	-0.7473	2.5100
38272	-1.129	1.835	0.063	0.7281	-0.7473	2.5100
38291	-1.078	1.711	0.061	0.7231	-0.7443	2.5098
38317	-1.081	1.617	0.060	0.7207	-0.7428	2.5098
38330	-1.066	1.578	0.060	0.7192	-0.7419	2.5097
38364	-1.001	1.435	0.060	0.7143	-0.7389	2.5096
38372	-0.977	1.394	0.060	0.7125	-0.7377	2.5095
38389	-0.919	1.298	0.061	0.7095	-0.7359	2.5095
38431	-0.822	1.148	0.063	0.7029	-0.7318	2.5093
38434	-0.822	1.148	0.063	0.7029	-0.7318	2.5093
38450	-0.822	1.148	0.063	0.7029	-0.7318	2.5093
38507	-0.893	0.955	0.066	0.6926	-0.7254	2.5090
38507	-0.893	0.955	0.066	0.6926	-0.7254	2.5090
38509	-0.893	0.955	0.066	0.6926	-0.7254	2.5090
38529	-0.912	0.907	0.066	0.6894	-0.7234	2.5089
38551	-0.894	0.834	0.065	0.6861	-0.7213	2.5088
38569	-0.874	0.777	0.064	0.6838	-0.7198	2.5087
38591	-0.822	0.725	0.063	0.6812	-0.7182	2.5087
38619	-0.781	0.694	0.063	0.6785	-0.7165	2.5086
38630	-0.767	0.696	0.062	0.6772	-0.7156	2.5086
38650	-0.817	0.733	0.064	0.6727	-0.7127	2.5084
38669	-0.851	0.760	0.064	0.6718	-0.7121	2.5084
38691	-0.900	0.805	0.064	0.6685	-0.7100	2.5083
38742	-0.983	0.887	0.065	0.6608	-0.7050	2.5081
38742	-0.983	0.887	0.065	0.6608	-0.7050	2.5081
38754	-0.994	0.892	0.065	0.6588	-0.7037	2.5081
38800	-0.968	0.891	0.064	0.6522	-0.6994	2.5079
38803	-0.968	0.891	0.064	0.6522	-0.6994	2.5079
38818	-0.952	0.894	0.064	0.6510	-0.6987	2.5079
38833	-0.940	0.891	0.065	0.6493	-0.6975	2.5078
38856	-0.959	0.885	0.067	0.6432	-0.6934	2.5077
38874	-0.981	0.886	0.068	0.6421	-0.6928	2.5076
38937	-0.982	0.866	0.071	0.6328	-0.6868	2.5074
38937	-0.982	0.866	0.071	0.6328	-0.6868	2.5074
38939	-0.982	0.866	0.071	0.6328	-0.6868	2.5074
38949	-0.982	0.866	0.071	0.6328	-0.6868	2.5074
38998	-0.912	0.793	0.073	0.6229	-0.6803	2.5072
38998	-0.912	0.793	0.073	0.6229	-0.6803	2.5072
39045	-1.072	0.793	0.073	0.6162	-0.6760	2.5070
39045	-1.072	0.793	0.073	0.6162	-0.6760	2.5070
39055	-1.074	0.794	0.073	0.6145	-0.6749	2.5070
39083	-1.025	0.805	0.071	0.6089	-0.6713	2.5069
39089	-1.025	0.805	0.071	0.6089	-0.6713	2.5069
39109	-1.017	0.795	0.070	0.6066	-0.6697	2.5069
39133	-0.998	0.749	0.069	0.6014	-0.6661	2.5068
39168	-0.876	0.675	0.067	0.5966	-0.6629	2.5067
39170	-0.876	0.683	0.067	0.5967	-0.6631	2.5067
39196	-0.813	0.596	0.066	0.5910	-0.6592	2.5067
39227	-0.798	0.527	0.067	0.5860	-0.6558	2.5066
39229	-0.798	0.527	0.067	0.5860	-0.6558	2.5066
39261	-0.831	0.484	0.067	0.5816	-0.6529	2.5065
39269	-0.858	0.476	0.068	0.5800	-0.6518	2.5065
39290	-0.881	0.470	0.069	0.5767	-0.6497	2.5064
39310	-0.881	0.470	0.069	0.5767	-0.6497	2.5064
39330	-0.870	0.448	0.070	0.5714	-0.6459	2.5063
39357	-0.834	0.434	0.071	0.5676	-0.6434	2.5063
39370	-0.834	0.434	0.071	0.5676	-0.6434	2.5063
39396	-0.920	0.473	0.073	0.5627	-0.6401	2.5062
39414	-1.007	0.533	0.075	0.5594	-0.6377	2.5062
39431	-1.024	0.575	0.075	0.5577	-0.6367	2.5062
39470	-1.047	0.679	0.078	0.5526	-0.6333	2.5061
39477	-1.057	0.695	0.079	0.5509	-0.6320	2.5061
39489	-1.058	0.705	0.079	0.5510	-0.6321	2.5061
39514	-1.109	0.762	0.082	0.5448	-0.6276	2.5061
39536	-1.094	0.792	0.082	0.5417	-0.6256	2.5061
39550	-1.094	0.792	0.082	0.5417	-0.6256	2.5061
39577	-1.108	0.803	0.083	0.5373	-0.6224	2.5061
39594	-1.149	0.800	0.085	0.5339	-0.6200	2.5060
39613	-1.170	0.798	0.085	0.5305	-0.6176	2.5060
39670	-1.103	0.767	0.082	0.5229	-0.6123	2.5059
39670	-1.103	0.767	0.082	0.5229	-0.6123	2.5059
39670	-1.103	0.767	0.082	0.5229	-0.6123	2.5059
39728	-1.185	0.799	0.081	0.5141	-0.6061	2.5059
39728	-1.185	0.799	0.081	0.5141	-0.6061	2.5059
39730	-1.185	0.799	0.081	0.5141	-0.6061	2.5059
39749	-1.207	0.800	0.081	0.5105	-0.6034	2.5058
39769	-1.209	0.809	0.081	0.5089	-0.6024	2.5058
39789	-1.179	0.784	0.080	0.5052	-0.5997	2.5058
39809	-1.128	0.751	0.079	0.5008	-0.5963	2.5057
39836	-1.090	0.710	0.079	0.4977	-0.5942	2.5057
39849	-1.071	0.675	0.079	0.4942	-0.5917	2.5057
39892	-0.993	0.604	0.079	0.4893	-0.5882	2.5057
39894	-0.993	0.604	0.079	0.4893	-0.5882	2.5057
39910	-0.973	0.587	0.079	0.4872	-0.5867	2.5057
39935	-1.014	0.547	0.081	0.4807	-0.5818	2.5056
39971	-1.055	0.534	0.080	0.4757	-0.5780	2.5056
39971	-1.055	0.534	0.080	0.4757	-0.5780	2.5056
40027	-0.956	0.491	0.079	0.4671	-0.5717	2.5056
40027	-0.956	0.491	0.079	0.4671	-0.5717	2.5056
40029	-0.956	0.491	0.079	0.4671	-0.5717	2.5056
40049	-0.927	0.480	0.078	0.4656	-0.5706	2.5056
40088	-0.800	0.447	0.077	0.4588	-0.5656	2.5056
40090	-0.800	0.447	0.077	0.4588	-0.5656	2.5056
40110	-0.779	0.446	0.077	0.4543	-0.5621	2.5056
40141	-0.802	0.473	0.077	0.4489	-0.5580	2.5056
40150	-0.802	0.473	0.077	0.4489	-0.5580	2.5056
40201	-0.973	0.513	0.077	0.4414	-0.5525	2.5056
40201	-0.973	0.513	0.077	0.4414	-0.5525	2.5056
40209	-0.973	0.513	0.077	0.4414	-0.5525	2.5056
40230	-1.017	0.509	0.077	0.4361	-0.5482	2.5056
40276	-0.952	0.487	0.076	0.4290	-0.5428	2.5056
40278	-0.952	0.494	0.076	0.4291	-0.5430	2.5056
40297	-0.998	0.508	0.076	0.4256	-0.5402	2.5056
40319	-1.051	0.534	0.076	0.4219	-0.5374	2.5056
40335	-1.053	0.543	0.076	0.4220	-0.5376	2.5056
40401	-1.072	0.605	0.077	0.4090	-0.5273	2.5056
40401	-1.072	0.605	0.077	0.4090	-0.5273	2.5056
40401	-1.072	0.605	0.077	0.4090	-0.5273	2.5056
40411	-1.066	0.602	0.076	0.4073	-0.5260	2.5056
40465	-0.995	0.612	0.075	0.3975	-0.5183	2.5056
40465	-0.995	0.612	0.075	0.3975	-0.5183	2.5056
40469	-0.995	0.612	0.075	0.3975	-0.5183	2.5056
40511	-0.931	0.544	0.074	0.3897	-0.5119	2.5055
40513	-0.931	0.544	0.074	0.3897	-0.5119	2.5055
40532	-0.832	0.484	0.073	0.3854	-0.5083	2.5055
40579	-0.683	0.363	0.071	0.3787	-0.5032	2.5056
40581	-0.683	0.363	0.071	0.3787	-0.5032	2.5056
40589	-0.674	0.337	0.071	0.3768	-0.5015	2.5055
40609	-0.655	0.296	0.071	0.3737	-0.4989	2.5055
40634	-0.599	0.232	0.070	0.3685	-0.4945	2.5055
40650	-0.579	0.211	0.070	0.3674	-0.4938	2.5056
40676	-0.568	0.173	0.070	0.3641	-0.4911	2.5056
40694	-0.570	0.152	0.070	0.3611	-0.4887	2.5056
40716	-0.602	0.157	0.070	0.3586	-0.4869	2.5056
40730	-0.602	0.157	0.070	0.3586	-0.4869	2.5056
40773	-0.699	0.254	0.074	0.3515	-0.4809	2.5056
40778	-0.743	0.295	0.074	0.3495	-0.4793	2.5056
40790	-0.743	0.295	0.074	0.3498	-0.4795	2.5056
40834	-0.847	0.444	0.076	0.3425	-0.4735	2.5056
40836	-0.848	0.450	0.076	0.3427	-0.4737	2.5056
40849	-0.848	0.450	0.076	0.3427	-0.4737	2.5056
40875	-0.955	0.537	0.078	0.3377	-0.4695	2.5056
40892	-1.007	0.590	0.079	0.3345	-0.4667	2.5056
40915	-1.033	0.623	0.079	0.3324	-0.4649	2.5056
40936	-1.026	0.671	0.080	0.3285	-0.4616	2.5056
40963	-0.994	0.693	0.080	0.3260	-0.4595	2.5056
40982	-1.000	0.713	0.081	0.3234	-0.4573	2.5056
40992	-1.001	0.722	0.081	0.3218	-0.4558	2.5056
41009	-0.992	0.729	0.081	0.3206	-0.4549	2.5056
41030	-1.028	0.753	0.081	0.3180	-0.4527	2.5056
41049	-1.092	0.786	0.082	0.3146	-0.4497	2.5056
41079	-1.130	0.815	0.083	0.3118	-0.4474	2.5056
41089	-1.127	0.830	0.083	0.3099	-0.4458	2.5056
41110	-1.125	0.848	0.083	0.3070	-0.4433	2.5056
41130	-1.127	0.859	0.081	0.3036	-0.4402	2.5056
41149	-1.121	0.862	0.081	0.3024	-0.4393	2.5056
41176	-1.119	0.867	0.079	0.2975	-0.4349	2.5056
41190	-1.127	0.866	0.078	0.2964	-0.4341	2.5056
41228	-1.101	0.867	0.076	0.2925	-0.4309	2.5056
41230	-1.101	0.867	0.076	0.2925	-0.4309	2.5056
41287	-1.039	0.840	0.072	0.2820	-0.4218	2.5056
41287	-1.039	0.840	0.072	0.2820	-0.4218	2.5056
41289	-1.039	0.840	0.072	0.2820	-0.4218	2.5056
41310	-1.039	0.833	0.072	0.2803	-0.4203	2.5056
41329	-1.045	0.807	0.072	0.2754	-0.4159	2.5056
41354	-1.032	0.779	0.070	0.2723	-0.4132	2.5056
41375	-0.992	0.748	0.069	0.2693	-0.4107	2.5056
41390	-0.962	0.731	0.068	0.2678	-0.4094	2.5056
41413	-0.898	0.685	0.065	0.2643	-0.4063	2.5056
41444	-0.871	0.641	0.063	0.2594	-0.4020	2.5056
41449	-0.871	0.641	0.063	0.2594	-0.4020	2.5056
41472	-0.820	0.608	0.061	0.2549	-0.3981	2.5056
41503	-0.776	0.589	0.060	0.2501	-0.3938	2.5056
41510	-0.780	0.596	0.060	0.2501	-0.3939	2.5056
41529	-0.754	0.588	0.060	0.2483	-0.3923	2.5056
41551	-0.655	0.563	0.060	0.2429	-0.3873	2.5055
41569	-0.583	0.542	0.060	0.2397	-0.3845	2.5055
41589	-0.558	0.526	0.059	0.2385	-0.3835	2.5055
41615	-0.569	0.503	0.059	0.2347	-0.3802	2.5055
41632	-0.595	0.490	0.059	0.2310	-0.3769	2.5055
41651	-0.626	0.487	0.059	0.2277	-0.3740	2.5055
41688	-0.723	0.506	0.059	0.2231	-0.3700	2.5056
41690	-0.723	0.506	0.059	0.2231	-0.3700	2.5056
41745	-0.758	0.528	0.059	0.2135	-0.3614	2.5055
41745	-0.758	0.528	0.059	0.2135	-0.3614	2.5055
41749	-0.758	0.528	0.059	0.2135	-0.3614	2.5055
41802	-0.663	0.501	0.059	0.2065	-0.3551	2.5056
41805	-0.663	0.501	0.059	0.2065	-0.3551	2.5056
41809	-0.663	0.501	0.059	0.2065	-0.3551	2.5056
41829	-0.611	0.467	0.059	0.2011	-0.3500	2.5056
41861	-0.600	0.450	0.058	0.1988	-0.3480	2.5056
41870	-0.612	0.440	0.058	0.1954	-0.3449	2.5055
41889	-0.635	0.439	0.058	0.1938	-0.3434	2.5055
41920	-0.675	0.453	0.058	0.1901	-0.3401	2.5055
41929	-0.671	0.462	0.059	0.1890	-0.3390	2.5055
41949	-0.676	0.475	0.059	0.1875	-0.3376	2.5055
41972	-0.726	0.519	0.059	0.1831	-0.3335	2.5055
41991	-0.754	0.536	0.060	0.1826	-0.3332	2.5055
42011	-0.813	0.588	0.060	0.1797	-0.3305	2.5055
42032	-0.821	0.620	0.061	0.1779	-0.3288	2.5055
42065	-0.851	0.724	0.062	0.1724	-0.3238	2.5055
42069	-0.851	0.724	0.062	0.1724	-0.3238	2.5055
42107	-0.936	0.825	0.064	0.1679	-0.3197	2.5055
42110	-0.938	0.842	0.064	0.1662	-0.3181	2.5055
42140	-0.968	0.884	0.065	0.1620	-0.3142	2.5055
42154	-0.984	0.900	0.065	0.1603	-0.3125	2.5055
42174	-1.010	0.915	0.065	0.1570	-0.3095	2.5054
42208	-0.977	0.910	0.065	0.1519	-0.3048	2.5054
42210	-0.977	0.910	0.065	0.1519	-0.3048	2.5054
42230	-0.951	0.879	0.064	0.1480	-0.3011	2.5054
42279	-0.920	0.814	0.063	0.1415	-0.2951	2.5053
42279	-0.920	0.814	0.063	0.1415	-0.2951	2.5053
42290	-0.907	0.794	0.063	0.1395	-0.2933	2.5053
42312	-0.894	0.757	0.061	0.1356	-0.2896	2.5053
42379	-0.693	0.603	0.055	0.1254	-0.2802	2.5052
42393	-0.664	0.583	0.054	0.1239	-0.2788	2.5052
42395	-0.664	0.583	0.054	0.1239	-0.2788	2.5052
42395	-0.664	0.583	0.054	0.1239	-0.2788	2.5052
42411	-0.630	0.551	0.052	0.1208	-0.2758	2.5052
42430	-0.584	0.523	0.051	0.1179	-0.2731	2.5052
42451	-0.561	0.509	0.051	0.1158	-0.2711	2.5052
42472	-0.522	0.475	0.051	0.1124	-0.2679	2.5051
42526	-0.523	0.451	0.051	0.1064	-0.2625	2.5052
42526	-0.523	0.451	0.051	0.1064	-0.2625	2.5052
42530	-0.523	0.451	0.051	0.1064	-0.2625	2.5052
42558	-0.534	0.493	0.051	0.1010	-0.2574	2.5051
42569	-0.544	0.509	0.051	0.0997	-0.2562	2.5051
42594	-0.589	0.550	0.051	0.0971	-0.2538	2.5051
42609	-0.614	0.566	0.052	0.0957	-0.2525	2.5051
42650	-0.730	0.629	0.050	0.0901	-0.2474	2.5051
42652	-0.738	0.639	0.049	0.0885	-0.2459	2.5051
42671	-0.762	0.651	0.049	0.0869	-0.2443	2.5051
42695	-0.798	0.681	0.048	0.0833	-0.2410	2.5050
42709	-0.806	0.692	0.047	0.0818	-0.2396	2.5050
42731	-0.793	0.710	0.046	0.0780	-0.2361	2.5050
42770	-0.788	0.719	0.046	0.0737	-0.2320	2.5049
42772	-0.788	0.719	0.046	0.0737	-0.2320	2.5049
42829	-0.678	0.695	0.046	0.0649	-0.2238	2.5049
42829	-0.678	0.695	0.046	0.0649	-0.2238	2.5049
42831	-0.678	0.695	0.046	0.0649	-0.2238	2.5049
42890	-0.799	0.700	0.046	0.0573	-0.2167	2.5048
42890	-0.799	0.700	0.046	0.0573	-0.2167	2.5048
42890	-0.799	0.700	0.046	0.0573	-0.2167	2.5048
42925	-0.774	0.711	0.045	0.0522	-0.2119	2.5048
42940	-0.767	0.711	0.045	0.0488	-0.2087	2.5048
42952	-0.768	0.710	0.045	0.0470	-0.2071	2.5048
42976	-0.764	0.706	0.044	0.0435	-0.2038	2.5047
42999	-0.705	0.695	0.044	0.0400	-0.2005	2.5047
43009	-0.705	0.695	0.044	0.0400	-0.2005	2.5047
43031	-0.667	0.682	0.044	0.0367	-0.1974	2.5047
43049	-0.637	0.667	0.044	0.0332	-0.1941	2.5047
43107	-0.562	0.638	0.044	0.0255	-0.1871	2.5046
43107	-0.562	0.638	0.044	0.0255	-0.1871	2.5046
43109	-0.562	0.638	0.044	0.0255	-0.1871	2.5046
43153	-0.560	0.619	0.043	0.0179	-0.1799	2.5046
43153	-0.560	0.619	0.043	0.0179	-0.1799	2.5046
43171	-0.568	0.616	0.043	0.0157	-0.1780	2.5046
43209	-0.544	0.600	0.043	0.0107	-0.1733	2.5045
43209	-0.544	0.600	0.043	0.0107	-0.1733	2.5045
43229	-0.533	0.586	0.043	0.0069	-0.1698	2.5045
43279	-0.442	0.546	0.043	0.0004	-0.1637	2.5044
43283	-0.442	0.546	0.043	0.0004	-0.1637	2.5044
43289	-0.455	0.545	0.043	-0.0015	-0.1619	2.5044
43315	-0.522	0.541	0.042	-0.0044	-0.1593	2.5044
43334	-0.608	0.549	0.043	-0.0075	-0.1564	2.5044
43353	-0.630	0.558	0.043	-0.0094	-0.1547	2.5044
43376	-0.625	0.580	0.043	-0.0139	-0.1504	2.5043
43533	0.169	-0.919	0.019	-0.0293	-0.1360	2.5045
43535	0.169	-0.919	0.019	-0.0293	-0.1360	2.5045
43535	0.169	-0.919	0.019	-0.0293	-0.1360	2.5045
43535	0.169	-0.919	0.019	-0.0293	-0.1360	2.5045
43537	0.169	-0.919	0.019	-0.0293	-0.1360	2.5045
43538	0.169	-0.919	0.019	-0.0293	-0.1360	2.5045
43538	0.169	-0.919	0.019	-0.0293	-0.1360	2.5045
43538	0.169	-0.919	0.019	-0.0293	-0.1360	2.5045
43549	1.292	-3.203	0.023	-0.0327	-0.1327	2.5047
43583	2.553	-5.803	0.063	-0.0367	-0.1288	2.5051
43597	2.841	-6.396	0.070	-0.0381	-0.1274	2.5052
43638	3.071	-6.949	-0.005	-0.0428	-0.1220	2.5060
43640	3.050	-6.912	-0.006	-0.0430	-0.1219	2.5060
43650	3.039	-6.937	-0.041	-0.0438	-0.1206	2.5062
43672	3.004	-6.919	-0.089	-0.0450	-0.1187	2.5065
43692	3.021	-6.977	-0.146	-0.0461	-0.1166	2.5067
43709	3.004	-6.950	-0.170	-0.0473	-0.1153	2.5067
43734	3.007	-7.073	-0.224	-0.0474	-0.1130	2.5069
43758	2.853	-6.856	-0.254	-0.0491	-0.1112	2.5067
43769	2.717	-6.694	-0.268	-0.0499	-0.1101	2.5066
43805	2.371	-6.264	-0.298	-0.0505	-0.1078	2.5064
43809	2.371	-6.264	-0.298	-0.0505	-0.1078	2.5064
43833	2.092	-5.761	-0.317	-0.0508	-0.1056	2.5062
43875	1.597	-4.979	-0.313	-0.0532	-0.1012	2.5059
43877	1.597	-4.979	-0.313	-0.0532	-0.1012	2.5059
43890	1.597	-4.979	-0.313	-0.0532	-0.1012	2.5059
43910	1.296	-4.559	-0.296	-0.0524	-0.0992	2.5057
43932	1.129	-4.286	-0.282	-0.0528	-0.0976	2.5057
43956	0.944	-4.037	-0.263	-0.0533	-0.0960	2.5057
43998	0.774	-3.586	-0.220	-0.0573	-0.0913	2.5062
43998	0.774	-3.586	-0.220	-0.0573	-0.0913	2.5062
44010	0.774	-3.586	-0.220	-0.0573	-0.0913	2.5062
44029	0.695	-3.451	-0.192	-0.0568	-0.0891	2.5062
44049	0.607	-3.357	-0.170	-0.0572	-0.0872	2.5064
44075	0.539	-3.272	-0.152	-0.0588	-0.0850	2.5066
44092	0.521	-3.277	-0.141	-0.0589	-0.0840	2.5067
44110	0.513	-3.281	-0.125	-0.0595	-0.0822	2.5068
44135	0.527	-3.289	-0.109	-0.0602	-0.0806	2.5069
44186	0.500	-3.262	-0.080	-0.0641	-0.0757	2.5073
44186	0.500	-3.262	-0.080	-0.0641	-0.0757	2.5073
44190	0.500	-3.262	-0.080	-0.0641	-0.0757	2.5073
44216	0.631	-3.407	-0.063	-0.0629	-0.0731	2.5073
44231	0.680	-3.432	-0.058	-0.0636	-0.0719	2.5074
44250	0.713	-3.421	-0.055	-0.0652	-0.0706	2.5075
44275	0.805	-3.536	-0.048	-0.0644	-0.0686	2.5074
44291	0.798	-3.539	-0.047	-0.0649	-0.0675	2.5074
44310	0.818	-3.580	-0.044	-0.0646	-0.0660	2.5074
44356	0.830	-3.558	-0.042	-0.0653	-0.0622	2.5075
44356	0.830	-3.558	-0.042	-0.0653	-0.0622	2.5075
44370	0.842	-3.604	-0.040	-0.0634	-0.0612	2.5073
44403	0.772	-3.531	-0.041	-0.0637	-0.0588	2.5074
44411	0.772	-3.531	-0.041	-0.0637	-0.0588	2.5074
44430	0.768	-3.525	-0.041	-0.0622	-0.0577	2.5073
44466	0.802	-3.430	-0.040	-0.0620	-0.0558	2.5073
44470	0.805	-3.434	-0.039	-0.0607	-0.0553	2.5072
44492	0.801	-3.376	-0.039	-0.0602	-0.0543	2.5072
44509	0.792	-3.317	-0.039	-0.0594	-0.0532	2.5072
44530	0.776	-3.253	-0.039	-0.0599	-0.0526	2.5073
44559	0.732	-3.134	-0.040	-0.0589	-0.0510	2.5073
44581	0.704	-3.084	-0.039	-0.0563	-0.0499	2.5071
44602	0.691	-3.019	-0.039	-0.0568	-0.0494	2.5072
44609	0.684	-3.013	-0.039	-0.0553	-0.0490	2.5071
44633	0.629	-2.932	-0.039	-0.0543	-0.0481	2.5070
44657	0.501	-2.813	-0.040	-0.0545	-0.0469	2.5071
44714	0.413	-2.675	-0.040	-0.0522	-0.0448	2.5070
44714	0.413	-2.675	-0.040	-0.0522	-0.0448	2.5070
44714	0.413	-2.675	-0.040	-0.0522	-0.0448	2.5070
44745	0.313	-2.649	-0.038	-0.0502	-0.0433	2.5069
44755	0.292	-2.653	-0.037	-0.0494	-0.0429	2.5069
44769	0.257	-2.644	-0.036	-0.0490	-0.0423	2.5069
44792	0.194	-2.627	-0.034	-0.0474	-0.0412	2.5068
44810	0.195	-2.620	-0.033	-0.0464	-0.0407	2.5068
44830	0.264	-2.595	-0.029	-0.0436	-0.0396	2.5066
44851	0.298	-2.547	-0.028	-0.0423	-0.0386	2.5066
44869	0.300	-2.530	-0.028	-0.0412	-0.0381	2.5065
44892	0.224	-2.466	-0.026	-0.0389	-0.0369	2.5064
44924	0.149	-2.383	-0.025	-0.0369	-0.0356	2.5063
44946	0.201	-2.324	-0.023	-0.0339	-0.0345	2.5061
44966	0.254	-2.263	-0.022	-0.0323	-0.0336	2.5060
44970	0.254	-2.263	-0.022	-0.0323	-0.0336	2.5060
45019	0.319	-2.141	-0.020	-0.0285	-0.0317	2.5059
45021	0.319	-2.141	-0.020	-0.0285	-0.0317	2.5059
45034	0.320	-2.096	-0.018	-0.0257	-0.0310	2.5057
45064	0.287	-2.023	-0.016	-0.0225	-0.0298	2.5056
45095	0.284	-1.961	-0.013	-0.0192	-0.0286	2.5054
45097	0.284	-1.961	-0.013	-0.0192	-0.0286	2.5054
45109	0.284	-1.961	-0.013	-0.0192	-0.0286	2.5054
45129	0.312	-1.911	-0.012	-0.0164	-0.0278	2.5053
45152	0.329	-1.871	-0.011	-0.0143	-0.0270	2.5052
45183	0.319	-1.809	-0.010	-0.0102	-0.0260	2.5050
45200	0.375	-1.778	-0.009	-0.0079	-0.0254	2.5049
45210	0.402	-1.766	-0.009	-0.0067	-0.0251	2.5048
45230	0.402	-1.766	-0.009	-0.0067	-0.0251	2.5048
45249	0.465	-1.717	-0.008	-0.0026	-0.0244	2.5046
45270	0.556	-1.652	-0.007	0.0016	-0.0236	2.5044
45290	0.577	-1.602	-0.007	0.0012	-0.0234	2.5045
45317	0.538	-1.545	-0.006	0.0056	-0.0227	2.5043
45334	0.512	-1.516	-0.006	0.0052	-0.0225	2.5043
45351	0.479	-1.505	-0.005	0.0070	-0.0223	2.5043
45407	0.366	-1.506	-0.002	0.0135	-0.0210	2.5040
45407	0.366	-1.506	-0.002	0.0135	-0.0210	2.5040
45448	0.320	-1.572	0.004	0.0192	-0.0202	2.5038
45448	0.320	-1.572	0.004	0.0192	-0.0202	2.5038
45459	0.320	-1.592	0.005	0.0207	-0.0200	2.5037
45473	0.337	-1.602	0.006	0.0220	-0.0197	2.5037
45504	0.373	-1.618	0.009	0.0270	-0.0191	2.5034
45510	0.379	-1.617	0.010	0.0291	-0.0189	2.5033
45567	0.359	-1.557	0.013	0.0357	-0.0178	2.5031
45567	0.359	-1.557	0.013	0.0357	-0.0178	2.5031
45569	0.359	-1.557	0.013	0.0357	-0.0178	2.5031
45592	0.362	-1.469	0.015	0.0413	-0.0174	2.5029
45611	0.385	-1.439	0.015	0.0428	-0.0172	2.5028
45629	0.430	-1.375	0.016	0.0458	-0.0168	2.5027
45650	0.467	-1.309	0.016	0.0496	-0.0164	2.5026
45672	0.535	-1.237	0.017	0.0535	-0.0160	2.5024
45691	0.572	-1.168	0.018	0.0573	-0.0158	2.5023
45732	0.605	-1.063	0.019	0.0626	-0.0151	2.5022
45734	0.605	-1.063	0.019	0.0626	-0.0151	2.5022
45749	0.614	-1.038	0.019	0.0643	-0.0150	2.5021
45773	0.608	-0.967	0.020	0.0697	-0.0149	2.5020
45795	0.568	-0.920	0.021	0.0719	-0.0145	2.5019
45810	0.563	-0.897	0.022	0.0738	-0.0144	2.5018
45841	0.560	-0.863	0.022	0.0785	-0.0140	2.5017
45854	0.578	-0.870	0.023	0.0806	-0.0139	2.5016
45876	0.577	-0.851	0.024	0.0864	-0.0139	2.5015
45892	0.583	-0.846	0.025	0.0877	-0.0137	2.5015
45917	0.609	-0.843	0.026	0.0908	-0.0135	2.5014
45929	0.633	-0.845	0.027	0.0936	-0.0135	2.5014
45976	0.585	-0.807	0.026	0.1017	-0.0132	2.5012
45976	0.585	-0.807	0.026	0.1017	-0.0132	2.5012
46018	0.561	-0.802	0.026	0.1086	-0.0130	2.5010
46020	0.561	-0.802	0.026	0.1086	-0.0130	2.5010
46030	0.561	-0.802	0.026	0.1086	-0.0130	2.5010
46064	0.672	-0.835	0.028	0.1160	-0.0129	2.5009
46070	0.675	-0.840	0.028	0.1179	-0.0129	2.5009
46089	0.657	-0.845	0.029	0.1200	-0.0129	2.5008
46130	0.554	-0.831	0.030	0.1273	-0.0126	2.5007
46130	0.554	-0.831	0.030	0.1273	-0.0126	2.5007
46151	0.520	-0.794	0.031	0.1322	-0.0129	2.5007
46177	0.507	-0.771	0.031	0.1355	-0.0128	2.5006
46191	0.527	-0.754	0.032	0.1391	-0.0128	2.5005
46213	0.541	-0.748	0.032	0.1413	-0.0128	2.5005
46234	0.563	-0.720	0.032	0.1458	-0.0128	2.5004
46255	0.606	-0.683	0.033	0.1496	-0.0128	2.5004
46300	0.664	-0.687	0.034	0.1562	-0.0127	2.5003
46300	0.664	-0.687	0.034	0.1562	-0.0127	2.5003
46310	0.664	-0.687	0.034	0.1562	-0.0127	2.5003
46353	0.583	-0.657	0.036	0.1658	-0.0129	2.5001
46353	0.583	-0.657	0.036	0.1658	-0.0129	2.5001
46372	0.604	-0.633	0.036	0.1708	-0.0132	2.5001
46389	0.620	-0.626	0.037	0.1730	-0.0133	2.5001
46415	0.712	-0.601	0.037	0.1773	-0.0134	2.5000
46430	0.782	-0.571	0.038	0.1817	-0.0137	2.5000
46472	0.760	-0.503	0.039	0.1891	-0.0141	2.5000
46472	0.760	-0.503	0.039	0.1891	-0.0141	2.5000
46509	0.793	-0.499	0.038	0.1954	-0.0143	2.5000
46514	0.790	-0.511	0.038	0.1954	-0.0142	2.5000
46530	0.790	-0.511	0.038	0.1954	-0.0142	2.5000
46573	0.762	-0.499	0.036	0.2065	-0.0151	2.5001
46573	0.762	-0.499	0.036	0.2065	-0.0151	2.5001
46589	0.753	-0.493	0.036	0.2085	-0.0153	2.5001
46614	0.750	-0.454	0.037	0.2150	-0.0160	2.5002
46632	0.731	-0.456	0.037	0.2160	-0.0159	2.5001
46651	0.729	-0.447	0.038	0.2198	-0.0162	2.5001
46678	0.730	-0.461	0.039	0.2235	-0.0164	2.5001
46691	0.754	-0.475	0.039	0.2261	-0.0166	2.5001
46713	0.782	-0.492	0.040	0.2304	-0.0171	2.5001
46733	0.803	-0.501	0.040	0.2344	-0.0176	2.5001
46750	0.817	-0.520	0.039	0.2366	-0.0177	2.5001
46769	0.815	-0.530	0.039	0.2394	-0.0180	2.5001
46807	0.779	-0.540	0.039	0.2468	-0.0188	2.5001
46809	0.779	-0.540	0.039	0.2468	-0.0188	2.5001
46873	0.721	-0.547	0.038	0.2563	-0.0200	2.5001
46875	0.721	-0.547	0.038	0.2563	-0.0200	2.5001
46875	0.721	-0.547	0.038	0.2563	-0.0200	2.5001
46900	0.592	-0.529	0.038	0.2615	-0.0207	2.5001
46910	0.581	-0.539	0.038	0.2637	-0.0209	2.5001
46929	0.617	-0.549	0.038	0.2677	-0.0215	2.5002
46973	0.697	-0.556	0.038	0.2740	-0.0223	2.5002
46975	0.697	-0.556	0.038	0.2740	-0.0223	2.5002
47000	0.723	-0.566	0.038	0.2776	-0.0228	2.5003
47015	0.744	-0.574	0.038	0.2796	-0.0230	2.5003
47035	0.757	-0.588	0.038	0.2828	-0.0235	2.5003
47050	0.757	-0.588	0.038	0.2828	-0.0235	2.5003
47070	0.729	-0.610	0.038	0.2883	-0.0243	2.5003
47112	0.780	-0.650	0.038	0.2938	-0.0250	2.5004
47114	0.780	-0.650	0.038	0.2938	-0.0250	2.5004
47150	0.746	-0.729	0.039	0.2990	-0.0257	2.5004
47152	0.733	-0.745	0.039	0.3008	-0.0261	2.5004
47173	0.741	-0.807	0.039	0.3044	-0.0266	2.5004
47189	0.751	-0.839	0.040	0.3061	-0.0268	2.5005
47237	0.762	-0.895	0.040	0.3136	-0.0281	2.5005
47237	0.762	-0.895	0.040	0.3136	-0.0281	2.5005
47261	0.750	-0.882	0.040	0.3185	-0.0291	2.5006
47276	0.736	-0.862	0.039	0.3219	-0.0297	2.5006
47291	0.733	-0.844	0.039	0.3236	-0.0299	2.5006
47343	0.741	-0.734	0.038	0.3332	-0.0317	2.5007
47346	0.741	-0.734	0.038	0.3332	-0.0317	2.5007
47351	0.741	-0.734	0.038	0.3332	-0.0317	2.5007
47370	0.791	-0.702	0.037	0.3371	-0.0325	2.5007
47390	0.822	-0.663	0.037	0.3408	-0.0331	2.5007
47410	0.831	-0.637	0.036	0.3442	-0.0337	2.5008
47456	0.835	-0.588	0.036	0.3522	-0.0352	2.5008
47458	0.835	-0.588	0.036	0.3522	-0.0352	2.5008
47469	0.835	-0.588	0.036	0.3522	-0.0352	2.5008
47495	0.774	-0.541	0.035	0.3605	-0.0371	2.5009
47534	0.732	-0.529	0.035	0.3658	-0.0380	2.5010
47549	0.718	-0.512	0.035	0.3701	-0.0391	2.5010
47560	0.703	-0.516	0.035	0.3723	-0.0395	2.5010
47572	0.703	-0.516	0.035	0.3723	-0.0395	2.5010
47589	0.621	-0.488	0.034	0.3773	-0.0408	2.5011
47613	0.534	-0.471	0.034	0.3810	-0.0416	2.5011
47634	0.513	-0.432	0.035	0.3857	-0.0428	2.5011
47654	0.522	-0.405	0.036	0.3894	-0.0434	2.5012
47672	0.504	-0.398	0.037	0.3918	-0.0439	2.5012
47690	0.479	-0.345	0.038	0.3975	-0.0457	2.5013
47744	0.519	-0.280	0.037	0.4042	-0.0468	2.5014
47744	0.519	-0.280	0.037	0.4042	-0.0468	2.5014
47750	0.547	-0.282	0.037	0.4061	-0.0473	2.5014
47772	0.593	-0.285	0.037	0.4084	-0.0479	2.5014
47789	0.664	-0.283	0.037	0.4115	-0.0486	2.5015
47816	0.694	-0.305	0.038	0.4169	-0.0499	2.5015
47835	0.695	-0.321	0.038	0.4210	-0.0509	2.5015
47885	0.633	-0.349	0.038	0.4290	-0.0530	2.5016
47885	0.633	-0.349	0.038	0.4290	-0.0530	2.5016
47890	0.633	-0.349	0.038	0.4290	-0.0530	2.5016
47912	0.628	-0.363	0.038	0.4331	-0.0541	2.5016
47945	0.737	-0.373	0.037	0.4403	-0.0562	2.5016
47949	0.737	-0.373	0.037	0.4400	-0.0560	2.5016
47997	0.655	-0.387	0.035	0.4467	-0.0578	2.5017
47997	0.655	-0.387	0.035	0.4467	-0.0578	2.5017
48009	0.655	-0.387	0.035	0.4467	-0.0578	2.5017
48032	0.608	-0.398	0.032	0.4532	-0.0598	2.5017
48058	0.622	-0.431	0.031	0.4570	-0.0608	2.5018
48070	0.604	-0.440	0.030	0.4593	-0.0616	2.5018
48113	0.478	-0.474	0.025	0.4659	-0.0634	2.5019
48115	0.478	-0.474	0.025	0.4659	-0.0634	2.5019
48129	0.478	-0.474	0.025	0.4659	-0.0634	2.5019
48154	0.507	-0.466	0.022	0.4745	-0.0664	2.5019
48188	0.570	-0.457	0.022	0.4774	-0.0670	2.5020
48190	0.570	-0.457	0.022	0.4774	-0.0670	2.5020
48226	0.682	-0.493	0.022	0.4832	-0.0687	2.5020
48230	0.682	-0.493	0.022	0.4829	-0.0685	2.5020
48250	0.685	-0.525	0.022	0.4858	-0.0694	2.5020
48298	0.527	-0.651	0.023	0.4931	-0.0716	2.5021
48300	0.527	-0.651	0.023	0.4931	-0.0716	2.5021
48310	0.527	-0.651	0.023	0.4931	-0.0716	2.5021
48342	0.529	-0.726	0.024	0.4993	-0.0736	2.5021
48350	0.542	-0.748	0.024	0.5009	-0.0741	2.5021
48373	0.564	-0.777	0.024	0.5039	-0.0750	2.5021
48389	0.565	-0.787	0.024	0.5058	-0.0757	2.5021
48420	0.581	-0.809	0.025	0.5115	-0.0775	2.5021
48430	0.580	-0.814	0.025	0.5111	-0.0772	2.5022
48456	0.584	-0.823	0.025	0.5155	-0.0787	2.5022
48469	0.572	-0.825	0.025	0.5171	-0.0792	2.5022
48501	0.513	-0.837	0.025	0.5214	-0.0805	2.5022
48510	0.508	-0.837	0.025	0.5232	-0.0811	2.5022
48533	0.490	-0.843	0.025	0.5267	-0.0822	2.5022
48550	0.488	-0.843	0.024	0.5287	-0.0829	2.5022
48570	0.494	-0.837	0.024	0.5328	-0.0843	2.5022
48590	0.501	-0.827	0.024	0.5363	-0.0855	2.5022
48610	0.539	-0.806	0.024	0.5403	-0.0869	2.5021
48652	0.580	-0.766	0.024	0.5450	-0.0882	2.5022
48655	0.580	-0.766	0.024	0.5450	-0.0882	2.5022
48670	0.548	-0.743	0.023	0.5486	-0.0895	2.5022
48703	0.431	-0.717	0.021	0.5542	-0.0913	2.5022
48709	0.431	-0.717	0.021	0.5542	-0.0913	2.5022
48739	0.369	-0.670	0.020	0.5601	-0.0934	2.5022
48750	0.370	-0.656	0.020	0.5616	-0.0939	2.5022
48772	0.374	-0.623	0.019	0.5651	-0.0951	2.5022
48789	0.365	-0.592	0.018	0.5679	-0.0961	2.5021
48831	0.374	-0.511	0.015	0.5738	-0.0980	2.5022
48831	0.374	-0.511	0.015	0.5738	-0.0980	2.5022
48878	0.322	-0.462	0.014	0.5814	-0.1006	2.5022
48878	0.322	-0.462	0.014	0.5814	-0.1006	2.5022
48889	0.298	-0.458	0.014	0.5833	-0.1012	2.5022
48911	0.225	-0.458	0.014	0.5875	-0.1028	2.5022
48932	0.186	-0.461	0.014	0.5906	-0.1039	2.5022
48956	0.161	-0.468	0.014	0.5931	-0.1047	2.5022
48971	0.156	-0.472	0.014	0.5946	-0.1052	2.5022
48991	0.164	-0.483	0.014	0.5971	-0.1060	2.5022
49014	0.212	-0.499	0.015	0.6006	-0.1072	2.5022
49050	0.295	-0.536	0.015	0.6067	-0.1093	2.5021
49054	0.295	-0.536	0.015	0.6067	-0.1093	2.5021
49069	0.317	-0.554	0.015	0.6084	-0.1098	2.5021
49089	0.381	-0.590	0.015	0.6125	-0.1113	2.5021
49110	0.396	-0.615	0.015	0.6158	-0.1125	2.5021
49129	0.404	-0.635	0.015	0.6188	-0.1135	2.5021
49187	0.333	-0.660	0.015	0.6263	-0.1162	2.5021
49187	0.333	-0.660	0.015	0.6263	-0.1162	2.5021
49191	0.333	-0.660	0.015	0.6261	-0.1161	2.5021
49238	0.394	-0.678	0.015	0.6328	-0.1184	2.5021
49238	0.394	-0.678	0.015	0.6328	-0.1184	2.5021
49291	0.353	-0.709	0.015	0.6415	-0.1216	2.5020
49291	0.353	-0.709	0.015	0.6415	-0.1216	2.5020
49291	0.353	-0.709	0.015	0.6415	-0.1216	2.5020
49333	0.271	-0.711	0.015	0.6486	-0.1242	2.5020
49333	0.271	-0.711	0.015	0.6486	-0.1242	2.5020
49390	0.363	-0.672	0.015	0.6584	-0.1277	2.5019
49394	0.363	-0.672	0.015	0.6584	-0.1277	2.5019
49394	0.363	-0.672	0.015	0.6584	-0.1277	2.5019
49409	0.369	-0.648	0.014	0.6611	-0.1287	2.5019
49430	0.405	-0.604	0.014	0.6647	-0.1300	2.5018
49450	0.395	-0.558	0.014	0.6681	-0.1313	2.5018
49493	0.310	-0.478	0.013	0.6743	-0.1336	2.5017
49504	0.310	-0.478	0.013	0.6742	-0.1335	2.5018
49510	0.308	-0.467	0.013	0.6760	-0.1342	2.5017
49549	0.311	-0.449	0.013	0.6813	-0.1362	2.5017
49549	0.311	-0.449	0.013	0.6813	-0.1362	2.5017
49569	0.288	-0.448	0.013	0.6855	-0.1377	2.5017
49613	0.244	-0.454	0.013	0.6918	-0.1401	2.5016
49613	0.244	-0.454	0.013	0.6918	-0.1401	2.5016
49631	0.220	-0.457	0.013	0.6935	-0.1408	2.5016
49666	0.173	-0.459	0.013	0.6977	-0.1423	2.5016
49678	0.193	-0.473	0.013	0.7005	-0.1434	2.5016
49690	0.193	-0.473	0.013	0.7004	-0.1433	2.5016
49752	0.203	-0.572	0.013	0.7101	-0.1469	2.5016
49752	0.203	-0.572	0.013	0.7101	-0.1469	2.5016
49752	0.203	-0.572	0.013	0.7101	-0.1469	2.5016
49789	0.309	-0.618	0.014	0.7141	-0.1483	2.5016
49812	0.394	-0.668	0.014	0.7182	-0.1499	2.5016
49812	0.394	-0.668	0.014	0.7182	-0.1499	2.5016
49829	0.398	-0.687	0.014	0.7196	-0.1503	2.5016
49859	0.327	-0.752	0.014	0.7244	-0.1521	2.5016
49874	0.323	-0.770	0.014	0.7264	-0.1529	2.5016
49909	0.357	-0.807	0.015	0.7308	-0.1545	2.5016
49920	0.367	-0.825	0.014	0.7324	-0.1551	2.5015
49934	0.376	-0.848	0.014	0.7356	-0.1563	2.5015
49958	0.349	-0.862	0.013	0.7388	-0.1575	2.5015
49970	0.334	-0.868	0.012	0.7407	-0.1582	2.5015
49997	0.286	-0.860	0.010	0.7446	-0.1597	2.5015
50034	0.218	-0.829	0.010	0.7496	-0.1616	2.5014
50036	0.218	-0.829	0.010	0.7496	-0.1616	2.5014
50051	0.213	-0.790	0.010	0.7537	-0.1631	2.5014
50069	0.214	-0.770	0.010	0.7554	-0.1638	2.5014
50103	0.225	-0.695	0.009	0.7584	-0.1648	2.5013
50109	0.225	-0.695	0.009	0.7584	-0.1648	2.5013
50130	0.287	-0.653	0.009	0.7620	-0.1662	2.5013
50157	0.361	-0.630	0.009	0.7667	-0.1679	2.5013
50169	0.354	-0.631	0.009	0.7686	-0.1686	2.5012
50196	0.299	-0.634	0.009	0.7726	-0.1701	2.5012
50219	0.218	-0.632	0.008	0.7743	-0.1707	2.5012
50230	0.194	-0.639	0.008	0.7758	-0.1713	2.5012
50270	0.188	-0.670	0.008	0.7797	-0.1728	2.5013
50275	0.200	-0.696	0.008	0.7814	-0.1734	2.5013
50289	0.200	-0.696	0.008	0.7814	-0.1734	2.5013
50318	0.246	-0.783	0.008	0.7869	-0.1755	2.5013
50343	0.272	-0.829	0.008	0.7902	-0.1767	2.5013
50349	0.272	-0.829	0.008	0.7902	-0.1767	2.5013
50371	0.270	-0.862	0.008	0.7934	-0.1779	2.5012
50391	0.264	-0.878	0.008	0.7958	-0.1788	2.5012
50410	0.229	-0.895	0.008	0.7991	-0.1800	2.5012
50440	0.218	-0.889	0.008	0.8024	-0.1813	2.5012
50450	0.214	-0.885	0.008	0.8040	-0.1818	2.5012
50473	0.223	-0.880	0.008	0.8067	-0.1829	2.5011
50495	0.321	-0.882	0.008	0.8104	-0.1842	2.5011
50514	0.415	-0.874	0.007	0.8131	-0.1852	2.5011
50532	0.458	-0.874	0.007	0.8155	-0.1861	2.5011
50560	0.380	-0.870	0.007	0.8193	-0.1875	2.5011
50569	0.380	-0.870	0.007	0.8193	-0.1875	2.5011
50598	0.258	-0.858	0.007	0.8230	-0.1889	2.5011
50617	0.284	-0.856	0.007	0.8262	-0.1901	2.5011
50637	0.312	-0.864	0.007	0.8292	-0.1912	2.5012
50651	0.309	-0.866	0.007	0.8311	-0.1919	2.5012
50770	0.348	-0.646	-0.001	0.8438	-0.1967	2.5012
50776	0.372	-0.340	-0.002	0.8453	-0.1973	2.5012
50776	0.372	-0.340	-0.002	0.8453	-0.1973	2.5012
50776	0.372	-0.340	-0.002	0.8453	-0.1973	2.5012
50778	0.372	-0.340	-0.002	0.8453	-0.1973	2.5012
50778	0.372	-0.340	-0.002	0.8453	-0.1973	2.5012
50791	0.437	0.247	-0.005	0.8470	-0.1979	2.5013
50819	0.845	2.582	-0.020	0.8521	-0.1999	2.5015
50833	1.033	3.319	-0.026	0.8537	-0.2005	2.5016
50849	1.305	4.204	-0.034	0.8562	-0.2016	2.5019
50892	1.806	5.343	-0.032	0.8614	-0.2043	2.5025
50892	1.806	5.343	-0.032	0.8614	-0.2043	2.5025
50909	1.806	5.343	-0.032	0.8614	-0.2043	2.5025
50931	1.902	5.456	-0.020	0.8633	-0.2059	2.5028
50963	1.900	5.333	0.017	0.8666	-0.2086	2.5028
50999	1.785	5.054	0.041	0.8692	-0.2110	2.5028
50999	1.785	5.054	0.041	0.8692	-0.2110	2.5028
51012	1.772	4.959	0.048	0.8698	-0.2120	2.5027
51032	1.777	4.727	0.060	0.8710	-0.2141	2.5026
51059	1.769	4.378	0.069	0.8736	-0.2153	2.5025
51085	1.721	4.045	0.076	0.8753	-0.2177	2.5023
51095	1.700	3.921	0.076	0.8758	-0.2189	2.5023
51111	1.653	3.673	0.076	0.8768	-0.2210	2.5021
51135	1.608	3.513	0.075	0.8772	-0.2227	2.5020
51149	1.553	3.372	0.073	0.8777	-0.2237	2.5020
51170	1.446	3.077	0.071	0.8796	-0.2252	2.5020
51190	1.408	2.879	0.068	0.8807	-0.2268	2.5020
51216	1.406	2.659	0.063	0.8827	-0.2280	2.5021
51229	1.413	2.572	0.060	0.8833	-0.2288	2.5021
51249	1.371	2.346	0.051	0.8850	-0.2315	2.5021
51269	1.349	2.288	0.047	0.8856	-0.2325	2.5021
51302	1.309	2.125	0.036	0.8883	-0.2344	2.5023
51309	1.303	2.093	0.032	0.8889	-0.2352	2.5023
51342	1.289	1.996	0.020	0.8916	-0.2375	2.5025
51360	1.250	1.947	0.013	0.8936	-0.2387	2.5026
51370	1.250	1.947	0.013	0.8936	-0.2387	2.5026
51396	1.198	1.967	0.001	0.8947	-0.2415	2.5026
51414	1.181	1.976	-0.004	0.8953	-0.2425	2.5026
51429	1.156	1.994	-0.010	0.8966	-0.2439	2.5027
51454	1.143	2.016	-0.017	0.8986	-0.2455	2.5027
51470	1.167	2.005	-0.019	0.8999	-0.2458	2.5028
51492	1.255	2.060	-0.026	0.9010	-0.2480	2.5027
51510	1.272	2.081	-0.030	0.9022	-0.2490	2.5028
51532	1.312	2.122	-0.034	0.9033	-0.2505	2.5028
51552	1.362	2.156	-0.038	0.9044	-0.2518	2.5028
51570	1.380	2.194	-0.042	0.9053	-0.2536	2.5028
51589	1.378	2.181	-0.042	0.9064	-0.2538	2.5028
51610	1.391	2.208	-0.044	0.9073	-0.2555	2.5028
51643	1.388	2.187	-0.045	0.9096	-0.2570	2.5029
51651	1.409	2.214	-0.045	0.9094	-0.2583	2.5029
51669	1.484	2.185	-0.045	0.9109	-0.2595	2.5029
51690	1.484	2.185	-0.045	0.9109	-0.2595	2.5029
51737	1.714	2.185	-0.045	0.9126	-0.2648	2.5029
51741	1.714	2.185	-0.045	0.9126	-0.2648	2.5029
51749	1.714	2.185	-0.045	0.9126	-0.2648	2.5029
51787	1.655	2.156	-0.045	0.9131	-0.2700	2.5028
51794	1.613	2.139	-0.044	0.9133	-0.2709	2.5028
51809	1.558	2.099	-0.043	0.9141	-0.2711	2.5028
51840	1.460	2.057	-0.042	0.9141	-0.2745	2.5027
51850	1.434	2.019	-0.041	0.9148	-0.2749	2.5028
51877	1.397	1.978	-0.040	0.9152	-0.2764	2.5028
51894	1.404	1.958	-0.039	0.9150	-0.2784	2.5027
51934	1.460	1.841	-0.037	0.9164	-0.2810	2.5027
51936	1.460	1.841	-0.037	0.9164	-0.2810	2.5027
51953	1.458	1.818	-0.036	0.9164	-0.2822	2.5027
51988	1.442	1.728	-0.035	0.9170	-0.2863	2.5027
51990	1.442	1.728	-0.035	0.9170	-0.2863	2.5027
52014	1.424	1.718	-0.035	0.9168	-0.2882	2.5026
52032	1.367	1.684	-0.035	0.9171	-0.2900	2.5026
52049	1.296	1.662	-0.035	0.9170	-0.2920	2.5026
52072	1.234	1.653	-0.035	0.9167	-0.2939	2.5025
52089	1.167	1.629	-0.035	0.9164	-0.2964	2.5024
52118	1.120	1.576	-0.035	0.9171	-0.2979	2.5024
52155	1.125	1.511	-0.034	0.9171	-0.3015	2.5023
52157	1.125	1.511	-0.034	0.9171	-0.3015	2.5023
52171	1.148	1.488	-0.034	0.9168	-0.3038	2.5023
52189	1.148	1.488	-0.034	0.9168	-0.3038	2.5023
52212	1.188	1.454	-0.034	0.9159	-0.3082	2.5021
52236	1.119	1.431	-0.036	0.9159	-0.3100	2.5021
52292	1.029	1.382	-0.039	0.9153	-0.3155	2.5020
52292	1.029	1.382	-0.039	0.9153	-0.3155	2.5020
52292	1.029	1.382	-0.039	0.9153	-0.3155	2.5020
52312	1.033	1.371	-0.039	0.9148	-0.3174	2.5020
52329	1.028	1.359	-0.039	0.9138	-0.3203	2.5019
52351	1.022	1.329	-0.039	0.9138	-0.3218	2.5019
52381	0.970	1.299	-0.039	0.9134	-0.3246	2.5019
52400	0.973	1.292	-0.039	0.9127	-0.3271	2.5019
52413	0.986	1.288	-0.040	0.9123	-0.3284	2.5018
52429	0.984	1.282	-0.040	0.9126	-0.3281	2.5018
52460	0.959	1.263	-0.040	0.9119	-0.3318	2.5018
52479	0.950	1.268	-0.040	0.9108	-0.3348	2.5017
52489	0.950	1.268	-0.040	0.9108	-0.3348	2.5017
52532	0.855	1.228	-0.039	0.9090	-0.3403	2.5015
52534	0.855	1.228	-0.039	0.9093	-0.3400	2.5015
52550	0.840	1.224	-0.038	0.9086	-0.3414	2.5015
52581	0.822	1.197	-0.036	0.9075	-0.3450	2.5014
52591	0.841	1.194	-0.035	0.9071	-0.3461	2.5014
52612	0.853	1.172	-0.034	0.9063	-0.3482	2.5013
52633	0.836	1.153	-0.033	0.9055	-0.3502	2.5012
52664	0.754	1.109	-0.029	0.9044	-0.3531	2.5011
52669	0.754	1.109	-0.029	0.9044	-0.3531	2.5011
52692	0.693	1.095	-0.027	0.9038	-0.3551	2.5011
52739	0.655	1.055	-0.025	0.9025	-0.3590	2.5010
52739	0.655	1.055	-0.025	0.9025	-0.3590	2.5010
52749	0.655	1.055	-0.025	0.9025	-0.3590	2.5010
52791	0.732	1.052	-0.021	0.9001	-0.3645	2.5009
52791	0.732	1.052	-0.021	0.9001	-0.3645	2.5009
52809	0.755	1.058	-0.020	0.8992	-0.3666	2.5009
52847	0.786	1.066	-0.018	0.8971	-0.3710	2.5008
52849	0.786	1.066	-0.018	0.8971	-0.3710	2.5008
52870	0.791	1.065	-0.017	0.8968	-0.3720	2.5008
52904	0.800	1.048	-0.017	0.8946	-0.3766	2.5007
52915	0.779	1.038	-0.017	0.8938	-0.3782	2.5006
52930	0.764	1.029	-0.017	0.8933	-0.3794	2.5006
52977	0.753	0.994	-0.014	0.8903	-0.3856	2.5005
52984	0.753	0.994	-0.014	0.8903	-0.3856	2.5005
52990	0.753	0.994	-0.014	0.8903	-0.3856	2.5005
53028	0.807	0.965	-0.013	0.8879	-0.3904	2.5004
53032	0.788	0.952	-0.012	0.8869	-0.3920	2.5003
53050	0.753	0.930	-0.010	0.8856	-0.3945	2.5003
53069	0.715	0.919	-0.010	0.8852	-0.3955	2.5003
53091	0.613	0.893	-0.008	0.8839	-0.3981	2.5002
53150	0.549	0.828	-0.007	0.8798	-0.4058	2.5001
53150	0.549	0.828	-0.007	0.8798	-0.4058	2.5001
53152	0.549	0.828	-0.007	0.8798	-0.4058	2.5001
53169	0.549	0.828	-0.007	0.8798	-0.4058	2.5001
53190	0.577	0.798	-0.006	0.8767	-0.4108	2.5001
53230	0.511	0.765	-0.006	0.8748	-0.4147	2.5001
53230	0.511	0.765	-0.006	0.8748	-0.4147	2.5001
53268	0.370	0.736	-0.006	0.8728	-0.4187	2.5000
53270	0.370	0.736	-0.006	0.8728	-0.4187	2.5000
53290	0.370	0.736	-0.006	0.8728	-0.4187	2.5000
53321	0.316	0.721	-0.006	0.8690	-0.4250	2.5000
53332	0.314	0.723	-0.006	0.8682	-0.4264	2.4999
53349	0.305	0.727	-0.006	0.8668	-0.4287	2.4999
53408	0.253	0.736	-0.006	0.8631	-0.4349	2.4998
53408	0.253	0.736	-0.006	0.8631	-0.4349	2.4998
53410	0.253	0.736	-0.006	0.8631	-0.4349	2.4998
53443	0.221	0.741	-0.007	0.8611	-0.4383	2.4998
53450	0.221	0.743	-0.007	0.8598	-0.4402	2.4997
53470	0.225	0.744	-0.007	0.8593	-0.4411	2.4997
53532	0.338	0.765	-0.007	0.8551	-0.4479	2.4996
53532	0.338	0.765	-0.007	0.8551	-0.4479	2.4996
53532	0.338	0.765	-0.007	0.8551	-0.4479	2.4996
53566	0.335	0.776	-0.007	0.8519	-0.4526	2.4996
53577	0.326	0.779	-0.007	0.8512	-0.4538	2.4996
53590	0.302	0.782	-0.008	0.8498	-0.4557	2.4995
53614	0.282	0.783	-0.008	0.8483	-0.4580	2.4995
53636	0.343	0.788	-0.007	0.8468	-0.4605	2.4995
53649	0.343	0.788	-0.007	0.8468	-0.4605	2.4995
53694	0.322	0.768	-0.004	0.8417	-0.4679	2.4995
53694	0.322	0.768	-0.004	0.8417	-0.4679	2.4995
53709	0.308	0.761	-0.004	0.8407	-0.4692	2.4995
53751	0.265	0.728	-0.002	0.8370	-0.4748	2.4995
53753	0.265	0.728	-0.002	0.8370	-0.4748	2.4995
53773	0.267	0.713	-0.002	0.8355	-0.4768	2.4995
53796	0.252	0.693	-0.002	0.8340	-0.4791	2.4995
53812	0.197	0.678	-0.002	0.8321	-0.4818	2.4995
53829	0.197	0.678	-0.002	0.8321	-0.4818	2.4995
53871	-0.004	0.630	-0.002	0.8275	-0.4882	2.4995
53877	0.004	0.632	-0.002	0.8277	-0.4881	2.4995
53889	-0.014	0.625	-0.002	0.8267	-0.4894	2.4994
53940	-0.008	0.612	-0.003	0.8224	-0.4954	2.4994
53940	-0.008	0.612	-0.003	0.8224	-0.4954	2.4994
53969	0.004	0.627	-0.003	0.8195	-0.4992	2.4994
53969	0.004	0.627	-0.003	0.8195	-0.4992	2.4994
53994	0.013	0.648	-0.003	0.8176	-0.5018	2.4994
54010	0.021	0.659	-0.003	0.8161	-0.5037	2.4994
54045	0.054	0.676	-0.003	0.8141	-0.5066	2.4994
54050	0.063	0.682	-0.003	0.8130	-0.5079	2.4994
54070	0.075	0.685	-0.003	0.8116	-0.5097	2.4994
54092	0.115	0.691	-0.003	0.8101	-0.5117	2.4994
54114	0.165	0.698	-0.003	0.8082	-0.5142	2.4994
54129	0.165	0.698	-0.003	0.8082	-0.5142	2.4994
54154	0.179	0.692	-0.003	0.8052	-0.5177	2.4994
54172	0.176	0.690	-0.003	0.8032	-0.5201	2.4994
54192	0.185	0.683	-0.003	0.8021	-0.5217	2.4994
54224	0.162	0.672	-0.003	0.8001	-0.5242	2.4994
54236	0.120	0.667	-0.003	0.7983	-0.5263	2.4994
54256	0.088	0.668	-0.003	0.7966	-0.5285	2.4994
54282	0.114	0.680	-0.004	0.7951	-0.5306	2.4994
54316	0.184	0.696	-0.004	0.7924	-0.5338	2.4994
54316	0.184	0.696	-0.004	0.7924	-0.5338	2.4994
54332	0.221	0.705	-0.004	0.7908	-0.5355	2.4995
54351	0.242	0.713	-0.004	0.7895	-0.5373	2.4995
54369	0.237	0.719	-0.004	0.7881	-0.5390	2.4995
54391	0.226	0.721	-0.004	0.7863	-0.5411	2.4995
54421	0.266	0.726	-0.004	0.7838	-0.5443	2.4996
54436	0.286	0.726	-0.004	0.7826	-0.5456	2.4996
54465	0.305	0.716	-0.004	0.7798	-0.5489	2.4996
54543	0.280	0.681	-0.004	0.7728	-0.5572	2.4996
54543	0.280	0.681	-0.004	0.7728	-0.5572	2.4996
54543	0.280	0.681	-0.004	0.7728	-0.5572	2.4996
54543	0.280	0.681	-0.004	0.7728	-0.5572	2.4996
54549	0.280	0.681	-0.004	0.7728	-0.5572	2.4996
54606	0.107	0.630	-0.004	0.7669	-0.5639	2.4997
54606	0.107	0.630	-0.004	0.7669	-0.5639	2.4997
54609	0.107	0.630	-0.004	0.7669	-0.5639	2.4997
54660	0.076	0.598	-0.004	0.7618	-0.5698	2.4997
54660	0.076	0.598	-0.004	0.7618	-0.5698	2.4997
54670	0.076	0.598	-0.004	0.7618	-0.5698	2.4997
54691	0.038	0.570	-0.004	0.7581	-0.5736	2.4997
54710	0.032	0.552	-0.004	0.7563	-0.5756	2.4997
54736	0.033	0.534	-0.004	0.7545	-0.5776	2.4997
54751	0.032	0.527	-0.004	0.7535	-0.5787	2.4997
54778	0.029	0.510	-0.004	0.7513	-0.5812	2.4997
54789	0.071	0.508	-0.004	0.7493	-0.5833	2.4997
54826	0.066	0.510	-0.004	0.7460	-0.5868	2.4998
54847	0.038	0.519	-0.004	0.7441	-0.5889	2.4998
54849	0.038	0.519	-0.004	0.7441	-0.5889	2.4998
54901	0.035	0.545	-0.004	0.7400	-0.5934	2.4999
54901	0.035	0.545	-0.004	0.7400	-0.5934	2.4999
54909	0.035	0.545	-0.004	0.7400	-0.5934	2.4999
54940	0.253	0.574	-0.004	0.7362	-0.5973	2.4999
54951	0.292	0.579	-0.004	0.7353	-0.5983	2.4999
54971	0.304	0.585	-0.004	0.7329	-0.6007	2.5000
55021	0.288	0.594	-0.004	0.7290	-0.6049	2.5000
55021	0.288	0.594	-0.004	0.7290	-0.6049	2.5000
55069	0.228	0.587	-0.004	0.7230	-0.6111	2.5001
55071	0.228	0.587	-0.004	0.7230	-0.6111	2.5001
55071	0.228	0.587	-0.004	0.7230	-0.6111	2.5001
55091	0.158	0.579	-0.004	0.7212	-0.6129	2.5001
55125	0.093	0.565	-0.004	0.7180	-0.6162	2.5001
55130	0.093	0.565	-0.004	0.7182	-0.6161	2.5001
55151	0.101	0.563	-0.004	0.7167	-0.6176	2.5001
55172	0.064	0.540	-0.004	0.7142	-0.6201	2.5001
55189	0.037	0.520	-0.004	0.7119	-0.6223	2.5001
55227	0.036	0.495	-0.004	0.7094	-0.6249	2.5002
55249	0.055	0.478	-0.004	0.7065	-0.6277	2.5002
55255	0.059	0.478	-0.004	0.7055	-0.6287	2.5002
55271	0.054	0.476	-0.004	0.7045	-0.6297	2.5002
55297	0.028	0.480	-0.005	0.7014	-0.6328	2.5002
55310	0.028	0.480	-0.005	0.7015	-0.6327	2.5003
55368	0.015	0.487	-0.009	0.6955	-0.6385	2.5003
55368	0.015	0.487	-0.009	0.6955	-0.6385	2.5003
55370	0.015	0.487	-0.009	0.6955	-0.6385	2.5003
55390	0.054	0.489	-0.010	0.6925	-0.6412	2.5003
55436	0.166	0.486	-0.012	0.6891	-0.6446	2.5003
55438	0.166	0.486	-0.012	0.6891	-0.6446	2.5003
55450	0.166	0.486	-0.012	0.6891	-0.6446	2.5003
55481	0.204	0.489	-0.013	0.6853	-0.6482	2.5004
55489	0.224	0.490	-0.013	0.6841	-0.6492	2.5004
55510	0.241	0.490	-0.013	0.6834	-0.6500	2.5004
55532	0.267	0.491	-0.013	0.6806	-0.6526	2.5004
55562	0.264	0.498	-0.013	0.6781	-0.6551	2.5004
55570	0.264	0.498	-0.013	0.6781	-0.6551	2.5004
55591	0.310	0.508	-0.013	0.6755	-0.6575	2.5005
55613	0.377	0.519	-0.013	0.6738	-0.6592	2.5005
55636	0.412	0.531	-0.013	0.6718	-0.6611	2.5005
55687	0.375	0.553	-0.013	0.6667	-0.6660	2.5005
55687	0.375	0.553	-0.013	0.6667	-0.6660	2.5005
55689	0.375	0.553	-0.013	0.6667	-0.6660	2.5005
55712	0.385	0.556	-0.013	0.6652	-0.6675	2.5005
55737	0.450	0.562	-0.013	0.6627	-0.6699	2.5006
55749	0.456	0.567	-0.013	0.6628	-0.6699	2.5006
55772	0.470	0.574	-0.013	0.6592	-0.6733	2.5006
55805	0.422	0.575	-0.013	0.6575	-0.6750	2.5006
55809	0.382	0.575	-0.013	0.6560	-0.6763	2.5006
55831	0.311	0.573	-0.013	0.6528	-0.6793	2.5007
55877	0.169	0.553	-0.013	0.6496	-0.6825	2.5007
55880	0.169	0.553	-0.013	0.6496	-0.6825	2.5007
55889	0.144	0.548	-0.013	0.6486	-0.6834	2.5007
55922	0.145	0.537	-0.014	0.6456	-0.6862	2.5007
55930	0.145	0.537	-0.014	0.6456	-0.6862	2.5007
55991	0.206	0.521	-0.014	0.6403	-0.6911	2.5007
55991	0.206	0.521	-0.014	0.6403	-0.6911	2.5007
55993	0.206	0.521	-0.014	0.6403	-0.6911	2.5007
56011	0.223	0.513	-0.014	0.6382	-0.6930	2.5007
56030	0.214	0.496	-0.014	0.6358	-0.6951	2.5007
56050	0.178	0.481	-0.014	0.6339	-0.6968	2.5007
56102	0.216	0.489	-0.015	0.6288	-0.7016	2.5008
56102	0.216	0.489	-0.015	0.6288	-0.7016	2.5008
56116	0.209	0.489	-0.015	0.6277	-0.7025	2.5008
56155	0.191	0.502	-0.016	0.6233	-0.7065	2.5008
56155	0.191	0.502	-0.016	0.6233	-0.7065	2.5008
56208	0.351	0.495	-0.016	0.6186	-0.7108	2.5008
56208	0.351	0.495	-0.016	0.6186	-0.7108	2.5008
56210	0.351	0.495	-0.016	0.6186	-0.7108	2.5008
56249	0.287	0.440	-0.016	0.6135	-0.7152	2.5008
56249	0.287	0.440	-0.016	0.6135	-0.7152	2.5008
56272	0.213	0.418	-0.016	0.6114	-0.7172	2.5008
56314	0.167	0.378	-0.016	0.6069	-0.7212	2.5009
56318	0.167	0.378	-0.016	0.6070	-0.7212	2.5009
56348	0.134	0.343	-0.016	0.6037	-0.7241	2.5009
56353	0.115	0.333	-0.016	0.6026	-0.7252	2.5009
56382	0.060	0.310	-0.016	0.6001	-0.7274	2.5009
56397	0.017	0.299	-0.016	0.5989	-0.7285	2.5009
56412	-0.028	0.285	-0.016	0.5964	-0.7307	2.5009
56434	-0.007	0.277	-0.016	0.5944	-0.7325	2.5009
56450	0.023	0.274	-0.016	0.5934	-0.7333	2.5009
56502	0.134	0.259	-0.016	0.5897	-0.7367	2.5009
56506	0.142	0.259	-0.016	0.5888	-0.7375	2.5009
56510	0.142	0.259	-0.016	0.5888	-0.7375	2.5009
56533	0.111	0.263	-0.016	0.5866	-0.7394	2.5009
56562	0.111	0.288	-0.016	0.5838	-0.7419	2.5009
56569	0.111	0.288	-0.016	0.5838	-0.7419	2.5009
56598	0.137	0.329	-0.016	0.5807	-0.7446	2.5008
56612	0.153	0.343	-0.016	0.5800	-0.7453	2.5008
56633	0.175	0.360	-0.016	0.5790	-0.7462	2.5009
56663	0.219	0.396	-0.016	0.5763	-0.7486	2.5009
56671	0.233	0.408	-0.016	0.5752	-0.7495	2.5009
56689	0.269	0.433	-0.016	0.5736	-0.7510	2.5009
56733	0.334	0.488	-0.017	0.5700	-0.7543	2.5009
56733	0.334	0.488	-0.017	0.5700	-0.7543	2.5009
56750	0.378	0.499	-0.017	0.5688	-0.7552	2.5009
56798	0.661	0.537	-0.017	0.5636	-0.7599	2.5009
56798	0.661	0.537	-0.017	0.5636	-0.7599	2.5009
56810	0.645	0.539	-0.017	0.5626	-0.7608	2.5009
56829	0.534	0.541	-0.017	0.5603	-0.7628	2.5009
56859	0.342	0.535	-0.017	0.5573	-0.7656	2.5009
56876	0.307	0.528	-0.017	0.5564	-0.7664	2.5009
56890	0.291	0.505	-0.017	0.5543	-0.7683	2.5010
56912	0.298	0.488	-0.017	0.5532	-0.7693	2.5010
56929	0.301	0.473	-0.017	0.5520	-0.7703	2.5010
56960	0.294	0.423	-0.017	0.5479	-0.7740	2.5011
56969	0.294	0.423	-0.017	0.5479	-0.7740	2.5011
56992	0.258	0.398	-0.016	0.5455	-0.7761	2.5010
57010	0.244	0.393	-0.016	0.5447	-0.7769	2.5010
57030	0.223	0.386	-0.016	0.5431	-0.7783	2.5010
57052	0.195	0.382	-0.016	0.5416	-0.7796	2.5010
57069	0.201	0.383	-0.016	0.5398	-0.7811	2.5009
57107	0.229	0.398	-0.016	0.5375	-0.7832	2.5009
57111	0.252	0.406	-0.016	0.5366	-0.7840	2.5009
57130	0.252	0.406	-0.016	0.5367	-0.7839	2.5009
57155	0.308	0.452	-0.017	0.5326	-0.7875	2.5008
57169	0.308	0.452	-0.017	0.5328	-0.7874	2.5008
57226	0.415	0.502	-0.017	0.5285	-0.7911	2.5009
57243	0.374	0.509	-0.017	0.5261	-0.7932	2.5009
57245	0.374	0.509	-0.017	0.5261	-0.7932	2.5009
57249	0.356	0.510	-0.017	0.5249	-0.7942	2.5009
57280	0.338	0.513	-0.017	0.5227	-0.7962	2.5009
57291	0.374	0.516	-0.017	0.5206	-0.7980	2.5009
57349	0.535	0.503	-0.017	0.5151	-0.8028	2.5009
57349	0.535	0.503	-0.017	0.5151	-0.8028	2.5009
57349	0.535	0.503	-0.017	0.5151	-0.8028	2.5009
57370	0.522	0.480	-0.017	0.5129	-0.8048	2.5009
57389	0.488	0.453	-0.016	0.5107	-0.8067	2.5009
57412	0.486	0.428	-0.016	0.5085	-0.8086	2.5009
57459	0.492	0.371	-0.016	0.5038	-0.8128	2.5009
57459	0.492	0.371	-0.016	0.5038	-0.8128	2.5009
57474	0.496	0.360	-0.016	0.5027	-0.8138	2.5009
57492	0.509	0.338	-0.016	0.5007	-0.8156	2.5009
57510	0.514	0.324	-0.015	0.4999	-0.8163	2.5009
57577	0.341	0.259	-0.015	0.4931	-0.8225	2.5009
57577	0.341	0.259	-0.015	0.4931	-0.8225	2.5009
57579	0.341	0.259	-0.015	0.4931	-0.8225	2.5009
57589	0.341	0.259	-0.015	0.4932	-0.8224	2.5009
57647	0.244	0.253	-0.015	0.4870	-0.8279	2.5008
57647	0.244	0.253	-0.015	0.4870	-0.8279	2.5008
57660	0.244	0.256	-0.015	0.4860	-0.8289	2.5008
57678	0.260	0.260	-0.015	0.4847	-0.8301	2.5008
57691	0.279	0.268	-0.015	0.4828	-0.8317	2.5008
57709	0.272	0.273	-0.015	0.4816	-0.8328	2.5008
57747	0.259	0.290	-0.015	0.4788	-0.8354	2.5008
57751	0.267	0.299	-0.015	0.4774	-0.8366	2.5008
57771	0.269	0.305	-0.015	0.4771	-0.8368	2.5008
57789	0.272	0.316	-0.015	0.4754	-0.8383	2.5008
57828	0.328	0.348	-0.015	0.4720	-0.8413	2.5008
57830	0.328	0.348	-0.015	0.4720	-0.8413	2.5008
57953	0.449	0.432	-0.016	0.4630	-0.8492	2.5007
57953	0.449	0.432	-0.016	0.4630	-0.8492	2.5007
57955	0.449	0.432	-0.016	0.4630	-0.8492	2.5007
57955	0.449	0.432	-0.016	0.4630	-0.8492	2.5007
57955	0.449	0.432	-0.016	0.4630	-0.8492	2.5007
57955	0.449	0.432	-0.016	0.4630	-0.8492	2.5007
57981	-0.495	0.155	-0.009	0.4606	-0.8513	2.5008
58008	-2.540	-0.376	-0.005	0.4577	-0.8539	2.5010
58010	-2.540	-0.376	-0.005	0.4577	-0.8539	2.5010
58071	-5.017	-1.056	-0.002	0.4526	-0.8577	2.5018
58075	-5.017	-1.056	-0.002	0.4526	-0.8577	2.5018
58075	-5.017	-1.056	-0.002	0.4526	-0.8577	2.5018
58089	-5.304	-1.156	0.010	0.4505	-0.8586	2.5023
58137	-5.245	-1.142	0.039	0.4475	-0.8598	2.5024
58139	-5.245	-1.142	0.039	0.4475	-0.8598	2.5024
58179	-4.951	-0.984	0.069	0.4442	-0.8604	2.5024
58179	-4.951	-0.984	0.069	0.4442	-0.8604	2.5024
58190	-4.854	-0.940	0.075	0.4435	-0.8604	2.5024
58211	-4.705	-0.867	0.084	0.4420	-0.8598	2.5023
58259	-4.222	-0.685	0.095	0.4391	-0.8607	2.5019
58259	-4.222	-0.685	0.095	0.4391	-0.8607	2.5019
58273	-4.082	-0.614	0.096	0.4377	-0.8597	2.5017
58295	-3.870	-0.525	0.096	0.4363	-0.8595	2.5015
58312	-3.714	-0.467	0.095	0.4355	-0.8602	2.5015
58329	-3.472	-0.376	0.091	0.4340	-0.8599	2.5013
58350	-3.228	-0.299	0.085	0.4327	-0.8587	2.5012
58370	-3.029	-0.245	0.083	0.4319	-0.8607	2.5013
58391	-2.745	-0.154	0.072	0.4300	-0.8599	2.5012
58410	-2.624	-0.115	0.068	0.4292	-0.8610	2.5013
58429	-2.467	-0.044	0.059	0.4274	-0.8615	2.5014
58449	-2.400	-0.009	0.054	0.4265	-0.8623	2.5015
58477	-2.309	0.059	0.040	0.4241	-0.8624	2.5016
58489	-2.299	0.080	0.034	0.4232	-0.8622	2.5016
58516	-2.296	0.106	0.023	0.4214	-0.8622	2.5016
58532	-2.205	0.125	0.013	0.4198	-0.8634	2.5018
58565	-2.123	0.126	0.002	0.4178	-0.8642	2.5019
58569	-2.134	0.120	-0.003	0.4169	-0.8642	2.5019
58592	-2.167	0.111	-0.010	0.4152	-0.8653	2.5020
58614	-2.187	0.098	-0.017	0.4136	-0.8654	2.5021
58630	-2.164	0.095	-0.021	0.4125	-0.8661	2.5021
58649	-2.228	0.059	-0.029	0.4104	-0.8650	2.5021
58674	-2.227	0.040	-0.034	0.4088	-0.8668	2.5022
58690	-2.280	0.025	-0.036	0.4080	-0.8668	2.5022
58712	-2.489	-0.011	-0.042	0.4058	-0.8670	2.5023
58733	-2.615	-0.036	-0.046	0.4041	-0.8668	2.5023
58750	-2.636	-0.046	-0.047	0.4032	-0.8673	2.5023
58780	-2.643	-0.075	-0.051	0.4012	-0.8668	2.5023
58789	-2.606	-0.082	-0.052	0.4006	-0.8675	2.5023
58812	-2.627	-0.106	-0.054	0.3990	-0.8665	2.5023
58868	-2.813	-0.111	-0.055	0.3955	-0.8666	2.5023
58868	-2.813	-0.111	-0.055	0.3955	-0.8666	2.5023
58870	-2.813	-0.111	-0.055	0.3955	-0.8666	2.5023
58927	-2.699	-0.054	-0.053	0.3919	-0.8654	2.5023
58934	-2.656	-0.037	-0.052	0.3911	-0.8654	2.5024
58934	-2.656	-0.037	-0.052	0.3911	-0.8654	2.5024
58952	-2.623	-0.018	-0.051	0.3902	-0.8652	2.5024
58972	-2.570	0.009	-0.050	0.3887	-0.8642	2.5023
58990	-2.507	0.029	-0.049	0.3878	-0.8640	2.5023
59052	-2.258	0.089	-0.046	0.3838	-0.8618	2.5023
59052	-2.258	0.089	-0.046	0.3838	-0.8618	2.5023
59054	-2.258	0.089	-0.046	0.3838	-0.8618	2.5023
59078	-2.199	0.097	-0.045	0.3825	-0.8603	2.5022
59108	-2.066	0.122	-0.045	0.3804	-0.8601	2.5022
59110	-2.066	0.122	-0.045	0.3804	-0.8601	2.5022
59131	-2.046	0.124	-0.045	0.3791	-0.8581	2.5021
59166	-1.962	0.140	-0.044	0.3763	-0.8565	2.5021
59172	-1.962	0.140	-0.044	0.3763	-0.8565	2.5021
59196	-1.896	0.135	-0.044	0.3747	-0.8549	2.5020
59228	-1.852	0.133	-0.044	0.3727	-0.8541	2.5020
59230	-1.852	0.133	-0.044	0.3727	-0.8541	2.5020
59272	-1.887	0.124	-0.045	0.3698	-0.8517	2.5019
59278	-1.891	0.123	-0.045	0.3691	-0.8509	2.5019
59290	-1.891	0.123	-0.045	0.3691	-0.8509	2.5019
59313	-1.886	0.112	-0.045	0.3672	-0.8485	2.5018
59333	-1.861	0.096	-0.046	0.3656	-0.8463	2.5018
59350	-1.828	0.087	-0.046	0.3652	-0.8466	2.5018
59371	-1.819	0.070	-0.046	0.3642	-0.8460	2.5018
59403	-1.769	0.050	-0.046	0.3622	-0.8440	2.5017
59409	-1.763	0.052	-0.046	0.3622	-0.8444	2.5017
59431	-1.682	0.050	-0.046	0.3604	-0.8416	2.5016
59468	-1.629	0.053	-0.045	0.3588	-0.8407	2.5017
59470	-1.629	0.053	-0.045	0.3588	-0.8407	2.5017
59527	-1.611	0.054	-0.041	0.3554	-0.8364	2.5015
59527	-1.611	0.054	-0.041	0.3554	-0.8364	2.5015
59529	-1.611	0.054	-0.041	0.3554	-0.8364	2.5015
59550	-1.628	0.053	-0.040	0.3539	-0.8344	2.5015
59572	-1.630	0.054	-0.040	0.3523	-0.8322	2.5014
59608	-1.655	0.049	-0.040	0.3502	-0.8289	2.5013
59610	-1.655	0.049	-0.040	0.3502	-0.8289	2.5013
59633	-1.689	0.044	-0.040	0.3491	-0.8274	2.5013
59694	-1.544	0.022	-0.039	0.3457	-0.8222	2.5011
59694	-1.544	0.022	-0.039	0.3457	-0.8222	2.5011
59701	-1.521	0.015	-0.038	0.3451	-0.8212	2.5011
59709	-1.521	0.015	-0.038	0.3451	-0.8212	2.5011
59754	-1.460	-0.018	-0.036	0.3422	-0.8162	2.5010
59754	-1.460	-0.018	-0.036	0.3422	-0.8162	2.5010
59800	-1.417	-0.025	-0.034	0.3398	-0.8125	2.5009
59800	-1.417	-0.025	-0.034	0.3398	-0.8125	2.5009
59838	-1.388	-0.032	-0.033	0.3372	-0.8072	2.5008
59838	-1.388	-0.032	-0.033	0.3372	-0.8072	2.5008
59849	-1.357	-0.036	-0.033	0.3366	-0.8060	2.5007
59877	-1.327	-0.049	-0.033	0.3352	-0.8034	2.5006
59905	-1.242	-0.071	-0.032	0.3332	-0.7996	2.5005
59911	-1.242	-0.071	-0.032	0.3332	-0.7996	2.5005
59929	-1.159	-0.084	-0.031	0.3321	-0.7970	2.5005
59955	-1.032	-0.101	-0.030	0.3309	-0.7944	2.5004
59970	-0.961	-0.120	-0.029	0.3298	-0.7923	2.5004
60012	-0.940	-0.146	-0.027	0.3277	-0.7881	2.5003
60012	-0.940	-0.146	-0.027	0.3277	-0.7881	2.5003
60029	-0.948	-0.151	-0.026	0.3270	-0.7864	2.5002
60083	-0.910	-0.159	-0.023	0.3246	-0.7813	2.5001
60085	-0.910	-0.159	-0.023	0.3246	-0.7813	2.5001
60091	-0.918	-0.162	-0.022	0.3241	-0.7801	2.5001
60109	-0.917	-0.168	-0.021	0.3230	-0.7769	2.5001
60131	-0.906	-0.172	-0.020	0.3221	-0.7752	2.5000
60151	-0.908	-0.174	-0.019	0.3217	-0.7745	2.5000
60170	-0.927	-0.173	-0.019	0.3207	-0.7716	2.5000
60194	-0.916	-0.167	-0.019	0.3198	-0.7695	2.4999
60210	-0.923	-0.164	-0.019	0.3194	-0.7689	2.4999
60233	-0.932	-0.153	-0.018	0.3185	-0.7666	2.4998
60261	-0.934	-0.134	-0.018	0.3173	-0.7638	2.4998
60277	-0.961	-0.127	-0.018	0.3169	-0.7630	2.4998
60292	-0.986	-0.119	-0.018	0.3165	-0.7620	2.4998
60315	-1.025	-0.099	-0.018	0.3154	-0.7587	2.4997
60340	-1.046	-0.081	-0.017	0.3146	-0.7571	2.4997
60350	-1.080	-0.068	-0.017	0.3139	-0.7552	2.4997
60371	-1.112	-0.057	-0.017	0.3130	-0.7531	2.4996
60401	-1.154	-0.050	-0.017	0.3121	-0.7507	2.4996
60410	-1.179	-0.048	-0.017	0.3117	-0.7496	2.4996
60429	-1.279	-0.036	-0.016	0.3106	-0.7461	2.4995
60469	-1.344	-0.032	-0.016	0.3092	-0.7432	2.4995
60469	-1.344	-0.032	-0.016	0.3092	-0.7432	2.4995
60492	-1.246	-0.038	-0.016	0.3083	-0.7404	2.4994
60509	-1.107	-0.050	-0.017	0.3073	-0.7374	2.4994
60540	-0.953	-0.079	-0.017	0.3059	-0.7335	2.4993
60601	-0.899	-0.119	-0.018	0.3036	-0.7267	2.4993
60603	-0.899	-0.119	-0.018	0.3036	-0.7267	2.4993
60603	-0.899	-0.119	-0.018	0.3036	-0.7267	2.4993
60609	-0.899	-0.119	-0.018	0.3036	-0.7267	2.4993
60632	-0.863	-0.131	-0.018	0.3022	-0.7224	2.4993
60676	-0.699	-0.152	-0.017	0.3006	-0.7175	2.4993
60681	-0.699	-0.152	-0.017	0.3006	-0.7180	2.4993
60693	-0.677	-0.159	-0.016	0.3002	-0.7166	2.4993
60712	-0.687	-0.170	-0.015	0.2994	-0.7147	2.4992
60732	-0.728	-0.177	-0.014	0.2987	-0.7128	2.4992
60777	-0.774	-0.167	-0.011	0.2966	-0.7064	2.4991
60777	-0.774	-0.167	-0.011	0.2966	-0.7064	2.4991
60790	-0.774	-0.167	-0.011	0.2966	-0.7064	2.4991
60809	-0.747	-0.166	-0.010	0.2957	-0.7036	2.4991
60850	-0.603	-0.182	-0.008	0.2943	-0.6988	2.4991
60852	-0.585	-0.189	-0.007	0.2939	-0.6972	2.4990
60876	-0.614	-0.204	-0.007	0.2931	-0.6950	2.4990
60893	-0.664	-0.209	-0.008	0.2927	-0.6939	2.4990
60915	-0.744	-0.213	-0.008	0.2919	-0.6907	2.4990
60932	-0.778	-0.216	-0.008	0.2912	-0.6888	2.4991
60965	-0.776	-0.219	-0.008	0.2901	-0.6852	2.4991
60971	-0.776	-0.219	-0.008	0.2901	-0.6855	2.4991
60990	-0.760	-0.220	-0.008	0.2894	-0.6827	2.4991
61034	-0.736	-0.204	-0.007	0.2878	-0.6778	2.4991
61037	-0.747	-0.199	-0.007	0.2878	-0.6778	2.4991
61049	-0.747	-0.199	-0.007	0.2878	-0.6778	2.4991
61074	-0.801	-0.199	-0.007	0.2863	-0.6716	2.4991
61099	-0.853	-0.190	-0.007	0.2855	-0.6691	2.4991
61128	-0.909	-0.169	-0.007	0.2842	-0.6648	2.4991
61132	-0.909	-0.169	-0.007	0.2842	-0.6648	2.4991
61149	-0.918	-0.163	-0.007	0.2837	-0.6631	2.4991
61175	-0.868	-0.185	-0.007	0.2826	-0.6580	2.4991
61197	-0.810	-0.189	-0.007	0.2817	-0.6550	2.4991
61215	-0.703	-0.207	-0.007	0.2811	-0.6525	2.4990
61230	-0.703	-0.207	-0.007	0.2811	-0.6525	2.4990
61289	-0.415	-0.288	-0.008	0.2786	-0.6430	2.4990
61291	-0.415	-0.288	-0.008	0.2786	-0.6430	2.4990
61291	-0.415	-0.288	-0.008	0.2786	-0.6430	2.4990
61311	-0.443	-0.297	-0.008	0.2782	-0.6413	2.4990
61347	-0.574	-0.292	-0.007	0.2770	-0.6368	2.4990
61349	-0.574	-0.292	-0.007	0.2770	-0.6368	2.4990
61371	-0.569	-0.289	-0.007	0.2763	-0.6343	2.4990
61397	-0.599	-0.281	-0.007	0.2757	-0.6318	2.4991
61419	-0.639	-0.270	-0.007	0.2748	-0.6279	2.4991
61432	-0.639	-0.270	-0.007	0.2748	-0.6279	2.4991
61459	-0.662	-0.264	-0.006	0.2738	-0.6239	2.4992
61485	-0.698	-0.258	-0.006	0.2730	-0.6201	2.4992
61489	-0.698	-0.258	-0.006	0.2730	-0.6201	2.4992
61512	-0.750	-0.257	-0.006	0.2724	-0.6169	2.4992
61530	-0.776	-0.255	-0.006	0.2721	-0.6161	2.4992
61549	-0.800	-0.244	-0.006	0.2714	-0.6136	2.4992
61570	-0.826	-0.237	-0.006	0.2708	-0.6105	2.4991
61591	-0.835	-0.220	-0.005	0.2702	-0.6079	2.4991
61609	-0.824	-0.219	-0.005	0.2699	-0.6065	2.4991
61638	-0.744	-0.221	-0.005	0.2690	-0.6022	2.4992
61655	-0.722	-0.218	-0.005	0.2686	-0.6006	2.4992
61669	-0.701	-0.215	-0.005	0.2682	-0.5994	2.4992
61696	-0.656	-0.221	-0.004	0.2674	-0.5945	2.4992
61743	-0.647	-0.223	-0.003	0.2662	-0.5893	2.4993
61743	-0.647	-0.223	-0.003	0.2662	-0.5893	2.4993
61750	-0.647	-0.223	-0.003	0.2662	-0.5893	2.4993
61771	-0.648	-0.237	-0.003	0.2654	-0.5849	2.4993
61805	-0.635	-0.244	-0.003	0.2645	-0.5815	2.4993
61809	-0.635	-0.244	-0.003	0.2645	-0.5815	2.4993
61830	-0.630	-0.248	-0.003	0.2640	-0.5789	2.4993
61854	-0.611	-0.251	-0.003	0.2634	-0.5760	2.4993
61875	-0.594	-0.252	-0.003	0.2629	-0.5729	2.4993
61904	-0.583	-0.249	-0.003	0.2621	-0.5697	2.4993
61931	-0.592	-0.235	-0.002	0.2615	-0.5668	2.4993
61931	-0.592	-0.235	-0.002	0.2615	-0.5668	2.4993
61957	-0.647	-0.231	-0.002	0.2606	-0.5616	2.4993
61987	-0.695	-0.231	-0.002	0.2601	-0.5593	2.4993
62000	-0.715	-0.226	-0.001	0.2598	-0.5579	2.4994
62010	-0.713	-0.226	-0.001	0.2594	-0.5556	2.4994
62034	-0.676	-0.230	-0.001	0.2589	-0.5526	2.4994
62049	-0.655	-0.234	-0.001	0.2586	-0.5508	2.4994
62075	-0.639	-0.233	-0.001	0.2579	-0.5478	2.4994
62103	-0.615	-0.242	-0.001	0.2572	-0.5431	2.4995
62116	-0.620	-0.239	-0.001	0.2569	-0.5415	2.4995
62129	-0.626	-0.235	-0.001	0.2568	-0.5416	2.4995
62167	-0.614	-0.243	-0.000	0.2557	-0.5349	2.4995
62169	-0.622	-0.239	-0.000	0.2556	-0.5350	2.4995
62190	-0.618	-0.240	-0.000	0.2551	-0.5307	2.4995
62220	-0.580	-0.244	-0.000	0.2546	-0.5282	2.4996
62241	-0.533	-0.252	-0.000	0.2540	-0.5251	2.4996
62250	-0.533	-0.252	-0.000	0.2540	-0.5251	2.4996
62285	-0.590	-0.258	-0.000	0.2531	-0.5188	2.4996
62289	-0.590	-0.258	-0.000	0.2531	-0.5188	2.4996
62316	-0.574	-0.252	0.000	0.2524	-0.5153	2.4996
62331	-0.497	-0.253	0.000	0.2520	-0.5122	2.4996
62350	-0.474	-0.246	0.000	0.2517	-0.5110	2.4996
62402	-0.476	-0.253	0.001	0.2504	-0.5024	2.4998
62402	-0.476	-0.253	0.001	0.2504	-0.5024	2.4998
62409	-0.484	-0.248	0.001	0.2503	-0.5024	2.4998
62441	-0.428	-0.248	0.001	0.2495	-0.4969	2.4998
62460	-0.431	-0.244	0.001	0.2491	-0.4946	2.4999
62470	-0.431	-0.244	0.001	0.2491	-0.4946	2.4999
62489	-0.419	-0.246	0.002	0.2484	-0.4895	2.4999
62510	-0.417	-0.248	0.002	0.2480	-0.4864	2.4999
62538	-0.461	-0.258	0.002	0.2473	-0.4816	2.4999
62559	-0.447	-0.260	0.001	0.2468	-0.4785	2.4999
62573	-0.433	-0.264	0.000	0.2466	-0.4771	2.4999
62590	-0.433	-0.264	0.000	0.2466	-0.4771	2.4999
62645	-0.350	-0.288	-0.004	0.2453	-0.4674	2.4999
62645	-0.350	-0.288	-0.004	0.2453	-0.4674	2.4999
62649	-0.350	-0.288	-0.004	0.2452	-0.4676	2.5000
62686	-0.274	-0.291	-0.004	0.2446	-0.4629	2.5000
62689	-0.274	-0.291	-0.004	0.2446	-0.4629	2.5000
62741	-0.179	-0.275	-0.004	0.2435	-0.4553	2.5000
62748	-0.179	-0.271	-0.004	0.2433	-0.4537	2.5000
62750	-0.179	-0.271	-0.004	0.2433	-0.4537	2.5000
62775	-0.187	-0.271	-0.004	0.2430	-0.4508	2.5000
62792	-0.215	-0.266	-0.004	0.2426	-0.4480	2.5000
62812	-0.241	-0.262	-0.003	0.2423	-0.4450	2.5001
62863	-0.417	-0.243	-0.003	0.2415	-0.4394	2.5001
62863	-0.417	-0.243	-0.003	0.2415	-0.4394	2.5001
62869	-0.417	-0.243	-0.003	0.2415	-0.4394	2.5001
62911	-0.333	-0.243	-0.005	0.2408	-0.4332	2.5002
62913	-0.333	-0.243	-0.005	0.2408	-0.4332	2.5002
62929	-0.290	-0.246	-0.006	0.2405	-0.4307	2.5002
62949	-0.282	-0.249	-0.008	0.2401	-0.4280	2.5002
62972	-0.311	-0.243	-0.009	0.2398	-0.4251	2.5003
62992	-0.345	-0.233	-0.010	0.2395	-0.4222	2.5003
63009	-0.366	-0.231	-0.010	0.2393	-0.4210	2.5003
63032	-0.458	-0.224	-0.010	0.2390	-0.4172	2.5003
63050	-0.490	-0.220	-0.010	0.2388	-0.4160	2.5003
63070	-0.551	-0.215	-0.010	0.2385	-0.4132	2.5003
63096	-0.616	-0.206	-0.009	0.2381	-0.4096	2.5004
63113	-0.639	-0.203	-0.009	0.2379	-0.4084	2.5004
63130	-0.663	-0.197	-0.009	0.2377	-0.4050	2.5003
63151	-0.667	-0.193	-0.009	0.2374	-0.4020	2.5003
63179	-0.662	-0.187	-0.009	0.2371	-0.3986	2.5003
63189	-0.649	-0.184	-0.009	0.2370	-0.3977	2.5003
63211	-0.609	-0.181	-0.009	0.2367	-0.3954	2.5004
63233	-0.598	-0.178	-0.009	0.2365	-0.3931	2.5004
63252	-0.605	-0.177	-0.009	0.2363	-0.3918	2.5004
63296	-0.613	-0.155	-0.009	0.2356	-0.3850	2.5004
63296	-0.613	-0.155	-0.009	0.2356	-0.3850	2.5004
63335	-0.634	-0.147	-0.009	0.2352	-0.3804	2.5004
63337	-0.634	-0.147	-0.009	0.2352	-0.3804	2.5004
63350	-0.655	-0.145	-0.009	0.2350	-0.3789	2.5004
63382	-0.744	-0.135	-0.009	0.2346	-0.3742	2.5004
63391	-0.738	-0.131	-0.009	0.2345	-0.3729	2.5004
63411	-0.679	-0.123	-0.009	0.2341	-0.3698	2.5004
63433	-0.584	-0.123	-0.011	0.2339	-0.3670	2.5004
63457	-0.498	-0.125	-0.012	0.2336	-0.3632	2.5005
63481	-0.489	-0.126	-0.012	0.2333	-0.3606	2.5005
63495	-0.479	-0.126	-0.012	0.2332	-0.3589	2.5005
63516	-0.445	-0.127	-0.012	0.2329	-0.3563	2.5005
63538	-0.433	-0.127	-0.012	0.2326	-0.3538	2.5005
63572	-0.518	-0.113	-0.012	0.2321	-0.3490	2.5005
63578	-0.527	-0.110	-0.012	0.2321	-0.3490	2.5006
63590	-0.527	-0.110	-0.012	0.2321	-0.3490	2.5006
63609	-0.519	-0.106	-0.012	0.2317	-0.3436	2.5005
63630	-0.466	-0.107	-0.012	0.2314	-0.3406	2.5005
63650	-0.444	-0.110	-0.012	0.2313	-0.3390	2.5005
63698	-0.408	-0.122	-0.012	0.2306	-0.3323	2.5006
63700	-0.408	-0.122	-0.012	0.2306	-0.3323	2.5006
63710	-0.408	-0.122	-0.012	0.2305	-0.3310	2.5006
63729	-0.429	-0.122	-0.012	0.2303	-0.3290	2.5006
63752	-0.446	-0.123	-0.012	0.2301	-0.3263	2.5006
63770	-0.442	-0.123	-0.012	0.2299	-0.3242	2.5006
63831	-0.424	-0.123	-0.012	0.2293	-0.3173	2.5006
63831	-0.424	-0.123	-0.012	0.2293	-0.3173	2.5006
63831	-0.424	-0.123	-0.012	0.2293	-0.3173	2.5006
63855	-0.427	-0.119	-0.013	0.2290	-0.3141	2.5006
63883	-0.427	-0.113	-0.013	0.2287	-0.3106	2.5006
63891	-0.430	-0.111	-0.013	0.2286	-0.3094	2.5006
63940	-0.580	-0.093	-0.013	0.2282	-0.3042	2.5006
63948	-0.598	-0.088	-0.013	0.2281	-0.3027	2.5006
63956	-0.585	-0.086	-0.013	0.2280	-0.3015	2.5006
63970	-0.549	-0.086	-0.013	0.2278	-0.2994	2.5006
64017	-0.501	-0.082	-0.013	0.2274	-0.2953	2.5006
64017	-0.501	-0.082	-0.013	0.2274	-0.2953	2.5006
64057	-0.536	-0.075	-0.013	0.2269	-0.2898	2.5006
64060	-0.536	-0.075	-0.013	0.2269	-0.2898	2.5006
64071	-0.607	-0.070	-0.013	0.2267	-0.2868	2.5006
64092	-0.663	-0.066	-0.013	0.2266	-0.2849	2.5006
64114	-0.744	-0.054	-0.013	0.2263	-0.2810	2.5006
64131	-0.745	-0.050	-0.013	0.2261	-0.2798	2.5006
64162	-0.717	-0.046	-0.013	0.2258	-0.2754	2.5006
64185	-0.695	-0.048	-0.013	0.2255	-0.2727	2.5006
64189	-0.695	-0.048	-0.013	0.2255	-0.2729	2.5006
64251	-0.489	-0.063	-0.013	0.2249	-0.2658	2.5006
64251	-0.489	-0.063	-0.013	0.2249	-0.2658	2.5006
64253	-0.489	-0.063	-0.013	0.2249	-0.2658	2.5006
64282	-0.485	-0.062	-0.013	0.2245	-0.2603	2.5006
64291	-0.485	-0.062	-0.013	0.2245	-0.2605	2.5006
64313	-0.506	-0.055	-0.013	0.2242	-0.2567	2.5006
64332	-0.502	-0.051	-0.013	0.2240	-0.2537	2.5006
64361	-0.466	-0.051	-0.013	0.2238	-0.2514	2.5006
64384	-0.439	-0.053	-0.013	0.2234	-0.2476	2.5006
64393	-0.439	-0.053	-0.013	0.2234	-0.2478	2.5006
64419	-0.450	-0.055	-0.013	0.2231	-0.2437	2.5006
64429	-0.456	-0.053	-0.014	0.2231	-0.2438	2.5006
64452	-0.463	-0.053	-0.014	0.2228	-0.2399	2.5006
64473	-0.470	-0.053	-0.014	0.2227	-0.2382	2.5006
64489	-0.478	-0.053	-0.014	0.2226	-0.2366	2.5006
64551	-0.433	-0.048	-0.014	0.2219	-0.2286	2.5006
64557	-0.441	-0.046	-0.015	0.2218	-0.2286	2.5006
64557	-0.441	-0.046	-0.015	0.2218	-0.2286	2.5006
64569	-0.441	-0.046	-0.015	0.2218	-0.2286	2.5006
64612	-0.453	-0.048	-0.015	0.2213	-0.2220	2.5006
64616	-0.503	-0.045	-0.015	0.2212	-0.2208	2.5006
64629	-0.503	-0.045	-0.015	0.2212	-0.2208	2.5006
64656	-0.609	-0.033	-0.015	0.2209	-0.2165	2.5006
64690	-0.622	-0.023	-0.015	0.2206	-0.2133	2.5006
64690	-0.622	-0.023	-0.015	0.2206	-0.2133	2.5006
64709	-0.605	-0.024	-0.015	0.2204	-0.2107	2.5007
64739	-0.577	-0.032	-0.016	0.2201	-0.2062	2.5007
64750	-0.558	-0.032	-0.016	0.2199	-0.2049	2.5007
64770	-0.559	-0.032	-0.016	0.2198	-0.2036	2.5007
64806	-0.673	-0.029	-0.016	0.2194	-0.1986	2.5007
64809	-0.673	-0.029	-0.016	0.2194	-0.1986	2.5007
64836	-0.736	-0.019	-0.016	0.2191	-0.1946	2.5007
64852	-0.759	-0.014	-0.016	0.2190	-0.1931	2.5007
64874	-0.742	-0.012	-0.016	0.2188	-0.1902	2.5007
64911	-0.647	-0.012	-0.017	0.2184	-0.1859	2.5006
64913	-0.647	-0.012	-0.017	0.2184	-0.1859	2.5006
64950	-0.667	-0.006	-0.018	0.2179	-0.1795	2.5006
64952	-0.667	-0.006	-0.018	0.2179	-0.1795	2.5006
64973	-0.632	-0.004	-0.018	0.2177	-0.1763	2.5006
64992	-0.617	-0.003	-0.018	0.2175	-0.1745	2.5006
65014	-0.499	-0.007	-0.018	0.2172	-0.1699	2.5006
65037	-0.438	-0.012	-0.018	0.2170	-0.1677	2.5006
65071	-0.341	-0.023	-0.018	0.2166	-0.1632	2.5006
65071	-0.341	-0.023	-0.018	0.2166	-0.1632	2.5006
65093	-0.339	-0.026	-0.018	0.2164	-0.1596	2.5005
65119	-0.376	-0.026	-0.018	0.2160	-0.1554	2.5005
65292	1.663	-1.654	-0.035	0.2144	-0.1360	2.5006
65317	3.056	-2.920	-0.029	0.2142	-0.1322	2.5008
65319	3.056	-2.920	-0.029	0.2142	-0.1322	2.5008
65321	3.056	-2.920	-0.029	0.2142	-0.1322	2.5008
65321	3.056	-2.920	-0.029	0.2142	-0.1322	2.5008
65326	3.478	-3.314	-0.031	0.2143	-0.1306	2.5009
65328	3.478	-3.314	-0.031	0.2143	-0.1306	2.5009
65328	3.478	-3.314	-0.031	0.2143	-0.1306	2.5009
65340	3.744	-3.573	-0.039	0.2143	-0.1292	2.5011
65344	3.728	-3.564	-0.040	0.2143	-0.1292	2.5011
65344	3.728	-3.564	-0.040	0.2143	-0.1292	2.5011
65352	3.890	-3.724	-0.052	0.2144	-0.1280	2.5012
65369	4.018	-3.878	-0.092	0.2148	-0.1257	2.5014
65394	4.018	-3.900	-0.144	0.2154	-0.1236	2.5016
65410	4.008	-3.891	-0.169	0.2158	-0.1226	2.5017
65447	3.929	-3.804	-0.254	0.2174	-0.1195	2.5019
65465	3.845	-3.760	-0.271	0.2178	-0.1187	2.5019
65469	3.845	-3.760	-0.271	0.2178	-0.1187	2.5019
65502	3.398	-3.526	-0.312	0.2201	-0.1162	2.5018
65509	3.378	-3.509	-0.312	0.2197	-0.1159	2.5018
65531	3.096	-3.322	-0.322	0.2223	-0.1152	2.5017
65560	2.789	-3.092	-0.325	0.2235	-0.1140	2.5015
65569	2.671	-3.006	-0.324	0.2240	-0.1136	2.5015
65594	2.385	-2.808	-0.317	0.2248	-0.1123	2.5014
65629	2.005	-2.543	-0.296	0.2256	-0.1101	2.5013
65629	2.005	-2.543	-0.296	0.2256	-0.1101	2.5013
65650	1.896	-2.468	-0.286	0.2264	-0.1097	2.5013
65688	1.447	-2.149	-0.237	0.2292	-0.1073	2.5012
65690	1.447	-2.149	-0.237	0.2292	-0.1073	2.5012
65711	1.203	-2.028	-0.209	0.2313	-0.1064	2.5011
65768	0.780	-1.792	-0.161	0.2322	-0.1030	2.5014
65768	0.780	-1.792	-0.161	0.2322	-0.1030	2.5014
65771	0.748	-1.785	-0.149	0.2337	-0.1030	2.5013
65814	0.679	-1.696	-0.121	0.2329	-0.0990	2.5016
65814	0.679	-1.696	-0.121	0.2329	-0.0990	2.5016
65854	0.784	-1.781	-0.090	0.2350	-0.0955	2.5018
65854	0.784	-1.781	-0.090	0.2350	-0.0955	2.5018
65870	0.784	-1.781	-0.090	0.2350	-0.0955	2.5018
65905	0.935	-1.912	-0.063	0.2379	-0.0928	2.5019
65918	0.971	-1.931	-0.057	0.2382	-0.0918	2.5019
65929	1.009	-1.951	-0.052	0.2389	-0.0911	2.5019
65976	1.087	-1.986	-0.033	0.2419	-0.0878	2.5020
65978	1.087	-1.986	-0.033	0.2419	-0.0878	2.5020
65990	1.078	-1.975	-0.034	0.2414	-0.0874	2.5020
66015	1.126	-1.999	-0.027	0.2433	-0.0858	2.5020
66030	1.207	-2.038	-0.021	0.2455	-0.0850	2.5019
66099	1.308	-2.015	-0.017	0.2482	-0.0816	2.5020
66099	1.308	-2.015	-0.017	0.2482	-0.0816	2.5020
66101	1.308	-2.015	-0.017	0.2482	-0.0816	2.5020
66109	1.308	-2.015	-0.017	0.2482	-0.0816	2.5020
66129	1.368	-2.002	-0.017	0.2507	-0.0807	2.5019
66149	1.359	-1.978	-0.019	0.2519	-0.0799	2.5019
66170	1.353	-1.972	-0.019	0.2526	-0.0796	2.5019
66191	1.324	-1.956	-0.019	0.2553	-0.0789	2.5018
66222	1.248	-1.901	-0.019	0.2575	-0.0778	2.5018
66230	1.248	-1.901	-0.019	0.2575	-0.0778	2.5018
66274	1.185	-1.840	-0.022	0.2617	-0.0766	2.5018
66276	1.185	-1.840	-0.022	0.2617	-0.0766	2.5018
66340	1.040	-1.786	-0.023	0.2663	-0.0755	2.5017
66340	1.040	-1.786	-0.023	0.2663	-0.0755	2.5017
66342	1.040	-1.786	-0.023	0.2663	-0.0755	2.5017
66351	0.992	-1.774	-0.023	0.2676	-0.0754	2.5017
66383	0.897	-1.741	-0.022	0.2711	-0.0751	2.5016
66390	0.869	-1.723	-0.022	0.2723	-0.0750	2.5016
66417	0.826	-1.680	-0.023	0.2737	-0.0746	2.5016
66456	0.744	-1.604	-0.023	0.2779	-0.0740	2.5015
66456	0.744	-1.604	-0.023	0.2779	-0.0740	2.5015
66493	0.678	-1.545	-0.022	0.2805	-0.0734	2.5015
66493	0.678	-1.545	-0.022	0.2805	-0.0734	2.5015
66509	0.638	-1.525	-0.020	0.2829	-0.0733	2.5015
66553	0.567	-1.475	-0.018	0.2857	-0.0728	2.5014
66553	0.567	-1.475	-0.018	0.2857	-0.0728	2.5014
66571	0.527	-1.444	-0.016	0.2882	-0.0727	2.5014
66600	0.551	-1.390	-0.013	0.2916	-0.0723	2.5013
66613	0.562	-1.376	-0.011	0.2929	-0.0723	2.5013
66629	0.597	-1.336	-0.009	0.2961	-0.0724	2.5012
66649	0.617	-1.323	-0.009	0.2969	-0.0722	2.5012
66678	0.664	-1.264	-0.008	0.3003	-0.0720	2.5011
66693	0.664	-1.246	-0.008	0.3015	-0.0720	2.5011
66717	0.604	-1.167	-0.007	0.3057	-0.0721	2.5010
66738	0.614	-1.129	-0.008	0.3082	-0.0721	2.5009
66770	0.683	-1.080	-0.009	0.3117	-0.0720	2.5009
66772	0.683	-1.080	-0.009	0.3117	-0.0720	2.5009
66790	0.682	-1.067	-0.009	0.3133	-0.0720	2.5009
66852	0.612	-1.002	-0.008	0.3198	-0.0723	2.5008
66852	0.612	-1.002	-0.008	0.3198	-0.0723	2.5008
66854	0.614	-0.993	-0.008	0.3214	-0.0725	2.5007
66882	0.581	-0.975	-0.007	0.3233	-0.0725	2.5007
66893	0.582	-0.968	-0.006	0.3245	-0.0725	2.5007
66910	0.582	-0.968	-0.006	0.3245	-0.0725	2.5007
66957	0.743	-0.928	-0.003	0.3317	-0.0732	2.5006
66959	0.743	-0.928	-0.003	0.3317	-0.0732	2.5006
67018	0.496	-0.860	-0.000	0.3401	-0.0742	2.5005
67018	0.496	-0.860	-0.000	0.3401	-0.0742	2.5005
67018	0.496	-0.860	-0.000	0.3401	-0.0742	2.5005
67038	0.431	-0.842	0.001	0.3426	-0.0746	2.5005
67050	0.414	-0.835	0.001	0.3440	-0.0748	2.5005
67080	0.410	-0.819	0.003	0.3470	-0.0752	2.5004
67104	0.425	-0.812	0.004	0.3492	-0.0754	2.5004
67111	0.456	-0.811	0.005	0.3508	-0.0756	2.5004
67130	0.480	-0.811	0.006	0.3518	-0.0757	2.5003
67150	0.498	-0.811	0.006	0.3532	-0.0759	2.5003
67177	0.508	-0.815	0.006	0.3583	-0.0767	2.5002
67198	0.472	-0.813	0.006	0.3603	-0.0769	2.5002
67210	0.472	-0.813	0.006	0.3603	-0.0769	2.5002
67250	0.475	-0.809	0.006	0.3666	-0.0779	2.5001
67252	0.475	-0.809	0.006	0.3664	-0.0778	2.5001
67310	0.542	-0.810	0.006	0.3736	-0.0790	2.5000
67310	0.542	-0.810	0.006	0.3736	-0.0790	2.5000
67310	0.542	-0.810	0.006	0.3736	-0.0790	2.5000
67346	0.465	-0.795	0.006	0.3780	-0.0798	2.5000
67350	0.454	-0.788	0.005	0.3793	-0.0800	2.5000
67385	0.496	-0.783	0.005	0.3835	-0.0808	2.4999
67412	0.556	-0.772	0.003	0.3882	-0.0817	2.4999
67414	0.556	-0.772	0.003	0.3882	-0.0817	2.4999
67435	0.545	-0.748	0.003	0.3912	-0.0824	2.4999
67449	0.531	-0.717	0.002	0.3939	-0.0830	2.4999
67483	0.501	-0.648	0.002	0.3972	-0.0835	2.4998
67561	0.543	-0.523	0.005	0.4076	-0.0857	2.4997
67590	0.576	-0.512	0.006	0.4120	-0.0867	2.4997
67590	0.576	-0.512	0.006	0.4120	-0.0867	2.4997
67590	0.576	-0.512	0.006	0.4120	-0.0867	2.4997
67590	0.576	-0.512	0.006	0.4120	-0.0867	2.4997
67592	0.576	-0.512	0.006	0.4120	-0.0867	2.4997
67610	0.563	-0.499	0.007	0.4136	-0.0871	2.4997
67631	0.499	-0.469	0.008	0.4168	-0.0878	2.4996
67651	0.480	-0.441	0.008	0.4196	-0.0885	2.4996
67670	0.497	-0.430	0.008	0.4209	-0.0888	2.4996
67703	0.539	-0.389	0.007	0.4263	-0.0901	2.4996
67739	0.490	-0.376	0.007	0.4323	-0.0917	2.4996
67739	0.490	-0.376	0.007	0.4323	-0.0917	2.4996
67772	0.469	-0.360	0.009	0.4370	-0.0929	2.4996
67774	0.469	-0.360	0.009	0.4370	-0.0929	2.4996
67801	0.495	-0.364	0.010	0.4398	-0.0936	2.4995
67811	0.500	-0.367	0.010	0.4416	-0.0941	2.4995
67854	0.501	-0.357	0.012	0.4481	-0.0958	2.4995
67854	0.501	-0.357	0.012	0.4481	-0.0958	2.4995
67880	0.447	-0.333	0.013	0.4523	-0.0970	2.4995
67895	0.418	-0.332	0.013	0.4538	-0.0974	2.4995
67910	0.354	-0.306	0.014	0.4572	-0.0984	2.4994
67936	0.334	-0.277	0.015	0.4607	-0.0994	2.4994
67968	0.374	-0.235	0.017	0.4650	-0.1006	2.4994
67975	0.397	-0.223	0.017	0.4666	-0.1011	2.4994
67999	0.454	-0.200	0.017	0.4698	-0.1021	2.4994
68014	0.470	-0.188	0.017	0.4708	-0.1023	2.4994
68031	0.492	-0.168	0.016	0.4734	-0.1031	2.4994
68050	0.504	-0.161	0.016	0.4744	-0.1033	2.4994
68089	0.549	-0.165	0.016	0.4790	-0.1046	2.4994
68089	0.549	-0.165	0.016	0.4790	-0.1046	2.4994
68111	0.590	-0.199	0.016	0.4824	-0.1057	2.4994
68131	0.590	-0.218	0.016	0.4837	-0.1061	2.4994
68152	0.566	-0.249	0.017	0.4868	-0.1071	2.4994
68169	0.565	-0.288	0.017	0.4901	-0.1083	2.4994
68198	0.597	-0.317	0.017	0.4927	-0.1091	2.4994
68212	0.607	-0.329	0.017	0.4940	-0.1095	2.4994
68244	0.598	-0.356	0.017	0.4983	-0.1109	2.4994
68250	0.598	-0.356	0.017	0.4983	-0.1109	2.4994
68273	0.556	-0.380	0.017	0.5025	-0.1124	2.4994
68291	0.572	-0.393	0.018	0.5042	-0.1130	2.4994
68310	0.593	-0.419	0.018	0.5070	-0.1140	2.4994
68330	0.593	-0.426	0.018	0.5082	-0.1143	2.4994
68359	0.559	-0.439	0.018	0.5129	-0.1161	2.4994
68369	0.559	-0.439	0.018	0.5128	-0.1159	2.4994
68396	0.515	-0.440	0.018	0.5167	-0.1173	2.4994
68439	0.542	-0.451	0.018	0.5213	-0.1188	2.4994
68441	0.542	-0.451	0.018	0.5213	-0.1188	2.4994
68450	0.542	-0.451	0.018	0.5213	-0.1188	2.4994
68484	0.555	-0.472	0.018	0.5277	-0.1212	2.4994
68489	0.555	-0.472	0.018	0.5277	-0.1212	2.4994
68509	0.536	-0.478	0.018	0.5307	-0.1222	2.4994
68541	0.530	-0.475	0.018	0.5349	-0.1237	2.4994
68551	0.530	-0.475	0.018	0.5349	-0.1237	2.4994
68569	0.533	-0.465	0.018	0.5390	-0.1252	2.4994
68602	0.548	-0.455	0.017	0.5418	-0.1262	2.4994
68624	0.528	-0.435	0.017	0.5460	-0.1278	2.4994
68663	0.515	-0.421	0.017	0.5498	-0.1290	2.4994
68665	0.515	-0.421	0.017	0.5498	-0.1290	2.4994
68678	0.520	-0.417	0.017	0.5528	-0.1302	2.4994
68708	0.525	-0.418	0.017	0.5560	-0.1313	2.4995
68710	0.525	-0.418	0.017	0.5560	-0.1313	2.4995
68729	0.561	-0.425	0.016	0.5588	-0.1323	2.4995
68766	0.590	-0.424	0.016	0.5641	-0.1344	2.4995
68770	0.589	-0.412	0.016	0.5656	-0.1350	2.4995
68796	0.607	-0.380	0.016	0.5688	-0.1363	2.4995
68825	0.596	-0.321	0.015	0.5735	-0.1382	2.4995
68840	0.556	-0.298	0.015	0.5746	-0.1384	2.4995
68855	0.501	-0.268	0.014	0.5764	-0.1392	2.4995
68890	0.396	-0.218	0.014	0.5809	-0.1409	2.4995
68890	0.396	-0.218	0.014	0.5809	-0.1409	2.4995
68914	0.406	-0.196	0.014	0.5843	-0.1424	2.4996
68966	0.488	-0.164	0.013	0.5901	-0.1447	2.4996
68972	0.482	-0.154	0.013	0.5922	-0.1457	2.4996
68977	0.482	-0.154	0.013	0.5919	-0.1455	2.4996
69001	0.409	-0.125	0.011	0.5946	-0.1466	2.4997
69009	0.369	-0.113	0.010	0.5959	-0.1471	2.4997
69049	0.253	-0.105	0.008	0.6006	-0.1489	2.4998
69054	0.253	-0.105	0.008	0.6006	-0.1489	2.4998
69073	0.280	-0.154	0.006	0.6033	-0.1500	2.4998
69096	0.355	-0.208	0.005	0.6062	-0.1513	2.4998
69120	0.451	-0.265	0.003	0.6090	-0.1523	2.4998
69129	0.495	-0.288	0.001	0.6106	-0.1530	2.4999
69150	0.536	-0.315	-0.000	0.6124	-0.1537	2.4999
69186	0.557	-0.346	-0.004	0.6174	-0.1558	2.4999
69190	0.557	-0.346	-0.004	0.6174	-0.1558	2.4999
69209	0.563	-0.352	-0.004	0.6191	-0.1565	2.4999
69234	0.527	-0.363	-0.006	0.6221	-0.1578	2.4999
69251	0.435	-0.367	-0.006	0.6250	-0.1590	2.4999
69272	0.379	-0.364	-0.006	0.6280	-0.1603	2.4999
69297	0.397	-0.366	-0.006	0.6297	-0.1610	2.4999
69314	0.479	-0.375	-0.006	0.6326	-0.1622	2.5000
69332	0.477	-0.372	-0.006	0.6354	-0.1634	2.5000
69350	0.444	-0.365	-0.006	0.6367	-0.1639	2.5000
69400	0.406	-0.347	-0.006	0.6434	-0.1668	2.5001
69404	0.406	-0.347	-0.006	0.6434	-0.1668	2.5001
69422	0.532	-0.359	-0.006	0.6469	-0.1683	2.5001
69433	0.580	-0.362	-0.006	0.6482	-0.1689	2.5002
69452	0.612	-0.358	-0.006	0.6505	-0.1698	2.5002
69484	0.541	-0.328	-0.007	0.6544	-0.1716	2.5002
69511	0.478	-0.300	-0.007	0.6576	-0.1730	2.5003
69529	0.444	-0.287	-0.007	0.6600	-0.1739	2.5003
69529	0.444	-0.287	-0.007	0.6600	-0.1739	2.5003
69577	0.407	-0.263	-0.007	0.6653	-0.1763	2.5004
69583	0.387	-0.259	-0.007	0.6670	-0.1771	2.5004
69590	0.387	-0.259	-0.007	0.6668	-0.1770	2.5004
69647	0.258	-0.259	-0.007	0.6745	-0.1803	2.5004
69647	0.258	-0.259	-0.007	0.6745	-0.1803	2.5004
69649	0.258	-0.259	-0.007	0.6745	-0.1803	2.5004
69686	0.231	-0.253	-0.005	0.6791	-0.1823	2.5005
69690	0.231	-0.253	-0.005	0.6791	-0.1823	2.5005
69709	0.204	-0.252	-0.003	0.6817	-0.1835	2.5005
69746	0.254	-0.253	-0.001	0.6857	-0.1851	2.5005
69750	0.276	-0.254	-0.001	0.6870	-0.1856	2.5005
69809	0.284	-0.290	0.002	0.6936	-0.1885	2.5005
69811	0.284	-0.290	0.002	0.6936	-0.1885	2.5005
69816	0.282	-0.289	0.003	0.6949	-0.1890	2.5005
69853	0.371	-0.293	0.005	0.6991	-0.1909	2.5005
69853	0.371	-0.293	0.005	0.6991	-0.1909	2.5005
69872	0.438	-0.295	0.006	0.7016	-0.1919	2.5005
69898	0.414	-0.283	0.008	0.7055	-0.1937	2.5005
69914	0.398	-0.276	0.008	0.7074	-0.1946	2.5005
69933	0.378	-0.267	0.008	0.7098	-0.1956	2.5006
69960	0.363	-0.267	0.008	0.7122	-0.1967	2.5006
69969	0.357	-0.266	0.008	0.7136	-0.1973	2.5006
69989	0.352	-0.265	0.008	0.7149	-0.1979	2.5007
70009	0.358	-0.265	0.008	0.7177	-0.1992	2.5007
70034	0.372	-0.265	0.008	0.7208	-0.2006	2.5007
70056	0.364	-0.262	0.008	0.7235	-0.2019	2.5007
70071	0.361	-0.260	0.008	0.7249	-0.2025	2.5007
70096	0.372	-0.257	0.008	0.7274	-0.2036	2.5007
70110	0.401	-0.260	0.008	0.7299	-0.2049	2.5006
70168	0.367	-0.287	0.008	0.7353	-0.2073	2.5006
70168	0.367	-0.287	0.008	0.7353	-0.2073	2.5006
70170	0.367	-0.287	0.008	0.7353	-0.2073	2.5006
70220	0.378	-0.361	0.009	0.7422	-0.2104	2.5006
70220	0.378	-0.361	0.009	0.7422	-0.2104	2.5006
70230	0.378	-0.361	0.009	0.7422	-0.2104	2.5006
70249	0.399	-0.384	0.009	0.7456	-0.2121	2.5006
70269	0.415	-0.390	0.009	0.7468	-0.2126	2.5006
70289	0.478	-0.409	0.009	0.7493	-0.2137	2.5006
70312	0.578	-0.425	0.009	0.7536	-0.2159	2.5006
70354	0.583	-0.424	0.009	0.7567	-0.2172	2.5006
70354	0.583	-0.424	0.009	0.7567	-0.2172	2.5006
70372	0.515	-0.405	0.009	0.7595	-0.2186	2.5006
70425	0.373	-0.370	0.009	0.7643	-0.2208	2.5006
70467	0.329	-0.392	0.009	0.7695	-0.2232	2.5006
70467	0.329	-0.392	0.009	0.7695	-0.2232	2.5006
70474	0.344	-0.409	0.009	0.7707	-0.2238	2.5006
70477	0.344	-0.409	0.009	0.7706	-0.2237	2.5006
70489	0.351	-0.419	0.009	0.7718	-0.2243	2.5006
70519	0.357	-0.455	0.007	0.7756	-0.2260	2.5006
70529	0.357	-0.455	0.007	0.7756	-0.2260	2.5006
70559	0.355	-0.471	0.005	0.7801	-0.2282	2.5007
70579	0.329	-0.468	0.004	0.7826	-0.2293	2.5007
70606	0.280	-0.450	0.004	0.7850	-0.2303	2.5007
70621	0.266	-0.447	0.004	0.7863	-0.2309	2.5007
70633	0.281	-0.443	0.004	0.7890	-0.2322	2.5007
70649	0.281	-0.443	0.004	0.7890	-0.2322	2.5007
70698	0.428	-0.439	0.004	0.7959	-0.2352	2.5006
70698	0.428	-0.439	0.004	0.7959	-0.2352	2.5006
70709	0.428	-0.439	0.004	0.7959	-0.2352	2.5006
70750	0.404	-0.403	0.004	0.8018	-0.2379	2.5006
70759	0.385	-0.393	0.004	0.8029	-0.2385	2.5006
70769	0.385	-0.393	0.004	0.8029	-0.2385	2.5006
70792	0.410	-0.374	0.002	0.8064	-0.2402	2.5006
70812	0.470	-0.369	0.001	0.8085	-0.2411	2.5006
70839	0.491	-0.365	-0.001	0.8103	-0.2419	2.5006
70849	0.503	-0.365	-0.001	0.8112	-0.2423	2.5006
70874	0.607	-0.381	-0.003	0.8141	-0.2436	2.5006
70904	0.614	-0.410	-0.003	0.8170	-0.2450	2.5006
70910	0.614	-0.410	-0.003	0.8170	-0.2450	2.5006
70934	0.504	-0.444	-0.003	0.8202	-0.2465	2.5006
70966	0.418	-0.495	-0.003	0.8232	-0.2480	2.5007
70970	0.418	-0.495	-0.003	0.8232	-0.2480	2.5007
71005	0.354	-0.567	-0.002	0.8268	-0.2496	2.5007
71010	0.350	-0.578	-0.002	0.8280	-0.2502	2.5007
71037	0.370	-0.608	-0.002	0.8304	-0.2513	2.5007
71068	0.424	-0.653	-0.002	0.8345	-0.2531	2.5006
71070	0.424	-0.653	-0.002	0.8345	-0.2531	2.5006
71089	0.424	-0.653	-0.002	0.8345	-0.2531	2.5006
71125	0.413	-0.636	-0.002	0.8404	-0.2559	2.5006
71131	0.391	-0.623	-0.002	0.8416	-0.2564	2.5005
71150	0.370	-0.609	-0.002	0.8425	-0.2568	2.5005
71198	0.285	-0.544	-0.003	0.8485	-0.2595	2.5005
71198	0.285	-0.544	-0.003	0.8485	-0.2595	2.5005
71210	0.285	-0.544	-0.003	0.8485	-0.2595	2.5005
71244	0.254	-0.507	-0.003	0.8537	-0.2618	2.5004
71250	0.252	-0.495	-0.003	0.8554	-0.2626	2.5004
71279	0.296	-0.467	-0.003	0.8588	-0.2640	2.5004
71318	0.293	-0.438	-0.003	0.8623	-0.2655	2.5004
71318	0.293	-0.438	-0.003	0.8623	-0.2655	2.5004
71343	0.263	-0.410	-0.003	0.8648	-0.2666	2.5004
71367	0.302	-0.397	-0.003	0.8687	-0.2683	2.5004
71369	0.302	-0.397	-0.003	0.8687	-0.2683	2.5004
71408	0.286	-0.405	-0.000	0.8744	-0.2709	2.5004
71413	0.287	-0.412	-0.000	0.8744	-0.2708	2.5004
71436	0.268	-0.395	0.001	0.8774	-0.2722	2.5004
71465	0.252	-0.364	0.003	0.8812	-0.2739	2.5004
71474	0.246	-0.349	0.004	0.8825	-0.2745	2.5003
71498	0.234	-0.328	0.004	0.8842	-0.2753	2.5003
71513	0.215	-0.295	0.006	0.8869	-0.2764	2.5003
71529	0.218	-0.282	0.006	0.8879	-0.2769	2.5003
71558	0.259	-0.256	0.005	0.8915	-0.2785	2.5002
71596	0.326	-0.248	0.005	0.8955	-0.2803	2.5002
71596	0.326	-0.248	0.005	0.8955	-0.2803	2.5002
71612	0.334	-0.247	0.005	0.8982	-0.2815	2.5001
71642	0.293	-0.245	0.005	0.9013	-0.2829	2.5001
71650	0.293	-0.245	0.005	0.9013	-0.2829	2.5001
71670	0.179	-0.238	0.005	0.9045	-0.2844	2.5001
71695	0.099	-0.233	0.005	0.9065	-0.2853	2.5001
71719	0.096	-0.241	0.005	0.9102	-0.2870	2.5000
71729	0.127	-0.250	0.005	0.9112	-0.2875	2.5001
71778	0.276	-0.312	0.006	0.9153	-0.2892	2.5001
71778	0.276	-0.312	0.006	0.9153	-0.2892	2.5001
71790	0.276	-0.312	0.006	0.9153	-0.2892	2.5001
71816	0.374	-0.386	0.006	0.9194	-0.2910	2.5001
71829	0.391	-0.412	0.006	0.9206	-0.2915	2.5001
71850	0.391	-0.412	0.006	0.9206	-0.2915	2.5001
71872	0.439	-0.476	0.007	0.9247	-0.2935	2.5001
71889	0.456	-0.511	0.007	0.9271	-0.2946	2.5001
71913	0.471	-0.538	0.007	0.9286	-0.2952	2.5000
71939	0.487	-0.568	0.007	0.9312	-0.2964	2.5000
71963	0.450	-0.596	0.008	0.9337	-0.2975	2.5000
71971	0.450	-0.596	0.008	0.9337	-0.2975	2.5000
72009	0.445	-0.637	0.008	0.9376	-0.2994	2.4999
72011	0.445	-0.637	0.008	0.9376	-0.2994	2.4999
72035	0.461	-0.668	0.008	0.9408	-0.3008	2.4999
72056	0.471	-0.680	0.008	0.9427	-0.3017	2.4999
72077	0.485	-0.686	0.007	0.9452	-0.3028	2.4999
72089	0.524	-0.692	0.007	0.9464	-0.3034	2.4999
72139	0.548	-0.700	0.004	0.9518	-0.3058	2.4999
72141	0.548	-0.700	0.004	0.9518	-0.3058	2.4999
72190	0.197	-0.247	-0.004	0.9583	-0.3088	2.4999
72190	0.197	-0.247	-0.004	0.9583	-0.3088	2.4999
72194	0.197	-0.247	-0.004	0.9583	-0.3088	2.4999
72229	-0.290	1.044	-0.011	0.9627	-0.3107	2.5000
72231	-0.290	1.044	-0.011	0.9627	-0.3107	2.5000
72251	-0.544	1.686	-0.015	0.9655	-0.3121	2.5002
72271	-0.681	2.020	-0.021	0.9681	-0.3133	2.5003
72290	-0.696	2.083	-0.026	0.9693	-0.3138	2.5004
72347	-0.861	2.404	-0.057	0.9753	-0.3166	2.5006
72347	-0.861	2.404	-0.057	0.9753	-0.3166	2.5006
72349	-0.861	2.404	-0.057	0.9753	-0.3166	2.5006
72370	-0.820	2.586	-0.068	0.9781	-0.3180	2.4999
72390	-0.772	2.610	-0.070	0.9789	-0.3183	2.4995
72411	-0.657	2.670	-0.073	0.9808	-0.3192	2.4981
72429	-0.585	2.623	-0.073	0.9822	-0.3200	2.4965
72458	-0.505	2.510	-0.073	0.9836	-0.3206	2.4950
72470	-0.397	2.381	-0.073	0.9848	-0.3213	2.4933
72489	-0.329	2.287	-0.072	0.9856	-0.3217	2.4926
72509	-0.212	2.136	-0.069	0.9868	-0.3223	2.4903
72529	-0.161	2.047	-0.067	0.9875	-0.3227	2.4893
72556	-0.025	1.806	-0.060	0.9894	-0.3239	2.4841
72575	-0.003	1.732	-0.058	0.9900	-0.3243	2.4826
72589	0.054	1.607	-0.054	0.9909	-0.3249	2.4803
72643	0.066	1.276	-0.043	0.9941	-0.3267	2.4749
72649	0.068	1.261	-0.043	0.9944	-0.3267	2.4756
72649	0.068	1.261	-0.043	0.9944	-0.3267	2.4756
72672	0.087	1.155	-0.038	0.9956	-0.3276	2.4717
72696	0.119	1.039	-0.033	0.9975	-0.3285	2.4687
72709	0.119	1.039	-0.033	0.9975	-0.3285	2.4687
72736	0.234	0.918	-0.027	0.9995	-0.3300	2.4601
72753	0.253	0.878	-0.025	1.0004	-0.3304	2.4590
72769	0.257	0.839	-0.023	1.0015	-0.3312	2.4548
72790	0.230	0.826	-0.022	1.0025	-0.3321	2.4482
72814	0.161	0.807	-0.020	1.0040	-0.3328	2.4461
72834	0.082	0.818	-0.019	1.0052	-0.3336	2.4412
72853	0.062	0.803	-0.018	1.0063	-0.3340	2.4415
72882	0.053	0.842	-0.016	1.0079	-0.3353	2.4310
72892	0.064	0.836	-0.015	1.0087	-0.3356	2.4302
72934	0.072	0.850	-0.013	1.0107	-0.3367	2.4224
72934	0.072	0.850	-0.013	1.0107	-0.3367	2.4224
72950	0.043	0.870	-0.013	1.0115	-0.3374	2.4158
72983	-0.010	0.887	-0.013	1.0133	-0.3384	2.4089
73018	0.027	0.909	-0.013	1.0148	-0.3394	2.3994
73020	0.027	0.909	-0.013	1.0148	-0.3394	2.3994
73029	0.038	0.915	-0.013	1.0152	-0.3396	2.3972
73059	0.062	0.920	-0.013	1.0168	-0.3405	2.3899
73082	0.099	0.911	-0.013	1.0179	-0.3411	2.3829
73118	0.076	0.893	-0.013	1.0193	-0.3421	2.3722
73118	0.076	0.893	-0.013	1.0193	-0.3421	2.3722
73129	0.074	0.887	-0.013	1.0198	-0.3425	2.3668
73149	0.075	0.881	-0.013	1.0202	-0.3428	2.3632
73197	0.118	0.843	-0.013	1.0221	-0.3442	2.3478
73199	0.118	0.843	-0.013	1.0221	-0.3442	2.3478
73210	0.127	0.836	-0.013	1.0225	-0.3446	2.3430
73233	0.119	0.828	-0.013	1.0232	-0.3454	2.3297
73258	0.102	0.806	-0.013	1.0239	-0.3459	2.3259
73282	0.102	0.791	-0.013	1.0247	-0.3463	2.3209
73291	0.111	0.784	-0.013	1.0248	-0.3467	2.3150
73312	0.130	0.774	-0.013	1.0253	-0.3469	2.3120
73330	0.137	0.758	-0.013	1.0259	-0.3474	2.3047
73355	0.101	0.735	-0.013	1.0267	-0.3482	2.2918
73399	0.096	0.692	-0.013	1.0281	-0.3493	2.2744
73401	0.096	0.692	-0.013	1.0281	-0.3493	2.2744
73409	0.096	0.692	-0.013	1.0281	-0.3493	2.2744
73442	0.116	0.656	-0.013	1.0290	-0.3502	2.2580
73460	0.122	0.636	-0.014	1.0295	-0.3507	2.2487
73470	0.122	0.636	-0.014	1.0295	-0.3507	2.2487
73530	0.100	0.584	-0.018	1.0310	-0.3522	2.2210
73530	0.100	0.584	-0.018	1.0310	-0.3522	2.2210
73530	0.100	0.584	-0.018	1.0310	-0.3522	2.2210
73549	0.104	0.568	-0.018	1.0313	-0.3527	2.2104
73570	0.111	0.548	-0.018	1.0319	-0.3532	2.2024
73592	0.101	0.530	-0.018	1.0323	-0.3537	2.1921
73634	0.063	0.500	-0.018	1.0331	-0.3546	2.1730
73634	0.063	0.500	-0.018	1.0331	-0.3546	2.1730
73653	0.031	0.489	-0.018	1.0337	-0.3552	2.1598
73694	0.018	0.477	-0.019	1.0344	-0.3560	2.1414
73706	-0.005	0.476	-0.020	1.0346	-0.3563	2.1342
73717	-0.022	0.475	-0.020	1.0349	-0.3566	2.1286
73734	-0.034	0.467	-0.021	1.0351	-0.3571	2.1157
73756	-0.015	0.452	-0.021	1.0356	-0.3575	2.1038
73770	0.015	0.441	-0.021	1.0358	-0.3578	2.0964
73794	0.041	0.426	-0.021	1.0362	-0.3583	2.0832
73820	0.052	0.413	-0.021	1.0366	-0.3588	2.0717
73830	0.064	0.406	-0.021	1.0367	-0.3590	2.0647
73850	0.077	0.399	-0.021	1.0369	-0.3593	2.0566
73889	-0.008	0.381	-0.021	1.0377	-0.3604	2.0280
73891	-0.008	0.381	-0.021	1.0377	-0.3604	2.0280
73910	-0.022	0.374	-0.021	1.0377	-0.3608	2.0147
73946	0.069	0.344	-0.022	1.0382	-0.3616	1.9936
73954	0.105	0.332	-0.022	1.0384	-0.3618	1.9874
73975	0.115	0.318	-0.022	1.0386	-0.3623	1.9731
73990	0.100	0.314	-0.022	1.0388	-0.3625	1.9669
74014	0.056	0.306	-0.022	1.0391	-0.3631	1.9478
74031	0.049	0.300	-0.022	1.0392	-0.3634	1.9392
74055	0.001	0.290	-0.022	1.0394	-0.3641	1.9190
74069	-0.027	0.289	-0.022	1.0395	-0.3642	1.9142
74089	-0.059	0.284	-0.022	1.0396	-0.3647	1.8992
74131	-0.114	0.273	-0.022	1.0400	-0.3653	1.8810
74145	-0.111	0.266	-0.022	1.0401	-0.3655	1.8743
74153	-0.097	0.260	-0.022	1.0402	-0.3657	1.8678
74202	-0.065	0.237	-0.022	1.0405	-0.3665	1.8397
74204	-0.065	0.237	-0.022	1.0405	-0.3665	1.8397
74210	-0.065	0.237	-0.022	1.0405	-0.3665	1.8397
74232	-0.138	0.229	-0.022	1.0407	-0.3673	1.8122
74253	-0.159	0.225	-0.022	1.0408	-0.3676	1.8018
74269	-0.171	0.222	-0.022	1.0409	-0.3677	1.7953
74333	-0.199	0.198	-0.022	1.0413	-0.3688	1.7518
74333	-0.199	0.198	-0.022	1.0413	-0.3688	1.7518
74333	-0.199	0.198	-0.022	1.0413	-0.3688	1.7518
74353	-0.196	0.194	-0.022	1.0413	-0.3692	1.7373
74380	-0.200	0.192	-0.022	1.0415	-0.3695	1.7228
74389	-0.182	0.188	-0.022	1.0415	-0.3697	1.7157
74441	-0.243	0.180	-0.022	1.0417	-0.3705	1.6773
74441	-0.243	0.180	-0.022	1.0417	-0.3705	1.6773
74449	-0.243	0.180	-0.022	1.0418	-0.3706	1.6769
74500	-0.166	0.167	-0.022	1.0419	-0.3714	1.6376
74500	-0.166	0.167	-0.022	1.0419	-0.3714	1.6376
74510	-0.158	0.161	-0.022	1.0419	-0.3716	1.6284
74560	-0.201	0.139	-0.023	1.0420	-0.3725	1.5889
74563	-0.201	0.139	-0.023	1.0420	-0.3725	1.5889
74607	-0.087	0.111	-0.023	1.0421	-0.3733	1.5520
74607	-0.087	0.111	-0.023	1.0421	-0.3733	1.5520
74609	-0.087	0.111	-0.023	1.0421	-0.3733	1.5520
74632	-0.055	0.092	-0.023	1.0421	-0.3737	1.5356
74667	-0.102	0.065	-0.023	1.0421	-0.3743	1.5047
74669	-0.102	0.065	-0.023	1.0421	-0.3744	1.5043
74701	-0.196	0.064	-0.023	1.0421	-0.3750	1.4770
74714	-0.255	0.069	-0.023	1.0421	-0.3753	1.4665
74730	-0.255	0.069	-0.023	1.0421	-0.3753	1.4665
74768	-0.424	0.094	-0.022	1.0421	-0.3761	1.4295
74772	-0.424	0.094	-0.022	1.0421	-0.3761	1.4287
74794	-0.399	0.094	-0.022	1.0420	-0.3764	1.4128
74817	-0.350	0.086	-0.023	1.0420	-0.3768	1.3976
74836	-0.289	0.072	-0.023	1.0419	-0.3770	1.3839
74856	-0.263	0.060	-0.023	1.0419	-0.3773	1.3675
74899	-0.294	0.054	-0.023	1.0418	-0.3777	1.3467
74899	-0.294	0.054	-0.023	1.0418	-0.3777	1.3467
74913	-0.301	0.053	-0.023	1.0418	-0.3779	1.3378
74933	-0.244	0.045	-0.023	1.0417	-0.3781	1.3245
74949	-0.197	0.039	-0.023	1.0417	-0.3783	1.3172
74973	-0.131	0.022	-0.023	1.0415	-0.3786	1.2944
74999	-0.120	0.011	-0.023	1.0415	-0.3790	1.2811
75022	-0.114	-0.001	-0.023	1.0414	-0.3792	1.2665
75029	-0.121	-0.008	-0.023	1.0414	-0.3793	1.2574
75073	-0.206	-0.009	-0.023	1.0412	-0.3800	1.2308
75075	-0.206	-0.009	-0.023	1.0412	-0.3800	1.2308
75095	-0.263	-0.000	-0.023	1.0412	-0.3801	1.2210
75140	-0.270	0.012	-0.023	1.0410	-0.3807	1.1945
75140	-0.270	0.012	-0.023	1.0410	-0.3807	1.1945
75188	-0.220	-0.007	-0.023	1.0408	-0.3813	1.1595
75190	-0.220	-0.007	-0.023	1.0408	-0.3813	1.1595
75190	-0.220	-0.007	-0.023	1.0408	-0.3813	1.1595
75233	-0.245	-0.011	-0.023	1.0406	-0.3818	1.1325
75233	-0.245	-0.011	-0.023	1.0406	-0.3818	1.1325
75258	-0.197	-0.016	-0.023	1.0405	-0.3821	1.1147
75272	-0.166	-0.022	-0.023	1.0404	-0.3822	1.1073
75292	-0.137	-0.031	-0.023	1.0404	-0.3824	1.0945
75312	-0.175	-0.034	-0.023	1.0403	-0.3827	1.0825
75346	-0.231	-0.033	-0.023	1.0401	-0.3830	1.0617
75352	-0.218	-0.035	-0.023	1.0401	-0.3832	1.0547
75373	-0.162	-0.045	-0.023	1.0400	-0.3834	1.0423
75390	-0.139	-0.051	-0.023	1.0399	-0.3835	1.0352
75426	-0.131	-0.067	-0.023	1.0397	-0.3840	1.0121
75431	-0.131	-0.067	-0.023	1.0397	-0.3840	1.0121
75485	-0.259	-0.057	-0.023	1.0394	-0.3846	0.9774
75487	-0.259	-0.057	-0.023	1.0394	-0.3846	0.9774
75489	-0.259	-0.057	-0.023	1.0394	-0.3846	0.9774
75509	-0.259	-0.057	-0.023	1.0394	-0.3846	0.9774
75552	-0.301	-0.044	-0.023	1.0391	-0.3852	0.9410
75552	-0.301	-0.044	-0.023	1.0391	-0.3852	0.9410
75577	-0.288	-0.049	-0.022	1.0390	-0.3855	0.9270
75592	-0.302	-0.049	-0.021	1.0389	-0.3856	0.9187
75610	-0.311	-0.050	-0.020	1.0388	-0.3858	0.9046
75651	-0.278	-0.051	-0.020	1.0385	-0.3863	0.8760
75651	-0.278	-0.051	-0.020	1.0385	-0.3863	0.8760
75695	-0.158	-0.079	-0.019	1.0381	-0.3868	0.8438
75695	-0.158	-0.079	-0.019	1.0381	-0.3868	0.8438
75715	-0.173	-0.090	-0.018	1.0380	-0.3869	0.8329
75761	-0.242	-0.098	-0.017	1.0377	-0.3874	0.8046
75761	-0.242	-0.098	-0.017	1.0377	-0.3874	0.8046
75795	-0.284	-0.097	-0.017	1.0375	-0.3877	0.7837
75797	-0.284	-0.097	-0.017	1.0375	-0.3877	0.7837
75809	-0.260	-0.101	-0.017	1.0373	-0.3879	0.7754
75834	-0.188	-0.111	-0.017	1.0372	-0.3880	0.7632
75850	-0.143	-0.120	-0.017	1.0371	-0.3882	0.7520
75871	-0.088	-0.131	-0.017	1.0369	-0.3884	0.7406
75893	-0.060	-0.142	-0.017	1.0368	-0.3886	0.7277
75910	-0.080	-0.143	-0.017	1.0367	-0.3888	0.7166
75929	-0.108	-0.142	-0.017	1.0366	-0.3889	0.7100
75973	-0.257	-0.127	-0.017	1.0364	-0.3893	0.6904
75979	-0.282	-0.123	-0.017	1.0363	-0.3894	0.6846
75993	-0.304	-0.119	-0.017	1.0362	-0.3895	0.6798
76011	-0.338	-0.113	-0.017	1.0362	-0.3896	0.6733
76050	-0.361	-0.099	-0.017	1.0359	-0.3900	0.6514
76050	-0.361	-0.099	-0.017	1.0359	-0.3900	0.6514
76069	-0.342	-0.097	-0.017	1.0358	-0.3902	0.6450
76092	-0.337	-0.090	-0.017	1.0357	-0.3903	0.6327
76109	-0.354	-0.086	-0.017	1.0356	-0.3904	0.6256
76153	-0.360	-0.082	-0.017	1.0353	-0.3908	0.6015
76155	-0.360	-0.082	-0.017	1.0352	-0.3908	0.6005
76182	-0.384	-0.078	-0.015	1.0350	-0.3910	0.5832
76189	-0.384	-0.077	-0.015	1.0350	-0.3911	0.5771
76209	-0.356	-0.080	-0.015	1.0348	-0.3912	0.5641
76233	-0.307	-0.088	-0.015	1.0346	-0.3914	0.5504
76252	-0.305	-0.095	-0.015	1.0344	-0.3915	0.5378
76269	-0.305	-0.095	-0.015	1.0344	-0.3916	0.5373
76307	-0.239	-0.117	-0.014	1.0340	-0.3919	0.5089
76310	-0.239	-0.117	-0.014	1.0340	-0.3919	0.5089
76330	-0.258	-0.121	-0.013	1.0338	-0.3920	0.4979
76355	-0.265	-0.126	-0.013	1.0337	-0.3922	0.4877
76371	-0.245	-0.132	-0.014	1.0335	-0.3923	0.4771
76421	-0.302	-0.134	-0.014	1.0331	-0.3927	0.4500
76427	-0.302	-0.134	-0.014	1.0331	-0.3928	0.4497
76429	-0.302	-0.134	-0.014	1.0331	-0.3928	0.4497
76456	-0.182	-0.150	-0.014	1.0329	-0.3930	0.4320
76470	-0.146	-0.156	-0.014	1.0328	-0.3931	0.4259
76490	-0.104	-0.165	-0.014	1.0326	-0.3933	0.4148
76521	-0.160	-0.166	-0.014	1.0324	-0.3936	0.3983
76529	-0.160	-0.166	-0.014	1.0324	-0.3936	0.3983
76592	-0.096	-0.181	-0.014	1.0319	-0.3942	0.3650
76592	-0.096	-0.181	-0.014	1.0319	-0.3942	0.3650
76594	-0.096	-0.181	-0.014	1.0319	-0.3942	0.3650
76636	-0.346	-0.160	-0.014	1.0316	-0.3947	0.3419
76636	-0.346	-0.160	-0.014	1.0316	-0.3947	0.3419
76691	-0.355	-0.123	-0.013	1.0312	-0.3952	0.3138
76743	-0.327	-0.139	-0.013	1.0308	-0.3957	0.2839
76745	-0.327	-0.139	-0.013	1.0308	-0.3957	0.2839
76745	-0.327	-0.139	-0.013	1.0308	-0.3957	0.2839
76747	-0.327	-0.139	-0.013	1.0308	-0.3957	0.2839
76749	-0.327	-0.139	-0.013	1.0308	-0.3957	0.2839
76774	-0.344	-0.133	-0.013	1.0306	-0.3959	0.2671
76792	-0.336	-0.128	-0.013	1.0305	-0.3961	0.2560
76823	-0.324	-0.127	-0.013	1.0303	-0.3963	0.2432
76830	-0.324	-0.127	-0.013	1.0302	-0.3964	0.2364
76849	-0.310	-0.131	-0.013	1.0300	-0.3965	0.2250
76907	-0.269	-0.141	-0.013	1.0296	-0.3969	0.1989
76907	-0.269	-0.141	-0.013	1.0296	-0.3969	0.1989
76909	-0.269	-0.141	-0.013	1.0296	-0.3969	0.1986
76951	-0.151	-0.165	-0.014	1.0293	-0.3972	0.1779
76951	-0.151	-0.165	-0.014	1.0293	-0.3972	0.1779
76969	-0.166	-0.168	-0.014	1.0292	-0.3973	0.1719
76990	-0.249	-0.167	-0.014	1.0291	-0.3975	0.1605
77010	-0.300	-0.161	-0.013	1.0290	-0.3975	0.1546
77032	-0.367	-0.143	-0.013	1.0288	-0.3977	0.1384
77074	-0.314	-0.143	-0.013	1.0286	-0.3980	0.1243
