[  0%] Building C object libs/FreeRTOS/CMakeFiles/libs_FreeRTOS.dir/app_callbacks.c.obj
/home/bogdan/work/coralmicro/libs/FreeRTOS/app_callbacks.c: In function 'vApplicationMallocFailedHook':
/home/bogdan/work/coralmicro/libs/FreeRTOS/app_callbacks.c:43:3: warning: implicit declaration of function 'DbgConsole_Printf' [-Wimplicit-function-declaration]
   43 |   DbgConsole_Printf("malloc failed, spin...\r\n");
      |   ^~~~~~~~~~~~~~~~~
[  1%] Building C object libs/FreeRTOS/CMakeFiles/libs_FreeRTOS.dir/multicore.c.obj
[  1%] Building C object libs/FreeRTOS/CMakeFiles/libs_FreeRTOS.dir/__/__/third_party/freertos_kernel/event_groups.c.obj
[  1%] Building C object libs/FreeRTOS/CMakeFiles/libs_FreeRTOS.dir/__/__/third_party/freertos_kernel/list.c.obj
[  1%] Building C object libs/FreeRTOS/CMakeFiles/libs_FreeRTOS.dir/__/__/third_party/freertos_kernel/portable/GCC/ARM_CM4F/port.c.obj
[  1%] Building C object libs/FreeRTOS/CMakeFiles/libs_FreeRTOS.dir/__/__/third_party/freertos_kernel/queue.c.obj
[  1%] Building C object libs/FreeRTOS/CMakeFiles/libs_FreeRTOS.dir/__/__/third_party/freertos_kernel/stream_buffer.c.obj
[  1%] Building C object libs/FreeRTOS/CMakeFiles/libs_FreeRTOS.dir/__/__/third_party/freertos_kernel/tasks.c.obj
[  1%] Building C object libs/FreeRTOS/CMakeFiles/libs_FreeRTOS.dir/__/__/third_party/freertos_kernel/timers.c.obj
[  1%] Building C object libs/FreeRTOS/CMakeFiles/libs_FreeRTOS.dir/__/__/third_party/FreeRTOS_helpers/heap_useNewlib_NXP.c.obj
/home/bogdan/work/coralmicro/third_party/FreeRTOS_helpers/heap_useNewlib_NXP.c:68:4: warning: #warning "This wrapper was verified for newlib versions 2.5 - 3.1; please ensure newlib's external requirements for malloc-family are unchanged!" [-Wcpp]
   68 |   #warning "This wrapper was verified for newlib versions 2.5 - 3.1; please ensure newlib's external requirements for malloc-family are unchanged!"
      |    ^~~~~~~
[  1%] Built target libs_FreeRTOS
[  1%] Building C object libs/CMSIS/CMakeFiles/libs_CMSIS-m7.dir/__/__/third_party/CMSIS/CMSIS/NN/Source/ActivationFunctions/arm_relu6_s8.c.obj
[  1%] Building C object libs/CMSIS/CMakeFiles/libs_CMSIS-m7.dir/__/__/third_party/CMSIS/CMSIS/NN/Source/BasicMathFunctions/arm_elementwise_add_s8.c.obj
[  1%] Building C object libs/CMSIS/CMakeFiles/libs_CMSIS-m7.dir/__/__/third_party/CMSIS/CMSIS/NN/Source/BasicMathFunctions/arm_elementwise_mul_s8.c.obj
[  1%] Building C object libs/CMSIS/CMakeFiles/libs_CMSIS-m7.dir/__/__/third_party/CMSIS/CMSIS/NN/Source/ConcatenationFunctions/arm_concatenation_s8_w.c.obj
[  1%] Building C object libs/CMSIS/CMakeFiles/libs_CMSIS-m7.dir/__/__/third_party/CMSIS/CMSIS/NN/Source/ConcatenationFunctions/arm_concatenation_s8_x.c.obj
[  1%] Building C object libs/CMSIS/CMakeFiles/libs_CMSIS-m7.dir/__/__/third_party/CMSIS/CMSIS/NN/Source/ConcatenationFunctions/arm_concatenation_s8_y.c.obj
[  1%] Building C object libs/CMSIS/CMakeFiles/libs_CMSIS-m7.dir/__/__/third_party/CMSIS/CMSIS/NN/Source/ConcatenationFunctions/arm_concatenation_s8_z.c.obj
[  1%] Building C object libs/CMSIS/CMakeFiles/libs_CMSIS-m7.dir/__/__/third_party/CMSIS/CMSIS/NN/Source/ConvolutionFunctions/arm_convolve_1_x_n_s8.c.obj
[  1%] Building C object libs/CMSIS/CMakeFiles/libs_CMSIS-m7.dir/__/__/third_party/CMSIS/CMSIS/NN/Source/ConvolutionFunctions/arm_convolve_1x1_s8_fast.c.obj
[  1%] Building C object libs/CMSIS/CMakeFiles/libs_CMSIS-m7.dir/__/__/third_party/CMSIS/CMSIS/NN/Source/ConvolutionFunctions/arm_convolve_s8.c.obj
[  1%] Building C object libs/CMSIS/CMakeFiles/libs_CMSIS-m7.dir/__/__/third_party/CMSIS/CMSIS/NN/Source/ConvolutionFunctions/arm_convolve_wrapper_s8.c.obj
[  1%] Building C object libs/CMSIS/CMakeFiles/libs_CMSIS-m7.dir/__/__/third_party/CMSIS/CMSIS/NN/Source/ConvolutionFunctions/arm_depthwise_conv_3x3_s8.c.obj
[  1%] Building C object libs/CMSIS/CMakeFiles/libs_CMSIS-m7.dir/__/__/third_party/CMSIS/CMSIS/NN/Source/ConvolutionFunctions/arm_depthwise_conv_s8.c.obj
[  1%] Building C object libs/CMSIS/CMakeFiles/libs_CMSIS-m7.dir/__/__/third_party/CMSIS/CMSIS/NN/Source/ConvolutionFunctions/arm_depthwise_conv_s8_opt.c.obj
[  1%] Building C object libs/CMSIS/CMakeFiles/libs_CMSIS-m7.dir/__/__/third_party/CMSIS/CMSIS/NN/Source/ConvolutionFunctions/arm_depthwise_conv_wrapper_s8.c.obj
[  1%] Building C object libs/CMSIS/CMakeFiles/libs_CMSIS-m7.dir/__/__/third_party/CMSIS/CMSIS/NN/Source/ConvolutionFunctions/arm_nn_depthwise_conv_s8_core.c.obj
[  2%] Building C object libs/CMSIS/CMakeFiles/libs_CMSIS-m7.dir/__/__/third_party/CMSIS/CMSIS/NN/Source/ConvolutionFunctions/arm_nn_mat_mult_kernel_s8_s16.c.obj
[  2%] Building C object libs/CMSIS/CMakeFiles/libs_CMSIS-m7.dir/__/__/third_party/CMSIS/CMSIS/NN/Source/ConvolutionFunctions/arm_nn_mat_mult_s8.c.obj
[  2%] Building C object libs/CMSIS/CMakeFiles/libs_CMSIS-m7.dir/__/__/third_party/CMSIS/CMSIS/NN/Source/FullyConnectedFunctions/arm_fully_connected_s8.c.obj
[  2%] Building C object libs/CMSIS/CMakeFiles/libs_CMSIS-m7.dir/__/__/third_party/CMSIS/CMSIS/NN/Source/NNSupportFunctions/arm_nn_depthwise_conv_nt_t_padded_s8.c.obj
[  2%] Building C object libs/CMSIS/CMakeFiles/libs_CMSIS-m7.dir/__/__/third_party/CMSIS/CMSIS/NN/Source/NNSupportFunctions/arm_nn_depthwise_conv_nt_t_s8.c.obj
[  2%] Building C object libs/CMSIS/CMakeFiles/libs_CMSIS-m7.dir/__/__/third_party/CMSIS/CMSIS/NN/Source/NNSupportFunctions/arm_nn_mat_mul_core_1x_s8.c.obj
[  2%] Building C object libs/CMSIS/CMakeFiles/libs_CMSIS-m7.dir/__/__/third_party/CMSIS/CMSIS/NN/Source/NNSupportFunctions/arm_nn_mat_mul_core_4x_s8.c.obj
[  2%] Building C object libs/CMSIS/CMakeFiles/libs_CMSIS-m7.dir/__/__/third_party/CMSIS/CMSIS/NN/Source/NNSupportFunctions/arm_nn_mat_mult_nt_t_s8.c.obj
[  2%] Building C object libs/CMSIS/CMakeFiles/libs_CMSIS-m7.dir/__/__/third_party/CMSIS/CMSIS/NN/Source/NNSupportFunctions/arm_nn_vec_mat_mult_t_s8.c.obj
[  2%] Building C object libs/CMSIS/CMakeFiles/libs_CMSIS-m7.dir/__/__/third_party/CMSIS/CMSIS/NN/Source/NNSupportFunctions/arm_nn_vec_mat_mult_t_svdf_s8.c.obj
[  2%] Building C object libs/CMSIS/CMakeFiles/libs_CMSIS-m7.dir/__/__/third_party/CMSIS/CMSIS/NN/Source/NNSupportFunctions/arm_q7_to_q15_with_offset.c.obj
[  2%] Building C object libs/CMSIS/CMakeFiles/libs_CMSIS-m7.dir/__/__/third_party/CMSIS/CMSIS/NN/Source/PoolingFunctions/arm_avgpool_s8.c.obj
[  2%] Building C object libs/CMSIS/CMakeFiles/libs_CMSIS-m7.dir/__/__/third_party/CMSIS/CMSIS/NN/Source/PoolingFunctions/arm_max_pool_s8.c.obj
[  2%] Building C object libs/CMSIS/CMakeFiles/libs_CMSIS-m7.dir/__/__/third_party/CMSIS/CMSIS/NN/Source/ReshapeFunctions/arm_reshape_s8.c.obj
[  2%] Building C object libs/CMSIS/CMakeFiles/libs_CMSIS-m7.dir/__/__/third_party/CMSIS/CMSIS/NN/Source/SVDFunctions/arm_svdf_s8.c.obj
[  2%] Building C object libs/CMSIS/CMakeFiles/libs_CMSIS-m7.dir/__/__/third_party/CMSIS/CMSIS/NN/Source/SoftmaxFunctions/arm_nn_softmax_common_s8.c.obj
[  2%] Building C object libs/CMSIS/CMakeFiles/libs_CMSIS-m7.dir/__/__/third_party/CMSIS/CMSIS/NN/Source/SoftmaxFunctions/arm_softmax_s8.c.obj
[  2%] Building C object libs/CMSIS/CMakeFiles/libs_CMSIS-m7.dir/__/__/third_party/CMSIS/CMSIS/NN/Source/ConvolutionFunctions/arm_convolve_fast_s16.c.obj
[  2%] Building C object libs/CMSIS/CMakeFiles/libs_CMSIS-m7.dir/__/__/third_party/CMSIS/CMSIS/NN/Source/ConvolutionFunctions/arm_convolve_s16.c.obj
[  4%] Building C object libs/CMSIS/CMakeFiles/libs_CMSIS-m7.dir/__/__/third_party/CMSIS/CMSIS/NN/Source/ConvolutionFunctions/arm_convolve_wrapper_s16.c.obj
[  4%] Building C object libs/CMSIS/CMakeFiles/libs_CMSIS-m7.dir/__/__/third_party/CMSIS/CMSIS/NN/Source/ConvolutionFunctions/arm_depthwise_conv_s16.c.obj
[  4%] Building C object libs/CMSIS/CMakeFiles/libs_CMSIS-m7.dir/__/__/third_party/CMSIS/CMSIS/NN/Source/FullyConnectedFunctions/arm_fully_connected_s16.c.obj
[  4%] Building C object libs/CMSIS/CMakeFiles/libs_CMSIS-m7.dir/__/__/third_party/CMSIS/CMSIS/NN/Source/NNSupportFunctions/arm_nn_mat_mul_kernel_s16.c.obj
[  4%] Building C object libs/CMSIS/CMakeFiles/libs_CMSIS-m7.dir/__/__/third_party/CMSIS/CMSIS/NN/Source/NNSupportFunctions/arm_nn_vec_mat_mult_t_s16.c.obj
[  4%] Building C object libs/CMSIS/CMakeFiles/libs_CMSIS-m7.dir/__/__/third_party/CMSIS/CMSIS/NN/Source/SVDFunctions/arm_svdf_state_s16_s8.c.obj
[  4%] Building C object libs/CMSIS/CMakeFiles/libs_CMSIS-m7.dir/__/__/third_party/CMSIS/CMSIS/NN/Source/SoftmaxFunctions/arm_softmax_s16.c.obj
[  4%] Building C object libs/CMSIS/CMakeFiles/libs_CMSIS-m7.dir/__/__/third_party/CMSIS/CMSIS/NN/Source/SoftmaxFunctions/arm_softmax_s8_s16.c.obj
[  4%] Building C object libs/CMSIS/CMakeFiles/libs_CMSIS-m7.dir/__/__/third_party/CMSIS/CMSIS/DSP/Source/TransformFunctions/arm_cfft_f32.c.obj
[  4%] Building C object libs/CMSIS/CMakeFiles/libs_CMSIS-m7.dir/__/__/third_party/CMSIS/CMSIS/DSP/Source/TransformFunctions/arm_cfft_init_f32.c.obj
[  4%] Building C object libs/CMSIS/CMakeFiles/libs_CMSIS-m7.dir/__/__/third_party/CMSIS/CMSIS/DSP/Source/TransformFunctions/arm_cfft_radix2_f32.c.obj
[  4%] Building C object libs/CMSIS/CMakeFiles/libs_CMSIS-m7.dir/__/__/third_party/CMSIS/CMSIS/DSP/Source/TransformFunctions/arm_cfft_radix4_f32.c.obj
[  4%] Building C object libs/CMSIS/CMakeFiles/libs_CMSIS-m7.dir/__/__/third_party/CMSIS/CMSIS/DSP/Source/TransformFunctions/arm_cfft_radix8_f32.c.obj
[  4%] Building C object libs/CMSIS/CMakeFiles/libs_CMSIS-m7.dir/__/__/third_party/CMSIS/CMSIS/DSP/Source/TransformFunctions/arm_bitreversal2.c.obj
[  4%] Building C object libs/CMSIS/CMakeFiles/libs_CMSIS-m7.dir/__/__/third_party/CMSIS/CMSIS/DSP/Source/CommonTables/arm_common_tables.c.obj
[  4%] Building C object libs/CMSIS/CMakeFiles/libs_CMSIS-m7.dir/__/__/third_party/CMSIS/CMSIS/DSP/Source/CommonTables/arm_const_structs.c.obj
[  4%] Linking C static library liblibs_CMSIS-m7.a
[  4%] Built target libs_CMSIS-m7
[  4%] Building C object libs/nxp/rt1176-sdk/CMakeFiles/libs_nxp_rt1176-sdk_freertos.dir/__/__/__/third_party/nxp/rt1176-sdk/components/osa/fsl_os_abstraction_free_rtos.c.obj
[  4%] Building C object libs/nxp/rt1176-sdk/CMakeFiles/libs_nxp_rt1176-sdk_freertos.dir/__/__/__/third_party/nxp/rt1176-sdk/devices/MIMXRT1176/drivers/fsl_lpi2c_freertos.c.obj
[  4%] Building C object libs/nxp/rt1176-sdk/CMakeFiles/libs_nxp_rt1176-sdk_freertos.dir/__/__/__/third_party/nxp/rt1176-sdk/devices/MIMXRT1176/drivers/fsl_lpspi_freertos.c.obj
[  4%] Building C object libs/nxp/rt1176-sdk/CMakeFiles/libs_nxp_rt1176-sdk_freertos.dir/__/__/__/third_party/nxp/rt1176-sdk/devices/MIMXRT1176/drivers/fsl_lpuart_freertos.c.obj
[  4%] Building C object libs/nxp/rt1176-sdk/CMakeFiles/libs_nxp_rt1176-sdk_freertos.dir/__/__/__/third_party/modified/nxp/rt1176-sdk/fsl_tickless_gpt.c.obj
[  4%] Building C object libs/nxp/rt1176-sdk/CMakeFiles/libs_nxp_rt1176-sdk_freertos.dir/__/__/__/third_party/nxp/rt1176-sdk/devices/MIMXRT1176/drivers/cm7/fsl_cache.c.obj
[  4%] Building ASM object libs/nxp/rt1176-sdk/CMakeFiles/libs_nxp_rt1176-sdk_freertos.dir/__/__/__/third_party/nxp/rt1176-sdk/devices/MIMXRT1176/gcc/startup_MIMXRT1176_cm7.S.obj
[  4%] Building C object libs/nxp/rt1176-sdk/CMakeFiles/libs_nxp_rt1176-sdk_freertos.dir/__/__/__/third_party/nxp/rt1176-sdk/devices/MIMXRT1176/system_MIMXRT1176_cm7.c.obj
[  4%] Building C object libs/nxp/rt1176-sdk/CMakeFiles/libs_nxp_rt1176-sdk_freertos.dir/board_hardware.c.obj
[  4%] Building C object libs/nxp/rt1176-sdk/CMakeFiles/libs_nxp_rt1176-sdk_freertos.dir/clock_config.c.obj
[  4%] Building C object libs/nxp/rt1176-sdk/CMakeFiles/libs_nxp_rt1176-sdk_freertos.dir/usb_device_cdc_eem.c.obj
[  5%] Building C object libs/nxp/rt1176-sdk/CMakeFiles/libs_nxp_rt1176-sdk_freertos.dir/__/__/__/third_party/nxp/rt1176-sdk/middleware/usb/output/source/device/class/usb_device_msc.c.obj
[  5%] Building C object libs/nxp/rt1176-sdk/CMakeFiles/libs_nxp_rt1176-sdk_freertos.dir/__/__/__/third_party/nxp/rt1176-sdk/middleware/usb/output/source/device/class/usb_device_msc_ufi.c.obj
[  5%] Building C object libs/nxp/rt1176-sdk/CMakeFiles/libs_nxp_rt1176-sdk_freertos.dir/__/__/__/third_party/modified/nxp/rt1176-sdk/board.c.obj
[  5%] Building C object libs/nxp/rt1176-sdk/CMakeFiles/libs_nxp_rt1176-sdk_freertos.dir/__/__/__/third_party/modified/nxp/rt1176-sdk/pin_mux.c.obj
[  5%] Building C object libs/nxp/rt1176-sdk/CMakeFiles/libs_nxp_rt1176-sdk_freertos.dir/__/__/__/third_party/modified/nxp/rt1176-sdk/usb_device_class.c.obj
[  5%] Building C object libs/nxp/rt1176-sdk/CMakeFiles/libs_nxp_rt1176-sdk_freertos.dir/__/__/__/third_party/nxp/rt1176-sdk/components/flash/nand/flexspi/fsl_flexspi_nand_flash.c.obj
[  5%] Building C object libs/nxp/rt1176-sdk/CMakeFiles/libs_nxp_rt1176-sdk_freertos.dir/__/__/__/third_party/nxp/rt1176-sdk/components/lists/fsl_component_generic_list.c.obj
[  5%] Building C object libs/nxp/rt1176-sdk/CMakeFiles/libs_nxp_rt1176-sdk_freertos.dir/__/__/__/third_party/nxp/rt1176-sdk/components/phy/device/phyrtl8211f/fsl_phyrtl8211f.c.obj
[  5%] Building C object libs/nxp/rt1176-sdk/CMakeFiles/libs_nxp_rt1176-sdk_freertos.dir/__/__/__/third_party/nxp/rt1176-sdk/components/phy/mdio/enet/fsl_enet_mdio.c.obj
[  5%] Building C object libs/nxp/rt1176-sdk/CMakeFiles/libs_nxp_rt1176-sdk_freertos.dir/__/__/__/third_party/nxp/rt1176-sdk/components/serial_manager/fsl_component_serial_manager.c.obj
[  5%] Building C object libs/nxp/rt1176-sdk/CMakeFiles/libs_nxp_rt1176-sdk_freertos.dir/__/__/__/third_party/nxp/rt1176-sdk/components/serial_manager/fsl_component_serial_port_uart.c.obj
[  5%] Building C object libs/nxp/rt1176-sdk/CMakeFiles/libs_nxp_rt1176-sdk_freertos.dir/__/__/__/third_party/nxp/rt1176-sdk/components/uart/fsl_adapter_lpuart.c.obj
[  5%] Building C object libs/nxp/rt1176-sdk/CMakeFiles/libs_nxp_rt1176-sdk_freertos.dir/__/__/__/third_party/nxp/rt1176-sdk/devices/MIMXRT1176/drivers/fsl_anatop_ai.c.obj
[  5%] Building C object libs/nxp/rt1176-sdk/CMakeFiles/libs_nxp_rt1176-sdk_freertos.dir/__/__/__/third_party/nxp/rt1176-sdk/devices/MIMXRT1176/drivers/fsl_caam.c.obj
[  5%] Building C object libs/nxp/rt1176-sdk/CMakeFiles/libs_nxp_rt1176-sdk_freertos.dir/__/__/__/third_party/nxp/rt1176-sdk/devices/MIMXRT1176/drivers/fsl_clock.c.obj
[  5%] Building C object libs/nxp/rt1176-sdk/CMakeFiles/libs_nxp_rt1176-sdk_freertos.dir/__/__/__/third_party/nxp/rt1176-sdk/devices/MIMXRT1176/drivers/fsl_common.c.obj
[  5%] Building C object libs/nxp/rt1176-sdk/CMakeFiles/libs_nxp_rt1176-sdk_freertos.dir/__/__/__/third_party/nxp/rt1176-sdk/devices/MIMXRT1176/drivers/fsl_common_arm.c.obj
[  5%] Building C object libs/nxp/rt1176-sdk/CMakeFiles/libs_nxp_rt1176-sdk_freertos.dir/__/__/__/third_party/nxp/rt1176-sdk/devices/MIMXRT1176/drivers/fsl_csi.c.obj
[  7%] Building C object libs/nxp/rt1176-sdk/CMakeFiles/libs_nxp_rt1176-sdk_freertos.dir/__/__/__/third_party/nxp/rt1176-sdk/devices/MIMXRT1176/drivers/fsl_dac12.c.obj
[  7%] Building C object libs/nxp/rt1176-sdk/CMakeFiles/libs_nxp_rt1176-sdk_freertos.dir/__/__/__/third_party/nxp/rt1176-sdk/devices/MIMXRT1176/drivers/fsl_dcdc.c.obj
[  7%] Building C object libs/nxp/rt1176-sdk/CMakeFiles/libs_nxp_rt1176-sdk_freertos.dir/__/__/__/third_party/nxp/rt1176-sdk/devices/MIMXRT1176/drivers/fsl_dmamux.c.obj
[  7%] Building C object libs/nxp/rt1176-sdk/CMakeFiles/libs_nxp_rt1176-sdk_freertos.dir/__/__/__/third_party/nxp/rt1176-sdk/devices/MIMXRT1176/drivers/fsl_edma.c.obj
[  7%] Building C object libs/nxp/rt1176-sdk/CMakeFiles/libs_nxp_rt1176-sdk_freertos.dir/__/__/__/third_party/nxp/rt1176-sdk/devices/MIMXRT1176/drivers/fsl_enet.c.obj
[  7%] Building C object libs/nxp/rt1176-sdk/CMakeFiles/libs_nxp_rt1176-sdk_freertos.dir/__/__/__/third_party/nxp/rt1176-sdk/devices/MIMXRT1176/drivers/fsl_flexspi.c.obj
[  7%] Building C object libs/nxp/rt1176-sdk/CMakeFiles/libs_nxp_rt1176-sdk_freertos.dir/__/__/__/third_party/nxp/rt1176-sdk/devices/MIMXRT1176/drivers/fsl_gpio.c.obj
[  7%] Building C object libs/nxp/rt1176-sdk/CMakeFiles/libs_nxp_rt1176-sdk_freertos.dir/__/__/__/third_party/nxp/rt1176-sdk/devices/MIMXRT1176/drivers/fsl_gpc.c.obj
[  7%] Building C object libs/nxp/rt1176-sdk/CMakeFiles/libs_nxp_rt1176-sdk_freertos.dir/__/__/__/third_party/nxp/rt1176-sdk/devices/MIMXRT1176/drivers/fsl_gpt.c.obj
[  7%] Building C object libs/nxp/rt1176-sdk/CMakeFiles/libs_nxp_rt1176-sdk_freertos.dir/__/__/__/third_party/nxp/rt1176-sdk/devices/MIMXRT1176/drivers/fsl_lpadc.c.obj
[  7%] Building C object libs/nxp/rt1176-sdk/CMakeFiles/libs_nxp_rt1176-sdk_freertos.dir/__/__/__/third_party/nxp/rt1176-sdk/devices/MIMXRT1176/drivers/fsl_lpi2c.c.obj
[  7%] Building C object libs/nxp/rt1176-sdk/CMakeFiles/libs_nxp_rt1176-sdk_freertos.dir/__/__/__/third_party/nxp/rt1176-sdk/devices/MIMXRT1176/drivers/fsl_lpspi.c.obj
[  7%] Building C object libs/nxp/rt1176-sdk/CMakeFiles/libs_nxp_rt1176-sdk_freertos.dir/__/__/__/third_party/nxp/rt1176-sdk/devices/MIMXRT1176/drivers/fsl_lpuart.c.obj
[  7%] Building C object libs/nxp/rt1176-sdk/CMakeFiles/libs_nxp_rt1176-sdk_freertos.dir/__/__/__/third_party/nxp/rt1176-sdk/devices/MIMXRT1176/drivers/fsl_mu.c.obj
[  7%] Building C object libs/nxp/rt1176-sdk/CMakeFiles/libs_nxp_rt1176-sdk_freertos.dir/__/__/__/third_party/nxp/rt1176-sdk/devices/MIMXRT1176/drivers/fsl_ocotp.c.obj
[  7%] Building C object libs/nxp/rt1176-sdk/CMakeFiles/libs_nxp_rt1176-sdk_freertos.dir/__/__/__/third_party/nxp/rt1176-sdk/devices/MIMXRT1176/drivers/fsl_pdm.c.obj
[  7%] Building C object libs/nxp/rt1176-sdk/CMakeFiles/libs_nxp_rt1176-sdk_freertos.dir/__/__/__/third_party/nxp/rt1176-sdk/devices/MIMXRT1176/drivers/fsl_pdm_edma.c.obj
[  7%] Building C object libs/nxp/rt1176-sdk/CMakeFiles/libs_nxp_rt1176-sdk_freertos.dir/__/__/__/third_party/nxp/rt1176-sdk/devices/MIMXRT1176/drivers/fsl_pmu.c.obj
[  8%] Building C object libs/nxp/rt1176-sdk/CMakeFiles/libs_nxp_rt1176-sdk_freertos.dir/__/__/__/third_party/nxp/rt1176-sdk/devices/MIMXRT1176/drivers/fsl_pwm.c.obj
[  8%] Building C object libs/nxp/rt1176-sdk/CMakeFiles/libs_nxp_rt1176-sdk_freertos.dir/__/__/__/third_party/nxp/rt1176-sdk/devices/MIMXRT1176/drivers/fsl_pxp.c.obj
[  8%] Building C object libs/nxp/rt1176-sdk/CMakeFiles/libs_nxp_rt1176-sdk_freertos.dir/__/__/__/third_party/nxp/rt1176-sdk/devices/MIMXRT1176/drivers/fsl_romapi.c.obj
[  8%] Building C object libs/nxp/rt1176-sdk/CMakeFiles/libs_nxp_rt1176-sdk_freertos.dir/__/__/__/third_party/nxp/rt1176-sdk/devices/MIMXRT1176/drivers/fsl_sema4.c.obj
[  8%] Building C object libs/nxp/rt1176-sdk/CMakeFiles/libs_nxp_rt1176-sdk_freertos.dir/__/__/__/third_party/nxp/rt1176-sdk/devices/MIMXRT1176/drivers/fsl_semc.c.obj
[  8%] Building C object libs/nxp/rt1176-sdk/CMakeFiles/libs_nxp_rt1176-sdk_freertos.dir/__/__/__/third_party/nxp/rt1176-sdk/devices/MIMXRT1176/drivers/fsl_snvs_hp.c.obj
[  8%] Building C object libs/nxp/rt1176-sdk/CMakeFiles/libs_nxp_rt1176-sdk_freertos.dir/__/__/__/third_party/nxp/rt1176-sdk/devices/MIMXRT1176/drivers/fsl_snvs_lp.c.obj
[  8%] Building C object libs/nxp/rt1176-sdk/CMakeFiles/libs_nxp_rt1176-sdk_freertos.dir/__/__/__/third_party/nxp/rt1176-sdk/devices/MIMXRT1176/drivers/fsl_soc_src.c.obj
[  8%] Building C object libs/nxp/rt1176-sdk/CMakeFiles/libs_nxp_rt1176-sdk_freertos.dir/__/__/__/third_party/nxp/rt1176-sdk/devices/MIMXRT1176/drivers/fsl_tempsensor.c.obj
[  8%] Building C object libs/nxp/rt1176-sdk/CMakeFiles/libs_nxp_rt1176-sdk_freertos.dir/__/__/__/third_party/nxp/rt1176-sdk/devices/MIMXRT1176/drivers/fsl_wdog.c.obj
[  8%] Building C object libs/nxp/rt1176-sdk/CMakeFiles/libs_nxp_rt1176-sdk_freertos.dir/__/__/__/third_party/nxp/rt1176-sdk/devices/MIMXRT1176/drivers/fsl_xbara.c.obj
[  8%] Building C object libs/nxp/rt1176-sdk/CMakeFiles/libs_nxp_rt1176-sdk_freertos.dir/__/__/__/third_party/nxp/rt1176-sdk/devices/MIMXRT1176/utilities/debug_console/fsl_debug_console.c.obj
[  8%] Building C object libs/nxp/rt1176-sdk/CMakeFiles/libs_nxp_rt1176-sdk_freertos.dir/__/__/__/third_party/nxp/rt1176-sdk/devices/MIMXRT1176/utilities/str/fsl_str.c.obj
[  8%] Building C object libs/nxp/rt1176-sdk/CMakeFiles/libs_nxp_rt1176-sdk_freertos.dir/__/__/__/third_party/nxp/rt1176-sdk/middleware/usb/device/usb_device_dci.c.obj
[  8%] Building C object libs/nxp/rt1176-sdk/CMakeFiles/libs_nxp_rt1176-sdk_freertos.dir/__/__/__/third_party/nxp/rt1176-sdk/middleware/usb/device/usb_device_ehci.c.obj
[  8%] Building C object libs/nxp/rt1176-sdk/CMakeFiles/libs_nxp_rt1176-sdk_freertos.dir/__/__/__/third_party/nxp/rt1176-sdk/middleware/usb/host/class/usb_host_dfu.c.obj
[  8%] Building C object libs/nxp/rt1176-sdk/CMakeFiles/libs_nxp_rt1176-sdk_freertos.dir/__/__/__/third_party/nxp/rt1176-sdk/middleware/usb/host/class/usb_host_hub.c.obj
[  8%] Building C object libs/nxp/rt1176-sdk/CMakeFiles/libs_nxp_rt1176-sdk_freertos.dir/__/__/__/third_party/nxp/rt1176-sdk/middleware/usb/host/class/usb_host_hub_app.c.obj
[  8%] Building C object libs/nxp/rt1176-sdk/CMakeFiles/libs_nxp_rt1176-sdk_freertos.dir/__/__/__/third_party/nxp/rt1176-sdk/middleware/usb/host/usb_host_devices.c.obj
[ 10%] Building C object libs/nxp/rt1176-sdk/CMakeFiles/libs_nxp_rt1176-sdk_freertos.dir/__/__/__/third_party/nxp/rt1176-sdk/middleware/usb/host/usb_host_ehci.c.obj
[ 10%] Building C object libs/nxp/rt1176-sdk/CMakeFiles/libs_nxp_rt1176-sdk_freertos.dir/__/__/__/third_party/nxp/rt1176-sdk/middleware/usb/host/usb_host_framework.c.obj
[ 10%] Building C object libs/nxp/rt1176-sdk/CMakeFiles/libs_nxp_rt1176-sdk_freertos.dir/__/__/__/third_party/nxp/rt1176-sdk/middleware/usb/host/usb_host_hci.c.obj
/home/bogdan/work/coralmicro/third_party/nxp/rt1176-sdk/middleware/usb/host/usb_host_hci.c:30:2: warning: #warning USB_HOST_CONFIG_BUFFER_PROPERTY_CACHEABLE is not supported. [-Wcpp]
   30 | #warning USB_HOST_CONFIG_BUFFER_PROPERTY_CACHEABLE is not supported.
      |  ^~~~~~~
[ 10%] Building C object libs/nxp/rt1176-sdk/CMakeFiles/libs_nxp_rt1176-sdk_freertos.dir/__/__/__/third_party/modified/nxp/rt1176-sdk/usb_device_cdc_acm.c.obj
[ 10%] Building C object libs/nxp/rt1176-sdk/CMakeFiles/libs_nxp_rt1176-sdk_freertos.dir/__/__/__/third_party/nxp/rt1176-sdk/middleware/usb/output/source/device/class/usb_device_hid.c.obj
[ 10%] Building C object libs/nxp/rt1176-sdk/CMakeFiles/libs_nxp_rt1176-sdk_freertos.dir/__/__/__/third_party/nxp/rt1176-sdk/middleware/usb/output/source/device/usb_device_ch9.c.obj
[ 10%] Building C object libs/nxp/rt1176-sdk/CMakeFiles/libs_nxp_rt1176-sdk_freertos.dir/__/__/__/third_party/nxp/rt1176-sdk/middleware/usb/phy/usb_phy.c.obj
[ 10%] Building C object libs/nxp/rt1176-sdk/CMakeFiles/libs_nxp_rt1176-sdk_freertos.dir/__/__/__/third_party/nxp/rt1176-sdk/devices/MIMXRT1176/drivers/fsl_mipi_csi2rx.c.obj
[ 10%] Building C object libs/nxp/rt1176-sdk/CMakeFiles/libs_nxp_rt1176-sdk_freertos.dir/__/__/__/third_party/nxp/rt1176-sdk/devices/MIMXRT1176/drivers/fsl_soc_mipi_csi2rx.c.obj
[ 10%] Building C object libs/nxp/rt1176-sdk/CMakeFiles/libs_nxp_rt1176-sdk_freertos.dir/__/__/__/third_party/nxp/rt1176-sdk/components/video/camera/device/ov5640/fsl_ov5640.c.obj
[ 10%] Building C object libs/nxp/rt1176-sdk/CMakeFiles/libs_nxp_rt1176-sdk_freertos.dir/__/__/__/third_party/nxp/rt1176-sdk/components/video/camera/device/sccb/fsl_sccb.c.obj
[ 10%] Building C object libs/nxp/rt1176-sdk/CMakeFiles/libs_nxp_rt1176-sdk_freertos.dir/__/__/__/third_party/nxp/rt1176-sdk/components/video/fsl_video_common.c.obj
[ 10%] Building C object libs/nxp/rt1176-sdk/CMakeFiles/libs_nxp_rt1176-sdk_freertos.dir/__/__/__/third_party/nxp/rt1176-sdk/components/video/camera/receiver/csi/fsl_csi_camera_adapter.c.obj
[ 10%] Built target libs_nxp_rt1176-sdk_freertos
[ 10%] Building CXX object libs/usb/CMakeFiles/libs_usb_host_task_freertos.dir/usb_host_task.cc.obj
[ 10%] Linking CXX static library liblibs_usb_host_task_freertos.a
[ 10%] Built target libs_usb_host_task_freertos
[ 10%] Incrementing build version...
-- Build #1530 at 2026-06-24 09:33:13
[ 10%] Built target increment_build_version
[ 10%] Building C object examples/sentai_runtime/CMakeFiles/libmicropython.dir/micropython_embed/py/argcheck.c.obj
[ 10%] Building C object examples/sentai_runtime/CMakeFiles/libmicropython.dir/micropython_embed/py/asmarm.c.obj
[ 10%] Building C object examples/sentai_runtime/CMakeFiles/libmicropython.dir/micropython_embed/py/asmbase.c.obj
[ 10%] Building C object examples/sentai_runtime/CMakeFiles/libmicropython.dir/micropython_embed/py/asmthumb.c.obj
[ 10%] Building C object examples/sentai_runtime/CMakeFiles/libmicropython.dir/micropython_embed/py/asmx64.c.obj
[ 10%] Building C object examples/sentai_runtime/CMakeFiles/libmicropython.dir/micropython_embed/py/asmx86.c.obj
[ 10%] Building C object examples/sentai_runtime/CMakeFiles/libmicropython.dir/micropython_embed/py/asmxtensa.c.obj
[ 10%] Building C object examples/sentai_runtime/CMakeFiles/libmicropython.dir/micropython_embed/py/bc.c.obj
[ 10%] Building C object examples/sentai_runtime/CMakeFiles/libmicropython.dir/micropython_embed/py/binary.c.obj
[ 10%] Building C object examples/sentai_runtime/CMakeFiles/libmicropython.dir/micropython_embed/py/builtinevex.c.obj
[ 10%] Building C object examples/sentai_runtime/CMakeFiles/libmicropython.dir/micropython_embed/py/builtinhelp.c.obj
[ 10%] Building C object examples/sentai_runtime/CMakeFiles/libmicropython.dir/micropython_embed/py/builtinimport.c.obj
[ 11%] Building C object examples/sentai_runtime/CMakeFiles/libmicropython.dir/micropython_embed/py/compile.c.obj
[ 11%] Building C object examples/sentai_runtime/CMakeFiles/libmicropython.dir/micropython_embed/py/emitbc.c.obj
[ 11%] Building C object examples/sentai_runtime/CMakeFiles/libmicropython.dir/micropython_embed/py/emitcommon.c.obj
[ 11%] Building C object examples/sentai_runtime/CMakeFiles/libmicropython.dir/micropython_embed/py/emitglue.c.obj
[ 11%] Building C object examples/sentai_runtime/CMakeFiles/libmicropython.dir/micropython_embed/py/emitinlinethumb.c.obj
[ 11%] Building C object examples/sentai_runtime/CMakeFiles/libmicropython.dir/micropython_embed/py/emitinlinextensa.c.obj
[ 11%] Building C object examples/sentai_runtime/CMakeFiles/libmicropython.dir/micropython_embed/py/emitnarm.c.obj
[ 11%] Building C object examples/sentai_runtime/CMakeFiles/libmicropython.dir/micropython_embed/py/emitnative.c.obj
[ 11%] Building C object examples/sentai_runtime/CMakeFiles/libmicropython.dir/micropython_embed/py/emitnthumb.c.obj
[ 11%] Building C object examples/sentai_runtime/CMakeFiles/libmicropython.dir/micropython_embed/py/emitnx64.c.obj
[ 11%] Building C object examples/sentai_runtime/CMakeFiles/libmicropython.dir/micropython_embed/py/emitnx86.c.obj
[ 11%] Building C object examples/sentai_runtime/CMakeFiles/libmicropython.dir/micropython_embed/py/emitnxtensa.c.obj
[ 11%] Building C object examples/sentai_runtime/CMakeFiles/libmicropython.dir/micropython_embed/py/emitnxtensawin.c.obj
[ 11%] Building C object examples/sentai_runtime/CMakeFiles/libmicropython.dir/micropython_embed/py/formatfloat.c.obj
[ 11%] Building C object examples/sentai_runtime/CMakeFiles/libmicropython.dir/micropython_embed/py/frozenmod.c.obj
[ 11%] Building C object examples/sentai_runtime/CMakeFiles/libmicropython.dir/micropython_embed/py/gc.c.obj
[ 11%] Building C object examples/sentai_runtime/CMakeFiles/libmicropython.dir/micropython_embed/py/lexer.c.obj
[ 11%] Building C object examples/sentai_runtime/CMakeFiles/libmicropython.dir/micropython_embed/py/malloc.c.obj
[ 11%] Building C object examples/sentai_runtime/CMakeFiles/libmicropython.dir/micropython_embed/py/map.c.obj
[ 13%] Building C object examples/sentai_runtime/CMakeFiles/libmicropython.dir/micropython_embed/py/modarray.c.obj
[ 13%] Building C object examples/sentai_runtime/CMakeFiles/libmicropython.dir/micropython_embed/py/modbuiltins.c.obj
[ 13%] Building C object examples/sentai_runtime/CMakeFiles/libmicropython.dir/micropython_embed/py/modcmath.c.obj
[ 13%] Building C object examples/sentai_runtime/CMakeFiles/libmicropython.dir/micropython_embed/py/modcollections.c.obj
[ 13%] Building C object examples/sentai_runtime/CMakeFiles/libmicropython.dir/micropython_embed/py/moderrno.c.obj
[ 13%] Building C object examples/sentai_runtime/CMakeFiles/libmicropython.dir/micropython_embed/py/modgc.c.obj
[ 13%] Building C object examples/sentai_runtime/CMakeFiles/libmicropython.dir/micropython_embed/py/modio.c.obj
[ 13%] Building C object examples/sentai_runtime/CMakeFiles/libmicropython.dir/micropython_embed/py/modmath.c.obj
[ 13%] Building C object examples/sentai_runtime/CMakeFiles/libmicropython.dir/micropython_embed/py/modmicropython.c.obj
[ 13%] Building C object examples/sentai_runtime/CMakeFiles/libmicropython.dir/micropython_embed/py/modstruct.c.obj
[ 13%] Building C object examples/sentai_runtime/CMakeFiles/libmicropython.dir/micropython_embed/py/modsys.c.obj
[ 13%] Building C object examples/sentai_runtime/CMakeFiles/libmicropython.dir/micropython_embed/py/modthread.c.obj
[ 13%] Building C object examples/sentai_runtime/CMakeFiles/libmicropython.dir/micropython_embed/py/mpprint.c.obj
[ 13%] Building C object examples/sentai_runtime/CMakeFiles/libmicropython.dir/micropython_embed/py/mpstate.c.obj
[ 13%] Building C object examples/sentai_runtime/CMakeFiles/libmicropython.dir/micropython_embed/py/mpz.c.obj
[ 13%] Building C object examples/sentai_runtime/CMakeFiles/libmicropython.dir/micropython_embed/py/nativeglue.c.obj
[ 13%] Building C object examples/sentai_runtime/CMakeFiles/libmicropython.dir/micropython_embed/py/nlr.c.obj
[ 13%] Building C object examples/sentai_runtime/CMakeFiles/libmicropython.dir/micropython_embed/py/nlraarch64.c.obj
[ 14%] Building C object examples/sentai_runtime/CMakeFiles/libmicropython.dir/micropython_embed/py/nlrmips.c.obj
[ 14%] Building C object examples/sentai_runtime/CMakeFiles/libmicropython.dir/micropython_embed/py/nlrpowerpc.c.obj
[ 14%] Building C object examples/sentai_runtime/CMakeFiles/libmicropython.dir/micropython_embed/py/nlrsetjmp.c.obj
[ 14%] Building C object examples/sentai_runtime/CMakeFiles/libmicropython.dir/micropython_embed/py/nlrthumb.c.obj
[ 14%] Building C object examples/sentai_runtime/CMakeFiles/libmicropython.dir/micropython_embed/py/nlrx64.c.obj
[ 14%] Building C object examples/sentai_runtime/CMakeFiles/libmicropython.dir/micropython_embed/py/nlrx86.c.obj
[ 14%] Building C object examples/sentai_runtime/CMakeFiles/libmicropython.dir/micropython_embed/py/nlrxtensa.c.obj
[ 14%] Building C object examples/sentai_runtime/CMakeFiles/libmicropython.dir/micropython_embed/py/obj.c.obj
[ 14%] Building C object examples/sentai_runtime/CMakeFiles/libmicropython.dir/micropython_embed/py/objarray.c.obj
[ 14%] Building C object examples/sentai_runtime/CMakeFiles/libmicropython.dir/micropython_embed/py/objattrtuple.c.obj
[ 14%] Building C object examples/sentai_runtime/CMakeFiles/libmicropython.dir/micropython_embed/py/objbool.c.obj
[ 14%] Building C object examples/sentai_runtime/CMakeFiles/libmicropython.dir/micropython_embed/py/objboundmeth.c.obj
[ 14%] Building C object examples/sentai_runtime/CMakeFiles/libmicropython.dir/micropython_embed/py/objcell.c.obj
[ 14%] Building C object examples/sentai_runtime/CMakeFiles/libmicropython.dir/micropython_embed/py/objclosure.c.obj
[ 14%] Building C object examples/sentai_runtime/CMakeFiles/libmicropython.dir/micropython_embed/py/objcomplex.c.obj
[ 14%] Building C object examples/sentai_runtime/CMakeFiles/libmicropython.dir/micropython_embed/py/objdeque.c.obj
[ 14%] Building C object examples/sentai_runtime/CMakeFiles/libmicropython.dir/micropython_embed/py/objdict.c.obj
[ 14%] Building C object examples/sentai_runtime/CMakeFiles/libmicropython.dir/micropython_embed/py/objenumerate.c.obj
[ 14%] Building C object examples/sentai_runtime/CMakeFiles/libmicropython.dir/micropython_embed/py/objexcept.c.obj
[ 15%] Building C object examples/sentai_runtime/CMakeFiles/libmicropython.dir/micropython_embed/py/objfilter.c.obj
[ 15%] Building C object examples/sentai_runtime/CMakeFiles/libmicropython.dir/micropython_embed/py/objfloat.c.obj
[ 15%] Building C object examples/sentai_runtime/CMakeFiles/libmicropython.dir/micropython_embed/py/objfun.c.obj
[ 15%] Building C object examples/sentai_runtime/CMakeFiles/libmicropython.dir/micropython_embed/py/objgenerator.c.obj
[ 15%] Building C object examples/sentai_runtime/CMakeFiles/libmicropython.dir/micropython_embed/py/objgetitemiter.c.obj
[ 15%] Building C object examples/sentai_runtime/CMakeFiles/libmicropython.dir/micropython_embed/py/objint.c.obj
[ 15%] Building C object examples/sentai_runtime/CMakeFiles/libmicropython.dir/micropython_embed/py/objint_longlong.c.obj
[ 15%] Building C object examples/sentai_runtime/CMakeFiles/libmicropython.dir/micropython_embed/py/objint_mpz.c.obj
[ 15%] Building C object examples/sentai_runtime/CMakeFiles/libmicropython.dir/micropython_embed/py/objlist.c.obj
[ 15%] Building C object examples/sentai_runtime/CMakeFiles/libmicropython.dir/micropython_embed/py/objmap.c.obj
[ 15%] Building C object examples/sentai_runtime/CMakeFiles/libmicropython.dir/micropython_embed/py/objmodule.c.obj
[ 15%] Building C object examples/sentai_runtime/CMakeFiles/libmicropython.dir/micropython_embed/py/objnamedtuple.c.obj
[ 15%] Building C object examples/sentai_runtime/CMakeFiles/libmicropython.dir/micropython_embed/py/objnone.c.obj
[ 15%] Building C object examples/sentai_runtime/CMakeFiles/libmicropython.dir/micropython_embed/py/objobject.c.obj
[ 15%] Building C object examples/sentai_runtime/CMakeFiles/libmicropython.dir/micropython_embed/py/objpolyiter.c.obj
[ 15%] Building C object examples/sentai_runtime/CMakeFiles/libmicropython.dir/micropython_embed/py/objproperty.c.obj
[ 15%] Building C object examples/sentai_runtime/CMakeFiles/libmicropython.dir/micropython_embed/py/objrange.c.obj
[ 15%] Building C object examples/sentai_runtime/CMakeFiles/libmicropython.dir/micropython_embed/py/objreversed.c.obj
[ 17%] Building C object examples/sentai_runtime/CMakeFiles/libmicropython.dir/micropython_embed/py/objset.c.obj
[ 17%] Building C object examples/sentai_runtime/CMakeFiles/libmicropython.dir/micropython_embed/py/objsingleton.c.obj
[ 17%] Building C object examples/sentai_runtime/CMakeFiles/libmicropython.dir/micropython_embed/py/objslice.c.obj
[ 17%] Building C object examples/sentai_runtime/CMakeFiles/libmicropython.dir/micropython_embed/py/objstr.c.obj
[ 17%] Building C object examples/sentai_runtime/CMakeFiles/libmicropython.dir/micropython_embed/py/objstringio.c.obj
[ 17%] Building C object examples/sentai_runtime/CMakeFiles/libmicropython.dir/micropython_embed/py/objstrunicode.c.obj
[ 17%] Building C object examples/sentai_runtime/CMakeFiles/libmicropython.dir/micropython_embed/py/objtuple.c.obj
[ 17%] Building C object examples/sentai_runtime/CMakeFiles/libmicropython.dir/micropython_embed/py/objtype.c.obj
[ 17%] Building C object examples/sentai_runtime/CMakeFiles/libmicropython.dir/micropython_embed/py/objzip.c.obj
[ 17%] Building C object examples/sentai_runtime/CMakeFiles/libmicropython.dir/micropython_embed/py/opmethods.c.obj
[ 17%] Building C object examples/sentai_runtime/CMakeFiles/libmicropython.dir/micropython_embed/py/pairheap.c.obj
[ 17%] Building C object examples/sentai_runtime/CMakeFiles/libmicropython.dir/micropython_embed/py/parse.c.obj
[ 17%] Building C object examples/sentai_runtime/CMakeFiles/libmicropython.dir/micropython_embed/py/parsenum.c.obj
[ 17%] Building C object examples/sentai_runtime/CMakeFiles/libmicropython.dir/micropython_embed/py/parsenumbase.c.obj
[ 17%] Building C object examples/sentai_runtime/CMakeFiles/libmicropython.dir/micropython_embed/py/persistentcode.c.obj
[ 17%] Building C object examples/sentai_runtime/CMakeFiles/libmicropython.dir/micropython_embed/py/profile.c.obj
[ 17%] Building C object examples/sentai_runtime/CMakeFiles/libmicropython.dir/micropython_embed/py/pystack.c.obj
[ 17%] Building C object examples/sentai_runtime/CMakeFiles/libmicropython.dir/micropython_embed/py/qstr.c.obj
[ 18%] Building C object examples/sentai_runtime/CMakeFiles/libmicropython.dir/micropython_embed/py/reader.c.obj
[ 18%] Building C object examples/sentai_runtime/CMakeFiles/libmicropython.dir/micropython_embed/py/repl.c.obj
[ 18%] Building C object examples/sentai_runtime/CMakeFiles/libmicropython.dir/micropython_embed/py/ringbuf.c.obj
[ 18%] Building C object examples/sentai_runtime/CMakeFiles/libmicropython.dir/micropython_embed/py/runtime.c.obj
[ 18%] Building C object examples/sentai_runtime/CMakeFiles/libmicropython.dir/micropython_embed/py/runtime_utils.c.obj
[ 18%] Building C object examples/sentai_runtime/CMakeFiles/libmicropython.dir/micropython_embed/py/scheduler.c.obj
[ 18%] Building C object examples/sentai_runtime/CMakeFiles/libmicropython.dir/micropython_embed/py/scope.c.obj
[ 18%] Building C object examples/sentai_runtime/CMakeFiles/libmicropython.dir/micropython_embed/py/sequence.c.obj
[ 18%] Building C object examples/sentai_runtime/CMakeFiles/libmicropython.dir/micropython_embed/py/showbc.c.obj
[ 18%] Building C object examples/sentai_runtime/CMakeFiles/libmicropython.dir/micropython_embed/py/smallint.c.obj
[ 18%] Building C object examples/sentai_runtime/CMakeFiles/libmicropython.dir/micropython_embed/py/stackctrl.c.obj
[ 18%] Building C object examples/sentai_runtime/CMakeFiles/libmicropython.dir/micropython_embed/py/stream.c.obj
[ 18%] Building C object examples/sentai_runtime/CMakeFiles/libmicropython.dir/micropython_embed/py/unicode.c.obj
[ 18%] Building C object examples/sentai_runtime/CMakeFiles/libmicropython.dir/micropython_embed/py/vm.c.obj
[ 18%] Building C object examples/sentai_runtime/CMakeFiles/libmicropython.dir/micropython_embed/py/vstr.c.obj
[ 18%] Building C object examples/sentai_runtime/CMakeFiles/libmicropython.dir/micropython_embed/py/warning.c.obj
[ 18%] Building C object examples/sentai_runtime/CMakeFiles/libmicropython.dir/micropython_embed/port/embed_util.c.obj
[ 18%] Building C object examples/sentai_runtime/CMakeFiles/libmicropython.dir/micropython_embed/port/mphalport.c.obj
[ 18%] Building C object examples/sentai_runtime/CMakeFiles/libmicropython.dir/micropython_embed/shared/runtime/gchelper_generic.c.obj
[ 20%] Building C object examples/sentai_runtime/CMakeFiles/libmicropython.dir/modsentai.c.obj
In file included from /home/bogdan/work/coralmicro/examples/sentai_runtime/modsentai.c:334:
/home/bogdan/work/coralmicro/examples/sentai_runtime/bindings/modsentai_crazy.c: In function 'mod_sentai_crazy_hl_stop':
/home/bogdan/work/coralmicro/examples/sentai_runtime/bindings/modsentai_crazy.c:100:27: warning: implicit declaration of function 'sentai_crazy_hl_stop'; did you mean 'sentai_crazy_fly_stop'? [-Wimplicit-function-declaration]
  100 |     return mp_obj_new_int(sentai_crazy_hl_stop(group));
      |                           ^~~~~~~~~~~~~~~~~~~~
      |                           sentai_crazy_fly_stop
/home/bogdan/work/coralmicro/examples/sentai_runtime/bindings/modsentai_crazy.c: In function 'mod_sentai_crazy_attitude_release_no_disarm':
/home/bogdan/work/coralmicro/examples/sentai_runtime/bindings/modsentai_crazy.c:199:27: warning: implicit declaration of function 'sentai_crazy_attitude_release_no_disarm'; did you mean 'mod_sentai_crazy_attitude_release_no_disarm'? [-Wimplicit-function-declaration]
  199 |     return mp_obj_new_int(sentai_crazy_attitude_release_no_disarm());
      |                           ^~~~~~~~~~~~~~~~~~~~~~~~~~~~~~~~~~~~~~~
      |                           mod_sentai_crazy_attitude_release_no_disarm
[ 20%] Building C object examples/sentai_runtime/CMakeFiles/libmicropython.dir/micropython_task.c.obj
[ 20%] Building C object examples/sentai_runtime/CMakeFiles/libmicropython.dir/mp_port_import.c.obj
[ 20%] Building C object examples/sentai_runtime/CMakeFiles/libmicropython.dir/mp_embed_safe.c.obj
[ 20%] Linking C static library liblibmicropython.a
[ 20%] Built target libmicropython
[ 20%] Building C object examples/sentai_runtime/CMakeFiles/nanopb.dir/__/__/third_party/nanopb/pb_common.c.obj
[ 20%] Building C object examples/sentai_runtime/CMakeFiles/nanopb.dir/__/__/third_party/nanopb/pb_encode.c.obj
[ 20%] Building C object examples/sentai_runtime/CMakeFiles/nanopb.dir/__/__/third_party/nanopb/pb_decode.c.obj
[ 20%] Linking C static library libnanopb.a
[ 20%] Built target nanopb
[ 20%] Building C object examples/sentai_runtime/CMakeFiles/shine.dir/__/__/third_party/shine/src/lib/bitstream.c.obj
[ 20%] Building C object examples/sentai_runtime/CMakeFiles/shine.dir/__/__/third_party/shine/src/lib/huffman.c.obj
[ 20%] Building C object examples/sentai_runtime/CMakeFiles/shine.dir/__/__/third_party/shine/src/lib/l3bitstream.c.obj
[ 20%] Building C object examples/sentai_runtime/CMakeFiles/shine.dir/__/__/third_party/shine/src/lib/l3loop.c.obj
[ 20%] Building C object examples/sentai_runtime/CMakeFiles/shine.dir/__/__/third_party/shine/src/lib/l3mdct.c.obj
[ 20%] Building C object examples/sentai_runtime/CMakeFiles/shine.dir/__/__/third_party/shine/src/lib/l3subband.c.obj
[ 20%] Building C object examples/sentai_runtime/CMakeFiles/shine.dir/__/__/third_party/shine/src/lib/layer3.c.obj
[ 20%] Building C object examples/sentai_runtime/CMakeFiles/shine.dir/__/__/third_party/shine/src/lib/reservoir.c.obj
[ 20%] Building C object examples/sentai_runtime/CMakeFiles/shine.dir/__/__/third_party/shine/src/lib/tables.c.obj
[ 21%] Linking C static library libshine.a
[ 21%] Built target shine
[ 21%] Building C object examples/sentai_runtime/CMakeFiles/meshtastic_pb.dir/generated/meshtastic/mesh.pb.c.obj
[ 21%] Building C object examples/sentai_runtime/CMakeFiles/meshtastic_pb.dir/generated/meshtastic/portnums.pb.c.obj
[ 23%] Building C object examples/sentai_runtime/CMakeFiles/meshtastic_pb.dir/generated/meshtastic/channel.pb.c.obj
[ 23%] Building C object examples/sentai_runtime/CMakeFiles/meshtastic_pb.dir/generated/meshtastic/config.pb.c.obj
[ 23%] Building C object examples/sentai_runtime/CMakeFiles/meshtastic_pb.dir/generated/meshtastic/module_config.pb.c.obj
[ 23%] Building C object examples/sentai_runtime/CMakeFiles/meshtastic_pb.dir/generated/meshtastic/telemetry.pb.c.obj
[ 23%] Building C object examples/sentai_runtime/CMakeFiles/meshtastic_pb.dir/generated/meshtastic/xmodem.pb.c.obj
[ 23%] Building C object examples/sentai_runtime/CMakeFiles/meshtastic_pb.dir/generated/meshtastic/device_ui.pb.c.obj
[ 23%] Building C object examples/sentai_runtime/CMakeFiles/meshtastic_pb.dir/generated/meshtastic/atak.pb.c.obj
[ 23%] Building C object examples/sentai_runtime/CMakeFiles/meshtastic_pb.dir/generated/visionmesh.pb.c.obj
[ 23%] Linking C static library libmeshtastic_pb.a
[ 23%] Built target meshtastic_pb
[ 23%] Building C object examples/sentai_runtime/CMakeFiles/libh3_arm.dir/__/__/third_party/h3/src/h3lib/lib/algos.c.obj
[ 23%] Building C object examples/sentai_runtime/CMakeFiles/libh3_arm.dir/__/__/third_party/h3/src/h3lib/lib/area.c.obj
[ 23%] Building C object examples/sentai_runtime/CMakeFiles/libh3_arm.dir/__/__/third_party/h3/src/h3lib/lib/baseCells.c.obj
[ 23%] Building C object examples/sentai_runtime/CMakeFiles/libh3_arm.dir/__/__/third_party/h3/src/h3lib/lib/bbox.c.obj
[ 23%] Building C object examples/sentai_runtime/CMakeFiles/libh3_arm.dir/__/__/third_party/h3/src/h3lib/lib/cellsToMultiPoly.c.obj
[ 23%] Building C object examples/sentai_runtime/CMakeFiles/libh3_arm.dir/__/__/third_party/h3/src/h3lib/lib/directedEdge.c.obj
[ 23%] Building C object examples/sentai_runtime/CMakeFiles/libh3_arm.dir/__/__/third_party/h3/src/h3lib/lib/faceijk.c.obj
[ 23%] Building C object examples/sentai_runtime/CMakeFiles/libh3_arm.dir/__/__/third_party/h3/src/h3lib/lib/h3Assert.c.obj
[ 23%] Building C object examples/sentai_runtime/CMakeFiles/libh3_arm.dir/__/__/third_party/h3/src/h3lib/lib/h3Index.c.obj
[ 23%] Building C object examples/sentai_runtime/CMakeFiles/libh3_arm.dir/__/__/third_party/h3/src/h3lib/lib/iterators.c.obj
[ 23%] Building C object examples/sentai_runtime/CMakeFiles/libh3_arm.dir/__/__/third_party/h3/src/h3lib/lib/latLng.c.obj
[ 23%] Building C object examples/sentai_runtime/CMakeFiles/libh3_arm.dir/__/__/third_party/h3/src/h3lib/lib/linkedGeo.c.obj
[ 23%] Building C object examples/sentai_runtime/CMakeFiles/libh3_arm.dir/__/__/third_party/h3/src/h3lib/lib/localij.c.obj
[ 24%] Building C object examples/sentai_runtime/CMakeFiles/libh3_arm.dir/__/__/third_party/h3/src/h3lib/lib/mathExtensions.c.obj
[ 24%] Building C object examples/sentai_runtime/CMakeFiles/libh3_arm.dir/__/__/third_party/h3/src/h3lib/lib/polyfill.c.obj
[ 24%] Building C object examples/sentai_runtime/CMakeFiles/libh3_arm.dir/__/__/third_party/h3/src/h3lib/lib/polygon.c.obj
[ 24%] Building C object examples/sentai_runtime/CMakeFiles/libh3_arm.dir/__/__/third_party/h3/src/h3lib/lib/vec2d.c.obj
[ 24%] Building C object examples/sentai_runtime/CMakeFiles/libh3_arm.dir/__/__/third_party/h3/src/h3lib/lib/vertex.c.obj
[ 24%] Linking C static library liblibh3_arm.a
[ 24%] Built target libh3_arm
[ 24%] Building C object libs/FreeRTOS/CMakeFiles/libs_FreeRTOS-m4.dir/app_callbacks.c.obj
/home/bogdan/work/coralmicro/libs/FreeRTOS/app_callbacks.c: In function 'vApplicationMallocFailedHook':
/home/bogdan/work/coralmicro/libs/FreeRTOS/app_callbacks.c:43:3: warning: implicit declaration of function 'DbgConsole_Printf' [-Wimplicit-function-declaration]
   43 |   DbgConsole_Printf("malloc failed, spin...\r\n");
      |   ^~~~~~~~~~~~~~~~~
[ 24%] Building C object libs/FreeRTOS/CMakeFiles/libs_FreeRTOS-m4.dir/multicore.c.obj
[ 24%] Building C object libs/FreeRTOS/CMakeFiles/libs_FreeRTOS-m4.dir/__/__/third_party/freertos_kernel/event_groups.c.obj
[ 24%] Building C object libs/FreeRTOS/CMakeFiles/libs_FreeRTOS-m4.dir/__/__/third_party/freertos_kernel/list.c.obj
[ 24%] Building C object libs/FreeRTOS/CMakeFiles/libs_FreeRTOS-m4.dir/__/__/third_party/freertos_kernel/portable/GCC/ARM_CM4F/port.c.obj
[ 24%] Building C object libs/FreeRTOS/CMakeFiles/libs_FreeRTOS-m4.dir/__/__/third_party/freertos_kernel/queue.c.obj
[ 24%] Building C object libs/FreeRTOS/CMakeFiles/libs_FreeRTOS-m4.dir/__/__/third_party/freertos_kernel/stream_buffer.c.obj
[ 24%] Building C object libs/FreeRTOS/CMakeFiles/libs_FreeRTOS-m4.dir/__/__/third_party/freertos_kernel/tasks.c.obj
[ 24%] Building C object libs/FreeRTOS/CMakeFiles/libs_FreeRTOS-m4.dir/__/__/third_party/freertos_kernel/timers.c.obj
[ 26%] Building C object libs/FreeRTOS/CMakeFiles/libs_FreeRTOS-m4.dir/__/__/third_party/FreeRTOS_helpers/heap_useNewlib_NXP.c.obj
/home/bogdan/work/coralmicro/third_party/FreeRTOS_helpers/heap_useNewlib_NXP.c:68:4: warning: #warning "This wrapper was verified for newlib versions 2.5 - 3.1; please ensure newlib's external requirements for malloc-family are unchanged!" [-Wcpp]
   68 |   #warning "This wrapper was verified for newlib versions 2.5 - 3.1; please ensure newlib's external requirements for malloc-family are unchanged!"
      |    ^~~~~~~
[ 26%] Built target libs_FreeRTOS-m4
[ 26%] Building C object libs/CMSIS/CMakeFiles/libs_CMSIS-m4.dir/__/__/third_party/CMSIS/CMSIS/NN/Source/ActivationFunctions/arm_relu6_s8.c.obj
[ 26%] Building C object libs/CMSIS/CMakeFiles/libs_CMSIS-m4.dir/__/__/third_party/CMSIS/CMSIS/NN/Source/BasicMathFunctions/arm_elementwise_add_s8.c.obj
[ 26%] Building C object libs/CMSIS/CMakeFiles/libs_CMSIS-m4.dir/__/__/third_party/CMSIS/CMSIS/NN/Source/BasicMathFunctions/arm_elementwise_mul_s8.c.obj
[ 26%] Building C object libs/CMSIS/CMakeFiles/libs_CMSIS-m4.dir/__/__/third_party/CMSIS/CMSIS/NN/Source/ConcatenationFunctions/arm_concatenation_s8_w.c.obj
[ 26%] Building C object libs/CMSIS/CMakeFiles/libs_CMSIS-m4.dir/__/__/third_party/CMSIS/CMSIS/NN/Source/ConcatenationFunctions/arm_concatenation_s8_x.c.obj
[ 26%] Building C object libs/CMSIS/CMakeFiles/libs_CMSIS-m4.dir/__/__/third_party/CMSIS/CMSIS/NN/Source/ConcatenationFunctions/arm_concatenation_s8_y.c.obj
[ 26%] Building C object libs/CMSIS/CMakeFiles/libs_CMSIS-m4.dir/__/__/third_party/CMSIS/CMSIS/NN/Source/ConcatenationFunctions/arm_concatenation_s8_z.c.obj
[ 26%] Building C object libs/CMSIS/CMakeFiles/libs_CMSIS-m4.dir/__/__/third_party/CMSIS/CMSIS/NN/Source/ConvolutionFunctions/arm_convolve_1_x_n_s8.c.obj
[ 26%] Building C object libs/CMSIS/CMakeFiles/libs_CMSIS-m4.dir/__/__/third_party/CMSIS/CMSIS/NN/Source/ConvolutionFunctions/arm_convolve_1x1_s8_fast.c.obj
[ 26%] Building C object libs/CMSIS/CMakeFiles/libs_CMSIS-m4.dir/__/__/third_party/CMSIS/CMSIS/NN/Source/ConvolutionFunctions/arm_convolve_s8.c.obj
[ 26%] Building C object libs/CMSIS/CMakeFiles/libs_CMSIS-m4.dir/__/__/third_party/CMSIS/CMSIS/NN/Source/ConvolutionFunctions/arm_convolve_wrapper_s8.c.obj
[ 26%] Building C object libs/CMSIS/CMakeFiles/libs_CMSIS-m4.dir/__/__/third_party/CMSIS/CMSIS/NN/Source/ConvolutionFunctions/arm_depthwise_conv_3x3_s8.c.obj
[ 26%] Building C object libs/CMSIS/CMakeFiles/libs_CMSIS-m4.dir/__/__/third_party/CMSIS/CMSIS/NN/Source/ConvolutionFunctions/arm_depthwise_conv_s8.c.obj
[ 27%] Building C object libs/CMSIS/CMakeFiles/libs_CMSIS-m4.dir/__/__/third_party/CMSIS/CMSIS/NN/Source/ConvolutionFunctions/arm_depthwise_conv_s8_opt.c.obj
[ 27%] Building C object libs/CMSIS/CMakeFiles/libs_CMSIS-m4.dir/__/__/third_party/CMSIS/CMSIS/NN/Source/ConvolutionFunctions/arm_depthwise_conv_wrapper_s8.c.obj
[ 27%] Building C object libs/CMSIS/CMakeFiles/libs_CMSIS-m4.dir/__/__/third_party/CMSIS/CMSIS/NN/Source/ConvolutionFunctions/arm_nn_depthwise_conv_s8_core.c.obj
[ 27%] Building C object libs/CMSIS/CMakeFiles/libs_CMSIS-m4.dir/__/__/third_party/CMSIS/CMSIS/NN/Source/ConvolutionFunctions/arm_nn_mat_mult_kernel_s8_s16.c.obj
[ 27%] Building C object libs/CMSIS/CMakeFiles/libs_CMSIS-m4.dir/__/__/third_party/CMSIS/CMSIS/NN/Source/ConvolutionFunctions/arm_nn_mat_mult_s8.c.obj
[ 27%] Building C object libs/CMSIS/CMakeFiles/libs_CMSIS-m4.dir/__/__/third_party/CMSIS/CMSIS/NN/Source/FullyConnectedFunctions/arm_fully_connected_s8.c.obj
[ 27%] Building C object libs/CMSIS/CMakeFiles/libs_CMSIS-m4.dir/__/__/third_party/CMSIS/CMSIS/NN/Source/NNSupportFunctions/arm_nn_depthwise_conv_nt_t_padded_s8.c.obj
[ 27%] Building C object libs/CMSIS/CMakeFiles/libs_CMSIS-m4.dir/__/__/third_party/CMSIS/CMSIS/NN/Source/NNSupportFunctions/arm_nn_depthwise_conv_nt_t_s8.c.obj
[ 27%] Building C object libs/CMSIS/CMakeFiles/libs_CMSIS-m4.dir/__/__/third_party/CMSIS/CMSIS/NN/Source/NNSupportFunctions/arm_nn_mat_mul_core_1x_s8.c.obj
[ 27%] Building C object libs/CMSIS/CMakeFiles/libs_CMSIS-m4.dir/__/__/third_party/CMSIS/CMSIS/NN/Source/NNSupportFunctions/arm_nn_mat_mul_core_4x_s8.c.obj
[ 27%] Building C object libs/CMSIS/CMakeFiles/libs_CMSIS-m4.dir/__/__/third_party/CMSIS/CMSIS/NN/Source/NNSupportFunctions/arm_nn_mat_mult_nt_t_s8.c.obj
[ 27%] Building C object libs/CMSIS/CMakeFiles/libs_CMSIS-m4.dir/__/__/third_party/CMSIS/CMSIS/NN/Source/NNSupportFunctions/arm_nn_vec_mat_mult_t_s8.c.obj
[ 27%] Building C object libs/CMSIS/CMakeFiles/libs_CMSIS-m4.dir/__/__/third_party/CMSIS/CMSIS/NN/Source/NNSupportFunctions/arm_nn_vec_mat_mult_t_svdf_s8.c.obj
[ 27%] Building C object libs/CMSIS/CMakeFiles/libs_CMSIS-m4.dir/__/__/third_party/CMSIS/CMSIS/NN/Source/NNSupportFunctions/arm_q7_to_q15_with_offset.c.obj
[ 27%] Building C object libs/CMSIS/CMakeFiles/libs_CMSIS-m4.dir/__/__/third_party/CMSIS/CMSIS/NN/Source/PoolingFunctions/arm_avgpool_s8.c.obj
[ 27%] Building C object libs/CMSIS/CMakeFiles/libs_CMSIS-m4.dir/__/__/third_party/CMSIS/CMSIS/NN/Source/PoolingFunctions/arm_max_pool_s8.c.obj
[ 27%] Building C object libs/CMSIS/CMakeFiles/libs_CMSIS-m4.dir/__/__/third_party/CMSIS/CMSIS/NN/Source/ReshapeFunctions/arm_reshape_s8.c.obj
[ 27%] Building C object libs/CMSIS/CMakeFiles/libs_CMSIS-m4.dir/__/__/third_party/CMSIS/CMSIS/NN/Source/SVDFunctions/arm_svdf_s8.c.obj
[ 27%] Building C object libs/CMSIS/CMakeFiles/libs_CMSIS-m4.dir/__/__/third_party/CMSIS/CMSIS/NN/Source/SoftmaxFunctions/arm_nn_softmax_common_s8.c.obj
[ 28%] Building C object libs/CMSIS/CMakeFiles/libs_CMSIS-m4.dir/__/__/third_party/CMSIS/CMSIS/NN/Source/SoftmaxFunctions/arm_softmax_s8.c.obj
[ 28%] Building C object libs/CMSIS/CMakeFiles/libs_CMSIS-m4.dir/__/__/third_party/CMSIS/CMSIS/NN/Source/ConvolutionFunctions/arm_convolve_fast_s16.c.obj
[ 28%] Building C object libs/CMSIS/CMakeFiles/libs_CMSIS-m4.dir/__/__/third_party/CMSIS/CMSIS/NN/Source/ConvolutionFunctions/arm_convolve_s16.c.obj
[ 28%] Building C object libs/CMSIS/CMakeFiles/libs_CMSIS-m4.dir/__/__/third_party/CMSIS/CMSIS/NN/Source/ConvolutionFunctions/arm_convolve_wrapper_s16.c.obj
[ 28%] Building C object libs/CMSIS/CMakeFiles/libs_CMSIS-m4.dir/__/__/third_party/CMSIS/CMSIS/NN/Source/ConvolutionFunctions/arm_depthwise_conv_s16.c.obj
[ 28%] Building C object libs/CMSIS/CMakeFiles/libs_CMSIS-m4.dir/__/__/third_party/CMSIS/CMSIS/NN/Source/FullyConnectedFunctions/arm_fully_connected_s16.c.obj
[ 28%] Building C object libs/CMSIS/CMakeFiles/libs_CMSIS-m4.dir/__/__/third_party/CMSIS/CMSIS/NN/Source/NNSupportFunctions/arm_nn_mat_mul_kernel_s16.c.obj
[ 28%] Building C object libs/CMSIS/CMakeFiles/libs_CMSIS-m4.dir/__/__/third_party/CMSIS/CMSIS/NN/Source/NNSupportFunctions/arm_nn_vec_mat_mult_t_s16.c.obj
[ 28%] Building C object libs/CMSIS/CMakeFiles/libs_CMSIS-m4.dir/__/__/third_party/CMSIS/CMSIS/NN/Source/SVDFunctions/arm_svdf_state_s16_s8.c.obj
[ 28%] Building C object libs/CMSIS/CMakeFiles/libs_CMSIS-m4.dir/__/__/third_party/CMSIS/CMSIS/NN/Source/SoftmaxFunctions/arm_softmax_s16.c.obj
[ 28%] Building C object libs/CMSIS/CMakeFiles/libs_CMSIS-m4.dir/__/__/third_party/CMSIS/CMSIS/NN/Source/SoftmaxFunctions/arm_softmax_s8_s16.c.obj
[ 28%] Building C object libs/CMSIS/CMakeFiles/libs_CMSIS-m4.dir/__/__/third_party/CMSIS/CMSIS/DSP/Source/TransformFunctions/arm_cfft_f32.c.obj
[ 28%] Building C object libs/CMSIS/CMakeFiles/libs_CMSIS-m4.dir/__/__/third_party/CMSIS/CMSIS/DSP/Source/TransformFunctions/arm_cfft_init_f32.c.obj
[ 28%] Building C object libs/CMSIS/CMakeFiles/libs_CMSIS-m4.dir/__/__/third_party/CMSIS/CMSIS/DSP/Source/TransformFunctions/arm_cfft_radix2_f32.c.obj
[ 28%] Building C object libs/CMSIS/CMakeFiles/libs_CMSIS-m4.dir/__/__/third_party/CMSIS/CMSIS/DSP/Source/TransformFunctions/arm_cfft_radix4_f32.c.obj
[ 28%] Building C object libs/CMSIS/CMakeFiles/libs_CMSIS-m4.dir/__/__/third_party/CMSIS/CMSIS/DSP/Source/TransformFunctions/arm_cfft_radix8_f32.c.obj
[ 28%] Building C object libs/CMSIS/CMakeFiles/libs_CMSIS-m4.dir/__/__/third_party/CMSIS/CMSIS/DSP/Source/TransformFunctions/arm_bitreversal2.c.obj
[ 28%] Building C object libs/CMSIS/CMakeFiles/libs_CMSIS-m4.dir/__/__/third_party/CMSIS/CMSIS/DSP/Source/CommonTables/arm_common_tables.c.obj
[ 30%] Building C object libs/CMSIS/CMakeFiles/libs_CMSIS-m4.dir/__/__/third_party/CMSIS/CMSIS/DSP/Source/CommonTables/arm_const_structs.c.obj
[ 30%] Linking C static library liblibs_CMSIS-m4.a
[ 30%] Built target libs_CMSIS-m4
[ 30%] Building C object libs/nxp/rt1176-sdk/CMakeFiles/libs_nxp_rt1176-sdk_freertos-m4.dir/__/__/__/third_party/nxp/rt1176-sdk/components/osa/fsl_os_abstraction_free_rtos.c.obj
[ 30%] Building C object libs/nxp/rt1176-sdk/CMakeFiles/libs_nxp_rt1176-sdk_freertos-m4.dir/__/__/__/third_party/nxp/rt1176-sdk/devices/MIMXRT1176/drivers/fsl_lpi2c_freertos.c.obj
[ 30%] Building C object libs/nxp/rt1176-sdk/CMakeFiles/libs_nxp_rt1176-sdk_freertos-m4.dir/__/__/__/third_party/nxp/rt1176-sdk/devices/MIMXRT1176/drivers/fsl_lpspi_freertos.c.obj
[ 30%] Building C object libs/nxp/rt1176-sdk/CMakeFiles/libs_nxp_rt1176-sdk_freertos-m4.dir/__/__/__/third_party/nxp/rt1176-sdk/devices/MIMXRT1176/drivers/fsl_lpuart_freertos.c.obj
[ 30%] Building C object libs/nxp/rt1176-sdk/CMakeFiles/libs_nxp_rt1176-sdk_freertos-m4.dir/__/__/__/third_party/modified/nxp/rt1176-sdk/fsl_tickless_gpt.c.obj
[ 31%] Building C object libs/nxp/rt1176-sdk/CMakeFiles/libs_nxp_rt1176-sdk_freertos-m4.dir/__/__/__/third_party/nxp/rt1176-sdk/devices/MIMXRT1176/drivers/cm4/fsl_cache.c.obj
[ 31%] Building ASM object libs/nxp/rt1176-sdk/CMakeFiles/libs_nxp_rt1176-sdk_freertos-m4.dir/__/__/__/third_party/nxp/rt1176-sdk/devices/MIMXRT1176/gcc/startup_MIMXRT1176_cm4.S.obj
[ 31%] Building C object libs/nxp/rt1176-sdk/CMakeFiles/libs_nxp_rt1176-sdk_freertos-m4.dir/__/__/__/third_party/nxp/rt1176-sdk/devices/MIMXRT1176/system_MIMXRT1176_cm4.c.obj
[ 31%] Building C object libs/nxp/rt1176-sdk/CMakeFiles/libs_nxp_rt1176-sdk_freertos-m4.dir/board_hardware.c.obj
[ 31%] Building C object libs/nxp/rt1176-sdk/CMakeFiles/libs_nxp_rt1176-sdk_freertos-m4.dir/clock_config.c.obj
[ 31%] Building C object libs/nxp/rt1176-sdk/CMakeFiles/libs_nxp_rt1176-sdk_freertos-m4.dir/usb_device_cdc_eem.c.obj
[ 31%] Building C object libs/nxp/rt1176-sdk/CMakeFiles/libs_nxp_rt1176-sdk_freertos-m4.dir/__/__/__/third_party/nxp/rt1176-sdk/middleware/usb/output/source/device/class/usb_device_msc.c.obj
[ 31%] Building C object libs/nxp/rt1176-sdk/CMakeFiles/libs_nxp_rt1176-sdk_freertos-m4.dir/__/__/__/third_party/nxp/rt1176-sdk/middleware/usb/output/source/device/class/usb_device_msc_ufi.c.obj
[ 31%] Building C object libs/nxp/rt1176-sdk/CMakeFiles/libs_nxp_rt1176-sdk_freertos-m4.dir/__/__/__/third_party/modified/nxp/rt1176-sdk/board.c.obj
[ 31%] Building C object libs/nxp/rt1176-sdk/CMakeFiles/libs_nxp_rt1176-sdk_freertos-m4.dir/__/__/__/third_party/modified/nxp/rt1176-sdk/pin_mux.c.obj
[ 31%] Building C object libs/nxp/rt1176-sdk/CMakeFiles/libs_nxp_rt1176-sdk_freertos-m4.dir/__/__/__/third_party/modified/nxp/rt1176-sdk/usb_device_class.c.obj
[ 31%] Building C object libs/nxp/rt1176-sdk/CMakeFiles/libs_nxp_rt1176-sdk_freertos-m4.dir/__/__/__/third_party/nxp/rt1176-sdk/components/flash/nand/flexspi/fsl_flexspi_nand_flash.c.obj
[ 31%] Building C object libs/nxp/rt1176-sdk/CMakeFiles/libs_nxp_rt1176-sdk_freertos-m4.dir/__/__/__/third_party/nxp/rt1176-sdk/components/lists/fsl_component_generic_list.c.obj
[ 31%] Building C object libs/nxp/rt1176-sdk/CMakeFiles/libs_nxp_rt1176-sdk_freertos-m4.dir/__/__/__/third_party/nxp/rt1176-sdk/components/phy/device/phyrtl8211f/fsl_phyrtl8211f.c.obj
[ 31%] Building C object libs/nxp/rt1176-sdk/CMakeFiles/libs_nxp_rt1176-sdk_freertos-m4.dir/__/__/__/third_party/nxp/rt1176-sdk/components/phy/mdio/enet/fsl_enet_mdio.c.obj
[ 31%] Building C object libs/nxp/rt1176-sdk/CMakeFiles/libs_nxp_rt1176-sdk_freertos-m4.dir/__/__/__/third_party/nxp/rt1176-sdk/components/serial_manager/fsl_component_serial_manager.c.obj
[ 31%] Building C object libs/nxp/rt1176-sdk/CMakeFiles/libs_nxp_rt1176-sdk_freertos-m4.dir/__/__/__/third_party/nxp/rt1176-sdk/components/serial_manager/fsl_component_serial_port_uart.c.obj
[ 31%] Building C object libs/nxp/rt1176-sdk/CMakeFiles/libs_nxp_rt1176-sdk_freertos-m4.dir/__/__/__/third_party/nxp/rt1176-sdk/components/uart/fsl_adapter_lpuart.c.obj
[ 31%] Building C object libs/nxp/rt1176-sdk/CMakeFiles/libs_nxp_rt1176-sdk_freertos-m4.dir/__/__/__/third_party/nxp/rt1176-sdk/devices/MIMXRT1176/drivers/fsl_anatop_ai.c.obj
[ 33%] Building C object libs/nxp/rt1176-sdk/CMakeFiles/libs_nxp_rt1176-sdk_freertos-m4.dir/__/__/__/third_party/nxp/rt1176-sdk/devices/MIMXRT1176/drivers/fsl_caam.c.obj
[ 33%] Building C object libs/nxp/rt1176-sdk/CMakeFiles/libs_nxp_rt1176-sdk_freertos-m4.dir/__/__/__/third_party/nxp/rt1176-sdk/devices/MIMXRT1176/drivers/fsl_clock.c.obj
[ 33%] Building C object libs/nxp/rt1176-sdk/CMakeFiles/libs_nxp_rt1176-sdk_freertos-m4.dir/__/__/__/third_party/nxp/rt1176-sdk/devices/MIMXRT1176/drivers/fsl_common.c.obj
[ 33%] Building C object libs/nxp/rt1176-sdk/CMakeFiles/libs_nxp_rt1176-sdk_freertos-m4.dir/__/__/__/third_party/nxp/rt1176-sdk/devices/MIMXRT1176/drivers/fsl_common_arm.c.obj
[ 33%] Building C object libs/nxp/rt1176-sdk/CMakeFiles/libs_nxp_rt1176-sdk_freertos-m4.dir/__/__/__/third_party/nxp/rt1176-sdk/devices/MIMXRT1176/drivers/fsl_csi.c.obj
[ 33%] Building C object libs/nxp/rt1176-sdk/CMakeFiles/libs_nxp_rt1176-sdk_freertos-m4.dir/__/__/__/third_party/nxp/rt1176-sdk/devices/MIMXRT1176/drivers/fsl_dac12.c.obj
[ 33%] Building C object libs/nxp/rt1176-sdk/CMakeFiles/libs_nxp_rt1176-sdk_freertos-m4.dir/__/__/__/third_party/nxp/rt1176-sdk/devices/MIMXRT1176/drivers/fsl_dcdc.c.obj
[ 33%] Building C object libs/nxp/rt1176-sdk/CMakeFiles/libs_nxp_rt1176-sdk_freertos-m4.dir/__/__/__/third_party/nxp/rt1176-sdk/devices/MIMXRT1176/drivers/fsl_dmamux.c.obj
[ 33%] Building C object libs/nxp/rt1176-sdk/CMakeFiles/libs_nxp_rt1176-sdk_freertos-m4.dir/__/__/__/third_party/nxp/rt1176-sdk/devices/MIMXRT1176/drivers/fsl_edma.c.obj
[ 33%] Building C object libs/nxp/rt1176-sdk/CMakeFiles/libs_nxp_rt1176-sdk_freertos-m4.dir/__/__/__/third_party/nxp/rt1176-sdk/devices/MIMXRT1176/drivers/fsl_enet.c.obj
[ 33%] Building C object libs/nxp/rt1176-sdk/CMakeFiles/libs_nxp_rt1176-sdk_freertos-m4.dir/__/__/__/third_party/nxp/rt1176-sdk/devices/MIMXRT1176/drivers/fsl_flexspi.c.obj
[ 33%] Building C object libs/nxp/rt1176-sdk/CMakeFiles/libs_nxp_rt1176-sdk_freertos-m4.dir/__/__/__/third_party/nxp/rt1176-sdk/devices/MIMXRT1176/drivers/fsl_gpio.c.obj
[ 33%] Building C object libs/nxp/rt1176-sdk/CMakeFiles/libs_nxp_rt1176-sdk_freertos-m4.dir/__/__/__/third_party/nxp/rt1176-sdk/devices/MIMXRT1176/drivers/fsl_gpc.c.obj
[ 33%] Building C object libs/nxp/rt1176-sdk/CMakeFiles/libs_nxp_rt1176-sdk_freertos-m4.dir/__/__/__/third_party/nxp/rt1176-sdk/devices/MIMXRT1176/drivers/fsl_gpt.c.obj
[ 33%] Building C object libs/nxp/rt1176-sdk/CMakeFiles/libs_nxp_rt1176-sdk_freertos-m4.dir/__/__/__/third_party/nxp/rt1176-sdk/devices/MIMXRT1176/drivers/fsl_lpadc.c.obj
[ 33%] Building C object libs/nxp/rt1176-sdk/CMakeFiles/libs_nxp_rt1176-sdk_freertos-m4.dir/__/__/__/third_party/nxp/rt1176-sdk/devices/MIMXRT1176/drivers/fsl_lpi2c.c.obj
[ 33%] Building C object libs/nxp/rt1176-sdk/CMakeFiles/libs_nxp_rt1176-sdk_freertos-m4.dir/__/__/__/third_party/nxp/rt1176-sdk/devices/MIMXRT1176/drivers/fsl_lpspi.c.obj
[ 33%] Building C object libs/nxp/rt1176-sdk/CMakeFiles/libs_nxp_rt1176-sdk_freertos-m4.dir/__/__/__/third_party/nxp/rt1176-sdk/devices/MIMXRT1176/drivers/fsl_lpuart.c.obj
[ 34%] Building C object libs/nxp/rt1176-sdk/CMakeFiles/libs_nxp_rt1176-sdk_freertos-m4.dir/__/__/__/third_party/nxp/rt1176-sdk/devices/MIMXRT1176/drivers/fsl_mu.c.obj
[ 34%] Building C object libs/nxp/rt1176-sdk/CMakeFiles/libs_nxp_rt1176-sdk_freertos-m4.dir/__/__/__/third_party/nxp/rt1176-sdk/devices/MIMXRT1176/drivers/fsl_ocotp.c.obj
[ 34%] Building C object libs/nxp/rt1176-sdk/CMakeFiles/libs_nxp_rt1176-sdk_freertos-m4.dir/__/__/__/third_party/nxp/rt1176-sdk/devices/MIMXRT1176/drivers/fsl_pdm.c.obj
[ 34%] Building C object libs/nxp/rt1176-sdk/CMakeFiles/libs_nxp_rt1176-sdk_freertos-m4.dir/__/__/__/third_party/nxp/rt1176-sdk/devices/MIMXRT1176/drivers/fsl_pdm_edma.c.obj
[ 34%] Building C object libs/nxp/rt1176-sdk/CMakeFiles/libs_nxp_rt1176-sdk_freertos-m4.dir/__/__/__/third_party/nxp/rt1176-sdk/devices/MIMXRT1176/drivers/fsl_pmu.c.obj
[ 34%] Building C object libs/nxp/rt1176-sdk/CMakeFiles/libs_nxp_rt1176-sdk_freertos-m4.dir/__/__/__/third_party/nxp/rt1176-sdk/devices/MIMXRT1176/drivers/fsl_pwm.c.obj
[ 34%] Building C object libs/nxp/rt1176-sdk/CMakeFiles/libs_nxp_rt1176-sdk_freertos-m4.dir/__/__/__/third_party/nxp/rt1176-sdk/devices/MIMXRT1176/drivers/fsl_pxp.c.obj
[ 34%] Building C object libs/nxp/rt1176-sdk/CMakeFiles/libs_nxp_rt1176-sdk_freertos-m4.dir/__/__/__/third_party/nxp/rt1176-sdk/devices/MIMXRT1176/drivers/fsl_romapi.c.obj
[ 34%] Building C object libs/nxp/rt1176-sdk/CMakeFiles/libs_nxp_rt1176-sdk_freertos-m4.dir/__/__/__/third_party/nxp/rt1176-sdk/devices/MIMXRT1176/drivers/fsl_sema4.c.obj
[ 34%] Building C object libs/nxp/rt1176-sdk/CMakeFiles/libs_nxp_rt1176-sdk_freertos-m4.dir/__/__/__/third_party/nxp/rt1176-sdk/devices/MIMXRT1176/drivers/fsl_semc.c.obj
[ 34%] Building C object libs/nxp/rt1176-sdk/CMakeFiles/libs_nxp_rt1176-sdk_freertos-m4.dir/__/__/__/third_party/nxp/rt1176-sdk/devices/MIMXRT1176/drivers/fsl_snvs_hp.c.obj
[ 34%] Building C object libs/nxp/rt1176-sdk/CMakeFiles/libs_nxp_rt1176-sdk_freertos-m4.dir/__/__/__/third_party/nxp/rt1176-sdk/devices/MIMXRT1176/drivers/fsl_snvs_lp.c.obj
[ 34%] Building C object libs/nxp/rt1176-sdk/CMakeFiles/libs_nxp_rt1176-sdk_freertos-m4.dir/__/__/__/third_party/nxp/rt1176-sdk/devices/MIMXRT1176/drivers/fsl_soc_src.c.obj
[ 34%] Building C object libs/nxp/rt1176-sdk/CMakeFiles/libs_nxp_rt1176-sdk_freertos-m4.dir/__/__/__/third_party/nxp/rt1176-sdk/devices/MIMXRT1176/drivers/fsl_tempsensor.c.obj
[ 34%] Building C object libs/nxp/rt1176-sdk/CMakeFiles/libs_nxp_rt1176-sdk_freertos-m4.dir/__/__/__/third_party/nxp/rt1176-sdk/devices/MIMXRT1176/drivers/fsl_wdog.c.obj
[ 34%] Building C object libs/nxp/rt1176-sdk/CMakeFiles/libs_nxp_rt1176-sdk_freertos-m4.dir/__/__/__/third_party/nxp/rt1176-sdk/devices/MIMXRT1176/drivers/fsl_xbara.c.obj
[ 34%] Building C object libs/nxp/rt1176-sdk/CMakeFiles/libs_nxp_rt1176-sdk_freertos-m4.dir/__/__/__/third_party/nxp/rt1176-sdk/devices/MIMXRT1176/utilities/debug_console/fsl_debug_console.c.obj
[ 34%] Building C object libs/nxp/rt1176-sdk/CMakeFiles/libs_nxp_rt1176-sdk_freertos-m4.dir/__/__/__/third_party/nxp/rt1176-sdk/devices/MIMXRT1176/utilities/str/fsl_str.c.obj
[ 36%] Building C object libs/nxp/rt1176-sdk/CMakeFiles/libs_nxp_rt1176-sdk_freertos-m4.dir/__/__/__/third_party/nxp/rt1176-sdk/middleware/usb/device/usb_device_dci.c.obj
[ 36%] Building C object libs/nxp/rt1176-sdk/CMakeFiles/libs_nxp_rt1176-sdk_freertos-m4.dir/__/__/__/third_party/nxp/rt1176-sdk/middleware/usb/device/usb_device_ehci.c.obj
[ 36%] Building C object libs/nxp/rt1176-sdk/CMakeFiles/libs_nxp_rt1176-sdk_freertos-m4.dir/__/__/__/third_party/nxp/rt1176-sdk/middleware/usb/host/class/usb_host_dfu.c.obj
[ 36%] Building C object libs/nxp/rt1176-sdk/CMakeFiles/libs_nxp_rt1176-sdk_freertos-m4.dir/__/__/__/third_party/nxp/rt1176-sdk/middleware/usb/host/class/usb_host_hub.c.obj
[ 36%] Building C object libs/nxp/rt1176-sdk/CMakeFiles/libs_nxp_rt1176-sdk_freertos-m4.dir/__/__/__/third_party/nxp/rt1176-sdk/middleware/usb/host/class/usb_host_hub_app.c.obj
[ 36%] Building C object libs/nxp/rt1176-sdk/CMakeFiles/libs_nxp_rt1176-sdk_freertos-m4.dir/__/__/__/third_party/nxp/rt1176-sdk/middleware/usb/host/usb_host_devices.c.obj
[ 36%] Building C object libs/nxp/rt1176-sdk/CMakeFiles/libs_nxp_rt1176-sdk_freertos-m4.dir/__/__/__/third_party/nxp/rt1176-sdk/middleware/usb/host/usb_host_ehci.c.obj
[ 36%] Building C object libs/nxp/rt1176-sdk/CMakeFiles/libs_nxp_rt1176-sdk_freertos-m4.dir/__/__/__/third_party/nxp/rt1176-sdk/middleware/usb/host/usb_host_framework.c.obj
[ 36%] Building C object libs/nxp/rt1176-sdk/CMakeFiles/libs_nxp_rt1176-sdk_freertos-m4.dir/__/__/__/third_party/nxp/rt1176-sdk/middleware/usb/host/usb_host_hci.c.obj
[ 36%] Building C object libs/nxp/rt1176-sdk/CMakeFiles/libs_nxp_rt1176-sdk_freertos-m4.dir/__/__/__/third_party/modified/nxp/rt1176-sdk/usb_device_cdc_acm.c.obj
[ 36%] Building C object libs/nxp/rt1176-sdk/CMakeFiles/libs_nxp_rt1176-sdk_freertos-m4.dir/__/__/__/third_party/nxp/rt1176-sdk/middleware/usb/output/source/device/class/usb_device_hid.c.obj
[ 36%] Building C object libs/nxp/rt1176-sdk/CMakeFiles/libs_nxp_rt1176-sdk_freertos-m4.dir/__/__/__/third_party/nxp/rt1176-sdk/middleware/usb/output/source/device/usb_device_ch9.c.obj
[ 36%] Building C object libs/nxp/rt1176-sdk/CMakeFiles/libs_nxp_rt1176-sdk_freertos-m4.dir/__/__/__/third_party/nxp/rt1176-sdk/middleware/usb/phy/usb_phy.c.obj
[ 36%] Building C object libs/nxp/rt1176-sdk/CMakeFiles/libs_nxp_rt1176-sdk_freertos-m4.dir/__/__/__/third_party/nxp/rt1176-sdk/devices/MIMXRT1176/drivers/fsl_mipi_csi2rx.c.obj
[ 36%] Building C object libs/nxp/rt1176-sdk/CMakeFiles/libs_nxp_rt1176-sdk_freertos-m4.dir/__/__/__/third_party/nxp/rt1176-sdk/devices/MIMXRT1176/drivers/fsl_soc_mipi_csi2rx.c.obj
[ 36%] Building C object libs/nxp/rt1176-sdk/CMakeFiles/libs_nxp_rt1176-sdk_freertos-m4.dir/__/__/__/third_party/nxp/rt1176-sdk/components/video/camera/device/ov5640/fsl_ov5640.c.obj
[ 36%] Building C object libs/nxp/rt1176-sdk/CMakeFiles/libs_nxp_rt1176-sdk_freertos-m4.dir/__/__/__/third_party/nxp/rt1176-sdk/components/video/camera/device/sccb/fsl_sccb.c.obj
[ 36%] Building C object libs/nxp/rt1176-sdk/CMakeFiles/libs_nxp_rt1176-sdk_freertos-m4.dir/__/__/__/third_party/nxp/rt1176-sdk/components/video/fsl_video_common.c.obj
[ 36%] Building C object libs/nxp/rt1176-sdk/CMakeFiles/libs_nxp_rt1176-sdk_freertos-m4.dir/__/__/__/third_party/nxp/rt1176-sdk/components/video/camera/receiver/csi/fsl_csi_camera_adapter.c.obj
[ 37%] Building C object libs/nxp/rt1176-sdk/CMakeFiles/libs_nxp_rt1176-sdk_freertos-m4.dir/__/__/__/third_party/nxp/rt1176-sdk/middleware/multicore/mcmgr/src/mcmgr.c.obj
[ 37%] Building C object libs/nxp/rt1176-sdk/CMakeFiles/libs_nxp_rt1176-sdk_freertos-m4.dir/__/__/__/third_party/nxp/rt1176-sdk/middleware/multicore/mcmgr/src/mcmgr_internal_core_api_imxrt1170.c.obj
[ 37%] Building C object libs/nxp/rt1176-sdk/CMakeFiles/libs_nxp_rt1176-sdk_freertos-m4.dir/__/__/__/third_party/nxp/rt1176-sdk/middleware/multicore/mcmgr/src/mcmgr_mu_internal.c.obj
[ 37%] Built target libs_nxp_rt1176-sdk_freertos-m4
[ 37%] Building CXX object libs/pmic/CMakeFiles/libs_pmic_freertos-m4.dir/pmic.cc.obj
/home/bogdan/work/coralmicro/libs/pmic/pmic.cc: In member function 'bool coralmicro::PmicTask::Transfer(lpi2c_master_transfer_t*)':
/home/bogdan/work/coralmicro/libs/pmic/pmic.cc:232:27: warning: format '%X' expects argument of type 'unsigned int', but argument 3 has type 'uint32_t' {aka 'long unsigned int'} [-Wformat=]
  232 |   printf("[PMIC]: %s|0x%04X=0x%02X%02X|(s1: %ld)\n",
      |                        ~~~^
      |                           |
      |                           unsigned int
      |                        %04lX
  233 |       transfer->direction == kLPI2C_Read ? "Rx" : "Tx",
  234 |       transfer->subaddress,
      |       ~~~~~~~~~~~~~~~~~~~~ 
      |                 |
      |                 uint32_t {aka long unsigned int}
/home/bogdan/work/coralmicro/libs/pmic/pmic.cc:229:12: warning: unused variable 'attempts' [-Wunused-variable]
  229 |   uint32_t attempts = 0;
      |            ^~~~~~~~
/home/bogdan/work/coralmicro/libs/pmic/pmic.cc: In member function 'void coralmicro::PmicTask::HandleRailRequest(const coralmicro::pmic::RailRequest&)':
/home/bogdan/work/coralmicro/libs/pmic/pmic.cc:314:10: warning: enumeration value 'kMic1V8' not handled in switch [-Wswitch]
  314 |   switch (rail.rail) {
      |          ^
[ 37%] Linking CXX static library liblibs_pmic_freertos-m4.a
[ 37%] Built target libs_pmic_freertos-m4
[ 37%] Building C object libs/littlefs/CMakeFiles/libs_littlefs-m4.dir/__/__/third_party/nxp/rt1176-sdk/middleware/littlefs/lfs.c.obj
/home/bogdan/work/coralmicro/third_party/nxp/rt1176-sdk/middleware/littlefs/lfs.c:429:13: warning: 'lfs_mlist_isopen' defined but not used [-Wunused-function]
  429 | static bool lfs_mlist_isopen(struct lfs_mlist *head,
      |             ^~~~~~~~~~~~~~~~
[ 37%] Building C object libs/littlefs/CMakeFiles/libs_littlefs-m4.dir/__/__/third_party/nxp/rt1176-sdk/middleware/littlefs/lfs_util.c.obj
[ 37%] Linking C static library liblibs_littlefs-m4.a
[ 37%] Built target libs_littlefs-m4
[ 37%] Building CXX object libs/base/CMakeFiles/libs_base-m4_freertos.dir/console_m4.cc.obj
[ 37%] Building CXX object libs/base/CMakeFiles/libs_base-m4_freertos.dir/filesystem.cc.obj
[ 37%] Building CXX object libs/base/CMakeFiles/libs_base-m4_freertos.dir/gpio.cc.obj
[ 37%] Building CXX object libs/base/CMakeFiles/libs_base-m4_freertos.dir/ipc.cc.obj
[ 37%] Building CXX object libs/base/CMakeFiles/libs_base-m4_freertos.dir/ipc_m4.cc.obj
[ 39%] Building CXX object libs/base/CMakeFiles/libs_base-m4_freertos.dir/led.cc.obj
[ 39%] Building CXX object libs/base/CMakeFiles/libs_base-m4_freertos.dir/main_freertos_m4.cc.obj
[ 39%] Building CXX object libs/base/CMakeFiles/libs_base-m4_freertos.dir/timer.cc.obj
[ 39%] Linking CXX static library liblibs_base-m4_freertos.a
[ 39%] Built target libs_base-m4_freertos
[ 39%] Building CXX object libs/camera/CMakeFiles/libs_camera_freertos-m4.dir/camera.cc.obj
/home/bogdan/work/coralmicro/libs/camera/camera.cc: In member function 'bool coralmicro::CameraTask::Read(uint16_t, uint8_t*)':
/home/bogdan/work/coralmicro/libs/camera/camera.cc:536:12: warning: unused variable 'status2' [-Wunused-variable]
  536 |   status_t status2 = LPI2C_RTOS_Transfer(i2c_handle2_, &transfer);
      |            ^~~~~~~
/home/bogdan/work/coralmicro/libs/camera/camera.cc: In member function 'bool coralmicro::CameraTask::Write(uint16_t, const uint8_t*, int)':
/home/bogdan/work/coralmicro/libs/camera/camera.cc:559:12: warning: unused variable 'status2' [-Wunused-variable]
  559 |   status_t status2 = LPI2C_RTOS_Transfer(i2c_handle2_, &transfer);
      |            ^~~~~~~
/home/bogdan/work/coralmicro/libs/camera/camera.cc: In member function 'void coralmicro::CameraTask::Init(lpi2c_rtos_handle_t*, lpi2c_rtos_handle_t*)':
/home/bogdan/work/coralmicro/libs/camera/camera.cc:667:31: warning: format '%x' expects argument of type 'unsigned int', but argument 3 has type 'lpi2c_rtos_handle_t*' {aka '_lpi2c_rtos_handle*'} [-Wformat=]
  667 |   printf ("%s: i2c_Handle: 0x%x, i2c_handle2: 0x%x", __func__, i2c_handle, i2c_handle2);
      |                              ~^                                ~~~~~~~~~~
      |                               |                                |
      |                               unsigned int                     lpi2c_rtos_handle_t* {aka _lpi2c_rtos_handle*}
/home/bogdan/work/coralmicro/libs/camera/camera.cc:667:50: warning: format '%x' expects argument of type 'unsigned int', but argument 4 has type 'lpi2c_rtos_handle_t*' {aka '_lpi2c_rtos_handle*'} [-Wformat=]
  667 |   printf ("%s: i2c_Handle: 0x%x, i2c_handle2: 0x%x", __func__, i2c_handle, i2c_handle2);
      |                                                 ~^                         ~~~~~~~~~~~
      |                                                  |                         |
      |                                                  unsigned int              lpi2c_rtos_handle_t* {aka _lpi2c_rtos_handle*}
/home/bogdan/work/coralmicro/libs/camera/camera.cc: In member function 'bool coralmicro::CameraTask::VideoConvert(uint32_t)':
/home/bogdan/work/coralmicro/libs/camera/camera.cc:836:1: warning: no return statement in function returning non-void [-Wreturn-type]
  836 | }
      | ^
/home/bogdan/work/coralmicro/libs/camera/camera.cc: In member function 'void coralmicro::CameraTask::HandleSwitchCameraRequest(coralmicro::SwitchCameraId)':
/home/bogdan/work/coralmicro/libs/camera/camera.cc:890:42: warning: format '%d' expects argument of type 'int', but argument 2 has type 'coralmicro::SwitchCameraId' [-Wformat=]
  890 |         printf("Invalid switchCameraId: %d\n", cameraId);
      |                                         ~^     ~~~~~~~~
      |                                          |     |
      |                                          int   coralmicro::SwitchCameraId
/home/bogdan/work/coralmicro/libs/camera/camera.cc: In member function 'coralmicro::camera::EnableResponse coralmicro::CameraTask::HandleEnableRequest(const coralmicro::CameraMode&)':
/home/bogdan/work/coralmicro/libs/camera/camera.cc:899:19: warning: unused variable 'cameraConfig' [-Wunused-variable]
  899 |   camera_config_t cameraConfig;
      |                   ^~~~~~~~~~~~
/home/bogdan/work/coralmicro/libs/camera/camera.cc: At global scope:
/home/bogdan/work/coralmicro/libs/camera/camera.cc:149:13: warning: 'void coralmicro::{anonymous}::Rgb888ToRgb(const uint8_t*, uint8_t*, int, int, int)' defined but not used [-Wunused-function]
  149 | static void Rgb888ToRgb(const uint8_t* in, uint8_t* out, int width, int height, int line_padding=LINE_PADDING) {
      |             ^~~~~~~~~~~
[ 39%] Building C object libs/camera/CMakeFiles/libs_camera_freertos-m4.dir/camera_support.c.obj
/home/bogdan/work/coralmicro/libs/camera/camera_support.c:110:17: warning: excess elements in array initializer
  110 |     0xFF, 0xFF, 0xFF, 0xFF};
      |                 ^~~~
/home/bogdan/work/coralmicro/libs/camera/camera_support.c:110:17: note: (near initialization for 'g_cam_buf_id')
/home/bogdan/work/coralmicro/libs/camera/camera_support.c:110:23: warning: excess elements in array initializer
  110 |     0xFF, 0xFF, 0xFF, 0xFF};
      |                       ^~~~
/home/bogdan/work/coralmicro/libs/camera/camera_support.c:110:23: note: (near initialization for 'g_cam_buf_id')
/home/bogdan/work/coralmicro/libs/camera/camera_support.c:126:17: warning: excess elements in array initializer
  126 |     0xFF, 0xFF, 0xFF, 0xFF};
      |                 ^~~~
/home/bogdan/work/coralmicro/libs/camera/camera_support.c:126:17: note: (near initialization for 'g_cam_buf_id_task')
/home/bogdan/work/coralmicro/libs/camera/camera_support.c:126:23: warning: excess elements in array initializer
  126 |     0xFF, 0xFF, 0xFF, 0xFF};
      |                       ^~~~
/home/bogdan/work/coralmicro/libs/camera/camera_support.c:126:23: note: (near initialization for 'g_cam_buf_id_task')
/home/bogdan/work/coralmicro/libs/camera/camera_support.c:169:70: warning: excess elements in array initializer
  169 | volatile uint8_t  g_cam_buf_dirty[DEMO_CAMERA_BUFFER_COUNT] = {0, 0, 0, 0};
      |                                                                      ^
/home/bogdan/work/coralmicro/libs/camera/camera_support.c:169:70: note: (near initialization for 'g_cam_buf_dirty')
/home/bogdan/work/coralmicro/libs/camera/camera_support.c:169:73: warning: excess elements in array initializer
  169 | volatile uint8_t  g_cam_buf_dirty[DEMO_CAMERA_BUFFER_COUNT] = {0, 0, 0, 0};
      |                                                                         ^
/home/bogdan/work/coralmicro/libs/camera/camera_support.c:169:73: note: (near initialization for 'g_cam_buf_dirty')
/home/bogdan/work/coralmicro/libs/camera/camera_support.c:244:17: warning: excess elements in array initializer
  244 |     0xFF, 0xFF, 0xFF, 0xFF};
      |                 ^~~~
/home/bogdan/work/coralmicro/libs/camera/camera_support.c:244:17: note: (near initialization for 'g_cam_buf_id_csi')
/home/bogdan/work/coralmicro/libs/camera/camera_support.c:244:23: warning: excess elements in array initializer
  244 |     0xFF, 0xFF, 0xFF, 0xFF};
      |                       ^~~~
/home/bogdan/work/coralmicro/libs/camera/camera_support.c:244:23: note: (near initialization for 'g_cam_buf_id_csi')
[ 39%] Linking CXX static library liblibs_camera_freertos-m4.a
[ 39%] Built target libs_camera_freertos-m4
[ 39%] Building CXX object examples/sentai_runtime/CMakeFiles/sentai_m4_aruco_bench.dir/m4_aruco_bench.cc.obj
[ 39%] Linking CXX executable sentai_m4_aruco_bench
[ 39%] Built target sentai_m4_aruco_bench
[ 39%] Embedding browser.html as C array
[ 39%] Built target sentai_browser_html
[ 39%] Building C object libs/aifes/CMakeFiles/libs_aifes_m7.dir/__/__/third_party/aifes/src/basic/base/aialgo/aialgo_sequential_inference.c.obj
/home/bogdan/work/coralmicro/third_party/aifes/src/basic/base/aialgo/aialgo_sequential_inference.c: In function 'aialgo_inference_model':
/home/bogdan/work/coralmicro/third_party/aifes/src/basic/base/aialgo/aialgo_sequential_inference.c:287:56: warning: 'output_batch' may be used uninitialized in this function [-Wmaybe-uninitialized]
  287 |         memcpy(output_data->tensor_params, output_batch->tensor_params, output_batch->dtype->tensor_params_size);
      |                                            ~~~~~~~~~~~~^~~~~~~~~~~~~~~
[ 39%] Building C object libs/aifes/CMakeFiles/libs_aifes_m7.dir/__/__/third_party/aifes/src/basic/base/aialgo/aialgo_sequential_training.c.obj
[ 39%] Building C object libs/aifes/CMakeFiles/libs_aifes_m7.dir/__/__/third_party/aifes/src/basic/base/ailayer/ailayer_dense.c.obj
[ 39%] Building C object libs/aifes/CMakeFiles/libs_aifes_m7.dir/__/__/third_party/aifes/src/basic/base/ailayer/ailayer_elu.c.obj
[ 39%] Building C object libs/aifes/CMakeFiles/libs_aifes_m7.dir/__/__/third_party/aifes/src/basic/base/ailayer/ailayer_input.c.obj
[ 39%] Building C object libs/aifes/CMakeFiles/libs_aifes_m7.dir/__/__/third_party/aifes/src/basic/base/ailayer/ailayer_leaky_relu.c.obj
[ 39%] Building C object libs/aifes/CMakeFiles/libs_aifes_m7.dir/__/__/third_party/aifes/src/basic/base/ailayer/ailayer_relu.c.obj
[ 39%] Building C object libs/aifes/CMakeFiles/libs_aifes_m7.dir/__/__/third_party/aifes/src/basic/base/ailayer/ailayer_sigmoid.c.obj
[ 40%] Building C object libs/aifes/CMakeFiles/libs_aifes_m7.dir/__/__/third_party/aifes/src/basic/base/ailayer/ailayer_softmax.c.obj
[ 40%] Building C object libs/aifes/CMakeFiles/libs_aifes_m7.dir/__/__/third_party/aifes/src/basic/base/ailayer/ailayer_softsign.c.obj
[ 40%] Building C object libs/aifes/CMakeFiles/libs_aifes_m7.dir/__/__/third_party/aifes/src/basic/base/ailayer/ailayer_tanh.c.obj
[ 40%] Building C object libs/aifes/CMakeFiles/libs_aifes_m7.dir/__/__/third_party/aifes/src/basic/base/ailoss/ailoss_crossentropy.c.obj
[ 40%] Building C object libs/aifes/CMakeFiles/libs_aifes_m7.dir/__/__/third_party/aifes/src/basic/base/ailoss/ailoss_mse.c.obj
[ 40%] Building C object libs/aifes/CMakeFiles/libs_aifes_m7.dir/__/__/third_party/aifes/src/basic/base/aimath/aimath_basic.c.obj
[ 40%] Building C object libs/aifes/CMakeFiles/libs_aifes_m7.dir/__/__/third_party/aifes/src/basic/base/aimath/aimath_f32.c.obj
/home/bogdan/work/coralmicro/third_party/aifes/src/basic/base/aimath/aimath_f32.c: In function 'aimath_f32_print_aitensor':
/home/bogdan/work/coralmicro/third_party/aifes/src/basic/base/aimath/aimath_f32.c:71:11: warning: unused variable 'tensor_data' [-Wunused-variable]
   71 |   float (*tensor_data)[tensor->shape[0]][tensor->shape[1]][tensor->shape[2]][tensor->shape[3]] = tensor->data;
      |           ^~~~~~~~~~~
[ 40%] Building C object libs/aifes/CMakeFiles/libs_aifes_m7.dir/__/__/third_party/aifes/src/basic/base/aiopti/aiopti_adam.c.obj
[ 40%] Building C object libs/aifes/CMakeFiles/libs_aifes_m7.dir/__/__/third_party/aifes/src/basic/base/aiopti/aiopti_sgd.c.obj
[ 40%] Building C object libs/aifes/CMakeFiles/libs_aifes_m7.dir/__/__/third_party/aifes/src/basic/default/ailayer/ailayer_dense_default.c.obj
[ 40%] Building C object libs/aifes/CMakeFiles/libs_aifes_m7.dir/__/__/third_party/aifes/src/basic/default/ailayer/ailayer_elu_default.c.obj
[ 40%] Building C object libs/aifes/CMakeFiles/libs_aifes_m7.dir/__/__/third_party/aifes/src/basic/default/ailayer/ailayer_input_default.c.obj
[ 40%] Building C object libs/aifes/CMakeFiles/libs_aifes_m7.dir/__/__/third_party/aifes/src/basic/default/ailayer/ailayer_leaky_relu_default.c.obj
[ 40%] Building C object libs/aifes/CMakeFiles/libs_aifes_m7.dir/__/__/third_party/aifes/src/basic/default/ailayer/ailayer_relu_default.c.obj
[ 40%] Building C object libs/aifes/CMakeFiles/libs_aifes_m7.dir/__/__/third_party/aifes/src/basic/default/ailayer/ailayer_sigmoid_default.c.obj
[ 40%] Building C object libs/aifes/CMakeFiles/libs_aifes_m7.dir/__/__/third_party/aifes/src/basic/default/ailayer/ailayer_softmax_default.c.obj
[ 40%] Building C object libs/aifes/CMakeFiles/libs_aifes_m7.dir/__/__/third_party/aifes/src/basic/default/ailayer/ailayer_softsign_default.c.obj
[ 40%] Building C object libs/aifes/CMakeFiles/libs_aifes_m7.dir/__/__/third_party/aifes/src/basic/default/ailayer/ailayer_tanh_default.c.obj
[ 40%] Building C object libs/aifes/CMakeFiles/libs_aifes_m7.dir/__/__/third_party/aifes/src/basic/default/ailoss/ailoss_crossentropy_default.c.obj
[ 42%] Building C object libs/aifes/CMakeFiles/libs_aifes_m7.dir/__/__/third_party/aifes/src/basic/default/ailoss/ailoss_mse_default.c.obj
[ 42%] Building C object libs/aifes/CMakeFiles/libs_aifes_m7.dir/__/__/third_party/aifes/src/basic/default/aimath/aimath_f32_default.c.obj
[ 42%] Building C object libs/aifes/CMakeFiles/libs_aifes_m7.dir/__/__/third_party/aifes/src/basic/default/aiopti/aiopti_adam_default.c.obj
[ 42%] Building C object libs/aifes/CMakeFiles/libs_aifes_m7.dir/__/__/third_party/aifes/src/basic/default/aiopti/aiopti_sgd_default.c.obj
[ 42%] Building C object libs/aifes/CMakeFiles/libs_aifes_m7.dir/__/__/third_party/aifes/src/basic/express/aifes_express_f32_fnn.c.obj
[ 42%] Linking C static library liblibs_aifes_m7.a
[ 42%] Built target libs_aifes_m7
[ 42%] Building CXX object libs/pmic/CMakeFiles/libs_pmic_freertos.dir/pmic.cc.obj
/home/bogdan/work/coralmicro/libs/pmic/pmic.cc: In member function 'bool coralmicro::PmicTask::Transfer(lpi2c_master_transfer_t*)':
/home/bogdan/work/coralmicro/libs/pmic/pmic.cc:232:27: warning: format '%X' expects argument of type 'unsigned int', but argument 3 has type 'uint32_t' {aka 'long unsigned int'} [-Wformat=]
  232 |   printf("[PMIC]: %s|0x%04X=0x%02X%02X|(s1: %ld)\n",
      |                        ~~~^
      |                           |
      |                           unsigned int
      |                        %04lX
  233 |       transfer->direction == kLPI2C_Read ? "Rx" : "Tx",
  234 |       transfer->subaddress,
      |       ~~~~~~~~~~~~~~~~~~~~ 
      |                 |
      |                 uint32_t {aka long unsigned int}
/home/bogdan/work/coralmicro/libs/pmic/pmic.cc:229:12: warning: unused variable 'attempts' [-Wunused-variable]
  229 |   uint32_t attempts = 0;
      |            ^~~~~~~~
/home/bogdan/work/coralmicro/libs/pmic/pmic.cc: In member function 'void coralmicro::PmicTask::HandleRailRequest(const coralmicro::pmic::RailRequest&)':
/home/bogdan/work/coralmicro/libs/pmic/pmic.cc:314:10: warning: enumeration value 'kMic1V8' not handled in switch [-Wswitch]
  314 |   switch (rail.rail) {
      |          ^
[ 43%] Linking CXX static library liblibs_pmic_freertos.a
[ 43%] Built target libs_pmic_freertos
[ 43%] Building CXX object libs/audio/CMakeFiles/libs_audio_freertos.dir/audio_driver.cc.obj
[ 43%] Building CXX object libs/audio/CMakeFiles/libs_audio_freertos.dir/audio_service.cc.obj
[ 43%] Linking CXX static library liblibs_audio_freertos.a
[ 43%] Built target libs_audio_freertos
[ 43%] Building C object libs/kissfft/CMakeFiles/libs_kissfft-m7.dir/__/__/third_party/kissfft/kiss_fft.c.obj
[ 44%] Building C object libs/kissfft/CMakeFiles/libs_kissfft-m7.dir/__/__/third_party/kissfft/tools/kiss_fftr.c.obj
[ 44%] Linking C static library liblibs_kissfft-m7.a
[ 44%] Built target libs_kissfft-m7
[ 44%] Building C object libs/littlefs/CMakeFiles/libs_littlefs.dir/__/__/third_party/nxp/rt1176-sdk/middleware/littlefs/lfs.c.obj
[ 44%] Building C object libs/littlefs/CMakeFiles/libs_littlefs.dir/__/__/third_party/nxp/rt1176-sdk/middleware/littlefs/lfs_util.c.obj
[ 44%] Linking C static library liblibs_littlefs.a
[ 44%] Built target libs_littlefs
[ 44%] Building C object libs/levelx/CMakeFiles/libs_levelx.dir/__/__/third_party/eclipse-threadx/levelx/common/src/lx_nand_flash_256byte_ecc_check.c.obj
[ 44%] Building C object libs/levelx/CMakeFiles/libs_levelx.dir/__/__/third_party/eclipse-threadx/levelx/common/src/lx_nand_flash_256byte_ecc_compute.c.obj
[ 44%] Building C object libs/levelx/CMakeFiles/libs_levelx.dir/__/__/third_party/eclipse-threadx/levelx/common/src/lx_nand_flash_block_allocate.c.obj
[ 44%] Building C object libs/levelx/CMakeFiles/libs_levelx.dir/__/__/third_party/eclipse-threadx/levelx/common/src/lx_nand_flash_block_data_move.c.obj
[ 44%] Building C object libs/levelx/CMakeFiles/libs_levelx.dir/__/__/third_party/eclipse-threadx/levelx/common/src/lx_nand_flash_block_find.c.obj
[ 44%] Building C object libs/levelx/CMakeFiles/libs_levelx.dir/__/__/third_party/eclipse-threadx/levelx/common/src/lx_nand_flash_block_mapping_set.c.obj
[ 44%] Building C object libs/levelx/CMakeFiles/libs_levelx.dir/__/__/third_party/eclipse-threadx/levelx/common/src/lx_nand_flash_block_status_set.c.obj
[ 44%] Building C object libs/levelx/CMakeFiles/libs_levelx.dir/__/__/third_party/eclipse-threadx/levelx/common/src/lx_nand_flash_close.c.obj
[ 44%] Building C object libs/levelx/CMakeFiles/libs_levelx.dir/__/__/third_party/eclipse-threadx/levelx/common/src/lx_nand_flash_data_page_copy.c.obj
[ 44%] Building C object libs/levelx/CMakeFiles/libs_levelx.dir/__/__/third_party/eclipse-threadx/levelx/common/src/lx_nand_flash_defragment.c.obj
[ 44%] Building C object libs/levelx/CMakeFiles/libs_levelx.dir/__/__/third_party/eclipse-threadx/levelx/common/src/lx_nand_flash_driver_block_erase.c.obj
[ 44%] Building C object libs/levelx/CMakeFiles/libs_levelx.dir/__/__/third_party/eclipse-threadx/levelx/common/src/lx_nand_flash_driver_block_erased_verify.c.obj
[ 44%] Building C object libs/levelx/CMakeFiles/libs_levelx.dir/__/__/third_party/eclipse-threadx/levelx/common/src/lx_nand_flash_driver_block_status_get.c.obj
[ 44%] Building C object libs/levelx/CMakeFiles/libs_levelx.dir/__/__/third_party/eclipse-threadx/levelx/common/src/lx_nand_flash_driver_block_status_set.c.obj
[ 44%] Building C object libs/levelx/CMakeFiles/libs_levelx.dir/__/__/third_party/eclipse-threadx/levelx/common/src/lx_nand_flash_driver_page_erased_verify.c.obj
[ 44%] Building C object libs/levelx/CMakeFiles/libs_levelx.dir/__/__/third_party/eclipse-threadx/levelx/common/src/lx_nand_flash_erase_count_set.c.obj
[ 44%] Building C object libs/levelx/CMakeFiles/libs_levelx.dir/__/__/third_party/eclipse-threadx/levelx/common/src/lx_nand_flash_extended_cache_enable.c.obj
[ 46%] Building C object libs/levelx/CMakeFiles/libs_levelx.dir/__/__/third_party/eclipse-threadx/levelx/common/src/lx_nand_flash_format.c.obj
[ 46%] Building C object libs/levelx/CMakeFiles/libs_levelx.dir/__/__/third_party/eclipse-threadx/levelx/common/src/lx_nand_flash_format_extended.c.obj
[ 46%] Building C object libs/levelx/CMakeFiles/libs_levelx.dir/__/__/third_party/eclipse-threadx/levelx/common/src/lx_nand_flash_free_block_list_add.c.obj
[ 46%] Building C object libs/levelx/CMakeFiles/libs_levelx.dir/__/__/third_party/eclipse-threadx/levelx/common/src/lx_nand_flash_initialize.c.obj
[ 46%] Building C object libs/levelx/CMakeFiles/libs_levelx.dir/__/__/third_party/eclipse-threadx/levelx/common/src/lx_nand_flash_mapped_block_list_add.c.obj
[ 46%] Building C object libs/levelx/CMakeFiles/libs_levelx.dir/__/__/third_party/eclipse-threadx/levelx/common/src/lx_nand_flash_mapped_block_list_get.c.obj
[ 46%] Building C object libs/levelx/CMakeFiles/libs_levelx.dir/__/__/third_party/eclipse-threadx/levelx/common/src/lx_nand_flash_mapped_block_list_remove.c.obj
[ 46%] Building C object libs/levelx/CMakeFiles/libs_levelx.dir/__/__/third_party/eclipse-threadx/levelx/common/src/lx_nand_flash_memory_initialize.c.obj
[ 46%] Building C object libs/levelx/CMakeFiles/libs_levelx.dir/__/__/third_party/eclipse-threadx/levelx/common/src/lx_nand_flash_metadata_allocate.c.obj
[ 46%] Building C object libs/levelx/CMakeFiles/libs_levelx.dir/__/__/third_party/eclipse-threadx/levelx/common/src/lx_nand_flash_metadata_build.c.obj
[ 46%] Building C object libs/levelx/CMakeFiles/libs_levelx.dir/__/__/third_party/eclipse-threadx/levelx/common/src/lx_nand_flash_metadata_write.c.obj
[ 46%] Building C object libs/levelx/CMakeFiles/libs_levelx.dir/__/__/third_party/eclipse-threadx/levelx/common/src/lx_nand_flash_open.c.obj
[ 46%] Building C object libs/levelx/CMakeFiles/libs_levelx.dir/__/__/third_party/eclipse-threadx/levelx/common/src/lx_nand_flash_open_extended.c.obj
[ 46%] Building C object libs/levelx/CMakeFiles/libs_levelx.dir/__/__/third_party/eclipse-threadx/levelx/common/src/lx_nand_flash_page_ecc_check.c.obj
[ 46%] Building C object libs/levelx/CMakeFiles/libs_levelx.dir/__/__/third_party/eclipse-threadx/levelx/common/src/lx_nand_flash_page_ecc_compute.c.obj
[ 46%] Building C object libs/levelx/CMakeFiles/libs_levelx.dir/__/__/third_party/eclipse-threadx/levelx/common/src/lx_nand_flash_partial_defragment.c.obj
[ 46%] Building C object libs/levelx/CMakeFiles/libs_levelx.dir/__/__/third_party/eclipse-threadx/levelx/common/src/lx_nand_flash_sector_read.c.obj
[ 46%] Building C object libs/levelx/CMakeFiles/libs_levelx.dir/__/__/third_party/eclipse-threadx/levelx/common/src/lx_nand_flash_sector_release.c.obj
[ 47%] Building C object libs/levelx/CMakeFiles/libs_levelx.dir/__/__/third_party/eclipse-threadx/levelx/common/src/lx_nand_flash_sector_write.c.obj
[ 47%] Building C object libs/levelx/CMakeFiles/libs_levelx.dir/__/__/third_party/eclipse-threadx/levelx/common/src/lx_nand_flash_sectors_read.c.obj
[ 47%] Building C object libs/levelx/CMakeFiles/libs_levelx.dir/__/__/third_party/eclipse-threadx/levelx/common/src/lx_nand_flash_sectors_release.c.obj
[ 47%] Building C object libs/levelx/CMakeFiles/libs_levelx.dir/__/__/third_party/eclipse-threadx/levelx/common/src/lx_nand_flash_sectors_write.c.obj
[ 47%] Building C object libs/levelx/CMakeFiles/libs_levelx.dir/__/__/third_party/eclipse-threadx/levelx/common/src/lx_nand_flash_system_error.c.obj
[ 47%] Building C object libs/levelx/CMakeFiles/libs_levelx.dir/__/__/third_party/eclipse-threadx/levelx/common/src/lx_nor_flash_block_reclaim.c.obj
[ 47%] Building C object libs/levelx/CMakeFiles/libs_levelx.dir/__/__/third_party/eclipse-threadx/levelx/common/src/lx_nor_flash_close.c.obj
[ 47%] Building C object libs/levelx/CMakeFiles/libs_levelx.dir/__/__/third_party/eclipse-threadx/levelx/common/src/lx_nor_flash_defragment.c.obj
[ 47%] Building C object libs/levelx/CMakeFiles/libs_levelx.dir/__/__/third_party/eclipse-threadx/levelx/common/src/lx_nor_flash_driver_block_erase.c.obj
[ 47%] Building C object libs/levelx/CMakeFiles/libs_levelx.dir/__/__/third_party/eclipse-threadx/levelx/common/src/lx_nor_flash_driver_read.c.obj
[ 47%] Building C object libs/levelx/CMakeFiles/libs_levelx.dir/__/__/third_party/eclipse-threadx/levelx/common/src/lx_nor_flash_driver_write.c.obj
[ 47%] Building C object libs/levelx/CMakeFiles/libs_levelx.dir/__/__/third_party/eclipse-threadx/levelx/common/src/lx_nor_flash_extended_cache_enable.c.obj
[ 47%] Building C object libs/levelx/CMakeFiles/libs_levelx.dir/__/__/third_party/eclipse-threadx/levelx/common/src/lx_nor_flash_format.c.obj
[ 47%] Building C object libs/levelx/CMakeFiles/libs_levelx.dir/__/__/third_party/eclipse-threadx/levelx/common/src/lx_nor_flash_initialize.c.obj
[ 47%] Building C object libs/levelx/CMakeFiles/libs_levelx.dir/__/__/third_party/eclipse-threadx/levelx/common/src/lx_nor_flash_logical_sector_find.c.obj
[ 47%] Building C object libs/levelx/CMakeFiles/libs_levelx.dir/__/__/third_party/eclipse-threadx/levelx/common/src/lx_nor_flash_next_block_to_erase_find.c.obj
/home/bogdan/work/coralmicro/third_party/eclipse-threadx/levelx/common/src/lx_nor_flash_next_block_to_erase_find.c: In function '_lx_nor_flash_next_block_to_erase_find':
/home/bogdan/work/coralmicro/third_party/eclipse-threadx/levelx/common/src/lx_nor_flash_next_block_to_erase_find.c:411:8: warning: 'mapped_sectors_available' may be used uninitialized in this function [-Wmaybe-uninitialized]
  411 |     if (mapped_sectors_available == LX_FALSE)
      |        ^
/home/bogdan/work/coralmicro/third_party/eclipse-threadx/levelx/common/src/lx_nor_flash_next_block_to_erase_find.c:327:36: warning: 'mapped_sectors' may be used uninitialized in this function [-Wmaybe-uninitialized]
  327 |             *return_mapped_sectors =    mapped_sectors;
      |             ~~~~~~~~~~~~~~~~~~~~~~~^~~~~~~~~~~~~~~~~~~
[ 47%] Building C object libs/levelx/CMakeFiles/libs_levelx.dir/__/__/third_party/eclipse-threadx/levelx/common/src/lx_nor_flash_open.c.obj
[ 47%] Building C object libs/levelx/CMakeFiles/libs_levelx.dir/__/__/third_party/eclipse-threadx/levelx/common/src/lx_nor_flash_open_extended.c.obj
[ 49%] Building C object libs/levelx/CMakeFiles/libs_levelx.dir/__/__/third_party/eclipse-threadx/levelx/common/src/lx_nor_flash_partial_defragment.c.obj
[ 49%] Building C object libs/levelx/CMakeFiles/libs_levelx.dir/__/__/third_party/eclipse-threadx/levelx/common/src/lx_nor_flash_physical_sector_allocate.c.obj
[ 49%] Building C object libs/levelx/CMakeFiles/libs_levelx.dir/__/__/third_party/eclipse-threadx/levelx/common/src/lx_nor_flash_sector_mapping_cache_invalidate.c.obj
[ 49%] Building C object libs/levelx/CMakeFiles/libs_levelx.dir/__/__/third_party/eclipse-threadx/levelx/common/src/lx_nor_flash_sector_read.c.obj
[ 49%] Building C object libs/levelx/CMakeFiles/libs_levelx.dir/__/__/third_party/eclipse-threadx/levelx/common/src/lx_nor_flash_sector_release.c.obj
[ 49%] Building C object libs/levelx/CMakeFiles/libs_levelx.dir/__/__/third_party/eclipse-threadx/levelx/common/src/lx_nor_flash_sector_write.c.obj
[ 49%] Building C object libs/levelx/CMakeFiles/libs_levelx.dir/__/__/third_party/eclipse-threadx/levelx/common/src/lx_nor_flash_system_error.c.obj
[ 49%] Linking C static library liblibs_levelx.a
[ 49%] Built target libs_levelx
[ 49%] Building C object libs/filex/CMakeFiles/libs_filex.dir/__/__/third_party/eclipse-threadx/filex/common/src/fx_directory_attributes_read.c.obj
[ 50%] Building C object libs/filex/CMakeFiles/libs_filex.dir/__/__/third_party/eclipse-threadx/filex/common/src/fx_directory_attributes_set.c.obj
[ 50%] Building C object libs/filex/CMakeFiles/libs_filex.dir/__/__/third_party/eclipse-threadx/filex/common/src/fx_directory_create.c.obj
[ 50%] Building C object libs/filex/CMakeFiles/libs_filex.dir/__/__/third_party/eclipse-threadx/filex/common/src/fx_directory_default_get.c.obj
[ 50%] Building C object libs/filex/CMakeFiles/libs_filex.dir/__/__/third_party/eclipse-threadx/filex/common/src/fx_directory_default_get_copy.c.obj
[ 50%] Building C object libs/filex/CMakeFiles/libs_filex.dir/__/__/third_party/eclipse-threadx/filex/common/src/fx_directory_default_set.c.obj
[ 50%] Building C object libs/filex/CMakeFiles/libs_filex.dir/__/__/third_party/eclipse-threadx/filex/common/src/fx_directory_delete.c.obj
[ 50%] Building C object libs/filex/CMakeFiles/libs_filex.dir/__/__/third_party/eclipse-threadx/filex/common/src/fx_directory_entry_read.c.obj
[ 50%] Building C object libs/filex/CMakeFiles/libs_filex.dir/__/__/third_party/eclipse-threadx/filex/common/src/fx_directory_entry_write.c.obj
[ 50%] Building C object libs/filex/CMakeFiles/libs_filex.dir/__/__/third_party/eclipse-threadx/filex/common/src/fx_directory_first_entry_find.c.obj
[ 50%] Building C object libs/filex/CMakeFiles/libs_filex.dir/__/__/third_party/eclipse-threadx/filex/common/src/fx_directory_first_full_entry_find.c.obj
[ 50%] Building C object libs/filex/CMakeFiles/libs_filex.dir/__/__/third_party/eclipse-threadx/filex/common/src/fx_directory_free_search.c.obj
[ 50%] Building C object libs/filex/CMakeFiles/libs_filex.dir/__/__/third_party/eclipse-threadx/filex/common/src/fx_directory_information_get.c.obj
[ 50%] Building C object libs/filex/CMakeFiles/libs_filex.dir/__/__/third_party/eclipse-threadx/filex/common/src/fx_directory_local_path_clear.c.obj
[ 50%] Building C object libs/filex/CMakeFiles/libs_filex.dir/__/__/third_party/eclipse-threadx/filex/common/src/fx_directory_local_path_get.c.obj
[ 50%] Building C object libs/filex/CMakeFiles/libs_filex.dir/__/__/third_party/eclipse-threadx/filex/common/src/fx_directory_local_path_get_copy.c.obj
[ 50%] Building C object libs/filex/CMakeFiles/libs_filex.dir/__/__/third_party/eclipse-threadx/filex/common/src/fx_directory_local_path_restore.c.obj
[ 50%] Building C object libs/filex/CMakeFiles/libs_filex.dir/__/__/third_party/eclipse-threadx/filex/common/src/fx_directory_local_path_set.c.obj
[ 50%] Building C object libs/filex/CMakeFiles/libs_filex.dir/__/__/third_party/eclipse-threadx/filex/common/src/fx_directory_long_name_get.c.obj
[ 52%] Building C object libs/filex/CMakeFiles/libs_filex.dir/__/__/third_party/eclipse-threadx/filex/common/src/fx_directory_long_name_get_extended.c.obj
[ 52%] Building C object libs/filex/CMakeFiles/libs_filex.dir/__/__/third_party/eclipse-threadx/filex/common/src/fx_directory_name_extract.c.obj
[ 52%] Building C object libs/filex/CMakeFiles/libs_filex.dir/__/__/third_party/eclipse-threadx/filex/common/src/fx_directory_name_test.c.obj
[ 52%] Building C object libs/filex/CMakeFiles/libs_filex.dir/__/__/third_party/eclipse-threadx/filex/common/src/fx_directory_next_entry_find.c.obj
[ 52%] Building C object libs/filex/CMakeFiles/libs_filex.dir/__/__/third_party/eclipse-threadx/filex/common/src/fx_directory_next_full_entry_find.c.obj
[ 52%] Building C object libs/filex/CMakeFiles/libs_filex.dir/__/__/third_party/eclipse-threadx/filex/common/src/fx_directory_rename.c.obj
[ 52%] Building C object libs/filex/CMakeFiles/libs_filex.dir/__/__/third_party/eclipse-threadx/filex/common/src/fx_directory_search.c.obj
[ 52%] Building C object libs/filex/CMakeFiles/libs_filex.dir/__/__/third_party/eclipse-threadx/filex/common/src/fx_directory_short_name_get.c.obj
[ 52%] Building C object libs/filex/CMakeFiles/libs_filex.dir/__/__/third_party/eclipse-threadx/filex/common/src/fx_directory_short_name_get_extended.c.obj
[ 52%] Building C object libs/filex/CMakeFiles/libs_filex.dir/__/__/third_party/eclipse-threadx/filex/common/src/fx_fault_tolerant_add_FAT_log.c.obj
[ 52%] Building C object libs/filex/CMakeFiles/libs_filex.dir/__/__/third_party/eclipse-threadx/filex/common/src/fx_fault_tolerant_add_bitmap_log.c.obj
[ 52%] Building C object libs/filex/CMakeFiles/libs_filex.dir/__/__/third_party/eclipse-threadx/filex/common/src/fx_fault_tolerant_add_checksum_log.c.obj
[ 52%] Building C object libs/filex/CMakeFiles/libs_filex.dir/__/__/third_party/eclipse-threadx/filex/common/src/fx_fault_tolerant_add_dir_log.c.obj
[ 52%] Building C object libs/filex/CMakeFiles/libs_filex.dir/__/__/third_party/eclipse-threadx/filex/common/src/fx_fault_tolerant_apply_logs.c.obj
[ 52%] Building C object libs/filex/CMakeFiles/libs_filex.dir/__/__/third_party/eclipse-threadx/filex/common/src/fx_fault_tolerant_calculate_checksum.c.obj
[ 52%] Building C object libs/filex/CMakeFiles/libs_filex.dir/__/__/third_party/eclipse-threadx/filex/common/src/fx_fault_tolerant_cleanup_FAT_chain.c.obj
[ 52%] Building C object libs/filex/CMakeFiles/libs_filex.dir/__/__/third_party/eclipse-threadx/filex/common/src/fx_fault_tolerant_create_log_file.c.obj
[ 52%] Building C object libs/filex/CMakeFiles/libs_filex.dir/__/__/third_party/eclipse-threadx/filex/common/src/fx_fault_tolerant_enable.c.obj
[ 53%] Building C object libs/filex/CMakeFiles/libs_filex.dir/__/__/third_party/eclipse-threadx/filex/common/src/fx_fault_tolerant_read_FAT.c.obj
[ 53%] Building C object libs/filex/CMakeFiles/libs_filex.dir/__/__/third_party/eclipse-threadx/filex/common/src/fx_fault_tolerant_read_directory_sector.c.obj
[ 53%] Building C object libs/filex/CMakeFiles/libs_filex.dir/__/__/third_party/eclipse-threadx/filex/common/src/fx_fault_tolerant_read_log_file.c.obj
[ 53%] Building C object libs/filex/CMakeFiles/libs_filex.dir/__/__/third_party/eclipse-threadx/filex/common/src/fx_fault_tolerant_recover.c.obj
[ 53%] Building C object libs/filex/CMakeFiles/libs_filex.dir/__/__/third_party/eclipse-threadx/filex/common/src/fx_fault_tolerant_reset_log_file.c.obj
[ 53%] Building C object libs/filex/CMakeFiles/libs_filex.dir/__/__/third_party/eclipse-threadx/filex/common/src/fx_fault_tolerant_set_FAT_chain.c.obj
[ 53%] Building C object libs/filex/CMakeFiles/libs_filex.dir/__/__/third_party/eclipse-threadx/filex/common/src/fx_fault_tolerant_transaction_end.c.obj
[ 53%] Building C object libs/filex/CMakeFiles/libs_filex.dir/__/__/third_party/eclipse-threadx/filex/common/src/fx_fault_tolerant_transaction_fail.c.obj
[ 53%] Building C object libs/filex/CMakeFiles/libs_filex.dir/__/__/third_party/eclipse-threadx/filex/common/src/fx_fault_tolerant_transaction_start.c.obj
[ 53%] Building C object libs/filex/CMakeFiles/libs_filex.dir/__/__/third_party/eclipse-threadx/filex/common/src/fx_fault_tolerant_write_log_file.c.obj
[ 53%] Building C object libs/filex/CMakeFiles/libs_filex.dir/__/__/third_party/eclipse-threadx/filex/common/src/fx_file_allocate.c.obj
[ 53%] Building C object libs/filex/CMakeFiles/libs_filex.dir/__/__/third_party/eclipse-threadx/filex/common/src/fx_file_attributes_read.c.obj
[ 53%] Building C object libs/filex/CMakeFiles/libs_filex.dir/__/__/third_party/eclipse-threadx/filex/common/src/fx_file_attributes_set.c.obj
[ 53%] Building C object libs/filex/CMakeFiles/libs_filex.dir/__/__/third_party/eclipse-threadx/filex/common/src/fx_file_best_effort_allocate.c.obj
[ 53%] Building C object libs/filex/CMakeFiles/libs_filex.dir/__/__/third_party/eclipse-threadx/filex/common/src/fx_file_close.c.obj
[ 53%] Building C object libs/filex/CMakeFiles/libs_filex.dir/__/__/third_party/eclipse-threadx/filex/common/src/fx_file_create.c.obj
[ 53%] Building C object libs/filex/CMakeFiles/libs_filex.dir/__/__/third_party/eclipse-threadx/filex/common/src/fx_file_date_time_set.c.obj
[ 53%] Building C object libs/filex/CMakeFiles/libs_filex.dir/__/__/third_party/eclipse-threadx/filex/common/src/fx_file_delete.c.obj
[ 53%] Building C object libs/filex/CMakeFiles/libs_filex.dir/__/__/third_party/eclipse-threadx/filex/common/src/fx_file_extended_allocate.c.obj
[ 55%] Building C object libs/filex/CMakeFiles/libs_filex.dir/__/__/third_party/eclipse-threadx/filex/common/src/fx_file_extended_best_effort_allocate.c.obj
[ 55%] Building C object libs/filex/CMakeFiles/libs_filex.dir/__/__/third_party/eclipse-threadx/filex/common/src/fx_file_extended_relative_seek.c.obj
[ 55%] Building C object libs/filex/CMakeFiles/libs_filex.dir/__/__/third_party/eclipse-threadx/filex/common/src/fx_file_extended_seek.c.obj
[ 55%] Building C object libs/filex/CMakeFiles/libs_filex.dir/__/__/third_party/eclipse-threadx/filex/common/src/fx_file_extended_truncate.c.obj
[ 55%] Building C object libs/filex/CMakeFiles/libs_filex.dir/__/__/third_party/eclipse-threadx/filex/common/src/fx_file_extended_truncate_release.c.obj
[ 55%] Building C object libs/filex/CMakeFiles/libs_filex.dir/__/__/third_party/eclipse-threadx/filex/common/src/fx_file_open.c.obj
[ 55%] Building C object libs/filex/CMakeFiles/libs_filex.dir/__/__/third_party/eclipse-threadx/filex/common/src/fx_file_read.c.obj
[ 55%] Building C object libs/filex/CMakeFiles/libs_filex.dir/__/__/third_party/eclipse-threadx/filex/common/src/fx_file_relative_seek.c.obj
[ 55%] Building C object libs/filex/CMakeFiles/libs_filex.dir/__/__/third_party/eclipse-threadx/filex/common/src/fx_file_rename.c.obj
[ 55%] Building C object libs/filex/CMakeFiles/libs_filex.dir/__/__/third_party/eclipse-threadx/filex/common/src/fx_file_seek.c.obj
[ 55%] Building C object libs/filex/CMakeFiles/libs_filex.dir/__/__/third_party/eclipse-threadx/filex/common/src/fx_file_truncate.c.obj
[ 55%] Building C object libs/filex/CMakeFiles/libs_filex.dir/__/__/third_party/eclipse-threadx/filex/common/src/fx_file_truncate_release.c.obj
[ 55%] Building C object libs/filex/CMakeFiles/libs_filex.dir/__/__/third_party/eclipse-threadx/filex/common/src/fx_file_write.c.obj
[ 55%] Building C object libs/filex/CMakeFiles/libs_filex.dir/__/__/third_party/eclipse-threadx/filex/common/src/fx_file_write_notify_set.c.obj
[ 55%] Building C object libs/filex/CMakeFiles/libs_filex.dir/__/__/third_party/eclipse-threadx/filex/common/src/fx_media_abort.c.obj
[ 55%] Building C object libs/filex/CMakeFiles/libs_filex.dir/__/__/third_party/eclipse-threadx/filex/common/src/fx_media_boot_info_extract.c.obj
[ 55%] Building C object libs/filex/CMakeFiles/libs_filex.dir/__/__/third_party/eclipse-threadx/filex/common/src/fx_media_cache_invalidate.c.obj
[ 55%] Building C object libs/filex/CMakeFiles/libs_filex.dir/__/__/third_party/eclipse-threadx/filex/common/src/fx_media_check.c.obj
[ 56%] Building C object libs/filex/CMakeFiles/libs_filex.dir/__/__/third_party/eclipse-threadx/filex/common/src/fx_media_check_FAT_chain_check.c.obj
[ 56%] Building C object libs/filex/CMakeFiles/libs_filex.dir/__/__/third_party/eclipse-threadx/filex/common/src/fx_media_check_lost_cluster_check.c.obj
[ 56%] Building C object libs/filex/CMakeFiles/libs_filex.dir/__/__/third_party/eclipse-threadx/filex/common/src/fx_media_close.c.obj
[ 56%] Building C object libs/filex/CMakeFiles/libs_filex.dir/__/__/third_party/eclipse-threadx/filex/common/src/fx_media_close_notify_set.c.obj
[ 56%] Building C object libs/filex/CMakeFiles/libs_filex.dir/__/__/third_party/eclipse-threadx/filex/common/src/fx_media_extended_space_available.c.obj
[ 56%] Building C object libs/filex/CMakeFiles/libs_filex.dir/__/__/third_party/eclipse-threadx/filex/common/src/fx_media_flush.c.obj
[ 56%] Building C object libs/filex/CMakeFiles/libs_filex.dir/__/__/third_party/eclipse-threadx/filex/common/src/fx_media_format.c.obj
[ 56%] Building C object libs/filex/CMakeFiles/libs_filex.dir/__/__/third_party/eclipse-threadx/filex/common/src/fx_media_format_oem_name_set.c.obj
[ 56%] Building C object libs/filex/CMakeFiles/libs_filex.dir/__/__/third_party/eclipse-threadx/filex/common/src/fx_media_format_type_set.c.obj
[ 56%] Building C object libs/filex/CMakeFiles/libs_filex.dir/__/__/third_party/eclipse-threadx/filex/common/src/fx_media_format_volume_id_set.c.obj
[ 56%] Building C object libs/filex/CMakeFiles/libs_filex.dir/__/__/third_party/eclipse-threadx/filex/common/src/fx_media_open.c.obj
[ 56%] Building C object libs/filex/CMakeFiles/libs_filex.dir/__/__/third_party/eclipse-threadx/filex/common/src/fx_media_open_notify_set.c.obj
[ 56%] Building C object libs/filex/CMakeFiles/libs_filex.dir/__/__/third_party/eclipse-threadx/filex/common/src/fx_media_read.c.obj
[ 56%] Building C object libs/filex/CMakeFiles/libs_filex.dir/__/__/third_party/eclipse-threadx/filex/common/src/fx_media_space_available.c.obj
[ 56%] Building C object libs/filex/CMakeFiles/libs_filex.dir/__/__/third_party/eclipse-threadx/filex/common/src/fx_media_volume_get.c.obj
[ 56%] Building C object libs/filex/CMakeFiles/libs_filex.dir/__/__/third_party/eclipse-threadx/filex/common/src/fx_media_volume_get_extended.c.obj
[ 56%] Building C object libs/filex/CMakeFiles/libs_filex.dir/__/__/third_party/eclipse-threadx/filex/common/src/fx_media_volume_set.c.obj
[ 56%] Building C object libs/filex/CMakeFiles/libs_filex.dir/__/__/third_party/eclipse-threadx/filex/common/src/fx_media_write.c.obj
[ 56%] Building C object libs/filex/CMakeFiles/libs_filex.dir/__/__/third_party/eclipse-threadx/filex/common/src/fx_partition_offset_calculate.c.obj
[ 57%] Building C object libs/filex/CMakeFiles/libs_filex.dir/__/__/third_party/eclipse-threadx/filex/common/src/fx_ram_driver.c.obj
[ 57%] Building C object libs/filex/CMakeFiles/libs_filex.dir/__/__/third_party/eclipse-threadx/filex/common/src/fx_system_date_get.c.obj
[ 57%] Building C object libs/filex/CMakeFiles/libs_filex.dir/__/__/third_party/eclipse-threadx/filex/common/src/fx_system_date_set.c.obj
[ 57%] Building C object libs/filex/CMakeFiles/libs_filex.dir/__/__/third_party/eclipse-threadx/filex/common/src/fx_system_initialize.c.obj
[ 57%] Building C object libs/filex/CMakeFiles/libs_filex.dir/__/__/third_party/eclipse-threadx/filex/common/src/fx_system_time_get.c.obj
[ 57%] Building C object libs/filex/CMakeFiles/libs_filex.dir/__/__/third_party/eclipse-threadx/filex/common/src/fx_system_time_set.c.obj
[ 57%] Building C object libs/filex/CMakeFiles/libs_filex.dir/__/__/third_party/eclipse-threadx/filex/common/src/fx_system_timer_entry.c.obj
[ 57%] Building C object libs/filex/CMakeFiles/libs_filex.dir/__/__/third_party/eclipse-threadx/filex/common/src/fx_trace_event_insert.c.obj
[ 57%] Building C object libs/filex/CMakeFiles/libs_filex.dir/__/__/third_party/eclipse-threadx/filex/common/src/fx_trace_event_update.c.obj
[ 57%] Building C object libs/filex/CMakeFiles/libs_filex.dir/__/__/third_party/eclipse-threadx/filex/common/src/fx_trace_object_register.c.obj
[ 57%] Building C object libs/filex/CMakeFiles/libs_filex.dir/__/__/third_party/eclipse-threadx/filex/common/src/fx_trace_object_unregister.c.obj
[ 57%] Building C object libs/filex/CMakeFiles/libs_filex.dir/__/__/third_party/eclipse-threadx/filex/common/src/fx_unicode_directory_create.c.obj
[ 57%] Building C object libs/filex/CMakeFiles/libs_filex.dir/__/__/third_party/eclipse-threadx/filex/common/src/fx_unicode_directory_entry_change.c.obj
[ 57%] Building C object libs/filex/CMakeFiles/libs_filex.dir/__/__/third_party/eclipse-threadx/filex/common/src/fx_unicode_directory_entry_read.c.obj
[ 57%] Building C object libs/filex/CMakeFiles/libs_filex.dir/__/__/third_party/eclipse-threadx/filex/common/src/fx_unicode_directory_rename.c.obj
[ 57%] Building C object libs/filex/CMakeFiles/libs_filex.dir/__/__/third_party/eclipse-threadx/filex/common/src/fx_unicode_directory_search.c.obj
[ 57%] Building C object libs/filex/CMakeFiles/libs_filex.dir/__/__/third_party/eclipse-threadx/filex/common/src/fx_unicode_file_create.c.obj
[ 57%] Building C object libs/filex/CMakeFiles/libs_filex.dir/__/__/third_party/eclipse-threadx/filex/common/src/fx_unicode_file_rename.c.obj
[ 59%] Building C object libs/filex/CMakeFiles/libs_filex.dir/__/__/third_party/eclipse-threadx/filex/common/src/fx_unicode_length_get.c.obj
[ 59%] Building C object libs/filex/CMakeFiles/libs_filex.dir/__/__/third_party/eclipse-threadx/filex/common/src/fx_unicode_length_get_extended.c.obj
[ 59%] Building C object libs/filex/CMakeFiles/libs_filex.dir/__/__/third_party/eclipse-threadx/filex/common/src/fx_unicode_name_get.c.obj
[ 59%] Building C object libs/filex/CMakeFiles/libs_filex.dir/__/__/third_party/eclipse-threadx/filex/common/src/fx_unicode_name_get_extended.c.obj
[ 59%] Building C object libs/filex/CMakeFiles/libs_filex.dir/__/__/third_party/eclipse-threadx/filex/common/src/fx_unicode_short_name_get.c.obj
[ 59%] Building C object libs/filex/CMakeFiles/libs_filex.dir/__/__/third_party/eclipse-threadx/filex/common/src/fx_unicode_short_name_get_extended.c.obj
[ 59%] Building C object libs/filex/CMakeFiles/libs_filex.dir/__/__/third_party/eclipse-threadx/filex/common/src/fx_utility_16_unsigned_read.c.obj
[ 59%] Building C object libs/filex/CMakeFiles/libs_filex.dir/__/__/third_party/eclipse-threadx/filex/common/src/fx_utility_16_unsigned_write.c.obj
[ 59%] Building C object libs/filex/CMakeFiles/libs_filex.dir/__/__/third_party/eclipse-threadx/filex/common/src/fx_utility_32_unsigned_read.c.obj
[ 59%] Building C object libs/filex/CMakeFiles/libs_filex.dir/__/__/third_party/eclipse-threadx/filex/common/src/fx_utility_32_unsigned_write.c.obj
[ 59%] Building C object libs/filex/CMakeFiles/libs_filex.dir/__/__/third_party/eclipse-threadx/filex/common/src/fx_utility_64_unsigned_read.c.obj
[ 59%] Building C object libs/filex/CMakeFiles/libs_filex.dir/__/__/third_party/eclipse-threadx/filex/common/src/fx_utility_64_unsigned_write.c.obj
[ 59%] Building C object libs/filex/CMakeFiles/libs_filex.dir/__/__/third_party/eclipse-threadx/filex/common/src/fx_utility_FAT_entry_read.c.obj
[ 59%] Building C object libs/filex/CMakeFiles/libs_filex.dir/__/__/third_party/eclipse-threadx/filex/common/src/fx_utility_FAT_entry_write.c.obj
[ 59%] Building C object libs/filex/CMakeFiles/libs_filex.dir/__/__/third_party/eclipse-threadx/filex/common/src/fx_utility_FAT_flush.c.obj
[ 59%] Building C object libs/filex/CMakeFiles/libs_filex.dir/__/__/third_party/eclipse-threadx/filex/common/src/fx_utility_FAT_map_flush.c.obj
[ 59%] Building C object libs/filex/CMakeFiles/libs_filex.dir/__/__/third_party/eclipse-threadx/filex/common/src/fx_utility_FAT_sector_get.c.obj
[ 59%] Building C object libs/filex/CMakeFiles/libs_filex.dir/__/__/third_party/eclipse-threadx/filex/common/src/fx_utility_absolute_path_get.c.obj
[ 60%] Building C object libs/filex/CMakeFiles/libs_filex.dir/__/__/third_party/eclipse-threadx/filex/common/src/fx_utility_logical_sector_cache_entry_read.c.obj
[ 60%] Building C object libs/filex/CMakeFiles/libs_filex.dir/__/__/third_party/eclipse-threadx/filex/common/src/fx_utility_logical_sector_flush.c.obj
[ 60%] Building C object libs/filex/CMakeFiles/libs_filex.dir/__/__/third_party/eclipse-threadx/filex/common/src/fx_utility_logical_sector_read.c.obj
[ 60%] Building C object libs/filex/CMakeFiles/libs_filex.dir/__/__/third_party/eclipse-threadx/filex/common/src/fx_utility_logical_sector_write.c.obj
[ 60%] Building C object libs/filex/CMakeFiles/libs_filex.dir/__/__/third_party/eclipse-threadx/filex/common/src/fx_utility_memory_copy.c.obj
[ 60%] Building C object libs/filex/CMakeFiles/libs_filex.dir/__/__/third_party/eclipse-threadx/filex/common/src/fx_utility_memory_set.c.obj
[ 60%] Building C object libs/filex/CMakeFiles/libs_filex.dir/__/__/third_party/eclipse-threadx/filex/common/src/fx_utility_string_length_get.c.obj
[ 60%] Building C object libs/filex/CMakeFiles/libs_filex.dir/__/__/third_party/eclipse-threadx/filex/common/src/fx_utility_token_length_get.c.obj
[ 60%] Building C object libs/filex/CMakeFiles/libs_filex.dir/__/__/third_party/eclipse-threadx/filex/common/src/fxe_directory_attributes_read.c.obj
[ 60%] Building C object libs/filex/CMakeFiles/libs_filex.dir/__/__/third_party/eclipse-threadx/filex/common/src/fxe_directory_attributes_set.c.obj
[ 60%] Building C object libs/filex/CMakeFiles/libs_filex.dir/__/__/third_party/eclipse-threadx/filex/common/src/fxe_directory_create.c.obj
[ 60%] Building C object libs/filex/CMakeFiles/libs_filex.dir/__/__/third_party/eclipse-threadx/filex/common/src/fxe_directory_default_get.c.obj
[ 60%] Building C object libs/filex/CMakeFiles/libs_filex.dir/__/__/third_party/eclipse-threadx/filex/common/src/fxe_directory_default_get_copy.c.obj
[ 60%] Building C object libs/filex/CMakeFiles/libs_filex.dir/__/__/third_party/eclipse-threadx/filex/common/src/fxe_directory_default_set.c.obj
[ 60%] Building C object libs/filex/CMakeFiles/libs_filex.dir/__/__/third_party/eclipse-threadx/filex/common/src/fxe_directory_delete.c.obj
[ 60%] Building C object libs/filex/CMakeFiles/libs_filex.dir/__/__/third_party/eclipse-threadx/filex/common/src/fxe_directory_first_entry_find.c.obj
[ 60%] Building C object libs/filex/CMakeFiles/libs_filex.dir/__/__/third_party/eclipse-threadx/filex/common/src/fxe_directory_first_full_entry_find.c.obj
[ 60%] Building C object libs/filex/CMakeFiles/libs_filex.dir/__/__/third_party/eclipse-threadx/filex/common/src/fxe_directory_information_get.c.obj
[ 60%] Building C object libs/filex/CMakeFiles/libs_filex.dir/__/__/third_party/eclipse-threadx/filex/common/src/fxe_directory_local_path_clear.c.obj
[ 62%] Building C object libs/filex/CMakeFiles/libs_filex.dir/__/__/third_party/eclipse-threadx/filex/common/src/fxe_directory_local_path_get.c.obj
[ 62%] Building C object libs/filex/CMakeFiles/libs_filex.dir/__/__/third_party/eclipse-threadx/filex/common/src/fxe_directory_local_path_get_copy.c.obj
[ 62%] Building C object libs/filex/CMakeFiles/libs_filex.dir/__/__/third_party/eclipse-threadx/filex/common/src/fxe_directory_local_path_restore.c.obj
[ 62%] Building C object libs/filex/CMakeFiles/libs_filex.dir/__/__/third_party/eclipse-threadx/filex/common/src/fxe_directory_local_path_set.c.obj
[ 62%] Building C object libs/filex/CMakeFiles/libs_filex.dir/__/__/third_party/eclipse-threadx/filex/common/src/fxe_directory_long_name_get.c.obj
[ 62%] Building C object libs/filex/CMakeFiles/libs_filex.dir/__/__/third_party/eclipse-threadx/filex/common/src/fxe_directory_long_name_get_extended.c.obj
[ 62%] Building C object libs/filex/CMakeFiles/libs_filex.dir/__/__/third_party/eclipse-threadx/filex/common/src/fxe_directory_name_test.c.obj
[ 62%] Building C object libs/filex/CMakeFiles/libs_filex.dir/__/__/third_party/eclipse-threadx/filex/common/src/fxe_directory_next_entry_find.c.obj
[ 62%] Building C object libs/filex/CMakeFiles/libs_filex.dir/__/__/third_party/eclipse-threadx/filex/common/src/fxe_directory_next_full_entry_find.c.obj
[ 62%] Building C object libs/filex/CMakeFiles/libs_filex.dir/__/__/third_party/eclipse-threadx/filex/common/src/fxe_directory_rename.c.obj
[ 62%] Building C object libs/filex/CMakeFiles/libs_filex.dir/__/__/third_party/eclipse-threadx/filex/common/src/fxe_directory_short_name_get.c.obj
[ 62%] Building C object libs/filex/CMakeFiles/libs_filex.dir/__/__/third_party/eclipse-threadx/filex/common/src/fxe_directory_short_name_get_extended.c.obj
[ 62%] Building C object libs/filex/CMakeFiles/libs_filex.dir/__/__/third_party/eclipse-threadx/filex/common/src/fxe_fault_tolerant_enable.c.obj
[ 62%] Building C object libs/filex/CMakeFiles/libs_filex.dir/__/__/third_party/eclipse-threadx/filex/common/src/fxe_file_allocate.c.obj
[ 62%] Building C object libs/filex/CMakeFiles/libs_filex.dir/__/__/third_party/eclipse-threadx/filex/common/src/fxe_file_attributes_read.c.obj
[ 62%] Building C object libs/filex/CMakeFiles/libs_filex.dir/__/__/third_party/eclipse-threadx/filex/common/src/fxe_file_attributes_set.c.obj
[ 62%] Building C object libs/filex/CMakeFiles/libs_filex.dir/__/__/third_party/eclipse-threadx/filex/common/src/fxe_file_best_effort_allocate.c.obj
[ 62%] Building C object libs/filex/CMakeFiles/libs_filex.dir/__/__/third_party/eclipse-threadx/filex/common/src/fxe_file_close.c.obj
[ 63%] Building C object libs/filex/CMakeFiles/libs_filex.dir/__/__/third_party/eclipse-threadx/filex/common/src/fxe_file_create.c.obj
[ 63%] Building C object libs/filex/CMakeFiles/libs_filex.dir/__/__/third_party/eclipse-threadx/filex/common/src/fxe_file_date_time_set.c.obj
[ 63%] Building C object libs/filex/CMakeFiles/libs_filex.dir/__/__/third_party/eclipse-threadx/filex/common/src/fxe_file_delete.c.obj
[ 63%] Building C object libs/filex/CMakeFiles/libs_filex.dir/__/__/third_party/eclipse-threadx/filex/common/src/fxe_file_extended_allocate.c.obj
[ 63%] Building C object libs/filex/CMakeFiles/libs_filex.dir/__/__/third_party/eclipse-threadx/filex/common/src/fxe_file_extended_best_effort_allocate.c.obj
[ 63%] Building C object libs/filex/CMakeFiles/libs_filex.dir/__/__/third_party/eclipse-threadx/filex/common/src/fxe_file_extended_relative_seek.c.obj
[ 63%] Building C object libs/filex/CMakeFiles/libs_filex.dir/__/__/third_party/eclipse-threadx/filex/common/src/fxe_file_extended_seek.c.obj
[ 63%] Building C object libs/filex/CMakeFiles/libs_filex.dir/__/__/third_party/eclipse-threadx/filex/common/src/fxe_file_extended_truncate.c.obj
[ 63%] Building C object libs/filex/CMakeFiles/libs_filex.dir/__/__/third_party/eclipse-threadx/filex/common/src/fxe_file_extended_truncate_release.c.obj
[ 63%] Building C object libs/filex/CMakeFiles/libs_filex.dir/__/__/third_party/eclipse-threadx/filex/common/src/fxe_file_open.c.obj
[ 63%] Building C object libs/filex/CMakeFiles/libs_filex.dir/__/__/third_party/eclipse-threadx/filex/common/src/fxe_file_read.c.obj
[ 63%] Building C object libs/filex/CMakeFiles/libs_filex.dir/__/__/third_party/eclipse-threadx/filex/common/src/fxe_file_relative_seek.c.obj
[ 63%] Building C object libs/filex/CMakeFiles/libs_filex.dir/__/__/third_party/eclipse-threadx/filex/common/src/fxe_file_rename.c.obj
[ 63%] Building C object libs/filex/CMakeFiles/libs_filex.dir/__/__/third_party/eclipse-threadx/filex/common/src/fxe_file_seek.c.obj
[ 63%] Building C object libs/filex/CMakeFiles/libs_filex.dir/__/__/third_party/eclipse-threadx/filex/common/src/fxe_file_truncate.c.obj
[ 63%] Building C object libs/filex/CMakeFiles/libs_filex.dir/__/__/third_party/eclipse-threadx/filex/common/src/fxe_file_truncate_release.c.obj
[ 63%] Building C object libs/filex/CMakeFiles/libs_filex.dir/__/__/third_party/eclipse-threadx/filex/common/src/fxe_file_write.c.obj
[ 63%] Building C object libs/filex/CMakeFiles/libs_filex.dir/__/__/third_party/eclipse-threadx/filex/common/src/fxe_file_write_notify_set.c.obj
[ 65%] Building C object libs/filex/CMakeFiles/libs_filex.dir/__/__/third_party/eclipse-threadx/filex/common/src/fxe_media_abort.c.obj
[ 65%] Building C object libs/filex/CMakeFiles/libs_filex.dir/__/__/third_party/eclipse-threadx/filex/common/src/fxe_media_cache_invalidate.c.obj
[ 65%] Building C object libs/filex/CMakeFiles/libs_filex.dir/__/__/third_party/eclipse-threadx/filex/common/src/fxe_media_check.c.obj
[ 65%] Building C object libs/filex/CMakeFiles/libs_filex.dir/__/__/third_party/eclipse-threadx/filex/common/src/fxe_media_close.c.obj
[ 65%] Building C object libs/filex/CMakeFiles/libs_filex.dir/__/__/third_party/eclipse-threadx/filex/common/src/fxe_media_close_notify_set.c.obj
[ 65%] Building C object libs/filex/CMakeFiles/libs_filex.dir/__/__/third_party/eclipse-threadx/filex/common/src/fxe_media_extended_space_available.c.obj
[ 65%] Building C object libs/filex/CMakeFiles/libs_filex.dir/__/__/third_party/eclipse-threadx/filex/common/src/fxe_media_flush.c.obj
[ 65%] Building C object libs/filex/CMakeFiles/libs_filex.dir/__/__/third_party/eclipse-threadx/filex/common/src/fxe_media_format.c.obj
[ 65%] Building C object libs/filex/CMakeFiles/libs_filex.dir/__/__/third_party/eclipse-threadx/filex/common/src/fxe_media_open.c.obj
[ 65%] Building C object libs/filex/CMakeFiles/libs_filex.dir/__/__/third_party/eclipse-threadx/filex/common/src/fxe_media_open_notify_set.c.obj
[ 65%] Building C object libs/filex/CMakeFiles/libs_filex.dir/__/__/third_party/eclipse-threadx/filex/common/src/fxe_media_read.c.obj
[ 65%] Building C object libs/filex/CMakeFiles/libs_filex.dir/__/__/third_party/eclipse-threadx/filex/common/src/fxe_media_space_available.c.obj
[ 65%] Building C object libs/filex/CMakeFiles/libs_filex.dir/__/__/third_party/eclipse-threadx/filex/common/src/fxe_media_volume_get.c.obj
[ 65%] Building C object libs/filex/CMakeFiles/libs_filex.dir/__/__/third_party/eclipse-threadx/filex/common/src/fxe_media_volume_get_extended.c.obj
[ 65%] Building C object libs/filex/CMakeFiles/libs_filex.dir/__/__/third_party/eclipse-threadx/filex/common/src/fxe_media_volume_set.c.obj
[ 65%] Building C object libs/filex/CMakeFiles/libs_filex.dir/__/__/third_party/eclipse-threadx/filex/common/src/fxe_media_write.c.obj
[ 65%] Building C object libs/filex/CMakeFiles/libs_filex.dir/__/__/third_party/eclipse-threadx/filex/common/src/fxe_system_date_get.c.obj
[ 65%] Building C object libs/filex/CMakeFiles/libs_filex.dir/__/__/third_party/eclipse-threadx/filex/common/src/fxe_system_date_set.c.obj
[ 65%] Building C object libs/filex/CMakeFiles/libs_filex.dir/__/__/third_party/eclipse-threadx/filex/common/src/fxe_system_time_get.c.obj
[ 66%] Building C object libs/filex/CMakeFiles/libs_filex.dir/__/__/third_party/eclipse-threadx/filex/common/src/fxe_system_time_set.c.obj
[ 66%] Building C object libs/filex/CMakeFiles/libs_filex.dir/__/__/third_party/eclipse-threadx/filex/common/src/fxe_unicode_directory_create.c.obj
[ 66%] Building C object libs/filex/CMakeFiles/libs_filex.dir/__/__/third_party/eclipse-threadx/filex/common/src/fxe_unicode_directory_rename.c.obj
[ 66%] Building C object libs/filex/CMakeFiles/libs_filex.dir/__/__/third_party/eclipse-threadx/filex/common/src/fxe_unicode_file_create.c.obj
[ 66%] Building C object libs/filex/CMakeFiles/libs_filex.dir/__/__/third_party/eclipse-threadx/filex/common/src/fxe_unicode_file_rename.c.obj
[ 66%] Building C object libs/filex/CMakeFiles/libs_filex.dir/__/__/third_party/eclipse-threadx/filex/common/src/fxe_unicode_name_get.c.obj
[ 66%] Building C object libs/filex/CMakeFiles/libs_filex.dir/__/__/third_party/eclipse-threadx/filex/common/src/fxe_unicode_name_get_extended.c.obj
[ 66%] Building C object libs/filex/CMakeFiles/libs_filex.dir/__/__/third_party/eclipse-threadx/filex/common/src/fxe_unicode_short_name_get.c.obj
[ 66%] Building C object libs/filex/CMakeFiles/libs_filex.dir/__/__/third_party/eclipse-threadx/filex/common/src/fxe_unicode_short_name_get_extended.c.obj
[ 66%] Linking C static library liblibs_filex.a
[ 66%] Built target libs_filex
[ 66%] Building C object libs/nxp/rt1176-sdk/CMakeFiles/libs_nxp_rt1176-sdk-mcmgr_m7.dir/__/__/__/third_party/nxp/rt1176-sdk/middleware/multicore/mcmgr/src/mcmgr.c.obj
[ 66%] Building C object libs/nxp/rt1176-sdk/CMakeFiles/libs_nxp_rt1176-sdk-mcmgr_m7.dir/__/__/__/third_party/nxp/rt1176-sdk/middleware/multicore/mcmgr/src/mcmgr_internal_core_api_imxrt1170.c.obj
[ 66%] Building C object libs/nxp/rt1176-sdk/CMakeFiles/libs_nxp_rt1176-sdk-mcmgr_m7.dir/__/__/__/third_party/nxp/rt1176-sdk/middleware/multicore/mcmgr/src/mcmgr_mu_internal.c.obj
[ 66%] Built target libs_nxp_rt1176-sdk-mcmgr_m7
[ 66%] Building C object libs/nxp/rt1176-sdk/CMakeFiles/libs_nxp_rt1176-sdk_lwip.dir/__/__/__/third_party/nxp/rt1176-sdk/middleware/lwip/src/apps/sntp/sntp.c.obj
In file included from /home/bogdan/work/coralmicro/third_party/nxp/rt1176-sdk/middleware/lwip/src/include/lwip/opt.h:51,
                 from /home/bogdan/work/coralmicro/third_party/nxp/rt1176-sdk/middleware/lwip/src/include/lwip/apps/sntp_opts.h:40,
                 from /home/bogdan/work/coralmicro/third_party/nxp/rt1176-sdk/middleware/lwip/src/include/lwip/apps/sntp.h:40,
                 from /home/bogdan/work/coralmicro/third_party/nxp/rt1176-sdk/middleware/lwip/src/apps/sntp/sntp.c:54:
/home/bogdan/work/coralmicro/third_party/nxp/rt1176-sdk/middleware/lwip/src/apps/sntp/sntp.c: In function 'sntp_process':
/home/bogdan/work/coralmicro/third_party/modified/nxp/rt1176-sdk/lwipopts.h:287:35: warning: implicit declaration of function 'sntp_set_system_time' [-Wimplicit-function-declaration]
  287 | #define SNTP_SET_SYSTEM_TIME(sec) sntp_set_system_time(sec)
      |                                   ^~~~~~~~~~~~~~~~~~~~
/home/bogdan/work/coralmicro/third_party/nxp/rt1176-sdk/middleware/lwip/src/apps/sntp/sntp.c:141:5: note: in expansion of macro 'SNTP_SET_SYSTEM_TIME'
  141 |     SNTP_SET_SYSTEM_TIME((u32_t)((s) + DIFF_SEC_1970_2036))
      |     ^~~~~~~~~~~~~~~~~~~~
/home/bogdan/work/coralmicro/third_party/nxp/rt1176-sdk/middleware/lwip/src/apps/sntp/sntp.c:331:3: note: in expansion of macro 'SNTP_SET_SYSTEM_TIME_NTP'
  331 |   SNTP_SET_SYSTEM_TIME_NTP(sec, frac);
      |   ^~~~~~~~~~~~~~~~~~~~~~~~
[ 66%] Building C object libs/nxp/rt1176-sdk/CMakeFiles/libs_nxp_rt1176-sdk_lwip.dir/__/__/__/third_party/modified/nxp/rt1176-sdk/dhcp_server.c.obj
[ 66%] Building C object libs/nxp/rt1176-sdk/CMakeFiles/libs_nxp_rt1176-sdk_lwip.dir/__/__/__/third_party/nxp/rt1176-sdk/middleware/lwip/src/apps/lwiperf/lwiperf.c.obj
[ 66%] Building C object libs/nxp/rt1176-sdk/CMakeFiles/libs_nxp_rt1176-sdk_lwip.dir/__/__/__/third_party/nxp/rt1176-sdk/middleware/lwip/port/enet_ethernetif.c.obj
[ 66%] Building C object libs/nxp/rt1176-sdk/CMakeFiles/libs_nxp_rt1176-sdk_lwip.dir/__/__/__/third_party/nxp/rt1176-sdk/middleware/lwip/port/enet_ethernetif_kinetis.c.obj
[ 66%] Building C object libs/nxp/rt1176-sdk/CMakeFiles/libs_nxp_rt1176-sdk_lwip.dir/__/__/__/third_party/nxp/rt1176-sdk/middleware/lwip/port/sys_arch.c.obj
[ 66%] Building C object libs/nxp/rt1176-sdk/CMakeFiles/libs_nxp_rt1176-sdk_lwip.dir/__/__/__/third_party/nxp/rt1176-sdk/middleware/lwip/src/api/api_lib.c.obj
[ 66%] Building C object libs/nxp/rt1176-sdk/CMakeFiles/libs_nxp_rt1176-sdk_lwip.dir/__/__/__/third_party/nxp/rt1176-sdk/middleware/lwip/src/api/api_msg.c.obj
[ 66%] Building C object libs/nxp/rt1176-sdk/CMakeFiles/libs_nxp_rt1176-sdk_lwip.dir/__/__/__/third_party/nxp/rt1176-sdk/middleware/lwip/src/api/err.c.obj
[ 66%] Building C object libs/nxp/rt1176-sdk/CMakeFiles/libs_nxp_rt1176-sdk_lwip.dir/__/__/__/third_party/nxp/rt1176-sdk/middleware/lwip/src/api/netbuf.c.obj
[ 66%] Building C object libs/nxp/rt1176-sdk/CMakeFiles/libs_nxp_rt1176-sdk_lwip.dir/__/__/__/third_party/nxp/rt1176-sdk/middleware/lwip/src/api/netdb.c.obj
[ 66%] Building C object libs/nxp/rt1176-sdk/CMakeFiles/libs_nxp_rt1176-sdk_lwip.dir/__/__/__/third_party/nxp/rt1176-sdk/middleware/lwip/src/api/netifapi.c.obj
[ 66%] Building C object libs/nxp/rt1176-sdk/CMakeFiles/libs_nxp_rt1176-sdk_lwip.dir/__/__/__/third_party/nxp/rt1176-sdk/middleware/lwip/src/api/sockets.c.obj
[ 66%] Building C object libs/nxp/rt1176-sdk/CMakeFiles/libs_nxp_rt1176-sdk_lwip.dir/__/__/__/third_party/nxp/rt1176-sdk/middleware/lwip/src/api/tcpip.c.obj
[ 66%] Building C object libs/nxp/rt1176-sdk/CMakeFiles/libs_nxp_rt1176-sdk_lwip.dir/__/__/__/third_party/nxp/rt1176-sdk/middleware/lwip/src/core/raw.c.obj
[ 68%] Building C object libs/nxp/rt1176-sdk/CMakeFiles/libs_nxp_rt1176-sdk_lwip.dir/__/__/__/third_party/nxp/rt1176-sdk/middleware/lwip/src/core/def.c.obj
[ 68%] Building C object libs/nxp/rt1176-sdk/CMakeFiles/libs_nxp_rt1176-sdk_lwip.dir/__/__/__/third_party/nxp/rt1176-sdk/middleware/lwip/src/core/dns.c.obj
[ 68%] Building C object libs/nxp/rt1176-sdk/CMakeFiles/libs_nxp_rt1176-sdk_lwip.dir/__/__/__/third_party/nxp/rt1176-sdk/middleware/lwip/src/core/inet_chksum.c.obj
[ 68%] Building C object libs/nxp/rt1176-sdk/CMakeFiles/libs_nxp_rt1176-sdk_lwip.dir/__/__/__/third_party/nxp/rt1176-sdk/middleware/lwip/src/core/sys.c.obj
[ 68%] Building C object libs/nxp/rt1176-sdk/CMakeFiles/libs_nxp_rt1176-sdk_lwip.dir/__/__/__/third_party/nxp/rt1176-sdk/middleware/lwip/src/core/init.c.obj
[ 68%] Building C object libs/nxp/rt1176-sdk/CMakeFiles/libs_nxp_rt1176-sdk_lwip.dir/__/__/__/third_party/nxp/rt1176-sdk/middleware/lwip/src/core/ip.c.obj
[ 68%] Building C object libs/nxp/rt1176-sdk/CMakeFiles/libs_nxp_rt1176-sdk_lwip.dir/__/__/__/third_party/nxp/rt1176-sdk/middleware/lwip/src/core/ipv4/acd.c.obj
[ 68%] Building C object libs/nxp/rt1176-sdk/CMakeFiles/libs_nxp_rt1176-sdk_lwip.dir/__/__/__/third_party/nxp/rt1176-sdk/middleware/lwip/src/core/ipv4/autoip.c.obj
[ 68%] Building C object libs/nxp/rt1176-sdk/CMakeFiles/libs_nxp_rt1176-sdk_lwip.dir/__/__/__/third_party/nxp/rt1176-sdk/middleware/lwip/src/core/ipv4/dhcp.c.obj
[ 68%] Building C object libs/nxp/rt1176-sdk/CMakeFiles/libs_nxp_rt1176-sdk_lwip.dir/__/__/__/third_party/nxp/rt1176-sdk/middleware/lwip/src/core/ipv4/etharp.c.obj
[ 68%] Building C object libs/nxp/rt1176-sdk/CMakeFiles/libs_nxp_rt1176-sdk_lwip.dir/__/__/__/third_party/nxp/rt1176-sdk/middleware/lwip/src/core/ipv4/icmp.c.obj
[ 68%] Building C object libs/nxp/rt1176-sdk/CMakeFiles/libs_nxp_rt1176-sdk_lwip.dir/__/__/__/third_party/nxp/rt1176-sdk/middleware/lwip/src/core/ipv4/igmp.c.obj
[ 68%] Building C object libs/nxp/rt1176-sdk/CMakeFiles/libs_nxp_rt1176-sdk_lwip.dir/__/__/__/third_party/nxp/rt1176-sdk/middleware/lwip/src/core/ipv4/ip4.c.obj
[ 68%] Building C object libs/nxp/rt1176-sdk/CMakeFiles/libs_nxp_rt1176-sdk_lwip.dir/__/__/__/third_party/nxp/rt1176-sdk/middleware/lwip/src/core/ipv4/ip4_addr.c.obj
[ 68%] Building C object libs/nxp/rt1176-sdk/CMakeFiles/libs_nxp_rt1176-sdk_lwip.dir/__/__/__/third_party/nxp/rt1176-sdk/middleware/lwip/src/core/ipv4/ip4_frag.c.obj
[ 68%] Building C object libs/nxp/rt1176-sdk/CMakeFiles/libs_nxp_rt1176-sdk_lwip.dir/__/__/__/third_party/nxp/rt1176-sdk/middleware/lwip/src/core/mem.c.obj
[ 68%] Building C object libs/nxp/rt1176-sdk/CMakeFiles/libs_nxp_rt1176-sdk_lwip.dir/__/__/__/third_party/nxp/rt1176-sdk/middleware/lwip/src/core/memp.c.obj
[ 68%] Building C object libs/nxp/rt1176-sdk/CMakeFiles/libs_nxp_rt1176-sdk_lwip.dir/__/__/__/third_party/nxp/rt1176-sdk/middleware/lwip/src/core/netif.c.obj
[ 68%] Building C object libs/nxp/rt1176-sdk/CMakeFiles/libs_nxp_rt1176-sdk_lwip.dir/__/__/__/third_party/nxp/rt1176-sdk/middleware/lwip/src/core/pbuf.c.obj
[ 69%] Building C object libs/nxp/rt1176-sdk/CMakeFiles/libs_nxp_rt1176-sdk_lwip.dir/__/__/__/third_party/nxp/rt1176-sdk/middleware/lwip/src/core/stats.c.obj
[ 69%] Building C object libs/nxp/rt1176-sdk/CMakeFiles/libs_nxp_rt1176-sdk_lwip.dir/__/__/__/third_party/nxp/rt1176-sdk/middleware/lwip/src/core/tcp.c.obj
[ 69%] Building C object libs/nxp/rt1176-sdk/CMakeFiles/libs_nxp_rt1176-sdk_lwip.dir/__/__/__/third_party/nxp/rt1176-sdk/middleware/lwip/src/core/tcp_in.c.obj
[ 69%] Building C object libs/nxp/rt1176-sdk/CMakeFiles/libs_nxp_rt1176-sdk_lwip.dir/__/__/__/third_party/nxp/rt1176-sdk/middleware/lwip/src/core/tcp_out.c.obj
[ 69%] Building C object libs/nxp/rt1176-sdk/CMakeFiles/libs_nxp_rt1176-sdk_lwip.dir/__/__/__/third_party/nxp/rt1176-sdk/middleware/lwip/src/core/timeouts.c.obj
[ 69%] Building C object libs/nxp/rt1176-sdk/CMakeFiles/libs_nxp_rt1176-sdk_lwip.dir/__/__/__/third_party/nxp/rt1176-sdk/middleware/lwip/src/core/udp.c.obj
[ 69%] Building C object libs/nxp/rt1176-sdk/CMakeFiles/libs_nxp_rt1176-sdk_lwip.dir/__/__/__/third_party/nxp/rt1176-sdk/middleware/lwip/src/netif/ethernet.c.obj
[ 69%] Linking C static library liblibs_nxp_rt1176-sdk_lwip.a
[ 69%] Built target libs_nxp_rt1176-sdk_lwip
[ 69%] Building C object libs/nxp/rt1176-sdk/CMakeFiles/libs_nxp_rt1176-sdk_lwip_httpd.dir/__/__/__/third_party/nxp/rt1176-sdk/middleware/lwip/src/apps/http/fs.c.obj
[ 69%] Building C object libs/nxp/rt1176-sdk/CMakeFiles/libs_nxp_rt1176-sdk_lwip_httpd.dir/__/__/__/third_party/nxp/rt1176-sdk/middleware/lwip/src/apps/http/httpd.c.obj
[ 69%] Linking C static library liblibs_nxp_rt1176-sdk_lwip_httpd.a
[ 69%] Built target libs_nxp_rt1176-sdk_lwip_httpd
[ 69%] Building CXX object libs/nxp/rt1176-sdk/CMakeFiles/libs_nxp_rt1176-sdk-mbedtls.dir/mbedtls.cc.obj
[ 69%] Building C object libs/nxp/rt1176-sdk/CMakeFiles/libs_nxp_rt1176-sdk-mbedtls.dir/__/__/__/third_party/nxp/rt1176-sdk/middleware/mbedtls/library/aes.c.obj
[ 69%] Building C object libs/nxp/rt1176-sdk/CMakeFiles/libs_nxp_rt1176-sdk-mbedtls.dir/__/__/__/third_party/nxp/rt1176-sdk/middleware/mbedtls/library/arc4.c.obj
[ 69%] Building C object libs/nxp/rt1176-sdk/CMakeFiles/libs_nxp_rt1176-sdk-mbedtls.dir/__/__/__/third_party/nxp/rt1176-sdk/middleware/mbedtls/library/asn1parse.c.obj
[ 69%] Building C object libs/nxp/rt1176-sdk/CMakeFiles/libs_nxp_rt1176-sdk-mbedtls.dir/__/__/__/third_party/nxp/rt1176-sdk/middleware/mbedtls/library/asn1write.c.obj
[ 69%] Building C object libs/nxp/rt1176-sdk/CMakeFiles/libs_nxp_rt1176-sdk-mbedtls.dir/__/__/__/third_party/nxp/rt1176-sdk/middleware/mbedtls/library/base64.c.obj
[ 71%] Building C object libs/nxp/rt1176-sdk/CMakeFiles/libs_nxp_rt1176-sdk-mbedtls.dir/__/__/__/third_party/nxp/rt1176-sdk/middleware/mbedtls/library/bignum.c.obj
[ 71%] Building C object libs/nxp/rt1176-sdk/CMakeFiles/libs_nxp_rt1176-sdk-mbedtls.dir/__/__/__/third_party/nxp/rt1176-sdk/middleware/mbedtls/library/camellia.c.obj
[ 71%] Building C object libs/nxp/rt1176-sdk/CMakeFiles/libs_nxp_rt1176-sdk-mbedtls.dir/__/__/__/third_party/nxp/rt1176-sdk/middleware/mbedtls/library/ccm.c.obj
[ 71%] Building C object libs/nxp/rt1176-sdk/CMakeFiles/libs_nxp_rt1176-sdk-mbedtls.dir/__/__/__/third_party/nxp/rt1176-sdk/middleware/mbedtls/library/certs.c.obj
[ 71%] Building C object libs/nxp/rt1176-sdk/CMakeFiles/libs_nxp_rt1176-sdk-mbedtls.dir/__/__/__/third_party/nxp/rt1176-sdk/middleware/mbedtls/library/chacha20.c.obj
[ 71%] Building C object libs/nxp/rt1176-sdk/CMakeFiles/libs_nxp_rt1176-sdk-mbedtls.dir/__/__/__/third_party/nxp/rt1176-sdk/middleware/mbedtls/library/chachapoly.c.obj
[ 71%] Building C object libs/nxp/rt1176-sdk/CMakeFiles/libs_nxp_rt1176-sdk-mbedtls.dir/__/__/__/third_party/nxp/rt1176-sdk/middleware/mbedtls/library/cipher.c.obj
[ 71%] Building C object libs/nxp/rt1176-sdk/CMakeFiles/libs_nxp_rt1176-sdk-mbedtls.dir/__/__/__/third_party/nxp/rt1176-sdk/middleware/mbedtls/library/cipher_wrap.c.obj
[ 71%] Building C object libs/nxp/rt1176-sdk/CMakeFiles/libs_nxp_rt1176-sdk-mbedtls.dir/__/__/__/third_party/nxp/rt1176-sdk/middleware/mbedtls/library/ctr_drbg.c.obj
[ 71%] Building C object libs/nxp/rt1176-sdk/CMakeFiles/libs_nxp_rt1176-sdk-mbedtls.dir/__/__/__/third_party/nxp/rt1176-sdk/middleware/mbedtls/library/debug.c.obj
[ 71%] Building C object libs/nxp/rt1176-sdk/CMakeFiles/libs_nxp_rt1176-sdk-mbedtls.dir/__/__/__/third_party/nxp/rt1176-sdk/middleware/mbedtls/library/des.c.obj
[ 71%] Building C object libs/nxp/rt1176-sdk/CMakeFiles/libs_nxp_rt1176-sdk-mbedtls.dir/__/__/__/third_party/nxp/rt1176-sdk/middleware/mbedtls/library/dhm.c.obj
[ 71%] Building C object libs/nxp/rt1176-sdk/CMakeFiles/libs_nxp_rt1176-sdk-mbedtls.dir/__/__/__/third_party/nxp/rt1176-sdk/middleware/mbedtls/library/ecdh.c.obj
[ 71%] Building C object libs/nxp/rt1176-sdk/CMakeFiles/libs_nxp_rt1176-sdk-mbedtls.dir/__/__/__/third_party/nxp/rt1176-sdk/middleware/mbedtls/library/ecdsa.c.obj
[ 71%] Building C object libs/nxp/rt1176-sdk/CMakeFiles/libs_nxp_rt1176-sdk-mbedtls.dir/__/__/__/third_party/nxp/rt1176-sdk/middleware/mbedtls/library/ecp.c.obj
[ 71%] Building C object libs/nxp/rt1176-sdk/CMakeFiles/libs_nxp_rt1176-sdk-mbedtls.dir/__/__/__/third_party/nxp/rt1176-sdk/middleware/mbedtls/library/entropy.c.obj
[ 71%] Building C object libs/nxp/rt1176-sdk/CMakeFiles/libs_nxp_rt1176-sdk-mbedtls.dir/__/__/__/third_party/nxp/rt1176-sdk/middleware/mbedtls/library/error.c.obj
[ 71%] Building C object libs/nxp/rt1176-sdk/CMakeFiles/libs_nxp_rt1176-sdk-mbedtls.dir/__/__/__/third_party/nxp/rt1176-sdk/middleware/mbedtls/library/gcm.c.obj
[ 72%] Building C object libs/nxp/rt1176-sdk/CMakeFiles/libs_nxp_rt1176-sdk-mbedtls.dir/__/__/__/third_party/nxp/rt1176-sdk/middleware/mbedtls/library/hmac_drbg.c.obj
[ 72%] Building C object libs/nxp/rt1176-sdk/CMakeFiles/libs_nxp_rt1176-sdk-mbedtls.dir/__/__/__/third_party/nxp/rt1176-sdk/middleware/mbedtls/library/md.c.obj
[ 72%] Building C object libs/nxp/rt1176-sdk/CMakeFiles/libs_nxp_rt1176-sdk-mbedtls.dir/__/__/__/third_party/nxp/rt1176-sdk/middleware/mbedtls/library/md5.c.obj
[ 72%] Building C object libs/nxp/rt1176-sdk/CMakeFiles/libs_nxp_rt1176-sdk-mbedtls.dir/__/__/__/third_party/nxp/rt1176-sdk/middleware/mbedtls/library/oid.c.obj
[ 72%] Building C object libs/nxp/rt1176-sdk/CMakeFiles/libs_nxp_rt1176-sdk-mbedtls.dir/__/__/__/third_party/nxp/rt1176-sdk/middleware/mbedtls/library/pem.c.obj
[ 72%] Building C object libs/nxp/rt1176-sdk/CMakeFiles/libs_nxp_rt1176-sdk-mbedtls.dir/__/__/__/third_party/nxp/rt1176-sdk/middleware/mbedtls/library/pk.c.obj
[ 72%] Building C object libs/nxp/rt1176-sdk/CMakeFiles/libs_nxp_rt1176-sdk-mbedtls.dir/__/__/__/third_party/nxp/rt1176-sdk/middleware/mbedtls/library/pk_wrap.c.obj
[ 72%] Building C object libs/nxp/rt1176-sdk/CMakeFiles/libs_nxp_rt1176-sdk-mbedtls.dir/__/__/__/third_party/nxp/rt1176-sdk/middleware/mbedtls/library/pkcs12.c.obj
[ 72%] Building C object libs/nxp/rt1176-sdk/CMakeFiles/libs_nxp_rt1176-sdk-mbedtls.dir/__/__/__/third_party/nxp/rt1176-sdk/middleware/mbedtls/library/pkcs5.c.obj
[ 72%] Building C object libs/nxp/rt1176-sdk/CMakeFiles/libs_nxp_rt1176-sdk-mbedtls.dir/__/__/__/third_party/nxp/rt1176-sdk/middleware/mbedtls/library/pkparse.c.obj
[ 72%] Building C object libs/nxp/rt1176-sdk/CMakeFiles/libs_nxp_rt1176-sdk-mbedtls.dir/__/__/__/third_party/nxp/rt1176-sdk/middleware/mbedtls/library/pkwrite.c.obj
[ 72%] Building C object libs/nxp/rt1176-sdk/CMakeFiles/libs_nxp_rt1176-sdk-mbedtls.dir/__/__/__/third_party/nxp/rt1176-sdk/middleware/mbedtls/library/platform.c.obj
[ 72%] Building C object libs/nxp/rt1176-sdk/CMakeFiles/libs_nxp_rt1176-sdk-mbedtls.dir/__/__/__/third_party/nxp/rt1176-sdk/middleware/mbedtls/library/platform_util.c.obj
[ 72%] Building C object libs/nxp/rt1176-sdk/CMakeFiles/libs_nxp_rt1176-sdk-mbedtls.dir/__/__/__/third_party/nxp/rt1176-sdk/middleware/mbedtls/library/poly1305.c.obj
[ 72%] Building C object libs/nxp/rt1176-sdk/CMakeFiles/libs_nxp_rt1176-sdk-mbedtls.dir/__/__/__/third_party/nxp/rt1176-sdk/middleware/mbedtls/library/ripemd160.c.obj
[ 72%] Building C object libs/nxp/rt1176-sdk/CMakeFiles/libs_nxp_rt1176-sdk-mbedtls.dir/__/__/__/third_party/nxp/rt1176-sdk/middleware/mbedtls/library/rsa.c.obj
[ 72%] Building C object libs/nxp/rt1176-sdk/CMakeFiles/libs_nxp_rt1176-sdk-mbedtls.dir/__/__/__/third_party/nxp/rt1176-sdk/middleware/mbedtls/library/rsa_internal.c.obj
[ 72%] Building C object libs/nxp/rt1176-sdk/CMakeFiles/libs_nxp_rt1176-sdk-mbedtls.dir/__/__/__/third_party/nxp/rt1176-sdk/middleware/mbedtls/library/sha1.c.obj
[ 72%] Building C object libs/nxp/rt1176-sdk/CMakeFiles/libs_nxp_rt1176-sdk-mbedtls.dir/__/__/__/third_party/nxp/rt1176-sdk/middleware/mbedtls/library/sha256.c.obj
[ 73%] Building C object libs/nxp/rt1176-sdk/CMakeFiles/libs_nxp_rt1176-sdk-mbedtls.dir/__/__/__/third_party/nxp/rt1176-sdk/middleware/mbedtls/library/sha512.c.obj
[ 73%] Building C object libs/nxp/rt1176-sdk/CMakeFiles/libs_nxp_rt1176-sdk-mbedtls.dir/__/__/__/third_party/nxp/rt1176-sdk/middleware/mbedtls/library/ssl_ciphersuites.c.obj
[ 73%] Building C object libs/nxp/rt1176-sdk/CMakeFiles/libs_nxp_rt1176-sdk-mbedtls.dir/__/__/__/third_party/nxp/rt1176-sdk/middleware/mbedtls/library/ssl_cli.c.obj
[ 73%] Building C object libs/nxp/rt1176-sdk/CMakeFiles/libs_nxp_rt1176-sdk-mbedtls.dir/__/__/__/third_party/nxp/rt1176-sdk/middleware/mbedtls/library/ssl_msg.c.obj
[ 73%] Building C object libs/nxp/rt1176-sdk/CMakeFiles/libs_nxp_rt1176-sdk-mbedtls.dir/__/__/__/third_party/nxp/rt1176-sdk/middleware/mbedtls/library/ssl_srv.c.obj
[ 73%] Building C object libs/nxp/rt1176-sdk/CMakeFiles/libs_nxp_rt1176-sdk-mbedtls.dir/__/__/__/third_party/nxp/rt1176-sdk/middleware/mbedtls/library/ssl_tls.c.obj
[ 73%] Building C object libs/nxp/rt1176-sdk/CMakeFiles/libs_nxp_rt1176-sdk-mbedtls.dir/__/__/__/third_party/nxp/rt1176-sdk/middleware/mbedtls/library/timing.c.obj
[ 73%] Building C object libs/nxp/rt1176-sdk/CMakeFiles/libs_nxp_rt1176-sdk-mbedtls.dir/__/__/__/third_party/nxp/rt1176-sdk/middleware/mbedtls/library/version.c.obj
[ 73%] Building C object libs/nxp/rt1176-sdk/CMakeFiles/libs_nxp_rt1176-sdk-mbedtls.dir/__/__/__/third_party/nxp/rt1176-sdk/middleware/mbedtls/library/x509.c.obj
[ 73%] Building C object libs/nxp/rt1176-sdk/CMakeFiles/libs_nxp_rt1176-sdk-mbedtls.dir/__/__/__/third_party/nxp/rt1176-sdk/middleware/mbedtls/library/x509_crl.c.obj
[ 73%] Building C object libs/nxp/rt1176-sdk/CMakeFiles/libs_nxp_rt1176-sdk-mbedtls.dir/__/__/__/third_party/nxp/rt1176-sdk/middleware/mbedtls/library/x509_crt.c.obj
[ 73%] Building C object libs/nxp/rt1176-sdk/CMakeFiles/libs_nxp_rt1176-sdk-mbedtls.dir/__/__/__/third_party/nxp/rt1176-sdk/middleware/mbedtls/port/ksdk/ecp_alt.c.obj
[ 73%] Building C object libs/nxp/rt1176-sdk/CMakeFiles/libs_nxp_rt1176-sdk-mbedtls.dir/__/__/__/third_party/nxp/rt1176-sdk/middleware/mbedtls/port/ksdk/ecp_curves_alt.c.obj
[ 73%] Linking CXX static library liblibs_nxp_rt1176-sdk-mbedtls.a
[ 73%] Built target libs_nxp_rt1176-sdk-mbedtls
[ 73%] Building C object libs/tpu/CMakeFiles/libs_usb_host_edgetpu_freertos.dir/usb_host_edgetpu.c.obj
[ 73%] Building C object libs/tpu/CMakeFiles/libs_usb_host_edgetpu_freertos.dir/sentai_edgetpu_ep_log.c.obj
[ 73%] Linking C static library liblibs_usb_host_edgetpu_freertos.a
[ 73%] Built target libs_usb_host_edgetpu_freertos
[ 73%] Building CXX object libs/usb/CMakeFiles/libs_usb_device_task_freertos.dir/usb_device_task.cc.obj
[ 73%] Linking CXX static library liblibs_usb_device_task_freertos.a
[ 73%] Built target libs_usb_device_task_freertos
[ 73%] Building CXX object libs/tpu/CMakeFiles/libs_tpu_freertos.dir/edgetpu_executable.cc.obj
/home/bogdan/work/coralmicro/libs/tpu/edgetpu_executable.cc:53:25: warning: 'g_sentai_tpu_desc_cache_enabled' initialized and declared 'extern'
   53 | extern "C" volatile int g_sentai_tpu_desc_cache_enabled = 0;   // default OFF
      |                         ^~~~~~~~~~~~~~~~~~~~~~~~~~~~~~~
/home/bogdan/work/coralmicro/libs/tpu/edgetpu_executable.cc:54:30: warning: 'g_sentai_tpu_desc_cache_sent_params' initialized and declared 'extern'
   54 | extern "C" volatile uint32_t g_sentai_tpu_desc_cache_sent_params = 0;
      |                              ^~~~~~~~~~~~~~~~~~~~~~~~~~~~~~~~~~~
/home/bogdan/work/coralmicro/libs/tpu/edgetpu_executable.cc:55:30: warning: 'g_sentai_tpu_desc_cache_sent_ins' initialized and declared 'extern'
   55 | extern "C" volatile uint32_t g_sentai_tpu_desc_cache_sent_ins    = 0;
      |                              ^~~~~~~~~~~~~~~~~~~~~~~~~~~~~~~~
/home/bogdan/work/coralmicro/libs/tpu/edgetpu_executable.cc:56:30: warning: 'g_sentai_tpu_desc_cache_skip_params' initialized and declared 'extern'
   56 | extern "C" volatile uint32_t g_sentai_tpu_desc_cache_skip_params = 0;
      |                              ^~~~~~~~~~~~~~~~~~~~~~~~~~~~~~~~~~~
/home/bogdan/work/coralmicro/libs/tpu/edgetpu_executable.cc:57:30: warning: 'g_sentai_tpu_desc_cache_skip_ins' initialized and declared 'extern'
   57 | extern "C" volatile uint32_t g_sentai_tpu_desc_cache_skip_ins    = 0;
      |                              ^~~~~~~~~~~~~~~~~~~~~~~~~~~~~~~~
/home/bogdan/work/coralmicro/libs/tpu/edgetpu_executable.cc:75:30: warning: 'g_sentai_tpu_cyc_params' initialized and declared 'extern'
   75 | extern "C" volatile uint32_t g_sentai_tpu_cyc_params = 0;
      |                              ^~~~~~~~~~~~~~~~~~~~~~~
/home/bogdan/work/coralmicro/libs/tpu/edgetpu_executable.cc:76:30: warning: 'g_sentai_tpu_cyc_ins' initialized and declared 'extern'
   76 | extern "C" volatile uint32_t g_sentai_tpu_cyc_ins    = 0;
      |                              ^~~~~~~~~~~~~~~~~~~~
/home/bogdan/work/coralmicro/libs/tpu/edgetpu_executable.cc:77:30: warning: 'g_sentai_tpu_cyc_input' initialized and declared 'extern'
   77 | extern "C" volatile uint32_t g_sentai_tpu_cyc_input  = 0;
      |                              ^~~~~~~~~~~~~~~~~~~~~~
/home/bogdan/work/coralmicro/libs/tpu/edgetpu_executable.cc:78:30: warning: 'g_sentai_tpu_cyc_output' initialized and declared 'extern'
   78 | extern "C" volatile uint32_t g_sentai_tpu_cyc_output = 0;
      |                              ^~~~~~~~~~~~~~~~~~~~~~~
/home/bogdan/work/coralmicro/libs/tpu/edgetpu_executable.cc:79:30: warning: 'g_sentai_tpu_cyc_event' initialized and declared 'extern'
   79 | extern "C" volatile uint32_t g_sentai_tpu_cyc_event  = 0;
      |                              ^~~~~~~~~~~~~~~~~~~~~~
/home/bogdan/work/coralmicro/libs/tpu/edgetpu_executable.cc:80:30: warning: 'g_sentai_tpu_n_params' initialized and declared 'extern'
   80 | extern "C" volatile uint32_t g_sentai_tpu_n_params   = 0;
      |                              ^~~~~~~~~~~~~~~~~~~~~
/home/bogdan/work/coralmicro/libs/tpu/edgetpu_executable.cc:81:30: warning: 'g_sentai_tpu_n_ins' initialized and declared 'extern'
   81 | extern "C" volatile uint32_t g_sentai_tpu_n_ins      = 0;
      |                              ^~~~~~~~~~~~~~~~~~
/home/bogdan/work/coralmicro/libs/tpu/edgetpu_executable.cc:82:30: warning: 'g_sentai_tpu_n_input' initialized and declared 'extern'
   82 | extern "C" volatile uint32_t g_sentai_tpu_n_input    = 0;
      |                              ^~~~~~~~~~~~~~~~~~~~
/home/bogdan/work/coralmicro/libs/tpu/edgetpu_executable.cc:83:30: warning: 'g_sentai_tpu_n_output' initialized and declared 'extern'
   83 | extern "C" volatile uint32_t g_sentai_tpu_n_output   = 0;
      |                              ^~~~~~~~~~~~~~~~~~~~~
/home/bogdan/work/coralmicro/libs/tpu/edgetpu_executable.cc:84:30: warning: 'g_sentai_tpu_n_event' initialized and declared 'extern'
   84 | extern "C" volatile uint32_t g_sentai_tpu_n_event    = 0;
      |                              ^~~~~~~~~~~~~~~~~~~~
/home/bogdan/work/coralmicro/libs/tpu/edgetpu_executable.cc:85:30: warning: 'g_sentai_tpu_by_params' initialized and declared 'extern'
   85 | extern "C" volatile uint32_t g_sentai_tpu_by_params  = 0;  // bytes accumulator
      |                              ^~~~~~~~~~~~~~~~~~~~~~
/home/bogdan/work/coralmicro/libs/tpu/edgetpu_executable.cc:86:30: warning: 'g_sentai_tpu_by_ins' initialized and declared 'extern'
   86 | extern "C" volatile uint32_t g_sentai_tpu_by_ins     = 0;
      |                              ^~~~~~~~~~~~~~~~~~~
/home/bogdan/work/coralmicro/libs/tpu/edgetpu_executable.cc:87:30: warning: 'g_sentai_tpu_by_input' initialized and declared 'extern'
   87 | extern "C" volatile uint32_t g_sentai_tpu_by_input   = 0;
      |                              ^~~~~~~~~~~~~~~~~~~~~
/home/bogdan/work/coralmicro/libs/tpu/edgetpu_executable.cc:88:30: warning: 'g_sentai_tpu_by_output' initialized and declared 'extern'
   88 | extern "C" volatile uint32_t g_sentai_tpu_by_output  = 0;
      |                              ^~~~~~~~~~~~~~~~~~~~~~
/home/bogdan/work/coralmicro/libs/tpu/edgetpu_executable.cc:170:30: warning: 'g_sentai_tpu_invoke_fail_code' initialized and declared 'extern'
  170 | extern "C" volatile uint16_t g_sentai_tpu_invoke_fail_code = 0;
      |                              ^~~~~~~~~~~~~~~~~~~~~~~~~~~~~
/home/bogdan/work/coralmicro/libs/tpu/edgetpu_executable.cc:176:29: warning: 'g_sentai_tpu_trace' initialized and declared 'extern'
  176 | extern "C" volatile uint8_t g_sentai_tpu_trace = 0;
      |                             ^~~~~~~~~~~~~~~~~~
[ 75%] Building CXX object libs/tpu/CMakeFiles/libs_tpu_freertos.dir/edgetpu_manager.cc.obj
[ 75%] Building CXX object libs/tpu/CMakeFiles/libs_tpu_freertos.dir/edgetpu_op.cc.obj
[ 75%] Building CXX object libs/tpu/CMakeFiles/libs_tpu_freertos.dir/edgetpu_driver.cc.obj
/home/bogdan/work/coralmicro/libs/tpu/edgetpu_driver.cc:42:25: warning: 'g_sentai_tpu_multi_ep_routing' initialized and declared 'extern'
   42 | extern "C" volatile int g_sentai_tpu_multi_ep_routing = 0;
      |                         ^~~~~~~~~~~~~~~~~~~~~~~~~~~~~
/home/bogdan/work/coralmicro/libs/tpu/edgetpu_driver.cc:659:30: warning: 'g_sentai_tpu_send_params_calls' initialized and declared 'extern'
  659 | extern "C" volatile uint32_t g_sentai_tpu_send_params_calls   = 0;
      |                              ^~~~~~~~~~~~~~~~~~~~~~~~~~~~~~
/home/bogdan/work/coralmicro/libs/tpu/edgetpu_driver.cc:660:30: warning: 'g_sentai_tpu_send_params_bytes' initialized and declared 'extern'
  660 | extern "C" volatile uint32_t g_sentai_tpu_send_params_bytes   = 0;
      |                              ^~~~~~~~~~~~~~~~~~~~~~~~~~~~~~
/home/bogdan/work/coralmicro/libs/tpu/edgetpu_driver.cc:661:30: warning: 'g_sentai_tpu_send_ins_calls' initialized and declared 'extern'
  661 | extern "C" volatile uint32_t g_sentai_tpu_send_ins_calls      = 0;
      |                              ^~~~~~~~~~~~~~~~~~~~~~~~~~~
/home/bogdan/work/coralmicro/libs/tpu/edgetpu_driver.cc:662:30: warning: 'g_sentai_tpu_send_ins_bytes' initialized and declared 'extern'
  662 | extern "C" volatile uint32_t g_sentai_tpu_send_ins_bytes      = 0;
      |                              ^~~~~~~~~~~~~~~~~~~~~~~~~~~
/home/bogdan/work/coralmicro/libs/tpu/edgetpu_driver.cc:663:30: warning: 'g_sentai_tpu_send_inputs_calls' initialized and declared 'extern'
  663 | extern "C" volatile uint32_t g_sentai_tpu_send_inputs_calls   = 0;
      |                              ^~~~~~~~~~~~~~~~~~~~~~~~~~~~~~
/home/bogdan/work/coralmicro/libs/tpu/edgetpu_driver.cc:664:30: warning: 'g_sentai_tpu_send_inputs_bytes' initialized and declared 'extern'
  664 | extern "C" volatile uint32_t g_sentai_tpu_send_inputs_bytes   = 0;
      |                              ^~~~~~~~~~~~~~~~~~~~~~~~~~~~~~
/home/bogdan/work/coralmicro/libs/tpu/edgetpu_driver.cc:715:25: warning: 'g_sentai_tpu_zero_copy_input' initialized and declared 'extern'
  715 | extern "C" volatile int g_sentai_tpu_zero_copy_input = 1;
      |                         ^~~~~~~~~~~~~~~~~~~~~~~~~~~~
/home/bogdan/work/coralmicro/libs/tpu/edgetpu_driver.cc:736:30: warning: 'g_sentai_tpu_chunk_size' initialized and declared 'extern'
  736 | extern "C" volatile uint32_t g_sentai_tpu_chunk_size = 36 * 1024;
      |                              ^~~~~~~~~~~~~~~~~~~~~~~
/home/bogdan/work/coralmicro/libs/tpu/edgetpu_driver.cc:755:25: warning: 'g_sentai_tpu_async_input_enabled' initialized and declared 'extern'
  755 | extern "C" volatile int g_sentai_tpu_async_input_enabled = 0;
      |                         ^~~~~~~~~~~~~~~~~~~~~~~~~~~~~~~~
/home/bogdan/work/coralmicro/libs/tpu/edgetpu_driver.cc:958:39: warning: 'g_sentai_tpu_input_done_sema' initialized and declared 'extern'
  958 | extern "C" volatile SemaphoreHandle_t g_sentai_tpu_input_done_sema = nullptr;
      |                                       ^~~~~~~~~~~~~~~~~~~~~~~~~~~~
/home/bogdan/work/coralmicro/libs/tpu/edgetpu_driver.cc:959:39: warning: 'g_sentai_tpu_input_done_count' initialized and declared 'extern'
  959 | extern "C" volatile uint32_t          g_sentai_tpu_input_done_count = 0;
      |                                       ^~~~~~~~~~~~~~~~~~~~~~~~~~~~~
/home/bogdan/work/coralmicro/libs/tpu/edgetpu_driver.cc:1071:30: warning: 'g_sentai_tpu_lambda_entered' initialized and declared 'extern'
 1071 | extern "C" volatile uint32_t g_sentai_tpu_lambda_entered = 0;
      |                              ^~~~~~~~~~~~~~~~~~~~~~~~~~~
/home/bogdan/work/coralmicro/libs/tpu/edgetpu_driver.cc:1072:30: warning: 'g_sentai_tpu_lambda_gave' initialized and declared 'extern'
 1072 | extern "C" volatile uint32_t g_sentai_tpu_lambda_gave = 0;
      |                              ^~~~~~~~~~~~~~~~~~~~~~~~
/home/bogdan/work/coralmicro/libs/tpu/edgetpu_driver.cc:1073:30: warning: 'g_sentai_tpu_lambda_null_sema' initialized and declared 'extern'
 1073 | extern "C" volatile uint32_t g_sentai_tpu_lambda_null_sema = 0;
      |                              ^~~~~~~~~~~~~~~~~~~~~~~~~~~~~
/home/bogdan/work/coralmicro/libs/tpu/edgetpu_driver.cc:1074:30: warning: 'g_sentai_tpu_take_failed' initialized and declared 'extern'
 1074 | extern "C" volatile uint32_t g_sentai_tpu_take_failed = 0;
      |                              ^~~~~~~~~~~~~~~~~~~~~~~~
/home/bogdan/work/coralmicro/libs/tpu/edgetpu_driver.cc:1075:30: warning: 'g_sentai_tpu_take_succeeded' initialized and declared 'extern'
 1075 | extern "C" volatile uint32_t g_sentai_tpu_take_succeeded = 0;
      |                              ^~~~~~~~~~~~~~~~~~~~~~~~~~~
/home/bogdan/work/coralmicro/libs/tpu/edgetpu_driver.cc:1092:30: warning: 'g_sentai_tpu_urb_timeout_ms' initialized and declared 'extern'
 1092 | extern "C" volatile uint32_t g_sentai_tpu_urb_timeout_ms = 200;
      |                              ^~~~~~~~~~~~~~~~~~~~~~~~~~~
/home/bogdan/work/coralmicro/libs/tpu/edgetpu_driver.cc:1102:30: warning: 'g_sentai_tpu_urb_cancelled' initialized and declared 'extern'
 1102 | extern "C" volatile uint32_t g_sentai_tpu_urb_cancelled = 0;
      |                              ^~~~~~~~~~~~~~~~~~~~~~~~~~
/home/bogdan/work/coralmicro/libs/tpu/edgetpu_driver.cc:1103:30: warning: 'g_sentai_tpu_urb_cancel_no_cb' initialized and declared 'extern'
 1103 | extern "C" volatile uint32_t g_sentai_tpu_urb_cancel_no_cb = 0;
      |                              ^~~~~~~~~~~~~~~~~~~~~~~~~~~~~
/home/bogdan/work/coralmicro/libs/tpu/edgetpu_driver.cc:1105:25: warning: 'g_sentai_tpu_sim_break_on_short_bulkin' initialized and declared 'extern'
 1105 | extern "C" volatile int g_sentai_tpu_sim_break_on_short_bulkin = 0;
      |                         ^~~~~~~~~~~~~~~~~~~~~~~~~~~~~~~~~~~~~~
/home/bogdan/work/coralmicro/libs/tpu/edgetpu_driver.cc:1106:30: warning: 'g_sentai_tpu_sim_bulkin_chunk_size' initialized and declared 'extern'
 1106 | extern "C" volatile uint32_t g_sentai_tpu_sim_bulkin_chunk_size = 256;
      |                              ^~~~~~~~~~~~~~~~~~~~~~~~~~~~~~~~~~
/home/bogdan/work/coralmicro/libs/tpu/edgetpu_driver.cc:1107:30: warning: 'g_sentai_tpu_sim_outfeed_chunk_length' initialized and declared 'extern'
 1107 | extern "C" volatile uint32_t g_sentai_tpu_sim_outfeed_chunk_length = 0x20;
      |                              ^~~~~~~~~~~~~~~~~~~~~~~~~~~~~~~~~~~~~
/home/bogdan/work/coralmicro/libs/tpu/edgetpu_driver.cc:1108:25: warning: 'g_sentai_tpu_sim_sleep_after_bulkin' initialized and declared 'extern'
 1108 | extern "C" volatile int g_sentai_tpu_sim_sleep_after_bulkin = 0;
      |                         ^~~~~~~~~~~~~~~~~~~~~~~~~~~~~~~~~~~
/home/bogdan/work/coralmicro/libs/tpu/edgetpu_driver.cc:1109:30: warning: 'g_sentai_tpu_sim_bulkin_queue_depth' initialized and declared 'extern'
 1109 | extern "C" volatile uint32_t g_sentai_tpu_sim_bulkin_queue_depth = 0;
      |                              ^~~~~~~~~~~~~~~~~~~~~~~~~~~~~~~~~~~
/home/bogdan/work/coralmicro/libs/tpu/edgetpu_driver.cc:107:9: warning: 'coralmicro::{anonymous}::BulkTransferBuffer' defined but not used [-Wunused-variable]
  107 | uint8_t BulkTransferBuffer[kMaxBulkBufferSize]
      |         ^~~~~~~~~~~~~~~~~~
[ 75%] Linking CXX static library liblibs_tpu_freertos.a
[ 75%] Built target libs_tpu_freertos
[ 75%] Building CXX object libs/tpu/CMakeFiles/libs_tpu_task_freertos.dir/edgetpu_task.cc.obj
[ 75%] Linking CXX static library liblibs_tpu_task_freertos.a
[ 75%] Built target libs_tpu_task_freertos
[ 75%] Building C object libs/tpu/CMakeFiles/libs_tpu_dfu_task_freertos.dir/apex_latest_single_ep_bin.c.obj
[ 75%] Building CXX object libs/tpu/CMakeFiles/libs_tpu_dfu_task_freertos.dir/edgetpu_dfu_task.cc.obj
[ 75%] Linking CXX static library liblibs_tpu_dfu_task_freertos.a
[ 75%] Built target libs_tpu_dfu_task_freertos
[ 75%] Building CXX object libs/tensorflow/CMakeFiles/libs_tensorflow-m7.dir/classification.cc.obj
[ 75%] Building CXX object libs/tensorflow/CMakeFiles/libs_tensorflow-m7.dir/detection.cc.obj
[ 75%] Building CXX object libs/tensorflow/CMakeFiles/libs_tensorflow-m7.dir/posenet.cc.obj
[ 75%] Building CXX object libs/tensorflow/CMakeFiles/libs_tensorflow-m7.dir/posenet_decoder.cc.obj
[ 75%] Building CXX object libs/tensorflow/CMakeFiles/libs_tensorflow-m7.dir/posenet_decoder_op.cc.obj
[ 75%] Building CXX object libs/tensorflow/CMakeFiles/libs_tensorflow-m7.dir/utils.cc.obj
[ 75%] Building CXX object libs/tensorflow/CMakeFiles/libs_tensorflow-m7.dir/audio_models.cc.obj
/home/bogdan/work/coralmicro/libs/tensorflow/audio_models.cc: In function 'bool coralmicro::tensorflow::PrepareAudioFrontEnd(FrontendState*, coralmicro::tensorflow::AudioModel)':
/home/bogdan/work/coralmicro/libs/tensorflow/audio_models.cc:50:34: warning: 'num_channels' may be used uninitialized in this function [-Wmaybe-uninitialized]
   50 |   config.filterbank.num_channels = num_channels;
      |   ~~~~~~~~~~~~~~~~~~~~~~~~~~~~~~~^~~~~~~~~~~~~~
[ 75%] Building C object libs/tensorflow/CMakeFiles/libs_tensorflow-m7.dir/debug_log.c.obj
[ 75%] Building CXX object libs/tensorflow/CMakeFiles/libs_tensorflow-m7.dir/__/__/third_party/tflite-micro/tensorflow/lite/micro/test_helpers.cc.obj
[ 75%] Building CXX object libs/tensorflow/CMakeFiles/libs_tensorflow-m7.dir/__/__/third_party/tflite-micro/tensorflow/lite/c/common.cc.obj
[ 76%] Building CXX object libs/tensorflow/CMakeFiles/libs_tensorflow-m7.dir/__/__/third_party/tflite-micro/tensorflow/lite/core/api/error_reporter.cc.obj
[ 76%] Building CXX object libs/tensorflow/CMakeFiles/libs_tensorflow-m7.dir/__/__/third_party/tflite-micro/tensorflow/lite/core/api/flatbuffer_conversions.cc.obj
[ 76%] Building CXX object libs/tensorflow/CMakeFiles/libs_tensorflow-m7.dir/__/__/third_party/tflite-micro/tensorflow/lite/core/api/op_resolver.cc.obj
[ 76%] Building CXX object libs/tensorflow/CMakeFiles/libs_tensorflow-m7.dir/__/__/third_party/tflite-micro/tensorflow/lite/core/api/tensor_utils.cc.obj
[ 76%] Building CXX object libs/tensorflow/CMakeFiles/libs_tensorflow-m7.dir/__/__/third_party/tflite-micro/tensorflow/lite/experimental/microfrontend/lib/fft.cc.obj
[ 76%] Building C object libs/tensorflow/CMakeFiles/libs_tensorflow-m7.dir/__/__/third_party/tflite-micro/tensorflow/lite/experimental/microfrontend/lib/fft_io.c.obj
[ 76%] Building CXX object libs/tensorflow/CMakeFiles/libs_tensorflow-m7.dir/__/__/third_party/tflite-micro/tensorflow/lite/experimental/microfrontend/lib/fft_util.cc.obj
[ 76%] Building C object libs/tensorflow/CMakeFiles/libs_tensorflow-m7.dir/__/__/third_party/tflite-micro/tensorflow/lite/experimental/microfrontend/lib/filterbank.c.obj
[ 76%] Building C object libs/tensorflow/CMakeFiles/libs_tensorflow-m7.dir/__/__/third_party/tflite-micro/tensorflow/lite/experimental/microfrontend/lib/filterbank_io.c.obj
[ 76%] Building C object libs/tensorflow/CMakeFiles/libs_tensorflow-m7.dir/__/__/third_party/tflite-micro/tensorflow/lite/experimental/microfrontend/lib/filterbank_util.c.obj
[ 76%] Building C object libs/tensorflow/CMakeFiles/libs_tensorflow-m7.dir/__/__/third_party/tflite-micro/tensorflow/lite/experimental/microfrontend/lib/frontend.c.obj
[ 76%] Building C object libs/tensorflow/CMakeFiles/libs_tensorflow-m7.dir/__/__/third_party/tflite-micro/tensorflow/lite/experimental/microfrontend/lib/frontend_io.c.obj
[ 76%] Building C object libs/tensorflow/CMakeFiles/libs_tensorflow-m7.dir/__/__/third_party/tflite-micro/tensorflow/lite/experimental/microfrontend/lib/frontend_util.c.obj
[ 76%] Building C object libs/tensorflow/CMakeFiles/libs_tensorflow-m7.dir/__/__/third_party/tflite-micro/tensorflow/lite/experimental/microfrontend/lib/log_lut.c.obj
[ 76%] Building C object libs/tensorflow/CMakeFiles/libs_tensorflow-m7.dir/__/__/third_party/tflite-micro/tensorflow/lite/experimental/microfrontend/lib/log_scale.c.obj
[ 76%] Building C object libs/tensorflow/CMakeFiles/libs_tensorflow-m7.dir/__/__/third_party/tflite-micro/tensorflow/lite/experimental/microfrontend/lib/log_scale_io.c.obj
[ 76%] Building C object libs/tensorflow/CMakeFiles/libs_tensorflow-m7.dir/__/__/third_party/tflite-micro/tensorflow/lite/experimental/microfrontend/lib/log_scale_util.c.obj
[ 76%] Building C object libs/tensorflow/CMakeFiles/libs_tensorflow-m7.dir/__/__/third_party/tflite-micro/tensorflow/lite/experimental/microfrontend/lib/noise_reduction.c.obj
[ 78%] Building C object libs/tensorflow/CMakeFiles/libs_tensorflow-m7.dir/__/__/third_party/tflite-micro/tensorflow/lite/experimental/microfrontend/lib/noise_reduction_io.c.obj
[ 78%] Building C object libs/tensorflow/CMakeFiles/libs_tensorflow-m7.dir/__/__/third_party/tflite-micro/tensorflow/lite/experimental/microfrontend/lib/noise_reduction_util.c.obj
[ 78%] Building C object libs/tensorflow/CMakeFiles/libs_tensorflow-m7.dir/__/__/third_party/tflite-micro/tensorflow/lite/experimental/microfrontend/lib/pcan_gain_control.c.obj
[ 78%] Building C object libs/tensorflow/CMakeFiles/libs_tensorflow-m7.dir/__/__/third_party/tflite-micro/tensorflow/lite/experimental/microfrontend/lib/pcan_gain_control_util.c.obj
[ 78%] Building C object libs/tensorflow/CMakeFiles/libs_tensorflow-m7.dir/__/__/third_party/tflite-micro/tensorflow/lite/experimental/microfrontend/lib/window.c.obj
[ 78%] Building C object libs/tensorflow/CMakeFiles/libs_tensorflow-m7.dir/__/__/third_party/tflite-micro/tensorflow/lite/experimental/microfrontend/lib/window_io.c.obj
[ 78%] Building C object libs/tensorflow/CMakeFiles/libs_tensorflow-m7.dir/__/__/third_party/tflite-micro/tensorflow/lite/experimental/microfrontend/lib/window_util.c.obj
[ 78%] Building CXX object libs/tensorflow/CMakeFiles/libs_tensorflow-m7.dir/__/__/third_party/tflite-micro/tensorflow/lite/kernels/internal/quantization_util.cc.obj
[ 78%] Building CXX object libs/tensorflow/CMakeFiles/libs_tensorflow-m7.dir/__/__/third_party/tflite-micro/tensorflow/lite/kernels/internal/reference/portable_tensor_utils.cc.obj
[ 78%] Building CXX object libs/tensorflow/CMakeFiles/libs_tensorflow-m7.dir/__/__/third_party/tflite-micro/tensorflow/lite/kernels/kernel_util.cc.obj
[ 78%] Building CXX object libs/tensorflow/CMakeFiles/libs_tensorflow-m7.dir/__/__/third_party/tflite-micro/tensorflow/lite/micro/all_ops_resolver.cc.obj
[ 78%] Building CXX object libs/tensorflow/CMakeFiles/libs_tensorflow-m7.dir/__/__/third_party/tflite-micro/tensorflow/lite/micro/arena_allocator/non_persistent_arena_buffer_allocator.cc.obj
[ 78%] Building CXX object libs/tensorflow/CMakeFiles/libs_tensorflow-m7.dir/__/__/third_party/tflite-micro/tensorflow/lite/micro/arena_allocator/persistent_arena_buffer_allocator.cc.obj
[ 78%] Building CXX object libs/tensorflow/CMakeFiles/libs_tensorflow-m7.dir/__/__/third_party/tflite-micro/tensorflow/lite/micro/arena_allocator/recording_single_arena_buffer_allocator.cc.obj
[ 78%] Building CXX object libs/tensorflow/CMakeFiles/libs_tensorflow-m7.dir/__/__/third_party/tflite-micro/tensorflow/lite/micro/arena_allocator/single_arena_buffer_allocator.cc.obj
[ 78%] Building CXX object libs/tensorflow/CMakeFiles/libs_tensorflow-m7.dir/__/__/third_party/tflite-micro/tensorflow/lite/micro/fake_micro_context.cc.obj
[ 78%] Building CXX object libs/tensorflow/CMakeFiles/libs_tensorflow-m7.dir/__/__/third_party/tflite-micro/tensorflow/lite/micro/flatbuffer_utils.cc.obj
[ 78%] Building CXX object libs/tensorflow/CMakeFiles/libs_tensorflow-m7.dir/__/__/third_party/tflite-micro/tensorflow/lite/micro/kernels/activations.cc.obj
[ 78%] Building CXX object libs/tensorflow/CMakeFiles/libs_tensorflow-m7.dir/__/__/third_party/tflite-micro/tensorflow/lite/micro/kernels/activations_common.cc.obj
[ 79%] Building CXX object libs/tensorflow/CMakeFiles/libs_tensorflow-m7.dir/__/__/third_party/tflite-micro/tensorflow/lite/micro/kernels/add.cc.obj
[ 79%] Building CXX object libs/tensorflow/CMakeFiles/libs_tensorflow-m7.dir/__/__/third_party/tflite-micro/tensorflow/lite/micro/kernels/add_common.cc.obj
[ 79%] Building CXX object libs/tensorflow/CMakeFiles/libs_tensorflow-m7.dir/__/__/third_party/tflite-micro/tensorflow/lite/micro/kernels/add_n.cc.obj
[ 79%] Building CXX object libs/tensorflow/CMakeFiles/libs_tensorflow-m7.dir/__/__/third_party/tflite-micro/tensorflow/lite/micro/kernels/arg_min_max.cc.obj
[ 79%] Building CXX object libs/tensorflow/CMakeFiles/libs_tensorflow-m7.dir/__/__/third_party/tflite-micro/tensorflow/lite/micro/kernels/assign_variable.cc.obj
[ 79%] Building CXX object libs/tensorflow/CMakeFiles/libs_tensorflow-m7.dir/__/__/third_party/tflite-micro/tensorflow/lite/micro/kernels/batch_to_space_nd.cc.obj
[ 79%] Building CXX object libs/tensorflow/CMakeFiles/libs_tensorflow-m7.dir/__/__/third_party/tflite-micro/tensorflow/lite/micro/kernels/broadcast_args.cc.obj
[ 79%] Building CXX object libs/tensorflow/CMakeFiles/libs_tensorflow-m7.dir/__/__/third_party/tflite-micro/tensorflow/lite/micro/kernels/broadcast_to.cc.obj
[ 79%] Building CXX object libs/tensorflow/CMakeFiles/libs_tensorflow-m7.dir/__/__/third_party/tflite-micro/tensorflow/lite/micro/kernels/call_once.cc.obj
[ 79%] Building CXX object libs/tensorflow/CMakeFiles/libs_tensorflow-m7.dir/__/__/third_party/tflite-micro/tensorflow/lite/micro/kernels/cast.cc.obj
[ 79%] Building CXX object libs/tensorflow/CMakeFiles/libs_tensorflow-m7.dir/__/__/third_party/tflite-micro/tensorflow/lite/micro/kernels/ceil.cc.obj
[ 79%] Building CXX object libs/tensorflow/CMakeFiles/libs_tensorflow-m7.dir/__/__/third_party/tflite-micro/tensorflow/lite/micro/kernels/circular_buffer.cc.obj
[ 79%] Building CXX object libs/tensorflow/CMakeFiles/libs_tensorflow-m7.dir/__/__/third_party/tflite-micro/tensorflow/lite/micro/kernels/circular_buffer_common.cc.obj
[ 79%] Building CXX object libs/tensorflow/CMakeFiles/libs_tensorflow-m7.dir/__/__/third_party/tflite-micro/tensorflow/lite/micro/kernels/cmsis_nn/add.cc.obj
[ 79%] Building CXX object libs/tensorflow/CMakeFiles/libs_tensorflow-m7.dir/__/__/third_party/tflite-micro/tensorflow/lite/micro/kernels/cmsis_nn/conv.cc.obj
[ 79%] Building CXX object libs/tensorflow/CMakeFiles/libs_tensorflow-m7.dir/__/__/third_party/tflite-micro/tensorflow/lite/micro/kernels/cmsis_nn/depthwise_conv.cc.obj
[ 79%] Building CXX object libs/tensorflow/CMakeFiles/libs_tensorflow-m7.dir/__/__/third_party/tflite-micro/tensorflow/lite/micro/kernels/cmsis_nn/fully_connected.cc.obj
[ 79%] Building CXX object libs/tensorflow/CMakeFiles/libs_tensorflow-m7.dir/__/__/third_party/tflite-micro/tensorflow/lite/micro/kernels/cmsis_nn/mul.cc.obj
[ 81%] Building CXX object libs/tensorflow/CMakeFiles/libs_tensorflow-m7.dir/__/__/third_party/tflite-micro/tensorflow/lite/micro/kernels/cmsis_nn/pooling.cc.obj
[ 81%] Building CXX object libs/tensorflow/CMakeFiles/libs_tensorflow-m7.dir/__/__/third_party/tflite-micro/tensorflow/lite/micro/kernels/cmsis_nn/softmax.cc.obj
[ 81%] Building CXX object libs/tensorflow/CMakeFiles/libs_tensorflow-m7.dir/__/__/third_party/tflite-micro/tensorflow/lite/micro/kernels/cmsis_nn/svdf.cc.obj
[ 81%] Building CXX object libs/tensorflow/CMakeFiles/libs_tensorflow-m7.dir/__/__/third_party/tflite-micro/tensorflow/lite/micro/kernels/comparisons.cc.obj
[ 81%] Building CXX object libs/tensorflow/CMakeFiles/libs_tensorflow-m7.dir/__/__/third_party/tflite-micro/tensorflow/lite/micro/kernels/concatenation.cc.obj
[ 81%] Building CXX object libs/tensorflow/CMakeFiles/libs_tensorflow-m7.dir/__/__/third_party/tflite-micro/tensorflow/lite/micro/kernels/conv.cc.obj
[ 81%] Building CXX object libs/tensorflow/CMakeFiles/libs_tensorflow-m7.dir/__/__/third_party/tflite-micro/tensorflow/lite/micro/kernels/conv_common.cc.obj
[ 81%] Building CXX object libs/tensorflow/CMakeFiles/libs_tensorflow-m7.dir/__/__/third_party/tflite-micro/tensorflow/lite/micro/kernels/cumsum.cc.obj
[ 81%] Building CXX object libs/tensorflow/CMakeFiles/libs_tensorflow-m7.dir/__/__/third_party/tflite-micro/tensorflow/lite/micro/kernels/depth_to_space.cc.obj
[ 81%] Building CXX object libs/tensorflow/CMakeFiles/libs_tensorflow-m7.dir/__/__/third_party/tflite-micro/tensorflow/lite/micro/kernels/depthwise_conv.cc.obj
[ 81%] Building CXX object libs/tensorflow/CMakeFiles/libs_tensorflow-m7.dir/__/__/third_party/tflite-micro/tensorflow/lite/micro/kernels/depthwise_conv_common.cc.obj
[ 81%] Building CXX object libs/tensorflow/CMakeFiles/libs_tensorflow-m7.dir/__/__/third_party/tflite-micro/tensorflow/lite/micro/kernels/dequantize.cc.obj
[ 81%] Building CXX object libs/tensorflow/CMakeFiles/libs_tensorflow-m7.dir/__/__/third_party/tflite-micro/tensorflow/lite/micro/kernels/dequantize_common.cc.obj
[ 81%] Building CXX object libs/tensorflow/CMakeFiles/libs_tensorflow-m7.dir/__/__/third_party/tflite-micro/tensorflow/lite/micro/kernels/detection_postprocess.cc.obj
[ 81%] Building CXX object libs/tensorflow/CMakeFiles/libs_tensorflow-m7.dir/__/__/third_party/tflite-micro/tensorflow/lite/micro/kernels/div.cc.obj
[ 81%] Building CXX object libs/tensorflow/CMakeFiles/libs_tensorflow-m7.dir/__/__/third_party/tflite-micro/tensorflow/lite/micro/kernels/elementwise.cc.obj
[ 81%] Building CXX object libs/tensorflow/CMakeFiles/libs_tensorflow-m7.dir/__/__/third_party/tflite-micro/tensorflow/lite/micro/kernels/elu.cc.obj
[ 81%] Building CXX object libs/tensorflow/CMakeFiles/libs_tensorflow-m7.dir/__/__/third_party/tflite-micro/tensorflow/lite/micro/kernels/ethosu.cc.obj
[ 81%] Building CXX object libs/tensorflow/CMakeFiles/libs_tensorflow-m7.dir/__/__/third_party/tflite-micro/tensorflow/lite/micro/kernels/exp.cc.obj
[ 82%] Building CXX object libs/tensorflow/CMakeFiles/libs_tensorflow-m7.dir/__/__/third_party/tflite-micro/tensorflow/lite/micro/kernels/expand_dims.cc.obj
[ 82%] Building CXX object libs/tensorflow/CMakeFiles/libs_tensorflow-m7.dir/__/__/third_party/tflite-micro/tensorflow/lite/micro/kernels/fill.cc.obj
[ 82%] Building CXX object libs/tensorflow/CMakeFiles/libs_tensorflow-m7.dir/__/__/third_party/tflite-micro/tensorflow/lite/micro/kernels/floor.cc.obj
[ 82%] Building CXX object libs/tensorflow/CMakeFiles/libs_tensorflow-m7.dir/__/__/third_party/tflite-micro/tensorflow/lite/micro/kernels/floor_div.cc.obj
[ 82%] Building CXX object libs/tensorflow/CMakeFiles/libs_tensorflow-m7.dir/__/__/third_party/tflite-micro/tensorflow/lite/micro/kernels/floor_mod.cc.obj
[ 82%] Building CXX object libs/tensorflow/CMakeFiles/libs_tensorflow-m7.dir/__/__/third_party/tflite-micro/tensorflow/lite/micro/kernels/fully_connected.cc.obj
[ 82%] Building CXX object libs/tensorflow/CMakeFiles/libs_tensorflow-m7.dir/__/__/third_party/tflite-micro/tensorflow/lite/micro/kernels/fully_connected_common.cc.obj
[ 82%] Building CXX object libs/tensorflow/CMakeFiles/libs_tensorflow-m7.dir/__/__/third_party/tflite-micro/tensorflow/lite/micro/kernels/gather.cc.obj
[ 82%] Building CXX object libs/tensorflow/CMakeFiles/libs_tensorflow-m7.dir/__/__/third_party/tflite-micro/tensorflow/lite/micro/kernels/gather_nd.cc.obj
[ 82%] Building CXX object libs/tensorflow/CMakeFiles/libs_tensorflow-m7.dir/__/__/third_party/tflite-micro/tensorflow/lite/micro/kernels/hard_swish.cc.obj
[ 82%] Building CXX object libs/tensorflow/CMakeFiles/libs_tensorflow-m7.dir/__/__/third_party/tflite-micro/tensorflow/lite/micro/kernels/hard_swish_common.cc.obj
[ 82%] Building CXX object libs/tensorflow/CMakeFiles/libs_tensorflow-m7.dir/__/__/third_party/tflite-micro/tensorflow/lite/micro/kernels/if.cc.obj
[ 82%] Building CXX object libs/tensorflow/CMakeFiles/libs_tensorflow-m7.dir/__/__/third_party/tflite-micro/tensorflow/lite/micro/kernels/kernel_runner.cc.obj
[ 82%] Building CXX object libs/tensorflow/CMakeFiles/libs_tensorflow-m7.dir/__/__/third_party/tflite-micro/tensorflow/lite/micro/kernels/kernel_util.cc.obj
[ 82%] Building CXX object libs/tensorflow/CMakeFiles/libs_tensorflow-m7.dir/__/__/third_party/tflite-micro/tensorflow/lite/micro/kernels/l2_pool_2d.cc.obj
[ 82%] Building CXX object libs/tensorflow/CMakeFiles/libs_tensorflow-m7.dir/__/__/third_party/tflite-micro/tensorflow/lite/micro/kernels/l2norm.cc.obj
[ 82%] Building CXX object libs/tensorflow/CMakeFiles/libs_tensorflow-m7.dir/__/__/third_party/tflite-micro/tensorflow/lite/micro/kernels/leaky_relu.cc.obj
[ 82%] Building CXX object libs/tensorflow/CMakeFiles/libs_tensorflow-m7.dir/__/__/third_party/tflite-micro/tensorflow/lite/micro/kernels/leaky_relu_common.cc.obj
[ 84%] Building CXX object libs/tensorflow/CMakeFiles/libs_tensorflow-m7.dir/__/__/third_party/tflite-micro/tensorflow/lite/micro/kernels/log_softmax.cc.obj
[ 84%] Building CXX object libs/tensorflow/CMakeFiles/libs_tensorflow-m7.dir/__/__/third_party/tflite-micro/tensorflow/lite/micro/kernels/logical.cc.obj
[ 84%] Building CXX object libs/tensorflow/CMakeFiles/libs_tensorflow-m7.dir/__/__/third_party/tflite-micro/tensorflow/lite/micro/kernels/logical_common.cc.obj
[ 84%] Building CXX object libs/tensorflow/CMakeFiles/libs_tensorflow-m7.dir/__/__/third_party/tflite-micro/tensorflow/lite/micro/kernels/logistic.cc.obj
[ 84%] Building CXX object libs/tensorflow/CMakeFiles/libs_tensorflow-m7.dir/__/__/third_party/tflite-micro/tensorflow/lite/micro/kernels/logistic_common.cc.obj
[ 84%] Building CXX object libs/tensorflow/CMakeFiles/libs_tensorflow-m7.dir/__/__/third_party/tflite-micro/tensorflow/lite/micro/kernels/lstm_eval.cc.obj
[ 84%] Building CXX object libs/tensorflow/CMakeFiles/libs_tensorflow-m7.dir/__/__/third_party/tflite-micro/tensorflow/lite/micro/kernels/maximum_minimum.cc.obj
[ 84%] Building CXX object libs/tensorflow/CMakeFiles/libs_tensorflow-m7.dir/__/__/third_party/tflite-micro/tensorflow/lite/micro/kernels/micro_tensor_utils.cc.obj
[ 84%] Building CXX object libs/tensorflow/CMakeFiles/libs_tensorflow-m7.dir/__/__/third_party/tflite-micro/tensorflow/lite/micro/kernels/mirror_pad.cc.obj
[ 84%] Building CXX object libs/tensorflow/CMakeFiles/libs_tensorflow-m7.dir/__/__/third_party/tflite-micro/tensorflow/lite/micro/kernels/mul.cc.obj
[ 84%] Building CXX object libs/tensorflow/CMakeFiles/libs_tensorflow-m7.dir/__/__/third_party/tflite-micro/tensorflow/lite/micro/kernels/mul_common.cc.obj
[ 84%] Building CXX object libs/tensorflow/CMakeFiles/libs_tensorflow-m7.dir/__/__/third_party/tflite-micro/tensorflow/lite/micro/kernels/neg.cc.obj
[ 84%] Building CXX object libs/tensorflow/CMakeFiles/libs_tensorflow-m7.dir/__/__/third_party/tflite-micro/tensorflow/lite/micro/kernels/pack.cc.obj
[ 84%] Building CXX object libs/tensorflow/CMakeFiles/libs_tensorflow-m7.dir/__/__/third_party/tflite-micro/tensorflow/lite/micro/kernels/pad.cc.obj
[ 84%] Building CXX object libs/tensorflow/CMakeFiles/libs_tensorflow-m7.dir/__/__/third_party/tflite-micro/tensorflow/lite/micro/kernels/pooling_common.cc.obj
[ 84%] Building CXX object libs/tensorflow/CMakeFiles/libs_tensorflow-m7.dir/__/__/third_party/tflite-micro/tensorflow/lite/micro/kernels/prelu.cc.obj
[ 84%] Building CXX object libs/tensorflow/CMakeFiles/libs_tensorflow-m7.dir/__/__/third_party/tflite-micro/tensorflow/lite/micro/kernels/prelu_common.cc.obj
[ 84%] Building CXX object libs/tensorflow/CMakeFiles/libs_tensorflow-m7.dir/__/__/third_party/tflite-micro/tensorflow/lite/micro/kernels/quantize.cc.obj
[ 85%] Building CXX object libs/tensorflow/CMakeFiles/libs_tensorflow-m7.dir/__/__/third_party/tflite-micro/tensorflow/lite/micro/kernels/quantize_common.cc.obj
[ 85%] Building CXX object libs/tensorflow/CMakeFiles/libs_tensorflow-m7.dir/__/__/third_party/tflite-micro/tensorflow/lite/micro/kernels/read_variable.cc.obj
[ 85%] Building CXX object libs/tensorflow/CMakeFiles/libs_tensorflow-m7.dir/__/__/third_party/tflite-micro/tensorflow/lite/micro/kernels/reduce.cc.obj
[ 85%] Building CXX object libs/tensorflow/CMakeFiles/libs_tensorflow-m7.dir/__/__/third_party/tflite-micro/tensorflow/lite/micro/kernels/reduce_common.cc.obj
[ 85%] Building CXX object libs/tensorflow/CMakeFiles/libs_tensorflow-m7.dir/__/__/third_party/tflite-micro/tensorflow/lite/micro/kernels/reshape.cc.obj
[ 85%] Building CXX object libs/tensorflow/CMakeFiles/libs_tensorflow-m7.dir/__/__/third_party/tflite-micro/tensorflow/lite/micro/kernels/resize_bilinear.cc.obj
[ 85%] Building CXX object libs/tensorflow/CMakeFiles/libs_tensorflow-m7.dir/__/__/third_party/tflite-micro/tensorflow/lite/micro/kernels/resize_nearest_neighbor.cc.obj
[ 85%] Building CXX object libs/tensorflow/CMakeFiles/libs_tensorflow-m7.dir/__/__/third_party/tflite-micro/tensorflow/lite/micro/kernels/round.cc.obj
[ 85%] Building CXX object libs/tensorflow/CMakeFiles/libs_tensorflow-m7.dir/__/__/third_party/tflite-micro/tensorflow/lite/micro/kernels/shape.cc.obj
[ 85%] Building CXX object libs/tensorflow/CMakeFiles/libs_tensorflow-m7.dir/__/__/third_party/tflite-micro/tensorflow/lite/micro/kernels/slice.cc.obj
[ 85%] Building CXX object libs/tensorflow/CMakeFiles/libs_tensorflow-m7.dir/__/__/third_party/tflite-micro/tensorflow/lite/micro/kernels/softmax.cc.obj
[ 85%] Building CXX object libs/tensorflow/CMakeFiles/libs_tensorflow-m7.dir/__/__/third_party/tflite-micro/tensorflow/lite/micro/kernels/softmax_common.cc.obj
[ 85%] Building CXX object libs/tensorflow/CMakeFiles/libs_tensorflow-m7.dir/__/__/third_party/tflite-micro/tensorflow/lite/micro/kernels/space_to_batch_nd.cc.obj
[ 85%] Building CXX object libs/tensorflow/CMakeFiles/libs_tensorflow-m7.dir/__/__/third_party/tflite-micro/tensorflow/lite/micro/kernels/space_to_depth.cc.obj
[ 85%] Building CXX object libs/tensorflow/CMakeFiles/libs_tensorflow-m7.dir/__/__/third_party/tflite-micro/tensorflow/lite/micro/kernels/split.cc.obj
[ 85%] Building CXX object libs/tensorflow/CMakeFiles/libs_tensorflow-m7.dir/__/__/third_party/tflite-micro/tensorflow/lite/micro/kernels/split_v.cc.obj
[ 85%] Building CXX object libs/tensorflow/CMakeFiles/libs_tensorflow-m7.dir/__/__/third_party/tflite-micro/tensorflow/lite/micro/kernels/squared_difference.cc.obj
[ 85%] Building CXX object libs/tensorflow/CMakeFiles/libs_tensorflow-m7.dir/__/__/third_party/tflite-micro/tensorflow/lite/micro/kernels/squeeze.cc.obj
[ 85%] Building CXX object libs/tensorflow/CMakeFiles/libs_tensorflow-m7.dir/__/__/third_party/tflite-micro/tensorflow/lite/micro/kernels/strided_slice.cc.obj
[ 86%] Building CXX object libs/tensorflow/CMakeFiles/libs_tensorflow-m7.dir/__/__/third_party/tflite-micro/tensorflow/lite/micro/kernels/sub.cc.obj
[ 86%] Building CXX object libs/tensorflow/CMakeFiles/libs_tensorflow-m7.dir/__/__/third_party/tflite-micro/tensorflow/lite/micro/kernels/sub_common.cc.obj
[ 86%] Building CXX object libs/tensorflow/CMakeFiles/libs_tensorflow-m7.dir/__/__/third_party/tflite-micro/tensorflow/lite/micro/kernels/svdf_common.cc.obj
[ 86%] Building CXX object libs/tensorflow/CMakeFiles/libs_tensorflow-m7.dir/__/__/third_party/tflite-micro/tensorflow/lite/micro/kernels/tanh.cc.obj
[ 86%] Building CXX object libs/tensorflow/CMakeFiles/libs_tensorflow-m7.dir/__/__/third_party/tflite-micro/tensorflow/lite/micro/kernels/transpose.cc.obj
[ 86%] Building CXX object libs/tensorflow/CMakeFiles/libs_tensorflow-m7.dir/__/__/third_party/tflite-micro/tensorflow/lite/micro/kernels/transpose_conv.cc.obj
[ 86%] Building CXX object libs/tensorflow/CMakeFiles/libs_tensorflow-m7.dir/__/__/third_party/tflite-micro/tensorflow/lite/micro/kernels/unidirectional_sequence_lstm.cc.obj
[ 86%] Building CXX object libs/tensorflow/CMakeFiles/libs_tensorflow-m7.dir/__/__/third_party/tflite-micro/tensorflow/lite/micro/kernels/unpack.cc.obj
[ 86%] Building CXX object libs/tensorflow/CMakeFiles/libs_tensorflow-m7.dir/__/__/third_party/tflite-micro/tensorflow/lite/micro/kernels/var_handle.cc.obj
[ 86%] Building CXX object libs/tensorflow/CMakeFiles/libs_tensorflow-m7.dir/__/__/third_party/tflite-micro/tensorflow/lite/micro/kernels/while.cc.obj
[ 86%] Building CXX object libs/tensorflow/CMakeFiles/libs_tensorflow-m7.dir/__/__/third_party/tflite-micro/tensorflow/lite/micro/kernels/zeros_like.cc.obj
[ 86%] Building CXX object libs/tensorflow/CMakeFiles/libs_tensorflow-m7.dir/__/__/third_party/tflite-micro/tensorflow/lite/micro/memory_helpers.cc.obj
/home/bogdan/work/coralmicro/third_party/tflite-micro/tensorflow/lite/micro/memory_helpers.cc: In function 'TfLiteStatus tflite::BytesRequiredForTensor(const tflite::Tensor&, size_t*, size_t*, tflite::ErrorReporter*)':
/home/bogdan/work/coralmicro/third_party/tflite-micro/tensorflow/lite/micro/memory_helpers.cc:106:62: warning: 'flatbuffers::uoffset_t flatbuffers::Vector<T>::Length() const [with T = long int; flatbuffers::uoffset_t = long unsigned int]' is deprecated: use size() instead [-Wdeprecated-declarations]
  106 |     for (size_t n = 0; n < flatbuffer_tensor.shape()->Length(); ++n) {
      |                                                              ^
In file included from /home/bogdan/work/coralmicro/third_party/tflite-micro/tensorflow/lite/schema/schema_generated.h:21,
                 from /home/bogdan/work/coralmicro/third_party/tflite-micro/tensorflow/lite/micro/memory_helpers.h:23,
                 from /home/bogdan/work/coralmicro/third_party/tflite-micro/tensorflow/lite/micro/memory_helpers.cc:16:
/home/bogdan/work/coralmicro/third_party/flatbuffers/include/flatbuffers/flatbuffers.h:251:13: note: declared here
  251 |   uoffset_t Length() const { return size(); }
      |             ^~~~~~
[ 86%] Building CXX object libs/tensorflow/CMakeFiles/libs_tensorflow-m7.dir/__/__/third_party/tflite-micro/tensorflow/lite/micro/memory_planner/greedy_memory_planner.cc.obj
[ 86%] Building CXX object libs/tensorflow/CMakeFiles/libs_tensorflow-m7.dir/__/__/third_party/tflite-micro/tensorflow/lite/micro/memory_planner/linear_memory_planner.cc.obj
[ 86%] Building CXX object libs/tensorflow/CMakeFiles/libs_tensorflow-m7.dir/__/__/third_party/tflite-micro/tensorflow/lite/micro/memory_planner/non_persistent_buffer_planner_shim.cc.obj
[ 86%] Building CXX object libs/tensorflow/CMakeFiles/libs_tensorflow-m7.dir/__/__/third_party/tflite-micro/tensorflow/lite/micro/micro_allocation_info.cc.obj
[ 86%] Building CXX object libs/tensorflow/CMakeFiles/libs_tensorflow-m7.dir/__/__/third_party/tflite-micro/tensorflow/lite/micro/micro_allocator.cc.obj
[ 86%] Building CXX object libs/tensorflow/CMakeFiles/libs_tensorflow-m7.dir/__/__/third_party/tflite-micro/tensorflow/lite/micro/micro_context.cc.obj
[ 88%] Building CXX object libs/tensorflow/CMakeFiles/libs_tensorflow-m7.dir/__/__/third_party/tflite-micro/tensorflow/lite/micro/micro_error_reporter.cc.obj
[ 88%] Building CXX object libs/tensorflow/CMakeFiles/libs_tensorflow-m7.dir/__/__/third_party/tflite-micro/tensorflow/lite/micro/micro_graph.cc.obj
[ 88%] Building CXX object libs/tensorflow/CMakeFiles/libs_tensorflow-m7.dir/__/__/third_party/tflite-micro/tensorflow/lite/micro/micro_interpreter.cc.obj
[ 88%] Building CXX object libs/tensorflow/CMakeFiles/libs_tensorflow-m7.dir/__/__/third_party/tflite-micro/tensorflow/lite/micro/micro_profiler.cc.obj
[ 88%] Building CXX object libs/tensorflow/CMakeFiles/libs_tensorflow-m7.dir/__/__/third_party/tflite-micro/tensorflow/lite/micro/micro_resource_variable.cc.obj
[ 88%] Building CXX object libs/tensorflow/CMakeFiles/libs_tensorflow-m7.dir/__/__/third_party/tflite-micro/tensorflow/lite/micro/micro_string.cc.obj
[ 88%] Building CXX object libs/tensorflow/CMakeFiles/libs_tensorflow-m7.dir/__/__/third_party/tflite-micro/tensorflow/lite/micro/micro_time.cc.obj
[ 88%] Building CXX object libs/tensorflow/CMakeFiles/libs_tensorflow-m7.dir/__/__/third_party/tflite-micro/tensorflow/lite/micro/micro_utils.cc.obj
[ 88%] Building CXX object libs/tensorflow/CMakeFiles/libs_tensorflow-m7.dir/__/__/third_party/tflite-micro/tensorflow/lite/micro/mock_micro_graph.cc.obj
[ 88%] Building CXX object libs/tensorflow/CMakeFiles/libs_tensorflow-m7.dir/__/__/third_party/tflite-micro/tensorflow/lite/micro/recording_micro_allocator.cc.obj
[ 88%] Building CXX object libs/tensorflow/CMakeFiles/libs_tensorflow-m7.dir/__/__/third_party/tflite-micro/tensorflow/lite/micro/system_setup.cc.obj
[ 88%] Building CXX object libs/tensorflow/CMakeFiles/libs_tensorflow-m7.dir/__/__/third_party/tflite-micro/tensorflow/lite/schema/schema_utils.cc.obj
[ 88%] Linking CXX static library liblibs_tensorflow-m7.a
[ 88%] Built target libs_tensorflow-m7
[ 88%] Building CXX object libs/base/CMakeFiles/libs_base-m7_freertos.dir/analog.cc.obj
[ 88%] Building CXX object libs/base/CMakeFiles/libs_base-m7_freertos.dir/console_m7.cc.obj
[ 88%] Building CXX object libs/base/CMakeFiles/libs_base-m7_freertos.dir/filesystem.cc.obj
[ 88%] Building CXX object libs/base/CMakeFiles/libs_base-m7_freertos.dir/fx_nand_driver.cc.obj
[ 88%] Building CXX object libs/base/CMakeFiles/libs_base-m7_freertos.dir/fx_user_fs.cc.obj
[ 88%] Building CXX object libs/base/CMakeFiles/libs_base-m7_freertos.dir/gpio.cc.obj
[ 88%] Building CXX object libs/base/CMakeFiles/libs_base-m7_freertos.dir/i2c.cc.obj
[ 88%] Building CXX object libs/base/CMakeFiles/libs_base-m7_freertos.dir/ipc.cc.obj
[ 88%] Building CXX object libs/base/CMakeFiles/libs_base-m7_freertos.dir/ipc_m7.cc.obj
[ 88%] Building CXX object libs/base/CMakeFiles/libs_base-m7_freertos.dir/led.cc.obj
[ 89%] Building CXX object libs/base/CMakeFiles/libs_base-m7_freertos.dir/main_freertos_m7.cc.obj
/home/bogdan/work/coralmicro/libs/base/main_freertos_m7.cc:132:6: warning: 'void {anonymous}::InitializeCDCEEM()' defined but not used [-Wunused-function]
  132 | void InitializeCDCEEM() {
      |      ^~~~~~~~~~~~~~~~
[ 89%] Building CXX object libs/base/CMakeFiles/libs_base-m7_freertos.dir/network.cc.obj
[ 89%] Building CXX object libs/base/CMakeFiles/libs_base-m7_freertos.dir/ntp.cc.obj
[ 89%] Building CXX object libs/base/CMakeFiles/libs_base-m7_freertos.dir/pwm.cc.obj
[ 89%] Building CXX object libs/base/CMakeFiles/libs_base-m7_freertos.dir/random.cc.obj
[ 89%] Building CXX object libs/base/CMakeFiles/libs_base-m7_freertos.dir/reset.cc.obj
[ 89%] Building CXX object libs/base/CMakeFiles/libs_base-m7_freertos.dir/strings.cc.obj
[ 89%] Building CXX object libs/base/CMakeFiles/libs_base-m7_freertos.dir/spi.cc.obj
[ 89%] Building CXX object libs/base/CMakeFiles/libs_base-m7_freertos.dir/tempsense.cc.obj
[ 89%] Building CXX object libs/base/CMakeFiles/libs_base-m7_freertos.dir/timer.cc.obj
[ 89%] Building CXX object libs/base/CMakeFiles/libs_base-m7_freertos.dir/utils.cc.obj
[ 89%] Building CXX object libs/base/CMakeFiles/libs_base-m7_freertos.dir/watchdog.cc.obj
[ 89%] Linking CXX static library liblibs_base-m7_freertos.a
[ 89%] Built target libs_base-m7_freertos
[ 89%] Building CXX object libs/msc_ums/CMakeFiles/libs_msc_ums_freertos.dir/msc_ums.cc.obj
[ 89%] Linking CXX static library liblibs_msc_ums_freertos.a
[ 89%] Built target libs_msc_ums_freertos
[ 91%] Building CXX object libs/cdc_ncm/CMakeFiles/libs_cdc_ncm_freertos.dir/cdc_ncm.cc.obj
[ 91%] Linking CXX static library liblibs_cdc_ncm_freertos.a
[ 91%] Built target libs_cdc_ncm_freertos
[ 91%] Building CXX object libs/cdc_eem/CMakeFiles/libs_cdc_eem_freertos.dir/cdc_eem.cc.obj
In file included from /home/bogdan/work/coralmicro/./libs/cdc_acm/cdc_acm.h:30,
                 from /home/bogdan/work/coralmicro/./libs/base/console_m7.h:23,
                 from /home/bogdan/work/coralmicro/./libs/base/check.h:39,
                 from /home/bogdan/work/coralmicro/libs/cdc_eem/cdc_eem.cc:19:
/home/bogdan/work/coralmicro/./third_party/nxp/rt1176-sdk/middleware/usb/output/source/device/class/usb_device_cdc_acm.h:20: warning: "USB_DEVICE_CONFIG_CDC_COMM_CLASS_CODE" redefined
   20 | #define USB_DEVICE_CONFIG_CDC_COMM_CLASS_CODE (0x02U) /*!< The CDC communication class code. */
      | 
In file included from /home/bogdan/work/coralmicro/./libs/cdc_eem/cdc_eem.h:28,
                 from /home/bogdan/work/coralmicro/libs/cdc_eem/cdc_eem.cc:17:
/home/bogdan/work/coralmicro/./libs/nxp/rt1176-sdk/usb_device_cdc_eem.h:21: note: this is the location of the previous definition
   21 | #define USB_DEVICE_CONFIG_CDC_COMM_CLASS_CODE (0x02)
      | 
[ 91%] Linking CXX static library liblibs_cdc_eem_freertos.a
[ 91%] Built target libs_cdc_eem_freertos
[ 91%] Building CXX object libs/cdc_acm/CMakeFiles/libs_cdc_acm_freertos.dir/cdc_acm.cc.obj
[ 91%] Linking CXX static library liblibs_cdc_acm_freertos.a
[ 91%] Built target libs_cdc_acm_freertos
[ 91%] Building CXX object libs/camera/CMakeFiles/libs_camera_freertos.dir/camera.cc.obj
/home/bogdan/work/coralmicro/libs/camera/camera.cc: In member function 'bool coralmicro::CameraTask::Read(uint16_t, uint8_t*)':
/home/bogdan/work/coralmicro/libs/camera/camera.cc:536:12: warning: unused variable 'status2' [-Wunused-variable]
  536 |   status_t status2 = LPI2C_RTOS_Transfer(i2c_handle2_, &transfer);
      |            ^~~~~~~
/home/bogdan/work/coralmicro/libs/camera/camera.cc: In member function 'bool coralmicro::CameraTask::Write(uint16_t, const uint8_t*, int)':
/home/bogdan/work/coralmicro/libs/camera/camera.cc:559:12: warning: unused variable 'status2' [-Wunused-variable]
  559 |   status_t status2 = LPI2C_RTOS_Transfer(i2c_handle2_, &transfer);
      |            ^~~~~~~
/home/bogdan/work/coralmicro/libs/camera/camera.cc: In member function 'void coralmicro::CameraTask::Init(lpi2c_rtos_handle_t*, lpi2c_rtos_handle_t*)':
/home/bogdan/work/coralmicro/libs/camera/camera.cc:667:31: warning: format '%x' expects argument of type 'unsigned int', but argument 3 has type 'lpi2c_rtos_handle_t*' {aka '_lpi2c_rtos_handle*'} [-Wformat=]
  667 |   printf ("%s: i2c_Handle: 0x%x, i2c_handle2: 0x%x", __func__, i2c_handle, i2c_handle2);
      |                              ~^                                ~~~~~~~~~~
      |                               |                                |
      |                               unsigned int                     lpi2c_rtos_handle_t* {aka _lpi2c_rtos_handle*}
/home/bogdan/work/coralmicro/libs/camera/camera.cc:667:50: warning: format '%x' expects argument of type 'unsigned int', but argument 4 has type 'lpi2c_rtos_handle_t*' {aka '_lpi2c_rtos_handle*'} [-Wformat=]
  667 |   printf ("%s: i2c_Handle: 0x%x, i2c_handle2: 0x%x", __func__, i2c_handle, i2c_handle2);
      |                                                 ~^                         ~~~~~~~~~~~
      |                                                  |                         |
      |                                                  unsigned int              lpi2c_rtos_handle_t* {aka _lpi2c_rtos_handle*}
/home/bogdan/work/coralmicro/libs/camera/camera.cc: In member function 'bool coralmicro::CameraTask::VideoConvert(uint32_t)':
/home/bogdan/work/coralmicro/libs/camera/camera.cc:836:1: warning: no return statement in function returning non-void [-Wreturn-type]
  836 | }
      | ^
/home/bogdan/work/coralmicro/libs/camera/camera.cc: In member function 'void coralmicro::CameraTask::HandleSwitchCameraRequest(coralmicro::SwitchCameraId)':
/home/bogdan/work/coralmicro/libs/camera/camera.cc:890:42: warning: format '%d' expects argument of type 'int', but argument 2 has type 'coralmicro::SwitchCameraId' [-Wformat=]
  890 |         printf("Invalid switchCameraId: %d\n", cameraId);
      |                                         ~^     ~~~~~~~~
      |                                          |     |
      |                                          int   coralmicro::SwitchCameraId
/home/bogdan/work/coralmicro/libs/camera/camera.cc: In member function 'coralmicro::camera::EnableResponse coralmicro::CameraTask::HandleEnableRequest(const coralmicro::CameraMode&)':
/home/bogdan/work/coralmicro/libs/camera/camera.cc:899:19: warning: unused variable 'cameraConfig' [-Wunused-variable]
  899 |   camera_config_t cameraConfig;
      |                   ^~~~~~~~~~~~
/home/bogdan/work/coralmicro/libs/camera/camera.cc: At global scope:
/home/bogdan/work/coralmicro/libs/camera/camera.cc:149:13: warning: 'void coralmicro::{anonymous}::Rgb888ToRgb(const uint8_t*, uint8_t*, int, int, int)' defined but not used [-Wunused-function]
  149 | static void Rgb888ToRgb(const uint8_t* in, uint8_t* out, int width, int height, int line_padding=LINE_PADDING) {
      |             ^~~~~~~~~~~
[ 91%] Building C object libs/camera/CMakeFiles/libs_camera_freertos.dir/camera_support.c.obj
[ 91%] Linking CXX static library liblibs_camera_freertos.a
[ 91%] Built target libs_camera_freertos
[ 91%] Building CXX object libs/aifes/CMakeFiles/libs_aifes_task_m7.dir/aifes_task.cc.obj
[ 91%] Linking CXX static library liblibs_aifes_task_m7.a
[ 91%] Built target libs_aifes_task_m7
[ 91%] Building CXX object libs/t5838/CMakeFiles/libs_t5838_freertos.dir/t5838.cc.obj
[ 91%] Linking CXX static library liblibs_t5838_freertos.a
[ 91%] Built target libs_t5838_freertos
[ 91%] Building CXX object libs/base/CMakeFiles/libs_base-m7_http_server.dir/http_server.cc.obj
[ 91%] Building CXX object libs/base/CMakeFiles/libs_base-m7_http_server.dir/http_server_handlers.cc.obj
[ 91%] Linking CXX static library liblibs_base-m7_http_server.a
[ 91%] Built target libs_base-m7_http_server
[ 91%] Building CXX object libs/lis2du12/CMakeFiles/libs_lis2du12_freertos.dir/lis2du12.cc.obj
[ 92%] Building C object libs/lis2du12/CMakeFiles/libs_lis2du12_freertos.dir/__/__/third_party/st/lis2du12-pid/lis2du12_reg.c.obj
[ 92%] Linking CXX static library liblibs_lis2du12_freertos.a
[ 92%] Built target libs_lis2du12_freertos
[ 92%] Building C object libs/libjpeg/CMakeFiles/libs_libjpeg.dir/__/__/third_party/nxp/rt1176-sdk/middleware/libjpeg/src/jaricom.c.obj
[ 92%] Building C object libs/libjpeg/CMakeFiles/libs_libjpeg.dir/__/__/third_party/nxp/rt1176-sdk/middleware/libjpeg/src/jcapimin.c.obj
[ 92%] Building C object libs/libjpeg/CMakeFiles/libs_libjpeg.dir/__/__/third_party/nxp/rt1176-sdk/middleware/libjpeg/src/jcapistd.c.obj
[ 92%] Building C object libs/libjpeg/CMakeFiles/libs_libjpeg.dir/__/__/third_party/nxp/rt1176-sdk/middleware/libjpeg/src/jcarith.c.obj
[ 92%] Building C object libs/libjpeg/CMakeFiles/libs_libjpeg.dir/__/__/third_party/nxp/rt1176-sdk/middleware/libjpeg/src/jccoefct.c.obj
[ 92%] Building C object libs/libjpeg/CMakeFiles/libs_libjpeg.dir/__/__/third_party/nxp/rt1176-sdk/middleware/libjpeg/src/jccolor.c.obj
[ 92%] Building C object libs/libjpeg/CMakeFiles/libs_libjpeg.dir/__/__/third_party/nxp/rt1176-sdk/middleware/libjpeg/src/jcdctmgr.c.obj
[ 92%] Building C object libs/libjpeg/CMakeFiles/libs_libjpeg.dir/__/__/third_party/nxp/rt1176-sdk/middleware/libjpeg/src/jchuff.c.obj
[ 92%] Building C object libs/libjpeg/CMakeFiles/libs_libjpeg.dir/__/__/third_party/nxp/rt1176-sdk/middleware/libjpeg/src/jcinit.c.obj
[ 92%] Building C object libs/libjpeg/CMakeFiles/libs_libjpeg.dir/__/__/third_party/nxp/rt1176-sdk/middleware/libjpeg/src/jcmainct.c.obj
[ 92%] Building C object libs/libjpeg/CMakeFiles/libs_libjpeg.dir/__/__/third_party/nxp/rt1176-sdk/middleware/libjpeg/src/jcmarker.c.obj
[ 94%] Building C object libs/libjpeg/CMakeFiles/libs_libjpeg.dir/__/__/third_party/nxp/rt1176-sdk/middleware/libjpeg/src/jcmaster.c.obj
[ 94%] Building C object libs/libjpeg/CMakeFiles/libs_libjpeg.dir/__/__/third_party/nxp/rt1176-sdk/middleware/libjpeg/src/jcomapi.c.obj
[ 94%] Building C object libs/libjpeg/CMakeFiles/libs_libjpeg.dir/__/__/third_party/nxp/rt1176-sdk/middleware/libjpeg/src/jcparam.c.obj
[ 94%] Building C object libs/libjpeg/CMakeFiles/libs_libjpeg.dir/__/__/third_party/nxp/rt1176-sdk/middleware/libjpeg/src/jcprepct.c.obj
[ 94%] Building C object libs/libjpeg/CMakeFiles/libs_libjpeg.dir/__/__/third_party/nxp/rt1176-sdk/middleware/libjpeg/src/jcsample.c.obj
[ 94%] Building C object libs/libjpeg/CMakeFiles/libs_libjpeg.dir/__/__/third_party/nxp/rt1176-sdk/middleware/libjpeg/src/jctrans.c.obj
[ 94%] Building C object libs/libjpeg/CMakeFiles/libs_libjpeg.dir/__/__/third_party/nxp/rt1176-sdk/middleware/libjpeg/src/jdapimin.c.obj
[ 94%] Building C object libs/libjpeg/CMakeFiles/libs_libjpeg.dir/__/__/third_party/nxp/rt1176-sdk/middleware/libjpeg/src/jdapistd.c.obj
[ 94%] Building C object libs/libjpeg/CMakeFiles/libs_libjpeg.dir/__/__/third_party/nxp/rt1176-sdk/middleware/libjpeg/src/jdarith.c.obj
[ 94%] Building C object libs/libjpeg/CMakeFiles/libs_libjpeg.dir/__/__/third_party/nxp/rt1176-sdk/middleware/libjpeg/src/jdatadst.c.obj
[ 94%] Building C object libs/libjpeg/CMakeFiles/libs_libjpeg.dir/__/__/third_party/nxp/rt1176-sdk/middleware/libjpeg/src/jdatasrc.c.obj
[ 94%] Building C object libs/libjpeg/CMakeFiles/libs_libjpeg.dir/__/__/third_party/nxp/rt1176-sdk/middleware/libjpeg/src/jdcoefct.c.obj
[ 94%] Building C object libs/libjpeg/CMakeFiles/libs_libjpeg.dir/__/__/third_party/nxp/rt1176-sdk/middleware/libjpeg/src/jdcolor.c.obj
[ 94%] Building C object libs/libjpeg/CMakeFiles/libs_libjpeg.dir/__/__/third_party/nxp/rt1176-sdk/middleware/libjpeg/src/jddctmgr.c.obj
[ 94%] Building C object libs/libjpeg/CMakeFiles/libs_libjpeg.dir/__/__/third_party/nxp/rt1176-sdk/middleware/libjpeg/src/jdhuff.c.obj
[ 94%] Building C object libs/libjpeg/CMakeFiles/libs_libjpeg.dir/__/__/third_party/nxp/rt1176-sdk/middleware/libjpeg/src/jdinput.c.obj
[ 94%] Building C object libs/libjpeg/CMakeFiles/libs_libjpeg.dir/__/__/third_party/nxp/rt1176-sdk/middleware/libjpeg/src/jdmainct.c.obj
[ 94%] Building C object libs/libjpeg/CMakeFiles/libs_libjpeg.dir/__/__/third_party/nxp/rt1176-sdk/middleware/libjpeg/src/jdmarker.c.obj
[ 95%] Building C object libs/libjpeg/CMakeFiles/libs_libjpeg.dir/__/__/third_party/nxp/rt1176-sdk/middleware/libjpeg/src/jdmaster.c.obj
[ 95%] Building C object libs/libjpeg/CMakeFiles/libs_libjpeg.dir/__/__/third_party/nxp/rt1176-sdk/middleware/libjpeg/src/jdmerge.c.obj
[ 95%] Building C object libs/libjpeg/CMakeFiles/libs_libjpeg.dir/__/__/third_party/nxp/rt1176-sdk/middleware/libjpeg/src/jdpostct.c.obj
[ 95%] Building C object libs/libjpeg/CMakeFiles/libs_libjpeg.dir/__/__/third_party/nxp/rt1176-sdk/middleware/libjpeg/src/jdsample.c.obj
[ 95%] Building C object libs/libjpeg/CMakeFiles/libs_libjpeg.dir/__/__/third_party/nxp/rt1176-sdk/middleware/libjpeg/src/jdtrans.c.obj
[ 95%] Building C object libs/libjpeg/CMakeFiles/libs_libjpeg.dir/__/__/third_party/nxp/rt1176-sdk/middleware/libjpeg/src/jerror.c.obj
[ 95%] Building C object libs/libjpeg/CMakeFiles/libs_libjpeg.dir/__/__/third_party/nxp/rt1176-sdk/middleware/libjpeg/src/jfdctflt.c.obj
[ 95%] Building C object libs/libjpeg/CMakeFiles/libs_libjpeg.dir/__/__/third_party/nxp/rt1176-sdk/middleware/libjpeg/src/jfdctfst.c.obj
[ 95%] Building C object libs/libjpeg/CMakeFiles/libs_libjpeg.dir/__/__/third_party/nxp/rt1176-sdk/middleware/libjpeg/src/jfdctint.c.obj
[ 95%] Building C object libs/libjpeg/CMakeFiles/libs_libjpeg.dir/__/__/third_party/nxp/rt1176-sdk/middleware/libjpeg/src/jidctflt.c.obj
[ 95%] Building C object libs/libjpeg/CMakeFiles/libs_libjpeg.dir/__/__/third_party/nxp/rt1176-sdk/middleware/libjpeg/src/jidctfst.c.obj
[ 95%] Building C object libs/libjpeg/CMakeFiles/libs_libjpeg.dir/__/__/third_party/nxp/rt1176-sdk/middleware/libjpeg/src/jidctint.c.obj
[ 95%] Building C object libs/libjpeg/CMakeFiles/libs_libjpeg.dir/__/__/third_party/nxp/rt1176-sdk/middleware/libjpeg/src/jmemmgr.c.obj
[ 95%] Building C object libs/libjpeg/CMakeFiles/libs_libjpeg.dir/__/__/third_party/nxp/rt1176-sdk/middleware/libjpeg/src/jmemnobs.c.obj
[ 95%] Building C object libs/libjpeg/CMakeFiles/libs_libjpeg.dir/__/__/third_party/nxp/rt1176-sdk/middleware/libjpeg/src/jquant1.c.obj
[ 95%] Building C object libs/libjpeg/CMakeFiles/libs_libjpeg.dir/__/__/third_party/nxp/rt1176-sdk/middleware/libjpeg/src/jquant2.c.obj
[ 95%] Building C object libs/libjpeg/CMakeFiles/libs_libjpeg.dir/__/__/third_party/nxp/rt1176-sdk/middleware/libjpeg/src/jutils.c.obj
[ 95%] Linking C static library liblibs_libjpeg.a
[ 95%] Built target libs_libjpeg
[ 95%] Building CXX object libs/libjpeg/CMakeFiles/libs_jpeg_m7.dir/jpeg.cc.obj
[ 95%] Linking CXX static library liblibs_jpeg_m7.a
[ 95%] Built target libs_jpeg_m7
[ 95%] Embedding help.txt in .help_data SDRAM section
[ 95%] Building CXX object examples/sentai_runtime/CMakeFiles/sentai_runtime.dir/sentai_runtime.cc.obj
/tmp/ccjmHBjX.s: Assembler messages:
/tmp/ccjmHBjX.s:18548: Warning: ignoring changed section type for .sdram_bss
/tmp/ccjmHBjX.s:18548: Warning: ignoring changed section attributes for .sdram_bss
[ 97%] Building CXX object examples/sentai_runtime/CMakeFiles/sentai_runtime.dir/sentai_virtual_camera.cc.obj
[ 97%] Building CXX object examples/sentai_runtime/CMakeFiles/sentai_runtime.dir/sentai_fault.cc.obj
[ 97%] Building CXX object examples/sentai_runtime/CMakeFiles/sentai_runtime.dir/sentai_tfl_bridge.cc.obj
[ 97%] Building CXX object examples/sentai_runtime/CMakeFiles/sentai_runtime.dir/sentai_slow_bridge.cc.obj
[ 97%] Building CXX object examples/sentai_runtime/CMakeFiles/sentai_runtime.dir/detection_task.cc.obj
/home/bogdan/work/coralmicro/examples/sentai_runtime/detection_task.cc: In function 'void {anonymous}::prep_task_fn(void*)':
/home/bogdan/work/coralmicro/examples/sentai_runtime/detection_task.cc:867:28: warning: unused variable 'fire_mask' [-Wunused-variable]
  867 |             const uint32_t fire_mask = publish_aux_slots_from_raw(raw);
      |                            ^~~~~~~~~
[ 97%] Building CXX object examples/sentai_runtime/CMakeFiles/sentai_runtime.dir/flow_task.cc.obj
In file included from /home/bogdan/work/coralmicro/third_party/CMSIS/CMSIS/Core/Include/cmsis_compiler.h:54,
                 from /home/bogdan/work/coralmicro/third_party/CMSIS/CMSIS/Core/Include/core_cm7.h:162,
                 from /home/bogdan/work/coralmicro/third_party/nxp/rt1176-sdk/devices/MIMXRT1176/MIMXRT1176_cm7.h:340,
                 from /home/bogdan/work/coralmicro/third_party/nxp/rt1176-sdk/devices/MIMXRT1176/fsl_device_registers.h:23,
                 from /home/bogdan/work/coralmicro/third_party/nxp/rt1176-sdk/devices/MIMXRT1176/drivers/fsl_common.h:22,
                 from /home/bogdan/work/coralmicro/third_party/nxp/rt1176-sdk/components/video/fsl_video_common.h:12,
                 from /home/bogdan/work/coralmicro/third_party/nxp/rt1176-sdk/components/video/camera/fsl_camera.h:12,
                 from /home/bogdan/work/coralmicro/./libs/camera/camera_support.h:11,
                 from /home/bogdan/work/coralmicro/examples/sentai_runtime/flow_task.cc:92:
/home/bogdan/work/coralmicro/third_party/CMSIS/CMSIS/Core/Include/cmsis_gcc.h:280:37: error: macro "__DMB" passed 1 arguments, but takes just 0
  280 | __STATIC_FORCEINLINE void __DMB(void)
      |                                     ^
/home/bogdan/work/coralmicro/examples/sentai_runtime/flow_task.cc:75: note: macro "__DMB" defined here
   75 | #define __DMB() __asm volatile ("dmb" ::: "memory")
      | 
In file included from /home/bogdan/work/coralmicro/third_party/CMSIS/CMSIS/Core/Include/cmsis_compiler.h:54,
                 from /home/bogdan/work/coralmicro/third_party/CMSIS/CMSIS/Core/Include/core_cm7.h:162,
                 from /home/bogdan/work/coralmicro/third_party/nxp/rt1176-sdk/devices/MIMXRT1176/MIMXRT1176_cm7.h:340,
                 from /home/bogdan/work/coralmicro/third_party/nxp/rt1176-sdk/devices/MIMXRT1176/fsl_device_registers.h:23,
                 from /home/bogdan/work/coralmicro/third_party/nxp/rt1176-sdk/devices/MIMXRT1176/drivers/fsl_common.h:22,
                 from /home/bogdan/work/coralmicro/third_party/nxp/rt1176-sdk/components/video/fsl_video_common.h:12,
                 from /home/bogdan/work/coralmicro/third_party/nxp/rt1176-sdk/components/video/camera/fsl_camera.h:12,
                 from /home/bogdan/work/coralmicro/./libs/camera/camera_support.h:11,
                 from /home/bogdan/work/coralmicro/examples/sentai_runtime/flow_task.cc:92:
/home/bogdan/work/coralmicro/third_party/CMSIS/CMSIS/Core/Include/cmsis_gcc.h:280:27: error: variable or field '__DMB' declared void
  280 | __STATIC_FORCEINLINE void __DMB(void)
      |                           ^~~~~
/home/bogdan/work/coralmicro/third_party/CMSIS/CMSIS/Core/Include/cmsis_gcc.h:41:50: error: expected primary-expression before '__asm'
   41 |   #define __ASM                                  __asm
      |                                                  ^~~~~
/home/bogdan/work/coralmicro/third_party/CMSIS/CMSIS/Core/Include/cmsis_gcc.h:282:3: note: in expansion of macro '__ASM'
  282 |   __ASM volatile ("dmb 0xF":::"memory");
      |   ^~~~~
/home/bogdan/work/coralmicro/third_party/CMSIS/CMSIS/Core/Include/cmsis_gcc.h:41:50: error: expected '}' before '__asm'
   41 |   #define __ASM                                  __asm
      |                                                  ^~~~~
/home/bogdan/work/coralmicro/third_party/CMSIS/CMSIS/Core/Include/cmsis_gcc.h:282:3: note: in expansion of macro '__ASM'
  282 |   __ASM volatile ("dmb 0xF":::"memory");
      |   ^~~~~
/home/bogdan/work/coralmicro/third_party/CMSIS/CMSIS/Core/Include/cmsis_gcc.h:281:1: note: to match this '{'
  281 | {
      | ^
/home/bogdan/work/coralmicro/examples/sentai_runtime/flow_task.cc:74:46: warning: 'always_inline' attribute ignored [-Wattributes]
   74 | #define __USADA8(a, b, acc) sentai_usada8_arm((a), (b), (acc))
      |                                              ^
/home/bogdan/work/coralmicro/third_party/CMSIS/CMSIS/Core/Include/cmsis_gcc.h:1941:31: note: in expansion of macro '__USADA8'
 1941 | __STATIC_FORCEINLINE uint32_t __USADA8(uint32_t op1, uint32_t op2, uint32_t op3)
      |                               ^~~~~~~~
/home/bogdan/work/coralmicro/examples/sentai_runtime/flow_task.cc:74:46: error: 'uint32_t sentai_usada8_arm' redeclared as different kind of entity
   74 | #define __USADA8(a, b, acc) sentai_usada8_arm((a), (b), (acc))
      |                                              ^
/home/bogdan/work/coralmicro/third_party/CMSIS/CMSIS/Core/Include/cmsis_gcc.h:1941:31: note: in expansion of macro '__USADA8'
 1941 | __STATIC_FORCEINLINE uint32_t __USADA8(uint32_t op1, uint32_t op2, uint32_t op3)
      |                               ^~~~~~~~
/home/bogdan/work/coralmicro/examples/sentai_runtime/flow_task.cc:66:24: note: previous declaration 'uint32_t sentai_usada8_arm(uint32_t, uint32_t, uint32_t)'
   66 | static inline uint32_t sentai_usada8_arm(uint32_t a, uint32_t b,
      |                        ^~~~~~~~~~~~~~~~~
/home/bogdan/work/coralmicro/third_party/CMSIS/CMSIS/Core/Include/cmsis_gcc.h:1941:49: error: expected primary-expression before 'op1'
 1941 | __STATIC_FORCEINLINE uint32_t __USADA8(uint32_t op1, uint32_t op2, uint32_t op3)
      |                                                 ^~~
/home/bogdan/work/coralmicro/examples/sentai_runtime/flow_task.cc:74:48: note: in definition of macro '__USADA8'
   74 | #define __USADA8(a, b, acc) sentai_usada8_arm((a), (b), (acc))
      |                                                ^
/home/bogdan/work/coralmicro/third_party/CMSIS/CMSIS/Core/Include/cmsis_gcc.h:1941:49: error: expected ')' before 'op1'
 1941 | __STATIC_FORCEINLINE uint32_t __USADA8(uint32_t op1, uint32_t op2, uint32_t op3)
      |                                                 ^~~
/home/bogdan/work/coralmicro/examples/sentai_runtime/flow_task.cc:74:48: note: in definition of macro '__USADA8'
   74 | #define __USADA8(a, b, acc) sentai_usada8_arm((a), (b), (acc))
      |                                                ^
/home/bogdan/work/coralmicro/examples/sentai_runtime/flow_task.cc:74:47: note: to match this '('
   74 | #define __USADA8(a, b, acc) sentai_usada8_arm((a), (b), (acc))
      |                                               ^
/home/bogdan/work/coralmicro/third_party/CMSIS/CMSIS/Core/Include/cmsis_gcc.h:1941:31: note: in expansion of macro '__USADA8'
 1941 | __STATIC_FORCEINLINE uint32_t __USADA8(uint32_t op1, uint32_t op2, uint32_t op3)
      |                               ^~~~~~~~
In file included from /home/bogdan/work/coralmicro/third_party/nxp/rt1176-sdk/devices/MIMXRT1176/MIMXRT1176_cm7.h:340,
                 from /home/bogdan/work/coralmicro/third_party/nxp/rt1176-sdk/devices/MIMXRT1176/fsl_device_registers.h:23,
                 from /home/bogdan/work/coralmicro/third_party/nxp/rt1176-sdk/devices/MIMXRT1176/drivers/fsl_common.h:22,
                 from /home/bogdan/work/coralmicro/third_party/nxp/rt1176-sdk/components/video/fsl_video_common.h:12,
                 from /home/bogdan/work/coralmicro/third_party/nxp/rt1176-sdk/components/video/camera/fsl_camera.h:12,
                 from /home/bogdan/work/coralmicro/./libs/camera/camera_support.h:11,
                 from /home/bogdan/work/coralmicro/examples/sentai_runtime/flow_task.cc:92:
/home/bogdan/work/coralmicro/third_party/CMSIS/CMSIS/Core/Include/core_cm7.h:166:1: error: expected declaration before '}' token
  166 | }
      | ^
/home/bogdan/work/coralmicro/examples/sentai_runtime/flow_task.cc:471:13: warning: 'void flow_publish_gray80x60(const uint8_t*, int)' defined but not used [-Wunused-function]
  471 | static void flow_publish_gray80x60(const uint8_t* gray80x60, int cam_id) {
      |             ^~~~~~~~~~~~~~~~~~~~~~
gmake[3]: *** [examples/sentai_runtime/CMakeFiles/sentai_runtime.dir/build.make:168: examples/sentai_runtime/CMakeFiles/sentai_runtime.dir/flow_task.cc.obj] Error 1
gmake[2]: *** [CMakeFiles/Makefile2:1354: examples/sentai_runtime/CMakeFiles/sentai_runtime.dir/all] Error 2
gmake[1]: *** [CMakeFiles/Makefile2:1361: examples/sentai_runtime/CMakeFiles/sentai_runtime.dir/rule] Error 2
gmake: *** [Makefile:215: sentai_runtime] Error 2
