t_sec,x,y,z,qx,qy,qz,qw
12,9.3667001417122592e-18,7.2964487425378254e-18,0.01487629284246436,-3.9721286169695225e-16,3.2595295765590762e-16,-8.6347226015311e-18,1
12,9.3788553023224731e-18,7.32322734116149e-18,0.014882341059472462,-3.9674769327796748e-16,3.2562342870081938e-16,-8.6170178698290745e-18,1
12,9.3910059990294828e-18,7.3469370036468387e-18,0.014888092853610124,-3.9784328323435715e-16,3.2672018006687522e-16,-8.6865421719372774e-18,1
12,9.4090560616434587e-18,7.39174131774542e-18,0.014893562752555069,-3.9829196951731578e-16,3.2845975281424e-16,-8.63709750866699e-18,1
12,9.4269079614061614e-18,7.4133599553443164e-18,0.014898764571971035,-3.977648174682197e-16,3.2942767007624793e-16,-8.6274422720339287e-18,1
12,9.4324995727127878e-18,7.503133101383187e-18,0.014903711450427834,-3.9917431566283894e-16,3.3016534502398724e-16,-8.39404915660113e-18,1
12,9.4439423707581965e-18,7.5219332245603216e-18,0.014907493812931242,-3.9923346418772536e-16,3.3181882512887458e-16,-8.3822468593624542e-18,1
12,9.4702175839201176e-18,7.517210540291965e-18,0.014912889750695352,-3.9843726089905138e-16,3.3306049991334387e-16,-8.3122161221102411e-18,1
12,9.4881332522756518e-18,7.5367512029728561e-18,0.014916310451476355,-3.9871108246845831e-16,3.3396982976628646e-16,-8.2804201044004627e-18,1
12,9.5145781554127229e-18,7.5739791918192461e-18,0.014921190440770749,-3.9962587973314763e-16,3.3547525881620968e-16,-8.373478779254158e-18,1
12,9.5311997152997363e-18,7.5924502216799446e-18,0.014924284061180168,-4.0022617831354776e-16,3.3752731979162661e-16,-8.23379896878038e-18,1
12,9.5574563823114784e-18,7.623414075257734e-18,0.014928697435940098,-4.0108127895100375e-16,3.3794687198345005e-16,-8.3612004150215232e-18,1
12,9.54530258154793e-18,7.6580368031597623e-18,0.014931495250735059,-4.027944970842113e-16,3.3842138975214694e-16,-8.5224519238724831e-18,1
12,9.5816462759110309e-18,7.6829188976086287e-18,0.014935486627680085,-4.0396659197921307e-16,3.4133566220761204e-16,-8.6302149057169556e-18,1
12,9.551588259682025e-18,7.6987205395905088e-18,0.014938016921175832,-4.0559768660371611e-16,3.4188707120151351e-16,-8.5800482030543519e-18,1
12,9.6237173056172964e-18,7.645197290258988e-18,0.014941626650871537,-4.054092419756592e-16,3.4419287347762388e-16,-8.7479335022678512e-18,1
12,9.64897924676874e-18,7.6250583363502866e-18,0.014943915002911621,-4.0568408679880685e-16,3.4497776437135778e-16,-8.7364305660737019e-18,1
12,9.65589183807781e-18,7.6206911639265052e-18,0.014947179577675791,-4.0667499510638824e-16,3.4569693974152227e-16,-8.7607403835889912e-18,1
12,9.6601552842051548e-18,7.6292476812164848e-18,0.014949249122201459,-4.0753856832630668e-16,3.4501217269664711e-16,-8.8786998132391686e-18,1
12,9.67261866978659e-18,7.6432459357865e-18,0.01495172175490647,-4.0879669769221785e-16,3.4598250389916644e-16,-9.020788385589077e-18,1
12,9.6626668057520687e-18,7.6795349714015856e-18,0.01495452947962779,-4.1088354267143913e-16,3.4655474300810483e-16,-8.9334655445447614e-18,1
12,9.6837816455228843e-18,7.6597051637046215e-18,0.014955871112075228,-4.1137734802470928e-16,3.4788745046505232e-16,-8.8603730887990988e-18,1
12,9.61859326899775e-18,7.5940052420317414e-18,0.014958436016989382,-4.1214866227083166e-16,3.4764020521433551e-16,-8.6702260993592635e-18,1
12,9.5904563059694656e-18,7.530146787536553e-18,0.014960850824023604,-4.1238157863169997e-16,3.4674130667500744e-16,-8.4796581425796862e-18,1
12,9.5856151841317552e-18,7.4924648729280183e-18,0.014962004706185325,-4.1260516459799633e-16,3.4709320835209033e-16,-8.3456504760638051e-18,1
13,9.55882914885674e-18,7.48210633044017e-18,0.014964210674023641,-4.143184749438631e-16,3.4731526961374412e-16,-8.14670029354519e-18,1
13,9.5234940387339225e-18,7.4213161850982787e-18,0.014966287548927641,-4.1488715986050547e-16,3.4730521076052408e-16,-8.0935451613290244e-18,1
13,9.49046502717588e-18,7.372955754118409e-18,0.014967604163001221,-4.1509382904339064e-16,3.4669553327547818e-16,-7.9951184543203615e-18,1
13,9.491994893611751e-18,7.3574041937429782e-18,0.014968868897217826,-4.1542785560326271e-16,3.4725194470851438e-16,-7.9751716095173127e-18,1
13,9.4777342203742338e-18,7.3551583986505392e-18,0.014970083795851368,-4.1646631596892715e-16,3.4671903408258136e-16,-8.04860247825622e-18,1
13,9.4470762084954679e-18,7.2818014802081956e-18,0.014972371863873775,-4.1708258968288777e-16,3.4747579322547144e-16,-8.045114331410977e-18,1
13,9.43366771257306e-18,7.23099639058582e-18,0.014973448731616689,-4.1646117577413721e-16,3.4729036110248158e-16,-7.9412962949996923e-18,1
13,9.39969349663319e-18,7.1736360010380449e-18,0.014974483166466846,-4.1658378312530757e-16,3.4676365086311335e-16,-7.9474840565832182e-18,1
13,9.384060269782324e-18,7.17683628664883e-18,0.014975719079688773,-4.185893530100984e-16,3.4650429694796e-16,-8.0158715139382985e-18,1
13,9.399495288823447e-18,7.1902748570381887e-18,0.014976894420852024,-4.1918437826841821e-16,3.4711785749391966e-16,-8.1981011997696463e-18,1
13,9.3997290406145552e-18,7.1864014008076689e-18,0.014978012158593356,-4.1923470410795762e-16,3.4720239181510447e-16,-8.4178853347688408e-18,1
13,9.3921878791016934e-18,7.16843543481945e-18,0.014979075116055354,-4.1940467344142716e-16,3.4675035844493679e-16,-8.6546320494854772e-18,1
13,9.4351581980971383e-18,7.1518120858841152e-18,0.014980085978014595,-4.1919024273804713e-16,3.4708767480012765e-16,-8.9524546654320811e-18,1
13,9.4613805660065518e-18,7.1732883259561611e-18,0.014981233832325752,-4.2050431815506225e-16,3.4710621753912669e-16,-9.2129132211057767e-18,1
13,9.4613805660065518e-18,7.1732883259561611e-18,0.014981233832325752,-4.2050431815506225e-16,3.4710621753912669e-16,-9.2129132211057767e-18,1
13,9.4603880763807937e-18,7.18967789847598e-18,0.014982314514360271,-4.2137070934843703e-16,3.4704766794018558e-16,-9.5918187131496845e-18,1
13,9.4341217377758448e-18,7.1919534104672982e-18,0.01498333195503459,-4.2166869456185348e-16,3.467817702973847e-16,-9.8824793920139273e-18,1
13,9.4244272153989443e-18,7.2245467217640014e-18,0.014984443964294849,-4.2406838598285763e-16,3.463156882395931e-16,-1.0132382426941362e-17,1
13,9.4244272153989443e-18,7.2245467217640014e-18,0.014984443964294849,-4.2406838598285763e-16,3.463156882395931e-16,-1.0132382426941362e-17,1
13,9.4150692223009628e-18,7.2444979982083533e-18,0.01498548042958049,-4.261781153082794e-16,3.472600176483193e-16,-1.0490913614297864e-17,1
13,9.345770669677873e-18,7.3038670403724336e-18,0.014986579025737476,-4.2849888936160984e-16,3.4591215878255712e-16,-1.0739605852605427e-17,1
13,9.345770669677873e-18,7.3038670403724336e-18,0.014986579025737476,-4.2849888936160984e-16,3.4591215878255712e-16,-1.0739605852605427e-17,1
13,9.34544143447913e-18,7.3849674917801126e-18,0.014987592749492372,-4.2862940502108372e-16,3.4645142704312754e-16,-1.087215240062969e-17,1
13,9.34544143447913e-18,7.3849674917801126e-18,0.014987592749492372,-4.2862940502108372e-16,3.4645142704312754e-16,-1.087215240062969e-17,1
13,9.3797643215190781e-18,7.5003920674175026e-18,0.014988639883734688,-4.3046147768997593e-16,3.4723677006167417e-16,-1.1009735190227115e-17,1
13,9.3797643215190781e-18,7.5003920674175026e-18,0.014988639883734688,-4.3046147768997593e-16,3.4723677006167417e-16,-1.1009735190227115e-17,1
13,9.337325105387756e-18,7.5949554214152168e-18,0.014989697501944848,-4.3271361689184339e-16,3.4738771892003766e-16,-1.1016089401310044e-17,1
13,9.337325105387756e-18,7.5949554214152168e-18,0.014989697501944848,-4.3271361689184339e-16,3.4738771892003766e-16,-1.1016089401310044e-17,1
13,9.2678045433056266e-18,7.5993201088731359e-18,0.014990744460558845,-4.3348824528027162e-16,3.4712273729467421e-16,-1.0707277664734285e-17,1
13,9.2678045433056266e-18,7.5993201088731359e-18,0.014990744460558845,-4.3348824528027162e-16,3.4712273729467421e-16,-1.0707277664734285e-17,1
13,9.20274052779155e-18,7.61507588647813e-18,0.01499176203181979,-4.3463819379338358e-16,3.4703378774300978e-16,-1.0407927807747026e-17,1
13,9.20274052779155e-18,7.61507588647813e-18,0.01499176203181979,-4.3463819379338358e-16,3.4703378774300978e-16,-1.0407927807747026e-17,1
13,9.20274052779155e-18,7.61507588647813e-18,0.01499176203181979,-4.3463819379338358e-16,3.4703378774300978e-16,-1.0407927807747026e-17,1
13,9.1605055666104961e-18,7.6599527366715776e-18,0.014992804023286172,-4.3902097493629515e-16,3.4739280572117575e-16,-1.0137776415461025e-17,1
13,9.1605055666104961e-18,7.6599527366715776e-18,0.014992804023286172,-4.3902097493629515e-16,3.4739280572117575e-16,-1.0137776415461025e-17,1
13,9.1605055666104961e-18,7.6599527366715776e-18,0.014992804023286172,-4.3902097493629515e-16,3.4739280572117575e-16,-1.0137776415461025e-17,1
13,9.1488974133770725e-18,7.5544643391752714e-18,0.014993828480070734,-4.4031621505396278e-16,3.4668818394168023e-16,-1.0395017504274001e-17,1
13,9.1488974133770725e-18,7.5544643391752714e-18,0.014993828480070734,-4.4031621505396278e-16,3.4668818394168023e-16,-1.0395017504274001e-17,1
13,9.1488974133770725e-18,7.5544643391752714e-18,0.014993828480070734,-4.4031621505396278e-16,3.4668818394168023e-16,-1.0395017504274001e-17,1
13,9.1488974133770725e-18,7.5544643391752714e-18,0.014993828480070734,-4.4031621505396278e-16,3.4668818394168023e-16,-1.0395017504274001e-17,1
13,9.1169427919132892e-18,7.5794524470114284e-18,0.014994849266704215,-4.4319950432553992e-16,3.4631098248476963e-16,-1.0674741991607824e-17,1
13,9.1169427919132892e-18,7.5794524470114284e-18,0.014994849266704215,-4.4319950432553992e-16,3.4631098248476963e-16,-1.0674741991607824e-17,1
13,9.1169427919132892e-18,7.5794524470114284e-18,0.014994849266704215,-4.4319950432553992e-16,3.4631098248476963e-16,-1.0674741991607824e-17,1
13,9.1169427919132892e-18,7.5794524470114284e-18,0.014994849266704215,-4.4319950432553992e-16,3.4631098248476963e-16,-1.0674741991607824e-17,1
13,9.1169427919132892e-18,7.5794524470114284e-18,0.014994849266704215,-4.4319950432553992e-16,3.4631098248476963e-16,-1.0674741991607824e-17,1
13,9.0902979186001652e-18,7.5973456374168785e-18,0.014995850545733803,-4.4535800404238574e-16,3.4649545774144324e-16,-1.0920902392402384e-17,1
13,9.0902979186001652e-18,7.5973456374168785e-18,0.014995850545733803,-4.4535800404238574e-16,3.4649545774144324e-16,-1.0920902392402384e-17,1
13,9.0902979186001652e-18,7.5973456374168785e-18,0.014995850545733803,-4.4535800404238574e-16,3.4649545774144324e-16,-1.0920902392402384e-17,1
13,9.0902979186001652e-18,7.5973456374168785e-18,0.014995850545733803,-4.4535800404238574e-16,3.4649545774144324e-16,-1.0920902392402384e-17,1
13,9.0902979186001652e-18,7.5973456374168785e-18,0.014995850545733803,-4.4535800404238574e-16,3.4649545774144324e-16,-1.0920902392402384e-17,1
14,9.0902979186001652e-18,7.5973456374168785e-18,0.014995850545733803,-4.4535800404238574e-16,3.4649545774144324e-16,-1.0920902392402384e-17,1
14,9.0562313127540978e-18,7.6773402577035957e-18,0.014996852755166473,-4.4781691487078548e-16,3.4694217832714119e-16,-1.10005819657264e-17,1
14,9.0562313127540978e-18,7.6773402577035957e-18,0.014996852755166473,-4.4781691487078548e-16,3.4694217832714119e-16,-1.10005819657264e-17,1
14,9.0562313127540978e-18,7.6773402577035957e-18,0.014996852755166473,-4.4781691487078548e-16,3.4694217832714119e-16,-1.10005819657264e-17,1
14,9.0562313127540978e-18,7.6773402577035957e-18,0.014996852755166473,-4.4781691487078548e-16,3.4694217832714119e-16,-1.10005819657264e-17,1
14,9.0562313127540978e-18,7.6773402577035957e-18,0.014996852755166473,-4.4781691487078548e-16,3.4694217832714119e-16,-1.10005819657264e-17,1
14,9.0562313127540978e-18,7.6773402577035957e-18,0.014996852755166473,-4.4781691487078548e-16,3.4694217832714119e-16,-1.10005819657264e-17,1
14,9.0562313127540978e-18,7.6773402577035957e-18,0.014996852755166473,-4.4781691487078548e-16,3.4694217832714119e-16,-1.10005819657264e-17,1
14,9.0562313127540978e-18,7.6773402577035957e-18,0.014996852755166473,-4.4781691487078548e-16,3.4694217832714119e-16,-1.10005819657264e-17,1
14,8.909323258978005e-18,8.1499030173794317e-18,0.014997870599114066,-4.6082350991726271e-16,3.4735123076515134e-16,-1.0394334529234712e-17,1
14,8.909323258978005e-18,8.1499030173794317e-18,0.014997870599114066,-4.6082350991726271e-16,3.4735123076515134e-16,-1.0394334529234712e-17,1
14,8.909323258978005e-18,8.1499030173794317e-18,0.014997870599114066,-4.6082350991726271e-16,3.4735123076515134e-16,-1.0394334529234712e-17,1
14,8.909323258978005e-18,8.1499030173794317e-18,0.014997870599114066,-4.6082350991726271e-16,3.4735123076515134e-16,-1.0394334529234712e-17,1
14,8.909323258978005e-18,8.1499030173794317e-18,0.014997870599114066,-4.6082350991726271e-16,3.4735123076515134e-16,-1.0394334529234712e-17,1
14,8.909323258978005e-18,8.1499030173794317e-18,0.014997870599114066,-4.6082350991726271e-16,3.4735123076515134e-16,-1.0394334529234712e-17,1
14,8.909323258978005e-18,8.1499030173794317e-18,0.014997870599114066,-4.6082350991726271e-16,3.4735123076515134e-16,-1.0394334529234712e-17,1
14,8.909323258978005e-18,8.1499030173794317e-18,0.014997870599114066,-4.6082350991726271e-16,3.4735123076515134e-16,-1.0394334529234712e-17,1
14,8.909323258978005e-18,8.1499030173794317e-18,0.014997870599114066,-4.6082350991726271e-16,3.4735123076515134e-16,-1.0394334529234712e-17,1
14,8.909323258978005e-18,8.1499030173794317e-18,0.014997870599114066,-4.6082350991726271e-16,3.4735123076515134e-16,-1.0394334529234712e-17,1
14,8.909323258978005e-18,8.1499030173794317e-18,0.014997870599114066,-4.6082350991726271e-16,3.4735123076515134e-16,-1.0394334529234712e-17,1
14,8.909323258978005e-18,8.1499030173794317e-18,0.014997870599114066,-4.6082350991726271e-16,3.4735123076515134e-16,-1.0394334529234712e-17,1
14,8.909323258978005e-18,8.1499030173794317e-18,0.014997870599114066,-4.6082350991726271e-16,3.4735123076515134e-16,-1.0394334529234712e-17,1
14,8.909323258978005e-18,8.1499030173794317e-18,0.014997870599114066,-4.6082350991726271e-16,3.4735123076515134e-16,-1.0394334529234712e-17,1
14,8.909323258978005e-18,8.1499030173794317e-18,0.014997870599114066,-4.6082350991726271e-16,3.4735123076515134e-16,-1.0394334529234712e-17,1
14,8.909323258978005e-18,8.1499030173794317e-18,0.014997870599114066,-4.6082350991726271e-16,3.4735123076515134e-16,-1.0394334529234712e-17,1
14,8.7181966344162373e-18,8.56056637695398e-18,0.014998873447372944,-4.7828843105895338e-16,3.4644058672229848e-16,-1.2707651830627492e-17,1
14,8.7181966344162373e-18,8.56056637695398e-18,0.014998873447372944,-4.7828843105895338e-16,3.4644058672229848e-16,-1.2707651830627492e-17,1
14,8.7181966344162373e-18,8.56056637695398e-18,0.014998873447372944,-4.7828843105895338e-16,3.4644058672229848e-16,-1.2707651830627492e-17,1
14,8.7181966344162373e-18,8.56056637695398e-18,0.014998873447372944,-4.7828843105895338e-16,3.4644058672229848e-16,-1.2707651830627492e-17,1
14,8.7181966344162373e-18,8.56056637695398e-18,0.014998873447372944,-4.7828843105895338e-16,3.4644058672229848e-16,-1.2707651830627492e-17,1
14,8.7181966344162373e-18,8.56056637695398e-18,0.014998873447372944,-4.7828843105895338e-16,3.4644058672229848e-16,-1.2707651830627492e-17,1
14,8.7181966344162373e-18,8.56056637695398e-18,0.014998873447372944,-4.7828843105895338e-16,3.4644058672229848e-16,-1.2707651830627492e-17,1
14,8.7181966344162373e-18,8.56056637695398e-18,0.014998873447372944,-4.7828843105895338e-16,3.4644058672229848e-16,-1.2707651830627492e-17,1
14,8.7181966344162373e-18,8.56056637695398e-18,0.014998873447372944,-4.7828843105895338e-16,3.4644058672229848e-16,-1.2707651830627492e-17,1
14,8.7181966344162373e-18,8.56056637695398e-18,0.014998873447372944,-4.7828843105895338e-16,3.4644058672229848e-16,-1.2707651830627492e-17,1
14,8.7181966344162373e-18,8.56056637695398e-18,0.014998873447372944,-4.7828843105895338e-16,3.4644058672229848e-16,-1.2707651830627492e-17,1
14,8.7181966344162373e-18,8.56056637695398e-18,0.014998873447372944,-4.7828843105895338e-16,3.4644058672229848e-16,-1.2707651830627492e-17,1
14,8.7181966344162373e-18,8.56056637695398e-18,0.014998873447372944,-4.7828843105895338e-16,3.4644058672229848e-16,-1.2707651830627492e-17,1
14,8.7181966344162373e-18,8.56056637695398e-18,0.014998873447372944,-4.7828843105895338e-16,3.4644058672229848e-16,-1.2707651830627492e-17,1
14,8.7181966344162373e-18,8.56056637695398e-18,0.014998873447372944,-4.7828843105895338e-16,3.4644058672229848e-16,-1.2707651830627492e-17,1
14,8.7181966344162373e-18,8.56056637695398e-18,0.014998873447372944,-4.7828843105895338e-16,3.4644058672229848e-16,-1.2707651830627492e-17,1
14,8.7181966344162373e-18,8.56056637695398e-18,0.014998873447372944,-4.7828843105895338e-16,3.4644058672229848e-16,-1.2707651830627492e-17,1
14,8.7181966344162373e-18,8.56056637695398e-18,0.014998873447372944,-4.7828843105895338e-16,3.4644058672229848e-16,-1.2707651830627492e-17,1
14,8.7181966344162373e-18,8.56056637695398e-18,0.014998873447372944,-4.7828843105895338e-16,3.4644058672229848e-16,-1.2707651830627492e-17,1
14,8.7181966344162373e-18,8.56056637695398e-18,0.014998873447372944,-4.7828843105895338e-16,3.4644058672229848e-16,-1.2707651830627492e-17,1
14,8.7181966344162373e-18,8.56056637695398e-18,0.014998873447372944,-4.7828843105895338e-16,3.4644058672229848e-16,-1.2707651830627492e-17,1
14,8.7181966344162373e-18,8.56056637695398e-18,0.014998873447372944,-4.7828843105895338e-16,3.4644058672229848e-16,-1.2707651830627492e-17,1
14,8.7181966344162373e-18,8.56056637695398e-18,0.014998873447372944,-4.7828843105895338e-16,3.4644058672229848e-16,-1.2707651830627492e-17,1
14,8.7181966344162373e-18,8.56056637695398e-18,0.014998873447372944,-4.7828843105895338e-16,3.4644058672229848e-16,-1.2707651830627492e-17,1
14,8.7181966344162373e-18,8.56056637695398e-18,0.014998873447372944,-4.7828843105895338e-16,3.4644058672229848e-16,-1.2707651830627492e-17,1
15,8.7181966344162373e-18,8.56056637695398e-18,0.014998873447372944,-4.7828843105895338e-16,3.4644058672229848e-16,-1.2707651830627492e-17,1
15,8.7181966344162373e-18,8.56056637695398e-18,0.014998873447372944,-4.7828843105895338e-16,3.4644058672229848e-16,-1.2707651830627492e-17,1
15,8.7181966344162373e-18,8.56056637695398e-18,0.014998873447372944,-4.7828843105895338e-16,3.4644058672229848e-16,-1.2707651830627492e-17,1
15,8.7181966344162373e-18,8.56056637695398e-18,0.014998873447372944,-4.7828843105895338e-16,3.4644058672229848e-16,-1.2707651830627492e-17,1
15,8.7181966344162373e-18,8.56056637695398e-18,0.014998873447372944,-4.7828843105895338e-16,3.4644058672229848e-16,-1.2707651830627492e-17,1
15,8.7181966344162373e-18,8.56056637695398e-18,0.014998873447372944,-4.7828843105895338e-16,3.4644058672229848e-16,-1.2707651830627492e-17,1
15,8.7181966344162373e-18,8.56056637695398e-18,0.014998873447372944,-4.7828843105895338e-16,3.4644058672229848e-16,-1.2707651830627492e-17,1
15,8.7181966344162373e-18,8.56056637695398e-18,0.014998873447372944,-4.7828843105895338e-16,3.4644058672229848e-16,-1.2707651830627492e-17,1
15,8.7181966344162373e-18,8.56056637695398e-18,0.014998873447372944,-4.7828843105895338e-16,3.4644058672229848e-16,-1.2707651830627492e-17,1
15,8.7181966344162373e-18,8.56056637695398e-18,0.014998873447372944,-4.7828843105895338e-16,3.4644058672229848e-16,-1.2707651830627492e-17,1
15,8.7181966344162373e-18,8.56056637695398e-18,0.014998873447372944,-4.7828843105895338e-16,3.4644058672229848e-16,-1.2707651830627492e-17,1
15,8.7181966344162373e-18,8.56056637695398e-18,0.014998873447372944,-4.7828843105895338e-16,3.4644058672229848e-16,-1.2707651830627492e-17,1
15,8.7181966344162373e-18,8.56056637695398e-18,0.014998873447372944,-4.7828843105895338e-16,3.4644058672229848e-16,-1.2707651830627492e-17,1
15,8.7181966344162373e-18,8.56056637695398e-18,0.014998873447372944,-4.7828843105895338e-16,3.4644058672229848e-16,-1.2707651830627492e-17,1
15,8.7181966344162373e-18,8.56056637695398e-18,0.014998873447372944,-4.7828843105895338e-16,3.4644058672229848e-16,-1.2707651830627492e-17,1
15,8.7181966344162373e-18,8.56056637695398e-18,0.014998873447372944,-4.7828843105895338e-16,3.4644058672229848e-16,-1.2707651830627492e-17,1
15,8.7181966344162373e-18,8.56056637695398e-18,0.014998873447372944,-4.7828843105895338e-16,3.4644058672229848e-16,-1.2707651830627492e-17,1
15,8.7181966344162373e-18,8.56056637695398e-18,0.014998873447372944,-4.7828843105895338e-16,3.4644058672229848e-16,-1.2707651830627492e-17,1
15,8.7181966344162373e-18,8.56056637695398e-18,0.014998873447372944,-4.7828843105895338e-16,3.4644058672229848e-16,-1.2707651830627492e-17,1
15,8.7181966344162373e-18,8.56056637695398e-18,0.014998873447372944,-4.7828843105895338e-16,3.4644058672229848e-16,-1.2707651830627492e-17,1
15,8.7181966344162373e-18,8.56056637695398e-18,0.014998873447372944,-4.7828843105895338e-16,3.4644058672229848e-16,-1.2707651830627492e-17,1
15,8.7181966344162373e-18,8.56056637695398e-18,0.014998873447372944,-4.7828843105895338e-16,3.4644058672229848e-16,-1.2707651830627492e-17,1
15,8.7181966344162373e-18,8.56056637695398e-18,0.014998873447372944,-4.7828843105895338e-16,3.4644058672229848e-16,-1.2707651830627492e-17,1
15,8.7181966344162373e-18,8.56056637695398e-18,0.014998873447372944,-4.7828843105895338e-16,3.4644058672229848e-16,-1.2707651830627492e-17,1
15,8.7181966344162373e-18,8.56056637695398e-18,0.014998873447372944,-4.7828843105895338e-16,3.4644058672229848e-16,-1.2707651830627492e-17,1
15,8.7181966344162373e-18,8.56056637695398e-18,0.014998873447372944,-4.7828843105895338e-16,3.4644058672229848e-16,-1.2707651830627492e-17,1
15,8.7181966344162373e-18,8.56056637695398e-18,0.014998873447372944,-4.7828843105895338e-16,3.4644058672229848e-16,-1.2707651830627492e-17,1
15,8.7181966344162373e-18,8.56056637695398e-18,0.014998873447372944,-4.7828843105895338e-16,3.4644058672229848e-16,-1.2707651830627492e-17,1
15,8.7181966344162373e-18,8.56056637695398e-18,0.014998873447372944,-4.7828843105895338e-16,3.4644058672229848e-16,-1.2707651830627492e-17,1
15,8.7181966344162373e-18,8.56056637695398e-18,0.014998873447372944,-4.7828843105895338e-16,3.4644058672229848e-16,-1.2707651830627492e-17,1
15,8.7181966344162373e-18,8.56056637695398e-18,0.014998873447372944,-4.7828843105895338e-16,3.4644058672229848e-16,-1.2707651830627492e-17,1
15,8.7181966344162373e-18,8.56056637695398e-18,0.014998873447372944,-4.7828843105895338e-16,3.4644058672229848e-16,-1.2707651830627492e-17,1
15,8.7181966344162373e-18,8.56056637695398e-18,0.014998873447372944,-4.7828843105895338e-16,3.4644058672229848e-16,-1.2707651830627492e-17,1
15,8.7181966344162373e-18,8.56056637695398e-18,0.014998873447372944,-4.7828843105895338e-16,3.4644058672229848e-16,-1.2707651830627492e-17,1
15,8.7181966344162373e-18,8.56056637695398e-18,0.014998873447372944,-4.7828843105895338e-16,3.4644058672229848e-16,-1.2707651830627492e-17,1
15,8.7181966344162373e-18,8.56056637695398e-18,0.014998873447372944,-4.7828843105895338e-16,3.4644058672229848e-16,-1.2707651830627492e-17,1
15,8.7181966344162373e-18,8.56056637695398e-18,0.014998873447372944,-4.7828843105895338e-16,3.4644058672229848e-16,-1.2707651830627492e-17,1
15,8.7181966344162373e-18,8.56056637695398e-18,0.014998873447372944,-4.7828843105895338e-16,3.4644058672229848e-16,-1.2707651830627492e-17,1
15,8.7181966344162373e-18,8.56056637695398e-18,0.014998873447372944,-4.7828843105895338e-16,3.4644058672229848e-16,-1.2707651830627492e-17,1
15,8.7181966344162373e-18,8.56056637695398e-18,0.014998873447372944,-4.7828843105895338e-16,3.4644058672229848e-16,-1.2707651830627492e-17,1
15,8.7181966344162373e-18,8.56056637695398e-18,0.014998873447372944,-4.7828843105895338e-16,3.4644058672229848e-16,-1.2707651830627492e-17,1
15,8.7181966344162373e-18,8.56056637695398e-18,0.014998873447372944,-4.7828843105895338e-16,3.4644058672229848e-16,-1.2707651830627492e-17,1
15,8.7181966344162373e-18,8.56056637695398e-18,0.014998873447372944,-4.7828843105895338e-16,3.4644058672229848e-16,-1.2707651830627492e-17,1
15,8.7181966344162373e-18,8.56056637695398e-18,0.014998873447372944,-4.7828843105895338e-16,3.4644058672229848e-16,-1.2707651830627492e-17,1
15,8.7181966344162373e-18,8.56056637695398e-18,0.014998873447372944,-4.7828843105895338e-16,3.4644058672229848e-16,-1.2707651830627492e-17,1
15,8.7181966344162373e-18,8.56056637695398e-18,0.014998873447372944,-4.7828843105895338e-16,3.4644058672229848e-16,-1.2707651830627492e-17,1
15,8.7181966344162373e-18,8.56056637695398e-18,0.014998873447372944,-4.7828843105895338e-16,3.4644058672229848e-16,-1.2707651830627492e-17,1
15,8.7181966344162373e-18,8.56056637695398e-18,0.014998873447372944,-4.7828843105895338e-16,3.4644058672229848e-16,-1.2707651830627492e-17,1
15,8.7181966344162373e-18,8.56056637695398e-18,0.014998873447372944,-4.7828843105895338e-16,3.4644058672229848e-16,-1.2707651830627492e-17,1
15,8.7181966344162373e-18,8.56056637695398e-18,0.014998873447372944,-4.7828843105895338e-16,3.4644058672229848e-16,-1.2707651830627492e-17,1
16,8.7181966344162373e-18,8.56056637695398e-18,0.014998873447372944,-4.7828843105895338e-16,3.4644058672229848e-16,-1.2707651830627492e-17,1
16,8.7181966344162373e-18,8.56056637695398e-18,0.014998873447372944,-4.7828843105895338e-16,3.4644058672229848e-16,-1.2707651830627492e-17,1
16,8.7181966344162373e-18,8.56056637695398e-18,0.014998873447372944,-4.7828843105895338e-16,3.4644058672229848e-16,-1.2707651830627492e-17,1
16,8.7181966344162373e-18,8.56056637695398e-18,0.014998873447372944,-4.7828843105895338e-16,3.4644058672229848e-16,-1.2707651830627492e-17,1
16,8.7181966344162373e-18,8.56056637695398e-18,0.014998873447372944,-4.7828843105895338e-16,3.4644058672229848e-16,-1.2707651830627492e-17,1
16,8.7181966344162373e-18,8.56056637695398e-18,0.014998873447372944,-4.7828843105895338e-16,3.4644058672229848e-16,-1.2707651830627492e-17,1
16,8.7181966344162373e-18,8.56056637695398e-18,0.014998873447372944,-4.7828843105895338e-16,3.4644058672229848e-16,-1.2707651830627492e-17,1
16,8.7181966344162373e-18,8.56056637695398e-18,0.014998873447372944,-4.7828843105895338e-16,3.4644058672229848e-16,-1.2707651830627492e-17,1
16,8.7181966344162373e-18,8.56056637695398e-18,0.014998873447372944,-4.7828843105895338e-16,3.4644058672229848e-16,-1.2707651830627492e-17,1
16,8.7181966344162373e-18,8.56056637695398e-18,0.014998873447372944,-4.7828843105895338e-16,3.4644058672229848e-16,-1.2707651830627492e-17,1
16,8.7181966344162373e-18,8.56056637695398e-18,0.014998873447372944,-4.7828843105895338e-16,3.4644058672229848e-16,-1.2707651830627492e-17,1
16,8.7181966344162373e-18,8.56056637695398e-18,0.014998873447372944,-4.7828843105895338e-16,3.4644058672229848e-16,-1.2707651830627492e-17,1
16,8.7181966344162373e-18,8.56056637695398e-18,0.014998873447372944,-4.7828843105895338e-16,3.4644058672229848e-16,-1.2707651830627492e-17,1
16,8.7181966344162373e-18,8.56056637695398e-18,0.014998873447372944,-4.7828843105895338e-16,3.4644058672229848e-16,-1.2707651830627492e-17,1
16,8.7181966344162373e-18,8.56056637695398e-18,0.014998873447372944,-4.7828843105895338e-16,3.4644058672229848e-16,-1.2707651830627492e-17,1
16,8.7181966344162373e-18,8.56056637695398e-18,0.014998873447372944,-4.7828843105895338e-16,3.4644058672229848e-16,-1.2707651830627492e-17,1
16,8.7181966344162373e-18,8.56056637695398e-18,0.014998873447372944,-4.7828843105895338e-16,3.4644058672229848e-16,-1.2707651830627492e-17,1
16,8.7181966344162373e-18,8.56056637695398e-18,0.014998873447372944,-4.7828843105895338e-16,3.4644058672229848e-16,-1.2707651830627492e-17,1
16,8.7181966344162373e-18,8.56056637695398e-18,0.014998873447372944,-4.7828843105895338e-16,3.4644058672229848e-16,-1.2707651830627492e-17,1
16,8.7181966344162373e-18,8.56056637695398e-18,0.014998873447372944,-4.7828843105895338e-16,3.4644058672229848e-16,-1.2707651830627492e-17,1
16,8.7181966344162373e-18,8.56056637695398e-18,0.014998873447372944,-4.7828843105895338e-16,3.4644058672229848e-16,-1.2707651830627492e-17,1
16,8.7181966344162373e-18,8.56056637695398e-18,0.014998873447372944,-4.7828843105895338e-16,3.4644058672229848e-16,-1.2707651830627492e-17,1
16,8.7181966344162373e-18,8.56056637695398e-18,0.014998873447372944,-4.7828843105895338e-16,3.4644058672229848e-16,-1.2707651830627492e-17,1
16,8.7181966344162373e-18,8.56056637695398e-18,0.014998873447372944,-4.7828843105895338e-16,3.4644058672229848e-16,-1.2707651830627492e-17,1
16,8.7181966344162373e-18,8.56056637695398e-18,0.014998873447372944,-4.7828843105895338e-16,3.4644058672229848e-16,-1.2707651830627492e-17,1
16,8.7181966344162373e-18,8.56056637695398e-18,0.014998873447372944,-4.7828843105895338e-16,3.4644058672229848e-16,-1.2707651830627492e-17,1
16,8.7181966344162373e-18,8.56056637695398e-18,0.014998873447372944,-4.7828843105895338e-16,3.4644058672229848e-16,-1.2707651830627492e-17,1
16,8.7181966344162373e-18,8.56056637695398e-18,0.014998873447372944,-4.7828843105895338e-16,3.4644058672229848e-16,-1.2707651830627492e-17,1
16,8.7181966344162373e-18,8.56056637695398e-18,0.014998873447372944,-4.7828843105895338e-16,3.4644058672229848e-16,-1.2707651830627492e-17,1
16,8.7181966344162373e-18,8.56056637695398e-18,0.014998873447372944,-4.7828843105895338e-16,3.4644058672229848e-16,-1.2707651830627492e-17,1
16,8.7181966344162373e-18,8.56056637695398e-18,0.014998873447372944,-4.7828843105895338e-16,3.4644058672229848e-16,-1.2707651830627492e-17,1
16,8.7181966344162373e-18,8.56056637695398e-18,0.014998873447372944,-4.7828843105895338e-16,3.4644058672229848e-16,-1.2707651830627492e-17,1
16,8.7181966344162373e-18,8.56056637695398e-18,0.014998873447372944,-4.7828843105895338e-16,3.4644058672229848e-16,-1.2707651830627492e-17,1
16,8.7181966344162373e-18,8.56056637695398e-18,0.014998873447372944,-4.7828843105895338e-16,3.4644058672229848e-16,-1.2707651830627492e-17,1
16,8.7181966344162373e-18,8.56056637695398e-18,0.014998873447372944,-4.7828843105895338e-16,3.4644058672229848e-16,-1.2707651830627492e-17,1
16,8.7181966344162373e-18,8.56056637695398e-18,0.014998873447372944,-4.7828843105895338e-16,3.4644058672229848e-16,-1.2707651830627492e-17,1
16,8.7181966344162373e-18,8.56056637695398e-18,0.014998873447372944,-4.7828843105895338e-16,3.4644058672229848e-16,-1.2707651830627492e-17,1
16,8.7181966344162373e-18,8.56056637695398e-18,0.014998873447372944,-4.7828843105895338e-16,3.4644058672229848e-16,-1.2707651830627492e-17,1
16,8.7181966344162373e-18,8.56056637695398e-18,0.014998873447372944,-4.7828843105895338e-16,3.4644058672229848e-16,-1.2707651830627492e-17,1
16,8.7181966344162373e-18,8.56056637695398e-18,0.014998873447372944,-4.7828843105895338e-16,3.4644058672229848e-16,-1.2707651830627492e-17,1
16,8.7181966344162373e-18,8.56056637695398e-18,0.014998873447372944,-4.7828843105895338e-16,3.4644058672229848e-16,-1.2707651830627492e-17,1
16,8.7181966344162373e-18,8.56056637695398e-18,0.014998873447372944,-4.7828843105895338e-16,3.4644058672229848e-16,-1.2707651830627492e-17,1
16,8.7181966344162373e-18,8.56056637695398e-18,0.014998873447372944,-4.7828843105895338e-16,3.4644058672229848e-16,-1.2707651830627492e-17,1
16,8.7181966344162373e-18,8.56056637695398e-18,0.014998873447372944,-4.7828843105895338e-16,3.4644058672229848e-16,-1.2707651830627492e-17,1
16,8.7181966344162373e-18,8.56056637695398e-18,0.014998873447372944,-4.7828843105895338e-16,3.4644058672229848e-16,-1.2707651830627492e-17,1
16,8.7181966344162373e-18,8.56056637695398e-18,0.014998873447372944,-4.7828843105895338e-16,3.4644058672229848e-16,-1.2707651830627492e-17,1
16,8.7181966344162373e-18,8.56056637695398e-18,0.014998873447372944,-4.7828843105895338e-16,3.4644058672229848e-16,-1.2707651830627492e-17,1
16,8.7181966344162373e-18,8.56056637695398e-18,0.014998873447372944,-4.7828843105895338e-16,3.4644058672229848e-16,-1.2707651830627492e-17,1
16,8.7181966344162373e-18,8.56056637695398e-18,0.014998873447372944,-4.7828843105895338e-16,3.4644058672229848e-16,-1.2707651830627492e-17,1
16,8.7181966344162373e-18,8.56056637695398e-18,0.014998873447372944,-4.7828843105895338e-16,3.4644058672229848e-16,-1.2707651830627492e-17,1
16,8.7181966344162373e-18,8.56056637695398e-18,0.014998873447372944,-4.7828843105895338e-16,3.4644058672229848e-16,-1.2707651830627492e-17,1
17,8.7181966344162373e-18,8.56056637695398e-18,0.014998873447372944,-4.7828843105895338e-16,3.4644058672229848e-16,-1.2707651830627492e-17,1
17,8.7181966344162373e-18,8.56056637695398e-18,0.014998873447372944,-4.7828843105895338e-16,3.4644058672229848e-16,-1.2707651830627492e-17,1
17,8.7181966344162373e-18,8.56056637695398e-18,0.014998873447372944,-4.7828843105895338e-16,3.4644058672229848e-16,-1.2707651830627492e-17,1
17,8.7181966344162373e-18,8.56056637695398e-18,0.014998873447372944,-4.7828843105895338e-16,3.4644058672229848e-16,-1.2707651830627492e-17,1
17,8.7181966344162373e-18,8.56056637695398e-18,0.014998873447372944,-4.7828843105895338e-16,3.4644058672229848e-16,-1.2707651830627492e-17,1
17,8.7181966344162373e-18,8.56056637695398e-18,0.014998873447372944,-4.7828843105895338e-16,3.4644058672229848e-16,-1.2707651830627492e-17,1
17,8.7181966344162373e-18,8.56056637695398e-18,0.014998873447372944,-4.7828843105895338e-16,3.4644058672229848e-16,-1.2707651830627492e-17,1
17,8.7181966344162373e-18,8.56056637695398e-18,0.014998873447372944,-4.7828843105895338e-16,3.4644058672229848e-16,-1.2707651830627492e-17,1
17,8.7181966344162373e-18,8.56056637695398e-18,0.014998873447372944,-4.7828843105895338e-16,3.4644058672229848e-16,-1.2707651830627492e-17,1
17,8.7181966344162373e-18,8.56056637695398e-18,0.014998873447372944,-4.7828843105895338e-16,3.4644058672229848e-16,-1.2707651830627492e-17,1
17,8.7181966344162373e-18,8.56056637695398e-18,0.014998873447372944,-4.7828843105895338e-16,3.4644058672229848e-16,-1.2707651830627492e-17,1
17,8.7181966344162373e-18,8.56056637695398e-18,0.014998873447372944,-4.7828843105895338e-16,3.4644058672229848e-16,-1.2707651830627492e-17,1
17,8.7181966344162373e-18,8.56056637695398e-18,0.014998873447372944,-4.7828843105895338e-16,3.4644058672229848e-16,-1.2707651830627492e-17,1
17,8.7181966344162373e-18,8.56056637695398e-18,0.014998873447372944,-4.7828843105895338e-16,3.4644058672229848e-16,-1.2707651830627492e-17,1
17,8.7181966344162373e-18,8.56056637695398e-18,0.014998873447372944,-4.7828843105895338e-16,3.4644058672229848e-16,-1.2707651830627492e-17,1
17,8.7181966344162373e-18,8.56056637695398e-18,0.014998873447372944,-4.7828843105895338e-16,3.4644058672229848e-16,-1.2707651830627492e-17,1
17,8.7181966344162373e-18,8.56056637695398e-18,0.014998873447372944,-4.7828843105895338e-16,3.4644058672229848e-16,-1.2707651830627492e-17,1
17,8.7181966344162373e-18,8.56056637695398e-18,0.014998873447372944,-4.7828843105895338e-16,3.4644058672229848e-16,-1.2707651830627492e-17,1
17,8.7181966344162373e-18,8.56056637695398e-18,0.014998873447372944,-4.7828843105895338e-16,3.4644058672229848e-16,-1.2707651830627492e-17,1
17,8.7181966344162373e-18,8.56056637695398e-18,0.014998873447372944,-4.7828843105895338e-16,3.4644058672229848e-16,-1.2707651830627492e-17,1
17,8.7181966344162373e-18,8.56056637695398e-18,0.014998873447372944,-4.7828843105895338e-16,3.4644058672229848e-16,-1.2707651830627492e-17,1
17,8.7181966344162373e-18,8.56056637695398e-18,0.014998873447372944,-4.7828843105895338e-16,3.4644058672229848e-16,-1.2707651830627492e-17,1
17,8.7181966344162373e-18,8.56056637695398e-18,0.014998873447372944,-4.7828843105895338e-16,3.4644058672229848e-16,-1.2707651830627492e-17,1
17,8.7181966344162373e-18,8.56056637695398e-18,0.014998873447372944,-4.7828843105895338e-16,3.4644058672229848e-16,-1.2707651830627492e-17,1
17,8.7181966344162373e-18,8.56056637695398e-18,0.014998873447372944,-4.7828843105895338e-16,3.4644058672229848e-16,-1.2707651830627492e-17,1
17,8.7181966344162373e-18,8.56056637695398e-18,0.014998873447372944,-4.7828843105895338e-16,3.4644058672229848e-16,-1.2707651830627492e-17,1
17,8.7181966344162373e-18,8.56056637695398e-18,0.014998873447372944,-4.7828843105895338e-16,3.4644058672229848e-16,-1.2707651830627492e-17,1
17,8.7181966344162373e-18,8.56056637695398e-18,0.014998873447372944,-4.7828843105895338e-16,3.4644058672229848e-16,-1.2707651830627492e-17,1
17,8.7181966344162373e-18,8.56056637695398e-18,0.014998873447372944,-4.7828843105895338e-16,3.4644058672229848e-16,-1.2707651830627492e-17,1
17,8.7181966344162373e-18,8.56056637695398e-18,0.014998873447372944,-4.7828843105895338e-16,3.4644058672229848e-16,-1.2707651830627492e-17,1
17,8.7181966344162373e-18,8.56056637695398e-18,0.014998873447372944,-4.7828843105895338e-16,3.4644058672229848e-16,-1.2707651830627492e-17,1
17,8.7181966344162373e-18,8.56056637695398e-18,0.014998873447372944,-4.7828843105895338e-16,3.4644058672229848e-16,-1.2707651830627492e-17,1
17,8.7181966344162373e-18,8.56056637695398e-18,0.014998873447372944,-4.7828843105895338e-16,3.4644058672229848e-16,-1.2707651830627492e-17,1
17,8.7181966344162373e-18,8.56056637695398e-18,0.014998873447372944,-4.7828843105895338e-16,3.4644058672229848e-16,-1.2707651830627492e-17,1
17,8.7181966344162373e-18,8.56056637695398e-18,0.014998873447372944,-4.7828843105895338e-16,3.4644058672229848e-16,-1.2707651830627492e-17,1
17,8.7181966344162373e-18,8.56056637695398e-18,0.014998873447372944,-4.7828843105895338e-16,3.4644058672229848e-16,-1.2707651830627492e-17,1
17,8.7181966344162373e-18,8.56056637695398e-18,0.014998873447372944,-4.7828843105895338e-16,3.4644058672229848e-16,-1.2707651830627492e-17,1
17,8.7181966344162373e-18,8.56056637695398e-18,0.014998873447372944,-4.7828843105895338e-16,3.4644058672229848e-16,-1.2707651830627492e-17,1
17,8.7181966344162373e-18,8.56056637695398e-18,0.014998873447372944,-4.7828843105895338e-16,3.4644058672229848e-16,-1.2707651830627492e-17,1
17,8.7181966344162373e-18,8.56056637695398e-18,0.014998873447372944,-4.7828843105895338e-16,3.4644058672229848e-16,-1.2707651830627492e-17,1
17,8.7181966344162373e-18,8.56056637695398e-18,0.014998873447372944,-4.7828843105895338e-16,3.4644058672229848e-16,-1.2707651830627492e-17,1
17,8.7181966344162373e-18,8.56056637695398e-18,0.014998873447372944,-4.7828843105895338e-16,3.4644058672229848e-16,-1.2707651830627492e-17,1
17,8.7181966344162373e-18,8.56056637695398e-18,0.014998873447372944,-4.7828843105895338e-16,3.4644058672229848e-16,-1.2707651830627492e-17,1
17,8.7181966344162373e-18,8.56056637695398e-18,0.014998873447372944,-4.7828843105895338e-16,3.4644058672229848e-16,-1.2707651830627492e-17,1
17,8.7181966344162373e-18,8.56056637695398e-18,0.014998873447372944,-4.7828843105895338e-16,3.4644058672229848e-16,-1.2707651830627492e-17,1
17,8.7181966344162373e-18,8.56056637695398e-18,0.014998873447372944,-4.7828843105895338e-16,3.4644058672229848e-16,-1.2707651830627492e-17,1
17,8.7181966344162373e-18,8.56056637695398e-18,0.014998873447372944,-4.7828843105895338e-16,3.4644058672229848e-16,-1.2707651830627492e-17,1
17,8.7181966344162373e-18,8.56056637695398e-18,0.014998873447372944,-4.7828843105895338e-16,3.4644058672229848e-16,-1.2707651830627492e-17,1
17,8.7181966344162373e-18,8.56056637695398e-18,0.014998873447372944,-4.7828843105895338e-16,3.4644058672229848e-16,-1.2707651830627492e-17,1
17,8.7181966344162373e-18,8.56056637695398e-18,0.014998873447372944,-4.7828843105895338e-16,3.4644058672229848e-16,-1.2707651830627492e-17,1
18,8.7181966344162373e-18,8.56056637695398e-18,0.014998873447372944,-4.7828843105895338e-16,3.4644058672229848e-16,-1.2707651830627492e-17,1
18,8.7181966344162373e-18,8.56056637695398e-18,0.014998873447372944,-4.7828843105895338e-16,3.4644058672229848e-16,-1.2707651830627492e-17,1
18,8.7181966344162373e-18,8.56056637695398e-18,0.014998873447372944,-4.7828843105895338e-16,3.4644058672229848e-16,-1.2707651830627492e-17,1
18,8.7181966344162373e-18,8.56056637695398e-18,0.014998873447372944,-4.7828843105895338e-16,3.4644058672229848e-16,-1.2707651830627492e-17,1
18,8.7181966344162373e-18,8.56056637695398e-18,0.014998873447372944,-4.7828843105895338e-16,3.4644058672229848e-16,-1.2707651830627492e-17,1
18,8.7181966344162373e-18,8.56056637695398e-18,0.014998873447372944,-4.7828843105895338e-16,3.4644058672229848e-16,-1.2707651830627492e-17,1
18,8.7181966344162373e-18,8.56056637695398e-18,0.014998873447372944,-4.7828843105895338e-16,3.4644058672229848e-16,-1.2707651830627492e-17,1
18,8.7181966344162373e-18,8.56056637695398e-18,0.014998873447372944,-4.7828843105895338e-16,3.4644058672229848e-16,-1.2707651830627492e-17,1
18,8.7181966344162373e-18,8.56056637695398e-18,0.014998873447372944,-4.7828843105895338e-16,3.4644058672229848e-16,-1.2707651830627492e-17,1
18,8.7181966344162373e-18,8.56056637695398e-18,0.014998873447372944,-4.7828843105895338e-16,3.4644058672229848e-16,-1.2707651830627492e-17,1
18,8.7181966344162373e-18,8.56056637695398e-18,0.014998873447372944,-4.7828843105895338e-16,3.4644058672229848e-16,-1.2707651830627492e-17,1
18,8.7181966344162373e-18,8.56056637695398e-18,0.014998873447372944,-4.7828843105895338e-16,3.4644058672229848e-16,-1.2707651830627492e-17,1
18,8.7181966344162373e-18,8.56056637695398e-18,0.014998873447372944,-4.7828843105895338e-16,3.4644058672229848e-16,-1.2707651830627492e-17,1
18,8.7181966344162373e-18,8.56056637695398e-18,0.014998873447372944,-4.7828843105895338e-16,3.4644058672229848e-16,-1.2707651830627492e-17,1
18,8.7181966344162373e-18,8.56056637695398e-18,0.014998873447372944,-4.7828843105895338e-16,3.4644058672229848e-16,-1.2707651830627492e-17,1
18,8.7181966344162373e-18,8.56056637695398e-18,0.014998873447372944,-4.7828843105895338e-16,3.4644058672229848e-16,-1.2707651830627492e-17,1
18,8.7181966344162373e-18,8.56056637695398e-18,0.014998873447372944,-4.7828843105895338e-16,3.4644058672229848e-16,-1.2707651830627492e-17,1
18,8.7181966344162373e-18,8.56056637695398e-18,0.014998873447372944,-4.7828843105895338e-16,3.4644058672229848e-16,-1.2707651830627492e-17,1
18,8.7181966344162373e-18,8.56056637695398e-18,0.014998873447372944,-4.7828843105895338e-16,3.4644058672229848e-16,-1.2707651830627492e-17,1
18,8.7181966344162373e-18,8.56056637695398e-18,0.014998873447372944,-4.7828843105895338e-16,3.4644058672229848e-16,-1.2707651830627492e-17,1
18,8.7181966344162373e-18,8.56056637695398e-18,0.014998873447372944,-4.7828843105895338e-16,3.4644058672229848e-16,-1.2707651830627492e-17,1
18,8.7181966344162373e-18,8.56056637695398e-18,0.014998873447372944,-4.7828843105895338e-16,3.4644058672229848e-16,-1.2707651830627492e-17,1
18,8.7181966344162373e-18,8.56056637695398e-18,0.014998873447372944,-4.7828843105895338e-16,3.4644058672229848e-16,-1.2707651830627492e-17,1
18,8.7181966344162373e-18,8.56056637695398e-18,0.014998873447372944,-4.7828843105895338e-16,3.4644058672229848e-16,-1.2707651830627492e-17,1
18,8.7181966344162373e-18,8.56056637695398e-18,0.014998873447372944,-4.7828843105895338e-16,3.4644058672229848e-16,-1.2707651830627492e-17,1
18,8.7181966344162373e-18,8.56056637695398e-18,0.014998873447372944,-4.7828843105895338e-16,3.4644058672229848e-16,-1.2707651830627492e-17,1
18,8.7181966344162373e-18,8.56056637695398e-18,0.014998873447372944,-4.7828843105895338e-16,3.4644058672229848e-16,-1.2707651830627492e-17,1
18,8.7181966344162373e-18,8.56056637695398e-18,0.014998873447372944,-4.7828843105895338e-16,3.4644058672229848e-16,-1.2707651830627492e-17,1
18,8.7181966344162373e-18,8.56056637695398e-18,0.014998873447372944,-4.7828843105895338e-16,3.4644058672229848e-16,-1.2707651830627492e-17,1
18,8.7181966344162373e-18,8.56056637695398e-18,0.014998873447372944,-4.7828843105895338e-16,3.4644058672229848e-16,-1.2707651830627492e-17,1
18,8.7181966344162373e-18,8.56056637695398e-18,0.014998873447372944,-4.7828843105895338e-16,3.4644058672229848e-16,-1.2707651830627492e-17,1
18,8.7181966344162373e-18,8.56056637695398e-18,0.014998873447372944,-4.7828843105895338e-16,3.4644058672229848e-16,-1.2707651830627492e-17,1
18,8.7181966344162373e-18,8.56056637695398e-18,0.014998873447372944,-4.7828843105895338e-16,3.4644058672229848e-16,-1.2707651830627492e-17,1
18,8.7181966344162373e-18,8.56056637695398e-18,0.014998873447372944,-4.7828843105895338e-16,3.4644058672229848e-16,-1.2707651830627492e-17,1
18,8.7181966344162373e-18,8.56056637695398e-18,0.014998873447372944,-4.7828843105895338e-16,3.4644058672229848e-16,-1.2707651830627492e-17,1
18,8.7181966344162373e-18,8.56056637695398e-18,0.014998873447372944,-4.7828843105895338e-16,3.4644058672229848e-16,-1.2707651830627492e-17,1
18,8.7181966344162373e-18,8.56056637695398e-18,0.014998873447372944,-4.7828843105895338e-16,3.4644058672229848e-16,-1.2707651830627492e-17,1
18,8.7181966344162373e-18,8.56056637695398e-18,0.014998873447372944,-4.7828843105895338e-16,3.4644058672229848e-16,-1.2707651830627492e-17,1
18,8.7181966344162373e-18,8.56056637695398e-18,0.014998873447372944,-4.7828843105895338e-16,3.4644058672229848e-16,-1.2707651830627492e-17,1
18,8.7181966344162373e-18,8.56056637695398e-18,0.014998873447372944,-4.7828843105895338e-16,3.4644058672229848e-16,-1.2707651830627492e-17,1
18,8.7181966344162373e-18,8.56056637695398e-18,0.014998873447372944,-4.7828843105895338e-16,3.4644058672229848e-16,-1.2707651830627492e-17,1
18,8.7181966344162373e-18,8.56056637695398e-18,0.014998873447372944,-4.7828843105895338e-16,3.4644058672229848e-16,-1.2707651830627492e-17,1
18,8.7181966344162373e-18,8.56056637695398e-18,0.014998873447372944,-4.7828843105895338e-16,3.4644058672229848e-16,-1.2707651830627492e-17,1
18,8.7181966344162373e-18,8.56056637695398e-18,0.014998873447372944,-4.7828843105895338e-16,3.4644058672229848e-16,-1.2707651830627492e-17,1
18,8.7181966344162373e-18,8.56056637695398e-18,0.014998873447372944,-4.7828843105895338e-16,3.4644058672229848e-16,-1.2707651830627492e-17,1
18,8.7181966344162373e-18,8.56056637695398e-18,0.014998873447372944,-4.7828843105895338e-16,3.4644058672229848e-16,-1.2707651830627492e-17,1
18,8.7181966344162373e-18,8.56056637695398e-18,0.014998873447372944,-4.7828843105895338e-16,3.4644058672229848e-16,-1.2707651830627492e-17,1
18,8.7181966344162373e-18,8.56056637695398e-18,0.014998873447372944,-4.7828843105895338e-16,3.4644058672229848e-16,-1.2707651830627492e-17,1
18,8.7181966344162373e-18,8.56056637695398e-18,0.014998873447372944,-4.7828843105895338e-16,3.4644058672229848e-16,-1.2707651830627492e-17,1
18,8.7181966344162373e-18,8.56056637695398e-18,0.014998873447372944,-4.7828843105895338e-16,3.4644058672229848e-16,-1.2707651830627492e-17,1
19,8.7181966344162373e-18,8.56056637695398e-18,0.014998873447372944,-4.7828843105895338e-16,3.4644058672229848e-16,-1.2707651830627492e-17,1
19,8.7181966344162373e-18,8.56056637695398e-18,0.014998873447372944,-4.7828843105895338e-16,3.4644058672229848e-16,-1.2707651830627492e-17,1
19,8.7181966344162373e-18,8.56056637695398e-18,0.014998873447372944,-4.7828843105895338e-16,3.4644058672229848e-16,-1.2707651830627492e-17,1
19,8.7181966344162373e-18,8.56056637695398e-18,0.014998873447372944,-4.7828843105895338e-16,3.4644058672229848e-16,-1.2707651830627492e-17,1
19,8.7181966344162373e-18,8.56056637695398e-18,0.014998873447372944,-4.7828843105895338e-16,3.4644058672229848e-16,-1.2707651830627492e-17,1
19,8.7181966344162373e-18,8.56056637695398e-18,0.014998873447372944,-4.7828843105895338e-16,3.4644058672229848e-16,-1.2707651830627492e-17,1
19,8.7181966344162373e-18,8.56056637695398e-18,0.014998873447372944,-4.7828843105895338e-16,3.4644058672229848e-16,-1.2707651830627492e-17,1
19,8.7181966344162373e-18,8.56056637695398e-18,0.014998873447372944,-4.7828843105895338e-16,3.4644058672229848e-16,-1.2707651830627492e-17,1
19,8.7181966344162373e-18,8.56056637695398e-18,0.014998873447372944,-4.7828843105895338e-16,3.4644058672229848e-16,-1.2707651830627492e-17,1
19,8.7181966344162373e-18,8.56056637695398e-18,0.014998873447372944,-4.7828843105895338e-16,3.4644058672229848e-16,-1.2707651830627492e-17,1
19,8.7181966344162373e-18,8.56056637695398e-18,0.014998873447372944,-4.7828843105895338e-16,3.4644058672229848e-16,-1.2707651830627492e-17,1
19,8.7181966344162373e-18,8.56056637695398e-18,0.014998873447372944,-4.7828843105895338e-16,3.4644058672229848e-16,-1.2707651830627492e-17,1
19,8.7181966344162373e-18,8.56056637695398e-18,0.014998873447372944,-4.7828843105895338e-16,3.4644058672229848e-16,-1.2707651830627492e-17,1
19,8.7181966344162373e-18,8.56056637695398e-18,0.014998873447372944,-4.7828843105895338e-16,3.4644058672229848e-16,-1.2707651830627492e-17,1
19,8.7181966344162373e-18,8.56056637695398e-18,0.014998873447372944,-4.7828843105895338e-16,3.4644058672229848e-16,-1.2707651830627492e-17,1
19,8.7181966344162373e-18,8.56056637695398e-18,0.014998873447372944,-4.7828843105895338e-16,3.4644058672229848e-16,-1.2707651830627492e-17,1
19,8.7181966344162373e-18,8.56056637695398e-18,0.014998873447372944,-4.7828843105895338e-16,3.4644058672229848e-16,-1.2707651830627492e-17,1
19,8.7181966344162373e-18,8.56056637695398e-18,0.014998873447372944,-4.7828843105895338e-16,3.4644058672229848e-16,-1.2707651830627492e-17,1
19,8.7181966344162373e-18,8.56056637695398e-18,0.014998873447372944,-4.7828843105895338e-16,3.4644058672229848e-16,-1.2707651830627492e-17,1
19,8.7181966344162373e-18,8.56056637695398e-18,0.014998873447372944,-4.7828843105895338e-16,3.4644058672229848e-16,-1.2707651830627492e-17,1
19,8.7181966344162373e-18,8.56056637695398e-18,0.014998873447372944,-4.7828843105895338e-16,3.4644058672229848e-16,-1.2707651830627492e-17,1
19,8.7181966344162373e-18,8.56056637695398e-18,0.014998873447372944,-4.7828843105895338e-16,3.4644058672229848e-16,-1.2707651830627492e-17,1
19,8.7181966344162373e-18,8.56056637695398e-18,0.014998873447372944,-4.7828843105895338e-16,3.4644058672229848e-16,-1.2707651830627492e-17,1
19,8.7181966344162373e-18,8.56056637695398e-18,0.014998873447372944,-4.7828843105895338e-16,3.4644058672229848e-16,-1.2707651830627492e-17,1
19,8.7181966344162373e-18,8.56056637695398e-18,0.014998873447372944,-4.7828843105895338e-16,3.4644058672229848e-16,-1.2707651830627492e-17,1
19,8.7181966344162373e-18,8.56056637695398e-18,0.014998873447372944,-4.7828843105895338e-16,3.4644058672229848e-16,-1.2707651830627492e-17,1
19,8.7181966344162373e-18,8.56056637695398e-18,0.014998873447372944,-4.7828843105895338e-16,3.4644058672229848e-16,-1.2707651830627492e-17,1
19,8.7181966344162373e-18,8.56056637695398e-18,0.014998873447372944,-4.7828843105895338e-16,3.4644058672229848e-16,-1.2707651830627492e-17,1
19,8.7181966344162373e-18,8.56056637695398e-18,0.014998873447372944,-4.7828843105895338e-16,3.4644058672229848e-16,-1.2707651830627492e-17,1
19,8.7181966344162373e-18,8.56056637695398e-18,0.014998873447372944,-4.7828843105895338e-16,3.4644058672229848e-16,-1.2707651830627492e-17,1
19,8.7181966344162373e-18,8.56056637695398e-18,0.014998873447372944,-4.7828843105895338e-16,3.4644058672229848e-16,-1.2707651830627492e-17,1
19,8.7181966344162373e-18,8.56056637695398e-18,0.014998873447372944,-4.7828843105895338e-16,3.4644058672229848e-16,-1.2707651830627492e-17,1
19,8.7181966344162373e-18,8.56056637695398e-18,0.014998873447372944,-4.7828843105895338e-16,3.4644058672229848e-16,-1.2707651830627492e-17,1
19,8.7181966344162373e-18,8.56056637695398e-18,0.014998873447372944,-4.7828843105895338e-16,3.4644058672229848e-16,-1.2707651830627492e-17,1
19,8.7181966344162373e-18,8.56056637695398e-18,0.014998873447372944,-4.7828843105895338e-16,3.4644058672229848e-16,-1.2707651830627492e-17,1
19,8.7181966344162373e-18,8.56056637695398e-18,0.014998873447372944,-4.7828843105895338e-16,3.4644058672229848e-16,-1.2707651830627492e-17,1
19,8.7181966344162373e-18,8.56056637695398e-18,0.014998873447372944,-4.7828843105895338e-16,3.4644058672229848e-16,-1.2707651830627492e-17,1
19,8.7181966344162373e-18,8.56056637695398e-18,0.014998873447372944,-4.7828843105895338e-16,3.4644058672229848e-16,-1.2707651830627492e-17,1
19,8.7181966344162373e-18,8.56056637695398e-18,0.014998873447372944,-4.7828843105895338e-16,3.4644058672229848e-16,-1.2707651830627492e-17,1
19,8.7181966344162373e-18,8.56056637695398e-18,0.014998873447372944,-4.7828843105895338e-16,3.4644058672229848e-16,-1.2707651830627492e-17,1
19,8.7181966344162373e-18,8.56056637695398e-18,0.014998873447372944,-4.7828843105895338e-16,3.4644058672229848e-16,-1.2707651830627492e-17,1
19,8.7181966344162373e-18,8.56056637695398e-18,0.014998873447372944,-4.7828843105895338e-16,3.4644058672229848e-16,-1.2707651830627492e-17,1
19,8.7181966344162373e-18,8.56056637695398e-18,0.014998873447372944,-4.7828843105895338e-16,3.4644058672229848e-16,-1.2707651830627492e-17,1
19,8.7181966344162373e-18,8.56056637695398e-18,0.014998873447372944,-4.7828843105895338e-16,3.4644058672229848e-16,-1.2707651830627492e-17,1
19,8.7181966344162373e-18,8.56056637695398e-18,0.014998873447372944,-4.7828843105895338e-16,3.4644058672229848e-16,-1.2707651830627492e-17,1
19,8.7181966344162373e-18,8.56056637695398e-18,0.014998873447372944,-4.7828843105895338e-16,3.4644058672229848e-16,-1.2707651830627492e-17,1
19,8.7181966344162373e-18,8.56056637695398e-18,0.014998873447372944,-4.7828843105895338e-16,3.4644058672229848e-16,-1.2707651830627492e-17,1
19,8.7181966344162373e-18,8.56056637695398e-18,0.014998873447372944,-4.7828843105895338e-16,3.4644058672229848e-16,-1.2707651830627492e-17,1
19,8.7181966344162373e-18,8.56056637695398e-18,0.014998873447372944,-4.7828843105895338e-16,3.4644058672229848e-16,-1.2707651830627492e-17,1
19,8.7181966344162373e-18,8.56056637695398e-18,0.014998873447372944,-4.7828843105895338e-16,3.4644058672229848e-16,-1.2707651830627492e-17,1
20,8.7181966344162373e-18,8.56056637695398e-18,0.014998873447372944,-4.7828843105895338e-16,3.4644058672229848e-16,-1.2707651830627492e-17,1
20,8.7181966344162373e-18,8.56056637695398e-18,0.014998873447372944,-4.7828843105895338e-16,3.4644058672229848e-16,-1.2707651830627492e-17,1
20,8.7181966344162373e-18,8.56056637695398e-18,0.014998873447372944,-4.7828843105895338e-16,3.4644058672229848e-16,-1.2707651830627492e-17,1
20,8.7181966344162373e-18,8.56056637695398e-18,0.014998873447372944,-4.7828843105895338e-16,3.4644058672229848e-16,-1.2707651830627492e-17,1
20,8.7181966344162373e-18,8.56056637695398e-18,0.014998873447372944,-4.7828843105895338e-16,3.4644058672229848e-16,-1.2707651830627492e-17,1
20,8.7181966344162373e-18,8.56056637695398e-18,0.014998873447372944,-4.7828843105895338e-16,3.4644058672229848e-16,-1.2707651830627492e-17,1
20,8.7181966344162373e-18,8.56056637695398e-18,0.014998873447372944,-4.7828843105895338e-16,3.4644058672229848e-16,-1.2707651830627492e-17,1
20,8.7181966344162373e-18,8.56056637695398e-18,0.014998873447372944,-4.7828843105895338e-16,3.4644058672229848e-16,-1.2707651830627492e-17,1
20,8.7181966344162373e-18,8.56056637695398e-18,0.014998873447372944,-4.7828843105895338e-16,3.4644058672229848e-16,-1.2707651830627492e-17,1
20,8.7181966344162373e-18,8.56056637695398e-18,0.014998873447372944,-4.7828843105895338e-16,3.4644058672229848e-16,-1.2707651830627492e-17,1
20,8.7181966344162373e-18,8.56056637695398e-18,0.014998873447372944,-4.7828843105895338e-16,3.4644058672229848e-16,-1.2707651830627492e-17,1
20,8.7181966344162373e-18,8.56056637695398e-18,0.014998873447372944,-4.7828843105895338e-16,3.4644058672229848e-16,-1.2707651830627492e-17,1
20,8.7181966344162373e-18,8.56056637695398e-18,0.014998873447372944,-4.7828843105895338e-16,3.4644058672229848e-16,-1.2707651830627492e-17,1
20,8.7181966344162373e-18,8.56056637695398e-18,0.014998873447372944,-4.7828843105895338e-16,3.4644058672229848e-16,-1.2707651830627492e-17,1
20,8.7181966344162373e-18,8.56056637695398e-18,0.014998873447372944,-4.7828843105895338e-16,3.4644058672229848e-16,-1.2707651830627492e-17,1
20,8.7181966344162373e-18,8.56056637695398e-18,0.014998873447372944,-4.7828843105895338e-16,3.4644058672229848e-16,-1.2707651830627492e-17,1
20,8.7181966344162373e-18,8.56056637695398e-18,0.014998873447372944,-4.7828843105895338e-16,3.4644058672229848e-16,-1.2707651830627492e-17,1
20,8.7181966344162373e-18,8.56056637695398e-18,0.014998873447372944,-4.7828843105895338e-16,3.4644058672229848e-16,-1.2707651830627492e-17,1
20,8.7181966344162373e-18,8.56056637695398e-18,0.014998873447372944,-4.7828843105895338e-16,3.4644058672229848e-16,-1.2707651830627492e-17,1
20,8.7181966344162373e-18,8.56056637695398e-18,0.014998873447372944,-4.7828843105895338e-16,3.4644058672229848e-16,-1.2707651830627492e-17,1
20,8.7181966344162373e-18,8.56056637695398e-18,0.014998873447372944,-4.7828843105895338e-16,3.4644058672229848e-16,-1.2707651830627492e-17,1
20,8.7181966344162373e-18,8.56056637695398e-18,0.014998873447372944,-4.7828843105895338e-16,3.4644058672229848e-16,-1.2707651830627492e-17,1
20,8.7181966344162373e-18,8.56056637695398e-18,0.014998873447372944,-4.7828843105895338e-16,3.4644058672229848e-16,-1.2707651830627492e-17,1
20,8.7181966344162373e-18,8.56056637695398e-18,0.014998873447372944,-4.7828843105895338e-16,3.4644058672229848e-16,-1.2707651830627492e-17,1
20,8.7181966344162373e-18,8.56056637695398e-18,0.014998873447372944,-4.7828843105895338e-16,3.4644058672229848e-16,-1.2707651830627492e-17,1
20,8.7181966344162373e-18,8.56056637695398e-18,0.014998873447372944,-4.7828843105895338e-16,3.4644058672229848e-16,-1.2707651830627492e-17,1
20,8.7181966344162373e-18,8.56056637695398e-18,0.014998873447372944,-4.7828843105895338e-16,3.4644058672229848e-16,-1.2707651830627492e-17,1
20,8.7181966344162373e-18,8.56056637695398e-18,0.014998873447372944,-4.7828843105895338e-16,3.4644058672229848e-16,-1.2707651830627492e-17,1
20,8.7181966344162373e-18,8.56056637695398e-18,0.014998873447372944,-4.7828843105895338e-16,3.4644058672229848e-16,-1.2707651830627492e-17,1
20,8.7181966344162373e-18,8.56056637695398e-18,0.014998873447372944,-4.7828843105895338e-16,3.4644058672229848e-16,-1.2707651830627492e-17,1
20,8.7181966344162373e-18,8.56056637695398e-18,0.014998873447372944,-4.7828843105895338e-16,3.4644058672229848e-16,-1.2707651830627492e-17,1
20,8.7181966344162373e-18,8.56056637695398e-18,0.014998873447372944,-4.7828843105895338e-16,3.4644058672229848e-16,-1.2707651830627492e-17,1
20,8.7181966344162373e-18,8.56056637695398e-18,0.014998873447372944,-4.7828843105895338e-16,3.4644058672229848e-16,-1.2707651830627492e-17,1
20,8.7181966344162373e-18,8.56056637695398e-18,0.014998873447372944,-4.7828843105895338e-16,3.4644058672229848e-16,-1.2707651830627492e-17,1
20,8.7181966344162373e-18,8.56056637695398e-18,0.014998873447372944,-4.7828843105895338e-16,3.4644058672229848e-16,-1.2707651830627492e-17,1
20,8.7181966344162373e-18,8.56056637695398e-18,0.014998873447372944,-4.7828843105895338e-16,3.4644058672229848e-16,-1.2707651830627492e-17,1
20,8.7181966344162373e-18,8.56056637695398e-18,0.014998873447372944,-4.7828843105895338e-16,3.4644058672229848e-16,-1.2707651830627492e-17,1
20,8.7181966344162373e-18,8.56056637695398e-18,0.014998873447372944,-4.7828843105895338e-16,3.4644058672229848e-16,-1.2707651830627492e-17,1
20,8.7181966344162373e-18,8.56056637695398e-18,0.014998873447372944,-4.7828843105895338e-16,3.4644058672229848e-16,-1.2707651830627492e-17,1
20,8.7181966344162373e-18,8.56056637695398e-18,0.014998873447372944,-4.7828843105895338e-16,3.4644058672229848e-16,-1.2707651830627492e-17,1
20,8.7181966344162373e-18,8.56056637695398e-18,0.014998873447372944,-4.7828843105895338e-16,3.4644058672229848e-16,-1.2707651830627492e-17,1
20,8.7181966344162373e-18,8.56056637695398e-18,0.014998873447372944,-4.7828843105895338e-16,3.4644058672229848e-16,-1.2707651830627492e-17,1
20,8.7181966344162373e-18,8.56056637695398e-18,0.014998873447372944,-4.7828843105895338e-16,3.4644058672229848e-16,-1.2707651830627492e-17,1
20,8.7181966344162373e-18,8.56056637695398e-18,0.014998873447372944,-4.7828843105895338e-16,3.4644058672229848e-16,-1.2707651830627492e-17,1
20,8.7181966344162373e-18,8.56056637695398e-18,0.014998873447372944,-4.7828843105895338e-16,3.4644058672229848e-16,-1.2707651830627492e-17,1
20,8.7181966344162373e-18,8.56056637695398e-18,0.014998873447372944,-4.7828843105895338e-16,3.4644058672229848e-16,-1.2707651830627492e-17,1
20,8.7181966344162373e-18,8.56056637695398e-18,0.014998873447372944,-4.7828843105895338e-16,3.4644058672229848e-16,-1.2707651830627492e-17,1
20,8.7181966344162373e-18,8.56056637695398e-18,0.014998873447372944,-4.7828843105895338e-16,3.4644058672229848e-16,-1.2707651830627492e-17,1
20,8.7181966344162373e-18,8.56056637695398e-18,0.014998873447372944,-4.7828843105895338e-16,3.4644058672229848e-16,-1.2707651830627492e-17,1
20,8.7181966344162373e-18,8.56056637695398e-18,0.014998873447372944,-4.7828843105895338e-16,3.4644058672229848e-16,-1.2707651830627492e-17,1
21,8.7181966344162373e-18,8.56056637695398e-18,0.014998873447372944,-4.7828843105895338e-16,3.4644058672229848e-16,-1.2707651830627492e-17,1
21,8.7181966344162373e-18,8.56056637695398e-18,0.014998873447372944,-4.7828843105895338e-16,3.4644058672229848e-16,-1.2707651830627492e-17,1
21,8.7181966344162373e-18,8.56056637695398e-18,0.014998873447372944,-4.7828843105895338e-16,3.4644058672229848e-16,-1.2707651830627492e-17,1
21,8.7181966344162373e-18,8.56056637695398e-18,0.014998873447372944,-4.7828843105895338e-16,3.4644058672229848e-16,-1.2707651830627492e-17,1
21,8.7181966344162373e-18,8.56056637695398e-18,0.014998873447372944,-4.7828843105895338e-16,3.4644058672229848e-16,-1.2707651830627492e-17,1
21,8.7181966344162373e-18,8.56056637695398e-18,0.014998873447372944,-4.7828843105895338e-16,3.4644058672229848e-16,-1.2707651830627492e-17,1
21,8.7181966344162373e-18,8.56056637695398e-18,0.014998873447372944,-4.7828843105895338e-16,3.4644058672229848e-16,-1.2707651830627492e-17,1
21,8.7181966344162373e-18,8.56056637695398e-18,0.014998873447372944,-4.7828843105895338e-16,3.4644058672229848e-16,-1.2707651830627492e-17,1
21,8.7181966344162373e-18,8.56056637695398e-18,0.014998873447372944,-4.7828843105895338e-16,3.4644058672229848e-16,-1.2707651830627492e-17,1
21,8.7181966344162373e-18,8.56056637695398e-18,0.014998873447372944,-4.7828843105895338e-16,3.4644058672229848e-16,-1.2707651830627492e-17,1
21,8.7181966344162373e-18,8.56056637695398e-18,0.014998873447372944,-4.7828843105895338e-16,3.4644058672229848e-16,-1.2707651830627492e-17,1
21,8.7181966344162373e-18,8.56056637695398e-18,0.014998873447372944,-4.7828843105895338e-16,3.4644058672229848e-16,-1.2707651830627492e-17,1
21,8.7181966344162373e-18,8.56056637695398e-18,0.014998873447372944,-4.7828843105895338e-16,3.4644058672229848e-16,-1.2707651830627492e-17,1
21,8.7181966344162373e-18,8.56056637695398e-18,0.014998873447372944,-4.7828843105895338e-16,3.4644058672229848e-16,-1.2707651830627492e-17,1
21,8.7181966344162373e-18,8.56056637695398e-18,0.014998873447372944,-4.7828843105895338e-16,3.4644058672229848e-16,-1.2707651830627492e-17,1
21,8.7181966344162373e-18,8.56056637695398e-18,0.014998873447372944,-4.7828843105895338e-16,3.4644058672229848e-16,-1.2707651830627492e-17,1
21,8.7181966344162373e-18,8.56056637695398e-18,0.014998873447372944,-4.7828843105895338e-16,3.4644058672229848e-16,-1.2707651830627492e-17,1
21,8.7181966344162373e-18,8.56056637695398e-18,0.014998873447372944,-4.7828843105895338e-16,3.4644058672229848e-16,-1.2707651830627492e-17,1
21,8.7181966344162373e-18,8.56056637695398e-18,0.014998873447372944,-4.7828843105895338e-16,3.4644058672229848e-16,-1.2707651830627492e-17,1
21,8.7181966344162373e-18,8.56056637695398e-18,0.014998873447372944,-4.7828843105895338e-16,3.4644058672229848e-16,-1.2707651830627492e-17,1
21,8.7181966344162373e-18,8.56056637695398e-18,0.014998873447372944,-4.7828843105895338e-16,3.4644058672229848e-16,-1.2707651830627492e-17,1
21,8.7181966344162373e-18,8.56056637695398e-18,0.014998873447372944,-4.7828843105895338e-16,3.4644058672229848e-16,-1.2707651830627492e-17,1
21,8.7181966344162373e-18,8.56056637695398e-18,0.014998873447372944,-4.7828843105895338e-16,3.4644058672229848e-16,-1.2707651830627492e-17,1
21,8.7181966344162373e-18,8.56056637695398e-18,0.014998873447372944,-4.7828843105895338e-16,3.4644058672229848e-16,-1.2707651830627492e-17,1
21,8.7181966344162373e-18,8.56056637695398e-18,0.014998873447372944,-4.7828843105895338e-16,3.4644058672229848e-16,-1.2707651830627492e-17,1
21,8.7181966344162373e-18,8.56056637695398e-18,0.014998873447372944,-4.7828843105895338e-16,3.4644058672229848e-16,-1.2707651830627492e-17,1
21,8.7181966344162373e-18,8.56056637695398e-18,0.014998873447372944,-4.7828843105895338e-16,3.4644058672229848e-16,-1.2707651830627492e-17,1
21,8.7181966344162373e-18,8.56056637695398e-18,0.014998873447372944,-4.7828843105895338e-16,3.4644058672229848e-16,-1.2707651830627492e-17,1
21,8.7181966344162373e-18,8.56056637695398e-18,0.014998873447372944,-4.7828843105895338e-16,3.4644058672229848e-16,-1.2707651830627492e-17,1
21,8.7181966344162373e-18,8.56056637695398e-18,0.014998873447372944,-4.7828843105895338e-16,3.4644058672229848e-16,-1.2707651830627492e-17,1
21,8.7181966344162373e-18,8.56056637695398e-18,0.014998873447372944,-4.7828843105895338e-16,3.4644058672229848e-16,-1.2707651830627492e-17,1
21,8.7181966344162373e-18,8.56056637695398e-18,0.014998873447372944,-4.7828843105895338e-16,3.4644058672229848e-16,-1.2707651830627492e-17,1
21,8.7181966344162373e-18,8.56056637695398e-18,0.014998873447372944,-4.7828843105895338e-16,3.4644058672229848e-16,-1.2707651830627492e-17,1
21,8.7181966344162373e-18,8.56056637695398e-18,0.014998873447372944,-4.7828843105895338e-16,3.4644058672229848e-16,-1.2707651830627492e-17,1
21,8.7181966344162373e-18,8.56056637695398e-18,0.014998873447372944,-4.7828843105895338e-16,3.4644058672229848e-16,-1.2707651830627492e-17,1
21,8.7181966344162373e-18,8.56056637695398e-18,0.014998873447372944,-4.7828843105895338e-16,3.4644058672229848e-16,-1.2707651830627492e-17,1
21,8.7181966344162373e-18,8.56056637695398e-18,0.014998873447372944,-4.7828843105895338e-16,3.4644058672229848e-16,-1.2707651830627492e-17,1
21,8.7181966344162373e-18,8.56056637695398e-18,0.014998873447372944,-4.7828843105895338e-16,3.4644058672229848e-16,-1.2707651830627492e-17,1
21,8.7181966344162373e-18,8.56056637695398e-18,0.014998873447372944,-4.7828843105895338e-16,3.4644058672229848e-16,-1.2707651830627492e-17,1
21,8.7181966344162373e-18,8.56056637695398e-18,0.014998873447372944,-4.7828843105895338e-16,3.4644058672229848e-16,-1.2707651830627492e-17,1
21,8.7181966344162373e-18,8.56056637695398e-18,0.014998873447372944,-4.7828843105895338e-16,3.4644058672229848e-16,-1.2707651830627492e-17,1
21,8.7181966344162373e-18,8.56056637695398e-18,0.014998873447372944,-4.7828843105895338e-16,3.4644058672229848e-16,-1.2707651830627492e-17,1
21,8.7181966344162373e-18,8.56056637695398e-18,0.014998873447372944,-4.7828843105895338e-16,3.4644058672229848e-16,-1.2707651830627492e-17,1
21,8.7181966344162373e-18,8.56056637695398e-18,0.014998873447372944,-4.7828843105895338e-16,3.4644058672229848e-16,-1.2707651830627492e-17,1
21,8.7181966344162373e-18,8.56056637695398e-18,0.014998873447372944,-4.7828843105895338e-16,3.4644058672229848e-16,-1.2707651830627492e-17,1
21,8.7181966344162373e-18,8.56056637695398e-18,0.014998873447372944,-4.7828843105895338e-16,3.4644058672229848e-16,-1.2707651830627492e-17,1
21,8.7181966344162373e-18,8.56056637695398e-18,0.014998873447372944,-4.7828843105895338e-16,3.4644058672229848e-16,-1.2707651830627492e-17,1
21,8.7181966344162373e-18,8.56056637695398e-18,0.014998873447372944,-4.7828843105895338e-16,3.4644058672229848e-16,-1.2707651830627492e-17,1
21,8.7181966344162373e-18,8.56056637695398e-18,0.014998873447372944,-4.7828843105895338e-16,3.4644058672229848e-16,-1.2707651830627492e-17,1
21,8.7181966344162373e-18,8.56056637695398e-18,0.014998873447372944,-4.7828843105895338e-16,3.4644058672229848e-16,-1.2707651830627492e-17,1
22,8.7181966344162373e-18,8.56056637695398e-18,0.014998873447372944,-4.7828843105895338e-16,3.4644058672229848e-16,-1.2707651830627492e-17,1
22,8.7181966344162373e-18,8.56056637695398e-18,0.014998873447372944,-4.7828843105895338e-16,3.4644058672229848e-16,-1.2707651830627492e-17,1
22,8.7181966344162373e-18,8.56056637695398e-18,0.014998873447372944,-4.7828843105895338e-16,3.4644058672229848e-16,-1.2707651830627492e-17,1
22,8.7181966344162373e-18,8.56056637695398e-18,0.014998873447372944,-4.7828843105895338e-16,3.4644058672229848e-16,-1.2707651830627492e-17,1
22,8.7181966344162373e-18,8.56056637695398e-18,0.014998873447372944,-4.7828843105895338e-16,3.4644058672229848e-16,-1.2707651830627492e-17,1
22,8.7181966344162373e-18,8.56056637695398e-18,0.014998873447372944,-4.7828843105895338e-16,3.4644058672229848e-16,-1.2707651830627492e-17,1
22,8.7181966344162373e-18,8.56056637695398e-18,0.014998873447372944,-4.7828843105895338e-16,3.4644058672229848e-16,-1.2707651830627492e-17,1
22,8.7181966344162373e-18,8.56056637695398e-18,0.014998873447372944,-4.7828843105895338e-16,3.4644058672229848e-16,-1.2707651830627492e-17,1
22,8.7181966344162373e-18,8.56056637695398e-18,0.014998873447372944,-4.7828843105895338e-16,3.4644058672229848e-16,-1.2707651830627492e-17,1
22,8.7181966344162373e-18,8.56056637695398e-18,0.014998873447372944,-4.7828843105895338e-16,3.4644058672229848e-16,-1.2707651830627492e-17,1
22,8.7181966344162373e-18,8.56056637695398e-18,0.014998873447372944,-4.7828843105895338e-16,3.4644058672229848e-16,-1.2707651830627492e-17,1
22,8.7181966344162373e-18,8.56056637695398e-18,0.014998873447372944,-4.7828843105895338e-16,3.4644058672229848e-16,-1.2707651830627492e-17,1
22,8.7181966344162373e-18,8.56056637695398e-18,0.014998873447372944,-4.7828843105895338e-16,3.4644058672229848e-16,-1.2707651830627492e-17,1
22,8.7181966344162373e-18,8.56056637695398e-18,0.014998873447372944,-4.7828843105895338e-16,3.4644058672229848e-16,-1.2707651830627492e-17,1
22,8.7181966344162373e-18,8.56056637695398e-18,0.014998873447372944,-4.7828843105895338e-16,3.4644058672229848e-16,-1.2707651830627492e-17,1
22,8.7181966344162373e-18,8.56056637695398e-18,0.014998873447372944,-4.7828843105895338e-16,3.4644058672229848e-16,-1.2707651830627492e-17,1
22,8.7181966344162373e-18,8.56056637695398e-18,0.014998873447372944,-4.7828843105895338e-16,3.4644058672229848e-16,-1.2707651830627492e-17,1
22,8.7181966344162373e-18,8.56056637695398e-18,0.014998873447372944,-4.7828843105895338e-16,3.4644058672229848e-16,-1.2707651830627492e-17,1
22,8.7181966344162373e-18,8.56056637695398e-18,0.014998873447372944,-4.7828843105895338e-16,3.4644058672229848e-16,-1.2707651830627492e-17,1
22,8.7181966344162373e-18,8.56056637695398e-18,0.014998873447372944,-4.7828843105895338e-16,3.4644058672229848e-16,-1.2707651830627492e-17,1
22,8.7181966344162373e-18,8.56056637695398e-18,0.014998873447372944,-4.7828843105895338e-16,3.4644058672229848e-16,-1.2707651830627492e-17,1
22,8.7181966344162373e-18,8.56056637695398e-18,0.014998873447372944,-4.7828843105895338e-16,3.4644058672229848e-16,-1.2707651830627492e-17,1
22,8.7181966344162373e-18,8.56056637695398e-18,0.014998873447372944,-4.7828843105895338e-16,3.4644058672229848e-16,-1.2707651830627492e-17,1
22,8.7181966344162373e-18,8.56056637695398e-18,0.014998873447372944,-4.7828843105895338e-16,3.4644058672229848e-16,-1.2707651830627492e-17,1
22,8.7181966344162373e-18,8.56056637695398e-18,0.014998873447372944,-4.7828843105895338e-16,3.4644058672229848e-16,-1.2707651830627492e-17,1
22,8.7181966344162373e-18,8.56056637695398e-18,0.014998873447372944,-4.7828843105895338e-16,3.4644058672229848e-16,-1.2707651830627492e-17,1
22,8.7181966344162373e-18,8.56056637695398e-18,0.014998873447372944,-4.7828843105895338e-16,3.4644058672229848e-16,-1.2707651830627492e-17,1
22,8.7181966344162373e-18,8.56056637695398e-18,0.014998873447372944,-4.7828843105895338e-16,3.4644058672229848e-16,-1.2707651830627492e-17,1
22,8.7181966344162373e-18,8.56056637695398e-18,0.014998873447372944,-4.7828843105895338e-16,3.4644058672229848e-16,-1.2707651830627492e-17,1
22,-2.3325608829572322e-07,3.336216579810501e-07,0.015023921500104042,-8.392690952599305e-05,-0.0001063061560473677,1.0325720083886998e-08,0.99999999082763769
22,-1.2522415480028683e-07,4.8138920969955815e-07,0.01523753493408273,-0.000497377918242036,-0.00062403748239325818,-5.1556671895874396e-08,0.99999968159616148
22,-6.1504774408048043e-06,5.6124563344112466e-06,0.015733602448590445,-0.0006912632487760679,-0.00089660656422680676,-9.6628742729589244e-06,0.99999935907900406
22,-2.3115069450712953e-05,1.8676128287853341e-05,0.016533511259954142,-0.00035000819261318713,-0.00031454853843381592,-3.5294955064028681e-05,0.99999988865389267
22,-3.9998461332082194e-05,3.2236461175856212e-05,0.01764533260178432,-0.00061746525206125553,-0.00041424963542277413,-9.2858604131964911e-05,0.99999971925555142
22,-5.2498730472924632e-05,4.6957590255806584e-05,0.019056014918084115,-0.0018517063445233981,-0.0024275531173698862,-0.00017808163017444081,0.99999532321726836
22,-9.2475326429698482e-05,8.3523678598468982e-05,0.02074966605222316,-0.0014620339446585226,-0.0025863287299132741,-0.00031541216633954147,0.99999553692784593
22,-0.00016873972774130585,0.00013919320568555227,0.022689184089159192,0.00065277281832221807,0.00092296902234332429,-0.000506712628446707,0.99999923262877743
22,-0.00021999321396244266,0.00017415407310974445,0.024889820651095598,-0.0009956453185721375,0.00014364175845437042,-0.00078448027072741211,0.99999918632374374
22,-0.00024165204447528749,0.00020682747820392267,0.02740617487574103,-0.0051882642578403113,-0.0075494960818203007,-0.0011356773529865901,0.99995739772244863
22,-0.00037384642039008369,0.00032319121996601748,0.030301143533055047,0.0005153153266197,-0.0035581277552743547,-0.0015126054712357132,0.99999239307190724
22,-0.0005952533046560182,0.0004483519264528355,0.033550111164108706,0.0093066826343274449,0.014843005409340021,-0.001848251756842372,0.99984481536596748
22,-0.00062359241907858126,0.000405715912621576,0.037020021296667364,-0.00435828322735907,0.015212881787576528,-0.001645604525744047,0.999873424779743
22,-0.00043189360713694985,0.00036647742184181238,0.040671032523377261,-0.02502955150695171,-0.0075724346351587072,-0.00090273102880677678,0.99965762382014911
22,-0.00035917346274393482,0.000633974062621149,0.044377250756005134,-0.018834493072625146,-0.01479538875483094,0.00014365571845379303,0.9997131277048058
22,-0.00050700358245768257,0.0010965223469072396,0.047998303531266051,-0.00097716616019867227,0.0039784366105202,0.00076995218095592761,0.99999131214329584
22,-0.0005819265025541827,0.0014552664055613018,0.051434871571825039,-0.01011206426485959,0.011432579954498454,0.0015674863647362589,0.99988228570086379
22,-0.00045551255211792222,0.0018399580925203636,0.054698349498476961,-0.030210975082982934,-0.0091932016935846756,0.0025968328550545813,0.99949789318751414
22,-0.00042081714402835948,0.002557788002160727,0.057704285098362083,-0.022454370157371603,-0.023154916343300806,0.0039511155642253555,0.99947188044275093
22,-0.00068565859189586892,0.0035056845190264878,0.060522623356481571,0.00081178134851346963,-0.0064789096402566027,0.0048134555628345033,0.99996709715193144
22,-0.00099738866236751531,0.0043414969292593919,0.06316802186064796,-0.0013545647797409595,0.0088181751683422266,0.0054630253648487725,0.99994527865019744
23,-0.0011115696646708498,0.0051152523061760791,0.0656876728650227,-0.020173624061129661,-0.0076062628533356182,0.0058873912971021437,0.99975022294639226
23,-0.0012539175308807857,0.0061322418194307777,0.0681975893900259,-0.016635749704874254,-0.030708533792466779,0.0065179189380571425,0.99936867797464546
23,-0.0017501419771164229,0.0073621870292588784,0.070725766891969119,0.008298184836668927,-0.026264831788586948,0.0071353472871175279,0.99959511081168562
23,-0.002504107272516582,0.0084522969423993666,0.073311403227726765,0.015918610052757888,-0.00980426226469326,0.00727201154346488,0.99979877582618848
23,-0.0032295963827108642,0.00930058626551363,0.075969673102209381,-0.0033954080950600691,-0.018659163073423829,0.0067550230869915465,0.99979731771012548
23,-0.0040525573293140335,0.010208311132180188,0.078759785253090825,-0.012357327899851807,-0.03907422386906801,0.006689236976386426,0.99913750584435534
23,-0.005280976200809087,0.011328718111209947,0.081565860777043142,0.0088164184378998044,-0.034753711830919493,0.007668895768202331,0.99932759309327479
23,-0.0068444595950324805,0.012355481666328156,0.084356770853756591,0.024554417631226403,-0.014098457928477628,0.0087521098284325527,0.99956076085067547
23,-0.0084175807999788445,0.013066328302090688,0.087144059324733278,0.011002241807557718,-0.016310933811269839,0.00900104488369201,0.999765915254373
23,-0.010054066644782634,0.013685584840035719,0.089989549817884373,-0.0012729081708183032,-0.0321521325668442,0.0091801167421336552,0.99944001597534282
23,-0.012028512074099633,0.014430906450580178,0.092724030711849675,0.016581464531635514,-0.02360207620640015,0.010309861027287835,0.99953074179753543
23,-0.014258290048645705,0.01504627871055516,0.095348758888317231,0.033942346674023141,0.0052270040180268165,0.011717148689801353,0.99934143512507134
23,-0.016352091478520916,0.015281042150917086,0.097905078099662479,0.022475261069128911,0.013321375958495302,0.01256292686890075,0.99957969989937945
23,-0.018222979019059241,0.015313723655674091,0.10054581636110098,0.0061215122287175874,-0.0038919875655717209,0.012318032080691767,0.99989781758261786
23,-0.020163001904358286,0.015412586439319153,0.1031746613789664,0.018572552889333561,-0.00841363434872481,0.011944038630339942,0.999720766503035
23,-0.022271080996573316,0.015400844990323121,0.10584127764858008,0.039796780601647604,0.014712469756036831,0.011893857204076113,0.99902867608904555
23,-0.024214817009656178,0.014962224272470152,0.10852453894392221,0.032572563710567409,0.028580567858520176,0.012307942561314586,0.99898483160862506
23,-0.025793257484317753,0.01421116845940305,0.11124751601865283,0.011270054214318781,0.011496406437677577,0.012090068380384978,0.999797303838925
23,-0.02726419499602098,0.013471371914934086,0.1141048695036902,0.014841681768045378,-0.00571111731093486,0.011453523156728389,0.99980794377153015
23,-0.028891744837844291,0.012669785516965895,0.1171195368749248,0.032268055989510505,0.00659454317359426,0.010976018464140544,0.99939722412145227
23,-0.0304912940171896,0.011508909121493863,0.12037857616433492,0.026047533708158155,0.027633783281527217,0.011124580244594834,0.99921676513339863
23,-0.0317390275912222,0.010076795585365566,0.12379765842818544,0.0038572376399649395,0.019894348867420853,0.010828718070249033,0.99973600288570441
23,-0.032761735649079367,0.0087180479757339481,0.12737615398182212,0.0059560827200478891,-0.00085431769401871744,0.00999004998795036,0.99993199474821681
23,-0.033898552481563662,0.00739671603961706,0.13100307169609876,0.027105178087231122,0.0065694999005137932,0.0090127354619611855,0.99957036850409353
23,-0.035048540135679561,0.0057724549956905836,0.1346597781049664,0.02442780956061966,0.031455144796334128,0.00869667390682931,0.99916876644982755
23,-0.035848581741925983,0.0038680611491561196,0.13842467700900007,-0.00091594496748586185,0.034295006670016379,0.00867226318685772,0.9993737065850482
23,-0.036274045642485778,0.0020550503873050974,0.14232294042541352,-0.0076390817244893121,0.014679768785822309,0.0079460341208556582,0.999831490482547
23,-0.036635607182842263,0.00041750451088933568,0.14637461204658869,0.011208324448447158,0.010040088621672914,0.0069047364972338009,0.99986293795571346
23,-0.03701869182421063,-0.0013478616972659456,0.15064225912655144,0.018471885810873251,0.032093238449745091,0.0063351973232376561,0.99929409022333038
23,-0.037098811693280644,-0.00337205057067998,0.15510435756484311,-0.0032539748359746885,0.044367069195790129,0.0066988960205946885,0.9989875372650292
23,-0.036691515465951709,-0.0053356264140808716,0.15960097391069417,-0.018301964516458928,0.023628432590680069,0.0065245850314861438,0.99953197300452223
23,-0.036103100429883649,-0.0070210035458991953,0.16413200975990802,-0.0029374961600546414,0.005063876483310548,0.0058086090027538589,0.99996599358814431
23,-0.035593969107986408,-0.00866786209066073,0.16879429288590544,0.012927475782799267,0.015959132618517363,0.0049507209812394018,0.9997768135027516
23,-0.034978713580857516,-0.010526631940510173,0.17355972784325871,-0.0001656611031744173,0.031167937324040249,0.0047812341642670146,0.99950271237212251
23,-0.034010645376956868,-0.012410126100238951,0.17837147379777551,-0.021097500108331498,0.019817288134757659,0.00480393952485071,0.99956945368753869
23,-0.032850094005640686,-0.014013133695288886,0.18314505329693689,-0.015618866060153485,-0.001196681476539537,0.0048088104422212485,0.999865738146162
23,-0.031813253235785252,-0.015436355190693824,0.18776710859104365,0.0024318576061550441,0.0048727234508981893,0.0045535146690723607,0.99997480375203107
23,-0.030798091576514842,-0.016976761433994351,0.19226031104486874,-0.0056104198363358974,0.023595181592353694,0.0046612503921979456,0.99969498515280408
23,-0.029501181508563231,-0.018539912222658741,0.19666331202168094,-0.031267014933429406,0.01629227283198734,0.005216600499740944,0.99936465952241216
23,-0.0280094382258648,-0.019761848301420394,0.20097717534187712,-0.033682997715252516,-0.0091401131702171512,0.0061454458084987656,0.99937187647640191
23,-0.026687154038432956,-0.020619734089030541,0.20525836393772362,-0.012907208886861317,-0.012222055264560806,0.0066503345346623334,0.9998198829661461
23,-0.02555669536980083,-0.021431604993678317,0.20959164708510519,-0.0078019237751590659,0.00609208952297703,0.0064233460922775865,0.99993037610407132
23,-0.024313197859925566,-0.022293014097833391,0.21393640833931149,-0.0310570566357331,0.0064173887704900272,0.0063137917690028389,0.9994770694658236
23,-0.022925675471002566,-0.022881879041037823,0.21830588921126212,-0.047799599069975683,-0.017794353015630742,0.0066643984583914335,0.9986761963332722
23,-0.021729961254336874,-0.022977581637592222,0.22265241287326434,-0.035778224243392949,-0.030425534297855238,0.0071600927738805376,0.99887083179165315
23,-0.020899644840195818,-0.022779541042479024,0.22695847247464113,-0.020798345126998141,-0.013657954554040877,0.0065013253302280815,0.99966925624744929
23,-0.020169670351202228,-0.022544871696017939,0.23114175127271019,-0.03561012158469673,-0.00020651974536842115,0.0054736066804272716,0.99935074734560825
23,-0.019326348723202356,-0.02207068109047421,0.23523316285817678,-0.05779189949315619,-0.016326020746850765,0.0053778411862729107,0.99818066311851661
23,-0.018598590794070349,-0.021036954513290844,0.23932127743712844,-0.053741341874045535,-0.036511557589260085,0.0063392233144209786,0.99786701948894618
23,-0.018281397121167418,-0.019520818494004145,0.24337922581629351,-0.033807244952443395,-0.027642512720965129,0.0063018591029879072,0.99902614993354544
24,-0.018235707960152992,-0.017838487527500842,0.247420767506157,-0.036703011387752969,-0.0070498047609268179,0.0050514927379729409,0.99928858275726418
24,-0.018136948244350838,-0.015925476124679722,0.25147770628548338,-0.051840982148642578,-0.014007698307362244,0.0042730664443481649,0.99854796472736163
24,-0.018087257786506751,-0.013509039080646143,0.25556725741361308,-0.04223905158196934,-0.036249621329495142,0.00495290898612398,0.9984374272669766
24,-0.01841982784677227,-0.010701324420173273,0.25960690413266574,-0.015218791797339282,-0.033998570266049778,0.0052956351949938326,0.99929197026893768
24,-0.019102010370294357,-0.0078765153738039467,0.26364738134013949,-0.010397023157358088,-0.011680669452059726,0.0043659601847920214,0.99986819244452507
24,-0.019777117459681581,-0.0050584457839926216,0.26762600739612108,-0.023425408155203116,-0.013404794956570003,0.0030504058586900266,0.99963106031627069
24,-0.020451003043335084,-0.0019831614637428195,0.27144629188183639,-0.013273550729318667,-0.039037122595831662,0.0029169844560491447,0.999145338332796
24,-0.021486896107731746,0.0012739435041567064,0.27517175839199909,0.019650029546060332,-0.04814827351182055,0.0038772063967053194,0.9986393680239265
24,-0.023012971654108792,0.004292118950740725,0.27884142067812218,0.034599915382456062,-0.027585143702982953,0.0044876963858150277,0.99901039348124976
24,-0.024726126211148891,0.0069136569016768337,0.28256158348060423,0.023406813515121968,-0.014073607416806069,0.0040856339462322895,0.99961860839552374
24,-0.02640726219857242,0.009388132318816236,0.28634993021371075,0.025903510069195359,-0.0342368172303755,0.0027457141141745897,0.99907422625450215
24,-0.028348633134348752,0.011759006574886212,0.29021775848879311,0.057049612996257715,-0.054475022079593476,0.0024963806108536822,0.99688092654551819
24,-0.03082970014051261,0.013641630151749445,0.29408415028825058,0.0808984470994534,-0.04528597076118953,0.0034443125702044272,0.99568707876522755
24,-0.033697799363124621,0.014749120069704838,0.29794571804201669,0.075071328377014246,-0.0269236048197738,0.0042889576386821865,0.9968054072895034
24,-0.0366625354420197,0.015236600778540126,0.30185285668239331,0.067321310769283257,-0.034356963527316493,0.0032316582919423016,0.99713439242570123
24,-0.039845915096750534,0.015302660303507841,0.30577230220561541,0.088249864226188163,-0.050278044413295676,0.0025121870750909356,0.99482549657220476
24,-0.043513056112358367,0.014684461742827783,0.30955248306759181,0.10724444922329229,-0.038291272183488823,0.0037623540286326335,0.99348792205920955
24,-0.047526150660950152,0.013123945996972275,0.3131364853856069,0.096004203999777257,-0.0090395368807916765,0.006236137554251087,0.99532034550477988
24,-0.051493152471205519,0.010768550007924703,0.31663233018636311,0.072553436828146856,-0.0033117879838915096,0.0065433920774840594,0.9973375631574769
24,-0.055383713169043579,0.0079636571941733032,0.32009508345379484,0.07618308389113039,-0.017012259985300159,0.0049219241302815974,0.99693655535439429
24,-0.059472607127103866,0.004625357166311554,0.32351686530979157,0.09194877916518833,-0.0090843088834150539,0.0043475274286385408,0.99571280816679231
24,-0.063711758817199385,0.00047539816914803404,0.32693619755786263,0.084405971598808388,0.023344868314029776,0.0058238851403715295,0.99614091947060057
24,-0.067685755069020886,-0.0044216070851087856,0.33045997349965522,0.057772434670783711,0.04234024100559635,0.00687069743782232,0.99740786206070986
24,-0.071194660383292918,-0.00967267353280938,0.33406267812624973,0.053298936765758614,0.035880125880155135,0.005044150782515822,0.99792103718147318
24,-0.074454316689743089,-0.015220545229353259,0.33752860033399629,0.068912400584978745,0.040624294509508677,0.0023512380878860433,0.99679246557178292
24,-0.077508493036544612,-0.021357399354315555,0.3408642690122754,0.0628208463174781,0.07519414785364005,0.00242013661503592,0.99518517087790515
24,-0.079954190949005591,-0.028069248404235022,0.34407450861358607,0.027986921845248106,0.10511005240911914,0.0052475430288594785,0.994052851904938
24,-0.081469788197912063,-0.03492486744626852,0.34714832130398032,0.0033605732173757649,0.10875920137963249,0.0064533913948053075,0.994041496318147
24,-0.082108529767233637,-0.041651688145223374,0.3501706923957939,0.0079376406244429133,0.10979824917964516,0.00439709776737144,0.99391247294197183
24,-0.0819730639032229,-0.048421731244813644,0.35318310988751545,0.00776484740210777,0.13607079633733374,0.0030598478839445661,0.99066396061423012
24,-0.080727821040015,-0.055340936181043611,0.35619001997707495,-0.022331190766083132,0.15806903231998845,0.006411363076671589,0.98715469576145476
24,-0.07813786281788912,-0.062054892280626134,0.35901763666357883,-0.053134924640885352,0.15177489693917098,0.010633914700738194,0.98692855886363373
24,-0.074326274784144414,-0.068195800685887986,0.36172897387443192,-0.057907446462539029,0.13805374962122452,0.011695596909097272,0.98866126801480825
24,-0.069503928176535223,-0.073804018778013958,0.36446472617447034,-0.05863569957118181,0.14705870798056359,0.011089278082117177,0.987325994317228
24,-0.0635317160647671,-0.07903256468617928,0.36711637639677064,-0.0904680965343514,0.15393968631138996,0.01550057807747114,0.98380782095237806
24,-0.056268552792344988,-0.083530869282896186,0.36957825267280847,-0.12747110794120847,0.13237546907411982,0.023106947545043575,0.98269726813642777
24,-0.047963112569500067,-0.086872299786377283,0.37189139154958617,-0.141518230045706,0.10098205912893372,0.02918173419410661,0.98433918985694946
24,-0.038999421973639307,-0.088945624892720926,0.37418797806610715,-0.13806242577067954,0.092640959632670147,0.029875514677118863,0.985628668825857
24,-0.02942898755199768,-0.090015365267916925,0.37616239349231922,-0.14987024270132773,0.087707479850293035,0.029617427776346468,0.98436228915113788
24,-0.019164789794574449,-0.089984586610281442,0.3777440917672546,-0.17089648136986743,0.052881053370393685,0.032784670470086444,0.98332250672503374
24,-0.008518876688252533,-0.088475121841325943,0.37927623786265213,-0.17444302406877052,0.0073738219511245272,0.036685730284911525,0.98395600272422656
24,0.0019861310524388943,-0.085471024092426129,0.38074746345422911,-0.15647262050320696,-0.014146676616860915,0.0359170594228024,0.986927634335961
24,0.01224287128130247,-0.081282389951115849,0.38215783416920807,-0.15122480411710149,-0.025366419732103115,0.031791075537026023,0.98766235672213309
24,0.022333722700710948,-0.076010910469449813,0.38345893719632235,-0.16598330255920829,-0.065886050856418937,0.029819500818323366,0.98347311551716032
24,0.031837868204214852,-0.069349731078007279,0.384837301212434,-0.17003789067474259,-0.11968933618019428,0.030706763919394427,0.97765979419695237
24,0.040185951315146393,-0.061246739359674972,0.38614506704793333,-0.14943328652386931,-0.15430396700342611,0.032106898652920247,0.97612966644015686
24,0.047065472179361814,-0.051953544164086048,0.38740318397357021,-0.12256467018631825,-0.16490375831995857,0.029740240077093624,0.9782127428296099
24,0.052573184359947012,-0.041852210171392665,0.38850387279320175,-0.11775382819416338,-0.17771733255295941,0.022186405420834169,0.976759104933444
24,0.056598331422367643,-0.030839446991812094,0.38968719794210283,-0.11495874433092006,-0.21255312667128395,0.016632525211018385,0.97022111631793717
24,0.058708705381442912,-0.018805365370388842,0.39094194131638332,-0.087518383298545041,-0.24403149675411054,0.017892310986719274,0.96564435812793525
25,0.058623598447683369,-0.0060711815106618524,0.39207363944266294,-0.049135259279098682,-0.25185466263283246,0.020903206925013362,0.96629085225201627
25,0.056343310893861957,0.0068761767570632813,0.39301909062433543,-0.031731194871432729,-0.23803496990603878,0.01767035298012274,0.97057727306970265
25,0.052082369077892723,0.019982342979660991,0.39396717018763822,-0.017286072766462483,-0.23790156915085073,0.014508884628125661,0.97102704769265991
25,0.045816965687409922,0.033266830237573417,0.39501977707164548,0.0270726632096803,-0.25358779752234506,0.020932536428412332,0.96670684738092894
25,0.037418425872317605,0.046286952442185253,0.39588377880321318,0.083639879170425743,-0.25313939941827807,0.033211157977649786,0.96323508763971721
25,0.027140728414555157,0.058498559268097342,0.39599205774178392,0.11782579777926044,-0.22409996048393596,0.043787393941838372,0.96642586535158581
25,0.015173137652106292,0.069545891803005008,0.39576878383324482,0.13166763964030839,-0.19403169006510579,0.050455645629650436,0.97080871635256949
25,0.0018111550234347741,0.079455539577829956,0.3954974688140056,0.16830166711384004,-0.19274940150065614,0.05668474273704973,0.965043551871456
25,-0.013086990285304119,0.087817319022359244,0.39525948522287824,0.22264185336503375,-0.18894487424995168,0.06519099905508087,0.9541910570043366
25,-0.029530068967984154,0.094016656627009088,0.39485918810451193,0.25860010550286611,-0.15807453210372696,0.075481818370743359,0.94996890624353625
25,-0.047109671038517688,0.097795189154567086,0.39411567520833296,0.26770212173076874,-0.10972118283721649,0.086297606184840489,0.95333601590646566
25,-0.065329401633950068,0.0989536728083911,0.39354285201928929,0.2728464412986063,-0.076331127716431552,0.090943765692337114,0.95470289090057825
25,-0.083879875065462475,0.097662286937549664,0.39302266369472022,0.29258324722497858,-0.051448477437566371,0.090311714001293286,0.95057450624703366
25,-0.10260474483592671,0.093779596847402738,0.39231231454783888,0.30453645335128665,-0.008894349878050007,0.091066469235246222,0.94809563721256118
25,-0.12112346725200331,0.087160868226746679,0.39140467548769514,0.29352492123802915,0.049429049659627612,0.095049292504098742,0.94992921928764
25,-0.13886697525824929,0.078241482686678146,0.39001952015597657,0.27103226335680825,0.092910473062216115,0.093063517356049313,0.95354514206321728
25,-0.15543136925032858,0.067173193470046536,0.3885449218731345,0.26423611628381816,0.12242622596778115,0.082114113784836379,0.95312557743660475
25,-0.1705738158378817,0.053765999693964728,0.38731383105714345,0.25865232635920232,0.16405159265252336,0.07117897739966729,0.949273196816112
25,-0.1839373970230638,0.03798496542010147,0.38629355607486643,0.23396007798477084,0.22183186323122756,0.067176835994943077,0.94421426544531217
25,-0.19498626710521347,0.020180798687283015,0.38526738753661222,0.19046046099271038,0.27277750863962091,0.067288706505009635,0.940632485913435
25,-0.20324629897785898,0.00090778080140031369,0.38422748627726344,0.15507335957687804,0.31160058640389943,0.062102744062391135,0.93541465504994492
25,-0.20847825287841681,-0.019438335793680754,0.38299374572362,0.13237217383738861,0.33774208658728572,0.049768037006333941,0.9305541537351637
25,-0.21082291360638525,-0.040675112345786919,0.38104699822120536,0.093022880477809114,0.35018644540053862,0.04204899638883542,0.93110046668876634
25,-0.20999000441529278,-0.06260204308484929,0.37873040652030571,0.02833130679558182,0.361893128189987,0.045988147101543822,0.93065342160779008
25,-0.20654161037908553,-0.0845287711469128,0.37539340760539869,-0.0321133982599775,0.37307854479450325,0.051848523082752583,0.925793097684547
25,-0.20102229251903522,-0.10598012586925772,0.3703130160936477,-0.07032716542271146,0.37760385030533461,0.052565255350233576,0.92179515944061985
25,-0.19281171869222433,-0.12665597200952738,0.36409460016549444,-0.10709646910133132,0.37646046534185967,0.057341928155671365,0.91843332235715835
25,-0.18158516271020386,-0.14624972094553845,0.35708539308787551,-0.16021438497595275,0.36890945422268318,0.073912183453459263,0.912564602956438
25,-0.17097112401262332,-0.16102537757376517,0.35035079840620742,-0.20041118965606039,0.3533721583624117,0.090554808345198815,0.909265252520131
25,-0.15593909158731517,-0.17811088108095541,0.34034831159467238,-0.23826994470870047,0.31905518639144087,0.11269151300830822,0.91034710104505423
25,-0.13898943725422733,-0.19317951729234634,0.32895869914276421,-0.26052623272217823,0.27155911204556948,0.13404436957166865,0.916740878173732
25,-0.12041839346376836,-0.20591801200333362,0.31660734866129253,-0.27451753300370313,0.22998727241027767,0.14829394036696911,0.92182150433436916
25,-0.10034509354708289,-0.21588962370015755,0.30395063724469507,-0.29417150996846914,0.19340948135540847,0.15756643586272553,0.92262056856229924
25,-0.079039074881009,-0.22289822971725975,0.29108348597127814,-0.31773124709427242,0.1425561537706834,0.16723189243658287,0.92236548710048061
25,-0.057019414163364278,-0.22681584287317166,0.27799757919966822,-0.3384875284313969,0.075997887804664377,0.17734862552409419,0.92097664420459036
25,-0.03504305560295122,-0.22821653276471771,0.26395142823737144,-0.34957778215433788,0.020561990509575228,0.179276182326387,0.91936534045003815
25,-0.013537224483067753,-0.22770503317798146,0.24822466122910336,-0.34878574036003746,-0.0080372278777970565,0.167715000427877,0.92203882180796393
25,0.0074075127391807667,-0.2249564924287864,0.231329996754567,-0.35097337771658194,-0.038352145804425392,0.15158775759958251,0.92323775528968688
25,0.027696506754793758,-0.21972814038699925,0.21355091563820644,-0.35501626467633091,-0.10083715739293836,0.1437744337550072,0.91821796524714339
25,0.046698876666048932,-0.21177141479807404,0.19509876197039311,-0.34445175476570866,-0.17793193152642844,0.14381531555264246,0.91050006666369465
25,0.0639178521398535,-0.20149629485142681,0.17555352097984545,-0.31236511731469108,-0.24290137241170337,0.14457979284904449,0.906930890567312
25,0.079287356614128168,-0.18962029211817191,0.15431913600067829,-0.25925130111445982,-0.28820645834656694,0.1427698356228187,0.91068247719719608
25,0.092418577215372971,-0.17642783714497354,0.13174226428016783,-0.20251915594455527,-0.32135594745886453,0.1343961493589079,0.91523440797744193
25,0.10266626320535222,-0.16212336682243131,0.10849326736465263,-0.15639570963978991,-0.34835111336011654,0.11700932917598818,0.91678825293129651
25,0.10969153417478363,-0.14691530581032433,0.08471442460280898,-0.1017377811050172,-0.36152845985222271,0.10100061731683699,0.92127383112423489
25,0.11361529910227662,-0.131153035863291,0.060255944179193555,-0.021120629433649275,-0.35917354811874014,0.0971352552051074,0.9279617575850635
25,0.11677254367901221,-0.11759576284341867,0.039111510126130081,0.0505132856335343,-0.32213534655063691,0.10499064272406329,0.93949677562916312
25,0.12349159707347335,-0.11112960127021176,0.030580292876882183,0.024221934229446563,-0.17676641538714383,0.14634207220945411,0.9730112693051437
25,0.12890334361390626,-0.1052058352240743,0.021922969018806998,-0.019369655528314732,-0.049770147288866536,0.18129159299125419,0.981978160243013
25,0.1337573266223992,-0.10002979682286524,0.014861484067723281,-0.016619648108229183,0.0179797118622912,0.21006566927090012,0.97738064839236327
25,0.13471872363740336,-0.099248454558445887,0.014376641396145782,-0.011656938828764275,0.010561523665706396,0.20232428104244454,0.97919224634167679
26,0.13507752965200334,-0.098698339043015088,0.014616980183388957,-0.00685877531937119,0.0091672287099302339,0.19576031994097412,0.98058493576819017
26,0.1354938036456402,-0.098043272190502156,0.01507317513990118,0.004663359316428574,0.0042894858141634832,0.18801978998864222,0.982144801932975
26,0.13606293931034946,-0.097913960826916585,0.017081686370749975,0.021916703459019485,0.00491218329512827,0.18417705038706675,0.98263642445997512
26,0.13673915042750334,-0.097998885963960669,0.020919522704549037,0.049874230997383577,0.0036137026053069937,0.17753481854765102,0.98284326850172443
26,0.13758381294268293,-0.098632224549743144,0.02627190627536799,0.068761506539482931,-0.0053532905090123151,0.16753243777946089,0.9834511069650681
26,0.13847992828904446,-0.10007324033829529,0.032928566921238495,0.065544599885190874,-0.0070787487604034938,0.15542691567679559,0.985645103789937
26,0.1393464066531602,-0.10213929718187496,0.040483504944066162,0.067455441956882023,0.00484793683360697,0.14242837999359972,0.98749198347695866
26,0.14038542149566197,-0.10474023862931287,0.048850512118178618,0.089793012500625158,0.0037052139676591856,0.12796689410857648,0.98769831441980338
26,0.14163523920529611,-0.10822266639225223,0.058066634889700125,0.099980497185395645,-0.012649482947050364,0.11271438890765553,0.98850359498431117
26,0.14280751664321903,-0.11270570767124181,0.067636667834732073,0.0787640353003674,-0.0094530481819486631,0.10018763862768353,0.9918010403752765
26,0.14387935523429471,-0.11786747676522141,0.077564268152279528,0.060321138183920132,0.011684484924374175,0.091067570135638182,0.99394744869627749
26,0.14511894095904115,-0.12330582727294753,0.087026334944582381,0.068410906741044955,0.016535673395968564,0.08278906231724642,0.99407871444108531
26,0.14661776427491277,-0.12926585640657351,0.096485780170507782,0.071044206309843844,-0.00075358764800429628,0.074711310801526626,0.99467098725848979
26,0.14810126372308327,-0.1359506811825516,0.10624846945718229,0.039606881469545628,-0.0026271028039463618,0.0678606733120797,0.99690487123333194
26,0.14948269552423232,-0.1429851157303979,0.11605963775488162,-0.0021178143707984492,0.019010984724002165,0.062161835101918833,0.99788276043775626
26,0.1510271837344063,-0.14985337707031313,0.12562737655200765,-0.017077664994549331,0.03051732348066576,0.056229121318184035,0.99780525767390871
26,0.15290197334617792,-0.15645714618269704,0.13557341510526918,-0.016704819999936265,0.020423064972406643,0.050298838854830212,0.99838563401911906
26,0.15494319293585224,-0.16295740894044761,0.14626048874912198,-0.040851121566800236,0.014671725231993029,0.044316710947960025,0.99807412323745093
26,0.15700647065613024,-0.16907502235667249,0.15798289671274124,-0.082158796241820528,0.03427490736925165,0.03751690919454681,0.9953228845201
26,0.15933925555318001,-0.17431654545194245,0.1703293303221938,-0.10193680107646647,0.0515488433280312,0.030316487141871396,0.99299169983702074
26,0.16215983992343694,-0.17853745238429405,0.1828856382306667,-0.0952240413238181,0.046834067348552715,0.024842383029240151,0.994043162088538
26,0.16542246262229934,-0.18186848157257499,0.19607277695395886,-0.098577755420422616,0.033084324182510207,0.021693059690209907,0.994342629474838
26,0.16886728951939683,-0.18437730424516602,0.20980923155325323,-0.12903719863294305,0.041579077684835881,0.017775176226957179,0.99060820952480566
26,0.17263493584102446,-0.18565819686677568,0.22402319609694521,-0.15049950021988695,0.052740837937065362,0.013469493963357844,0.987110367273909
26,0.17688994940803374,-0.18558483733985454,0.23812923005787223,-0.14210463147434255,0.040093936534072096,0.01146048992252293,0.98897290515841685
26,0.18149992946104976,-0.18428813881316849,0.25229553754772144,-0.1275701474594966,0.01501341464219781,0.011397721880703983,0.99165041561725464
26,0.1861166013635015,-0.18206616392302816,0.26648710356698541,-0.14131862663405764,0.010990879415695126,0.0090741128095596559,0.989861559417605
26,0.19075844424597183,-0.17855902269916651,0.28123267244584077,-0.16108222070856532,0.017056408525681875,0.004836929002206441,0.98678173940219915
26,0.19561505396800061,-0.1735423205083243,0.29623723932175433,-0.15646651745933554,-0.000534137865492561,0.0033303580071183986,0.98767750421199352
26,0.20050795637852262,-0.16710593751670097,0.31148330144126063,-0.13562056742133316,-0.034583620570181842,0.0043270179017674982,0.99014762121445865
26,0.20500277047473861,-0.15963537495935826,0.32685088769551729,-0.13482494584118265,-0.04831341895454553,0.0017633556455905078,0.98968931392872583
26,0.20895526333754683,-0.15095877703325075,0.342861786388314,-0.14460072477183125,-0.048186252927533257,-0.0037047884566274404,0.9883091570792798
26,0.21256008868870971,-0.14091513858020366,0.35929348737901035,-0.13275519026224397,-0.075135270004145868,-0.0050288639897791369,0.98828409943032669
26,0.2155383563895634,-0.12961540825046486,0.376158023904206,-0.0993995382445366,-0.12021428449465911,-0.0019098919762475693,0.987757363886926
26,0.21738300348884457,-0.11753678639727863,0.39328009044897111,-0.079204880627747193,-0.14723173300856301,-0.001916004564318254,0.985923796551513
26,0.21782034564364339,-0.10489648448998468,0.41065085304444648,-0.079799812902122361,-0.15119767962874694,-0.00693469596042989,0.98525284142072156
26,0.21688025190675486,-0.091508126688243388,0.4285351216867973,-0.0670513883922954,-0.16711959189923067,-0.0092711028691846963,0.98361028866603928
26,0.21443842134193997,-0.07744166555291071,0.44693765498548255,-0.029552237040131903,-0.20132005507714493,-0.0055903683278636573,0.97906365905982751
26,0.21017757669591794,-0.06318481495197048,0.46550234096071869,0.0013919368063137335,-0.22225208331165588,-0.0029311728009113794,0.97498383689247237
26,0.20402215208439506,-0.049106422331182051,0.48379905131959522,0.0067722589074791558,-0.21681542707957685,-0.0051397428719370669,0.97617559390347453
26,0.19598130958087359,-0.035140445066004,0.50218353747354427,0.014862483407913678,-0.21129002139875963,-0.0059131248310901096,0.97729251936101158
26,0.1862342242921575,-0.021239984813489252,0.52065997928806773,0.0536707593104751,-0.23068085728642007,0.00037635495240351296,0.97154806882294253
26,0.17456015904731964,-0.0078255003058938684,0.53902389005241125,0.0986376267850255,-0.24490959686215932,0.0090183510732348322,0.96447321232419536
26,0.1609700312146452,0.0046575862679271926,0.55675921996538313,0.11891969655333477,-0.23315097914425462,0.014725594321695361,0.965029472901015
26,0.14556589295262232,0.016062931054899671,0.57397449451250071,0.12500482361382798,-0.20544836066467231,0.019790984987597231,0.97044993796006562
26,0.1286376008458234,0.026450622022335366,0.59099646811841577,0.15772323507005195,-0.19754901990163704,0.027547777467311938,0.96712919809689912
26,0.11015208718067847,0.035434784588871081,0.60794009171176311,0.20427743737140686,-0.19588716101958467,0.0358074378276297,0.95844497814161389
26,0.090074210577882646,0.042496011812262389,0.62458386311668435,0.231635820826164,-0.17360583009425523,0.043482082281996251,0.95619829051713723
26,0.068650474734046812,0.047412175607404225,0.64084115144158649,0.23403452009728723,-0.13199803305027683,0.051166842434154008,0.96186605975520778
26,0.046373964671364024,0.050267544654919061,0.65692889766833029,0.24284999634716586,-0.10662665518948911,0.054454214291832524,0.96264706628293562
27,0.023472745849625682,0.051004939930227804,0.67299433577190182,0.27397466429435313,-0.10107416967495868,0.052601670030540962,0.95496332906521186
27,-0.00012269544149297578,0.049208506370172787,0.68893555959369246,0.29692596719166181,-0.083150343202833307,0.050908365411606885,0.9499101687863255
27,-0.024266961496553663,0.044771607194140896,0.70446202537146607,0.29743486968082317,-0.041653077065771781,0.054240311113747192,0.95228961357309183
27,-0.048494047363510484,0.037792434399269034,0.719643369546797,0.29258296254425725,-0.0021538235239745114,0.056920998830329604,0.95454207396280377
27,-0.072379526961999729,0.028611132766118139,0.73423256176040075,0.29651795972307909,0.010278661313149478,0.05000194763061358,0.9536620228972198
27,-0.095925736244295817,0.017163530179605174,0.74814051925799363,0.29107188354024088,0.01854858192348641,0.039251500661493882,0.955715662954618
27,-0.11920786125973448,0.0032946846111415943,0.76158574520285893,0.26203897485800826,0.051245090159498047,0.035465431368725091,0.96304294793520984
27,-0.14198595334501579,-0.012560316917419982,0.77449922366958457,0.22692003458810134,0.0989678430012977,0.0368711276881701,0.96817001807389591
27,-0.163842630269409,-0.029779260872745225,0.78670798474087367,0.22761151825839596,0.13269788448696759,0.031155439844666927,0.96416471973251372
27,-0.18459972590994977,-0.048342745580385905,0.79793927889220762,0.24204387887893405,0.14956951893853934,0.018523052089510352,0.958488714718657
27,-0.20412699738481349,-0.06869436404010347,0.8085432277144694,0.2442746403677773,0.17993904733696295,0.010311214632188537,0.9528092769119475
27,-0.22212319075612408,-0.09102576145055094,0.81873520755729146,0.22888622904103284,0.2296766550266772,0.011086850073904357,0.94590528598088053
27,-0.23806484391211938,-0.11520459997779542,0.82848737889353508,0.20174582133589897,0.277520086950726,0.016117624729405106,0.93915996884739883
27,-0.25168505397268653,-0.14085836260561735,0.837476522657304,0.16684248877935573,0.3143766293361554,0.021245303850114337,0.93428023415325678
27,-0.26306402260998474,-0.16750903218218341,0.84516052802019448,0.12199072115051081,0.33741173911824174,0.025095344946417755,0.9330818859673583
27,-0.27205529191132211,-0.19480819747631448,0.85157211735231086,0.07253455683284675,0.35150738783833041,0.026629763103167715,0.9329909699869583
27,-0.27805073691550009,-0.22242820033591762,0.85738194240439192,0.036098517839480669,0.36697470644002672,0.022572509166520323,0.92925612382861167
27,-0.28070836635914631,-0.25012681716671387,0.86280065771809555,0.00442395287411626,0.38575392870850012,0.019204231777604188,0.92239120367052341
27,-0.27984343556663283,-0.27772157807623343,0.86777627508646737,-0.042231845335017788,0.408398359064002,0.026477352232828825,0.91144182555562392
27,-0.27588582196778783,-0.30481557972420709,0.87161623881179939,-0.091009549591827485,0.43154661267614852,0.038504925848031883,0.89666167178946177
27,-0.26959836041590451,-0.3311116605958267,0.87339272881497043,-0.11765317919346,0.45267352370875386,0.044121046061166867,0.88277842273882079
27,-0.26098877453606534,-0.35650716803740506,0.87290986539069537,-0.12978559757051589,0.47289666016598114,0.04712143198295967,0.87023216334205888
27,-0.2493171605422411,-0.38084486336671836,0.87048061352204331,-0.15850490631019923,0.48856253342388056,0.063833365173305442,0.8556331848991634
27,-0.23441314151684992,-0.4038231422396325,0.86603554933860849,-0.19901640231000389,0.49751271473116876,0.0923554068149648,0.8392520772237908
27,-0.21703182182152689,-0.4253412104667243,0.8589932167026274,-0.23017841378855552,0.49775393927825351,0.12114630089347739,0.82739500091467333
27,-0.19676333266326368,-0.44478256574713559,0.84955062574172724,-0.24977303447880109,0.48990031458863487,0.14683172492681307,0.82222354476640047
27,-0.17318535127006338,-0.461523066141204,0.83803436722414248,-0.26186136495379259,0.47489645478543524,0.16922540360179089,0.82296096235032479
27,-0.1462471646415989,-0.47522623645349055,0.82468983856274325,-0.27427615832753244,0.45275451788522031,0.19067522568364006,0.82669758304842345
27,-0.11609735139875672,-0.48564874235275318,0.80973879692511674,-0.29011264072783083,0.42184999083555569,0.21292736048232244,0.83218938955023769
27,-0.0830259631645973,-0.49257618386349317,0.79342510313537518,-0.31319666810768332,0.38065653883811912,0.23741787625661107,0.83704312825554561
27,-0.047472355452161212,-0.49577455142126781,0.77599064085812441,-0.34652842569068182,0.32586548355995487,0.26579383230399173,0.83850067115162874
27,-0.010061523637477039,-0.49494645474340448,0.7576662449055257,-0.39076418322177842,0.25202412597268326,0.29944980065542959,0.83313684945880584
27,0.028242441394229673,-0.49004916524182884,0.7384524116262221,-0.44604721695255828,0.15784105027409348,0.336028547163139,0.8143788421789202
27,0.066286250495784252,-0.48167059694788111,0.71782807630798484,-0.509096147703228,0.0550594890966654,0.36535815824398088,0.77736926956158581
27,0.10312885995650474,-0.47026858048596154,0.69521718891537287,-0.57405607820507409,-0.049357582160365183,0.38152482953662364,0.72281550385014781
27,0.13778317885992006,-0.45571681731145924,0.67020910470535822,-0.63501928884224967,-0.16639476124040936,0.38966650856298124,0.64592824549973549
27,0.16953659436484309,-0.43843313543018464,0.64205569300479182,-0.681890443451168,-0.29498686585073836,0.38937667192556619,0.544420774278221
27,0.19873911079805298,-0.41980127419545937,0.60984211855957315,0.70914737410723661,0.40721349756569236,-0.3697105716810189,-0.44113633083710163
27,0.22569229968076024,-0.40059226506934975,0.5729501373649033,0.71989540915076644,0.49546634632987374,-0.33215861262650959,-0.35487230886081905
27,0.24964904125259194,-0.38081784113244882,0.53040375708651355,0.709078342123867,0.58364054521278608,-0.30099096079926518,-0.25685805463665173
27,0.27032588692181736,-0.36088983716718276,0.48121324186121367,0.665513014920476,0.6754784253909295,-0.29187381000626272,-0.12502400903537231
27,0.28926909884727753,-0.34170014310076274,0.42596190106687232,0.6001037894136253,0.74846976663910525,-0.2822532554884894,-0.0012450400635647975
27,0.30744176632935066,-0.32366707879043943,0.36501254461477733,0.52703417899749028,0.80155381433290318,-0.26818645063931,0.088444810985746
27,0.32537648088891996,-0.306997057936632,0.29840397371519151,0.45375904459287192,0.84213117158230988,-0.25525414239884664,0.14058144289983468
27,0.34328275350864945,-0.29220806067533495,0.22545347303457727,0.37128981220924784,0.87537803893068133,-0.24418204656314133,0.19034781964533221
27,0.36157962507144265,-0.27958016392009283,0.14590742265678516,0.2738040977587306,0.89880844293014217,-0.23086526813607983,0.25273687292612645
27,0.380757993347192,-0.26853454248344283,0.060659268602454811,0.17547683174259654,0.91317864840058582,-0.22093924358437012,0.29410625336980833
27,0.40833620975176993,-0.27873193249945472,0.013431555796708567,0.14386526443739009,0.98940935375760675,0.0089293020610188012,0.017093389073493625
27,0.41221891513148246,-0.27663851221942121,0.019019378832381233,0.14283788426465993,0.98467596356158049,-0.063223298787284873,-0.0775461159138389
27,0.41293206973142549,-0.27636474940172789,0.020632149526353706,0.13821024597789011,0.98392604960588281,-0.079839885956713777,-0.080081517368939648
28,0.41179535630027636,-0.27750948534384207,0.017051990085140731,0.13226836083096472,0.98719350163701913,-0.072910160816330755,-0.051363211527971825
28,0.41070271783806178,-0.27919248344078917,0.013589067509368677,0.13418262518272267,0.98997224436725417,-0.027224380636941541,-0.034767967735683011
28,0.41024265359150897,-0.27945341069249952,0.013648532472111282,0.13425595216640079,0.99059250031043367,-0.01652170629923359,-0.020709197415123774
28,0.41021798352471439,-0.27946740277923143,0.013669984229762479,0.1342586908084073,0.990616979008579,-0.015948481656448004,-0.019956221465568358
28,0.41021797099839696,-0.27946740886347671,0.013689923834923916,0.13425868750757644,0.9906169900483347,-0.015948250601354814,-0.0199558803132491
28,0.41021795746461004,-0.27946741529240965,0.013709859603958941,0.134258683798583,0.99061700219961091,-0.015947999751177534,-0.019955502541021637
28,0.41021794394589173,-0.27946742172392736,0.013729795458331702,0.13425868018077639,0.99061701429416238,-0.015947749669975423,-0.019955126346354962
28,0.41021793010680807,-0.27946742826086335,0.013749729668447614,0.1342586762614546,0.99061702685227293,-0.015947491457154045,-0.019954735656203142
28,0.41021791613757835,-0.27946743484530451,0.013769663208473566,0.13425867224869731,0.990617039584161,-0.015947230078600164,-0.019954339486677845
28,0.4102179026148518,-0.27946744124383383,0.013789598700432955,0.13425866881901766,0.990617051881928,-0.015946975787421422,-0.019953955270531846
28,0.41021789450778073,-0.279467445422306,0.013809557999763272,0.13425866869054826,0.99061705931417754,-0.015946809280365008,-0.019953720228282852
28,0.41021788848330426,-0.27946744874798835,0.013829526451345981,0.13425866950623949,0.99061706491962676,-0.015946676519389618,-0.019953542553250568
28,0.41021788288112288,-0.279467451900639,0.013849496759772865,0.13425867044618126,0.9906170701635002,-0.015946550610436434,-0.019953376514649818
28,0.41021787736523341,-0.27946745501788373,0.01386946744821947,0.134258671381336,0.99061707533742338,-0.015946426106065319,-0.019953212856376308
28,0.41021787186725095,-0.27946745812775958,0.013889438215800959,0.13425867230209323,0.9906170804985579,-0.015946301895159991,-0.019953049693247737
28,0.41021786637310359,-0.27946746123604782,0.01390940900045007,0.13425867321390497,0.99061708565769047,-0.015946177747967628,-0.019952886636674834
28,0.41021786087982948,-0.27946746434397063,0.013929379789033657,0.13425867412119358,0.99061709081666172,-0.015946053615633549,-0.019952723604563405
28,0.410217855386776,-0.27946746745179957,0.013949350578628873,0.13425867502634467,0.99061709597569225,-0.015945929487182171,-0.019952560578697636
28,0.41021784989378685,-0.27946747055960064,0.013969321368523632,0.13425867593051033,0.990617101134758,-0.015945805359897591,-0.019952397554662188
28,0.41021784440081954,-0.27946747366739222,0.013989292158519344,0.13425867683422468,0.99061710629382393,-0.015945681233006864,-0.019952234531234049
28,0.41021783890786051,-0.27946747677518019,0.014009262948551289,0.13425867773773106,0.99061711145286924,-0.015945557106252974,-0.0199520715080176
28,0.41021783341490481,-0.27946747988296672,0.014029233738595331,0.13425867864113927,0.99061711661188334,-0.015945432979538647,-0.019951908484865895
28,0.41021782792195044,-0.27946748299075275,0.014049204528641623,0.13425867954449888,0.9906171217708617,-0.015945308852823883,-0.019951745461719652
28,0.41021782242899657,-0.27946748609853872,0.014069175318685944,0.13425868044783232,0.99061712692980208,-0.015945184726091462,-0.019951582438552447
28,0.4102178169360427,-0.27946748920632469,0.014089146108726438,0.13425868135114943,0.990617132088703,-0.015945060599333778,-0.019951419415354089
28,0.41021781144308883,-0.27946749231411083,0.014109116898762273,0.13425868225445484,0.99061713724756428,-0.015944936472547435,-0.019951256392119011
28,0.41021780595013491,-0.27946749542189708,0.014129087688793085,0.1342586831577503,0.990617142406386,-0.015944812345730929,-0.019951093368845433
28,0.41021780045718076,-0.27946749852968361,0.014149058478818708,0.134258684061037,0.99061714756516761,-0.015944688218883583,-0.019950930345531144
28,0.41021779496422645,-0.27946750163747031,0.014169029268839067,0.13425868496431537,0.99061715272390927,-0.01594456409200511,-0.019950767322177487
28,0.41021778947127197,-0.27946750474525711,0.01418900005885413,0.13425868586758544,0.99061715788261107,-0.015944439965095356,-0.019950604298782218
28,0.41021778397831726,-0.27946750785304419,0.014208970848863882,0.13425868677084724,0.99061716304127279,-0.015944315838154255,-0.019950441275347123
28,0.41021777848536234,-0.27946751096083144,0.014228941638868313,0.13425868767410098,0.99061716819989454,-0.015944191711181794,-0.019950278251871102
28,0.4102177729924073,-0.27946751406861886,0.014248912428867423,0.13425868857734688,0.99061717335847632,-0.015944067584177962,-0.019950115228355471
28,0.41021776749945205,-0.2794675171764065,0.01426888321886121,0.13425868948058459,0.99061717851701792,-0.015943943457142735,-0.019949952204798688
28,0.41021776200649657,-0.27946752028419436,0.014288854008849673,0.13425869038381413,0.99061718367551987,-0.01594381933007611,-0.019949789181201188
28,0.41021775651354092,-0.27946752339198239,0.014308824798832812,0.13425869128703538,0.99061718883398164,-0.015943695202978083,-0.019949626157562756
28,0.41021775102058511,-0.27946752649977058,0.014328795588810625,0.13425869219024877,0.99061719399240344,-0.015943571075848682,-0.019949463133883617
28,0.410217745527629,-0.27946752960755905,0.014348766378783117,0.13425869309345392,0.99061719915078528,-0.015943446948687868,-0.019949300110163756
28,0.41021774003467276,-0.27946753271534763,0.014368737168750282,0.13425869399665111,0.99061720430912714,-0.01594332282149568,-0.019949137086403414
28,0.41021773454171634,-0.27946753582313638,0.014388707958712124,0.13425869489984019,0.990617209467429,-0.015943198694272121,-0.019948974062602574
28,0.41021772904875969,-0.27946753893092541,0.01440867874866864,0.13425869580302113,0.990617214625691,-0.01594307456701716,-0.019948811038760356
28,0.41021772355580283,-0.2794675420387146,0.014428649538619833,0.13425869670619406,0.99061721978391271,-0.0159429504397308,-0.019948648014877429
28,0.41021771806284585,-0.27946754514650396,0.0144486203285657,0.13425869760935891,0.99061722494209459,-0.015942826312413057,-0.019948484990954897
28,0.41021771256988865,-0.27946754825429354,0.014468591118506242,0.13425869851251557,0.99061723010023672,-0.015942702185063905,-0.01994832196699188
28,0.41021770707693123,-0.27946755136208334,0.01448856190844146,0.1342586994156641,0.99061723525833834,-0.015942578057683374,-0.019948158942987255
28,0.41021769540932923,-0.27946757677304357,0.014508456357899059,0.13425868788911047,0.99061725651357424,-0.015941688759275624,-0.019947891701036287
28,0.41021764860995996,-0.27946772907752676,0.014527916465755424,0.13425860565982886,0.990617369335885,-0.015936446035963042,-0.019947031460154353
28,0.4102175646908004,-0.27946801545568073,0.014546917651364403,0.13425844880733667,0.99061757882191526,-0.015926603566149916,-0.019945544657911825
28,0.41021744547133993,-0.27946842933724725,0.014565482398443508,0.13425822114371783,0.99061788007541185,-0.015912386784352157,-0.019943462012569604
28,0.41021729268200124,-0.27946896447425779,0.01458363208548101,0.13425792635903019,0.99061826837618761,-0.015894010077367696,-0.019940812741638857
29,0.4102171079684937,-0.27946961492519978,0.014601387040292044,0.13425756801990224,0.9906187391787854,-0.015871677325769495,-0.019937624634875657
29,0.41021689289595231,-0.27947037503996597,0.014618766591848169,0.1342571495689599,0.99061928811045186,-0.015845582418733208,-0.01993392412372455
29,0.41021664895287507,-0.27947123944554525,0.014635789119529015,0.13425667432497093,0.99061991096853264,-0.01581590974361647,-0.019929736347405337
29,0.4102163775548695,-0.27947220303241488,0.014652472099937247,0.13425614548360279,0.99062060371738025,-0.015782834651639748,-0.019925085215817664
29,0.41021600310634004,-0.27947323975257532,0.014668568778203684,0.13425561948715767,0.99062140265378684,-0.015746879841834684,-0.019917354633843986
29,0.41021546614698962,-0.27947432825810803,0.014683887039340929,0.13425514126020455,0.99062233575814407,-0.015708484851691233,-0.019904483061499095
29,0.41021477464183659,-0.27947546601166584,0.014698465001296257,0.13425470868022535,0.99062339588322268,-0.015667769290906797,-0.019886722490816681
29,0.4102141152675407,-0.27947641004748031,0.014709618772850146,0.1342543940930109,0.99062433081277845,-0.015633602662790316,-0.019869155398138334
29,0.41021316441799838,-0.27947763044614049,0.014722954334994176,0.13425403851684611,0.99062560244791864,-0.015588992978887673,-0.019843190633554258
29,0.41021207930836451,-0.27947889363015171,0.01473564665704674,0.13425372296193425,0.99062698255341641,-0.0155423673761062,-0.019812978683675438
29,0.4102108665189822,-0.27948019750298908,0.014747727217061772,0.13425344553712665,0.99062846500926671,-0.015493824685395424,-0.019778727750089688
29,0.41020953230765539,-0.27948154007082815,0.014759225947462004,0.13425320441467548,0.99063004395113241,-0.015443458896420867,-0.019740635832804825
29,0.41020808262545849,-0.27948291943751652,0.014770171311145754,0.13425299783041517,0.99063171376342063,-0.015391359394508681,-0.019698891229807676
29,0.41020652313177747,-0.27948433379978777,0.014780590373859237,0.13425282408359437,0.99063346907209049,-0.015337611186153378,-0.019653673012375594
29,0.41020485920860328,-0.279485781442721,0.014790508872919939,0.13425268153641035,0.990635304737283,-0.015282295113078862,-0.019605151476855976
29,0.41020309597413313,-0.27948726073540797,0.014799951282612024,0.13425256861329679,0.99063721584581221,-0.015225488056378415,-0.019553488574552583
29,0.41020123829570265,-0.27948877012684109,0.014808940876313235,0.1342524837999943,0.99063919770359254,-0.015167263130336447,-0.0194988383205218
29,0.41019929080207923,-0.27949030814200421,0.014817499785533556,0.13425242564244591,0.99064124582804969,-0.0151076898667262,-0.019441347182231426
29,0.41019725789516071,-0.27949187337814685,0.014825649056085943,0.13425239274554743,0.99064335594053843,-0.015046834390374747,-0.019381154449408463
29,0.41019514376109278,-0.27949346450124668,0.014833408701440221,0.13425238377177834,0.99064552395882621,-0.01498475958592789,-0.019318392585560118
29,0.4101929523808468,-0.27949508024264563,0.014840797753463791,0.13425239743973522,0.99064774598965744,-0.014921525256449341,-0.019253187562472716
29,0.41019068754027727,-0.27949671939584597,0.014847834310662448,0.13425243252259511,0.99065001832142563,-0.014857188274418211,-0.019185659178237079
29,0.41018835283968497,-0.27949838081346606,0.014854535584032007,0.13425248784652208,0.99065233741698044,-0.014791802725245124,-0.019115921359692034
29,0.41018595170291128,-0.27950006340434569,0.014860917940646879,0.13425256228903232,0.99065469990658239,-0.014725420043725523,-0.019044082450058005
29,0.41018348738598809,-0.27950176613079336,0.014866996945107,0.13425265477733492,0.99065710258102,-0.014658089143842692,-0.018970245482529506
29,0.41018096298536583,-0.279503488005963,0.014872787398961973,0.13425276428665975,0.99065954238489751,-0.014589856542386734,-0.01889450844050657
29,0.4101783814457321,-0.27950522809136841,0.014878303378150104,0.13425288983857869,0.99066201641011442,-0.014520766476186336,-0.0188169645049568
29,0.41017574556745079,-0.27950698549451009,0.014883558268629327,0.13425303049933845,0.99066452188952525,-0.014450861013941945,-0.018737702289710272
29,0.41017305801363907,-0.2795087593666255,0.014888564800248532,0.13425318537819872,0.99066705619079942,-0.01438018016235241,-0.018656806065364854
29,0.41017032131688924,-0.27951054890054644,0.014893335078925722,0.13425335362579668,0.99066961681048,-0.01430876196709795,-0.018574355971941268
29,0.410167537885671,-0.279512353328657,0.014897880617293755,0.13425353443253588,0.99067220136823353,-0.014236642609089235,-0.018490428221421589
29,0.4101647100104136,-0.27951417192096117,0.014902212363789795,0.13425372702699928,0.99067480760130855,-0.014163856495631386,-0.018405095290205887
29,0.41016183986929072,-0.27951600398323645,0.014906340730340004,0.13425393067440267,0.9906774333591899,-0.014090436347436642,-0.018318426102137176
29,0.4101589295337229,-0.27951784885528208,0.014910275618676151,0.13425414467508107,0.99068007659844892,-0.014016413281231705,-0.01823048620260426
29,0.41015598097361072,-0.27951970590925207,0.014914026445363467,0.13425436836301274,0.99068273537779106,-0.013941816888351473,-0.018141337924139397
29,0.41015299606230876,-0.27952157454807119,0.014917602165585278,0.13425460110438739,0.99068540785329529,-0.013866675309436928,-0.018051040543811618
29,0.41014997658135977,-0.2795234542039236,0.01492101129578609,0.13425484229621451,0.99068809227384036,-0.013791015305649707,-0.017959650433023777
29,0.41014692422499222,-0.2795253443368238,0.014924261935164497,0.13425509136497479,0.99069078697672053,-0.013714862326108305,-0.017867221199853178
29,0.41014384060440168,-0.279527244433248,0.014927361786151274,0.13425534776531647,0.99069349038343446,-0.013638240572360467,-0.017773803824520013
29,0.41014072725181944,-0.27952915400484374,0.014930318173841391,0.13425561097879241,0.990696200995659,-0.013561173059294947,-0.017679446788166523
29,0.41013758562438307,-0.27953107258718929,0.014933138064512975,0.1342558805126477,0.99069891739138594,-0.01348368167355298,-0.017584196195326637
29,0.41013441710781623,-0.27953299973862811,0.014935828083195102,0.13425615589864337,0.99070163822123036,-0.013405787228570717,-0.017488095890403073
29,0.410131223019929,-0.27953493503914723,0.01493839453041068,0.13425643669193152,0.99070436220489577,-0.013327509517373444,-0.017391187568428768
29,0.41012800461394611,-0.27953687808931915,0.014940843398074213,0.13425672246996787,0.990707088127799,-0.013248867362509428,-0.017293510880404581
29,0.41012476308167489,-0.27953882850929479,0.014943180384623375,0.13425701283146671,0.99070981483784037,-0.013169878663566963,-0.017195103533572328
29,0.41012149955651156,-0.27954078593784049,0.014945410909393417,0.13425730739540323,0.99071254124232666,-0.01309056044250514,-0.017096001386542357
29,0.41011821511630642,-0.27954275003142787,0.014947540126299806,0.13425760580004945,0.9907152663050256,-0.013010928886607757,-0.016996238539987905
29,0.41011491078608425,-0.27954472046336576,0.014949572936838048,0.13425790770205495,0.990717989043363,-0.012930999389406471,-0.016895847422743377
29,0.41011158754063531,-0.27954669692297679,0.014951514002454829,0.13425821277556144,0.99072070852574345,-0.012850786589525463,-0.016794858873815453
29,0.4101082463069769,-0.27954867911480741,0.014953367756321952,0.13425852071136216,0.99072342386899781,-0.012770304407865606,-0.016693302220278157
30,0.41010488796669348,-0.27955066675788931,0.01495513841449502,0.13425883121608828,0.99072613423595357,-0.01268956608251288,-0.016591205351352684
30,0.41010151335816453,-0.27955265958502268,0.014956829986574011,0.13425914401144098,0.99072883883311491,-0.012608584202453615,-0.016488594788907365
30,0.41009812327868178,-0.27955465734210377,0.014958446285811616,0.13425945883344995,0.99073153690845484,-0.012527370739312383,-0.016385495754482293
30,0.41009471848646373,-0.27955665978748584,0.014959990938725602,0.13425977543176595,0.99073422774931574,-0.012445937077510013,-0.016281932233045315
30,0.41009129970256769,-0.27955866669136337,0.014961467394248983,0.13426009356899157,0.99073691068040737,-0.012364294043217991,-0.016177927033495323
30,0.41008786761271371,-0.27956067783519745,0.014962878932426926,0.13426041302003297,0.99073958506190341,-0.01228245193154727,-0.016073501846422655
30,0.41008442286901664,-0.27956269301115988,0.014964228672698645,0.13426073357148888,0.99074225028762841,-0.012200420532699848,-0.015968677298915119
30,0.41008096609163058,-0.27956471202160793,0.014965519581752958,0.13426105502106672,0.99074490578333718,-0.012118209156714776,-0.015863473006587612
30,0.41007749787031822,-0.27956673467858856,0.014966754481016043,0.13426137717702102,0.99074755100507339,-0.012035826656908539,-0.015757907623287194
30,0.41007401876593857,-0.27956876080335719,0.014967936053773572,0.13426169985762709,0.99075018543761273,-0.011953281452467209,-0.015651998888146841
30,0.41007052931186272,-0.27957079022593445,0.014969066851913604,0.13426202289066952,0.99075280859298431,-0.011870581549454213,-0.015545763670423311
30,0.4100670300153238,-0.2795728227846711,0.01497014930238718,0.13426234611296212,0.99075542000905958,-0.011787734561253767,-0.015439218012217129
30,0.41006352135869595,-0.27957485832584039,0.01497118571331655,0.13426266936989029,0.99075801924821671,-0.011704747727790033,-0.015332377168941726
30,0.41006000380071278,-0.27957689670325142,0.014972178279811937,0.13426299251497173,0.99076060589607085,-0.011621627933784903,-0.015225255647898964
30,0.41005647777762566,-0.27957893777787807,0.014973129089507988,0.13426331540944286,0.99076317956026649,-0.011538381726218596,-0.015117867244931046
30,0.41005294370430545,-0.2795809814175102,0.0149740401278221,0.13426363792186105,0.990765739869333,-0.011455015330810787,-0.015010225079305712
30,0.41004940197529255,-0.27958302749641673,0.014974913282975172,0.13426395992772988,0.990768286471593,-0.01137153466787692,-0.014902341626932275
30,0.41004585296579088,-0.27958507589503051,0.014975750350736363,0.13426428130914125,0.99077081903413211,-0.011287945367202233,-0.014794228751841299
30,0.41004229703261635,-0.27958712649964323,0.01497655303895943,0.13426460195443665,0.990773337241817,-0.011204252782392093,-0.014685897736174009
30,0.41003873451509759,-0.27958917920212095,0.014977322971881299,0.13426492175788252,0.99077584079636538,-0.011120462004316265,-0.014577359308717796
30,0.41003516573593496,-0.2795912338996307,0.014978061694223383,0.13426524061936213,0.99077832941546085,-0.011036577874001672,-0.014468623672085222
30,0.41003159100201081,-0.27959329049437825,0.014978770675073028,0.13426555844408852,0.990780802831917,-0.010952604994940105,-0.0143597005283472
30,0.41002801060517063,-0.27959534889336507,0.014979451311601449,0.13426587514232144,0.99078326079288026,-0.010868547744632549,-0.014250599103778135
30,0.41002442482295542,-0.27959740900815017,0.014980104932572945,0.13426619062910847,0.99078570305907621,-0.010784410285750775,-0.014141328172003871
30,0.41002083391930522,-0.27959947075462577,0.014980732801708535,0.13426650482403474,0.99078812940409278,-0.010700196576703092,-0.014031896076292027
30,0.41001723814522512,-0.27960153405280952,0.014981336120856567,0.13426681765098306,0.99079053961370289,-0.01061591038150206,-0.013922310750629226
30,0.41001363773941846,-0.27960359882663793,0.014981916033028928,0.13426712903791208,0.99079293348521935,-0.010531555279430399,-0.013812579739742819
30,0.41001003292889016,-0.27960566500377521,0.014982473625282478,0.13426743891664128,0.9907953108268851,-0.01044713467407229,-0.013702710218204782
30,0.41000642392951919,-0.27960773251543347,0.014983009931447923,0.134267747222647,0.99079767145729514,-0.010362651801822052,-0.01359270900855802
30,0.41000281094660646,-0.27960980129619484,0.014983525934755741,0.13426805389487137,0.99080001520484584,-0.010278109740225309,-0.013482582598641614
30,0.40999919417539121,-0.2796118712838479,0.014984022570302688,0.13426835887553976,0.99080234190721483,-0.0101935114157045,-0.013372337157944895
30,0.409995573801543,-0.27961394241923132,0.014984500727399451,0.13426866210998717,0.99080465141087015,-0.010108859610933609,-0.013261978553161287
30,0.40999267502751824,-0.27961560011600206,0.014984870518363582,0.13426890340541581,0.99080648653287062,-0.010041101443889103,-0.013173613949453856
30,0.40998904860806012,-0.27961767317737735,0.014985317517725348,0.13426920336821255,0.99080876471821666,-0.0099563599551196116,-0.013063065523494753
30,0.40998541905884728,-0.27961974723580746,0.014985748303851064,0.13426950144690469,0.990811025317827,-0.0098715720717634566,-0.012952418873240883
30,0.40998178653327561,-0.27962182224241705,0.014986163611627561,0.13426979759721575,0.99081326820750626,-0.00978674009174173,-0.012841678844277329
30,0.40997815117722491,-0.27962389815072347,0.014986564139978705,0.13427009177726604,0.99081549326981477,-0.00970186620017503,-0.012730850044370362
30,0.4099745131294244,-0.27962597491652713,0.014986950553598399,0.13427038394744104,0.99081770039371064,-0.0096169524746483222,-0.012619936855078168
30,0.40997087252180309,-0.27962805249778988,0.014987323484648062,0.13427067407027721,0.99081988947420518,-0.0095320008908055549,-0.012508943442788153
30,0.40996722947982822,-0.27963013085453764,0.014987683534350742,0.13427096211033965,0.9908220604120388,-0.00944701332708632,-0.012397873769475322
30,0.40996358412281286,-0.27963220994875415,0.014988031274479667,0.1342712480341213,0.990824213113376,-0.0093619915696182415,-0.012286731602389279
30,0.40995993656422824,-0.27963428974428722,0.014988367248840475,0.13427153180993393,0.990826347489511,-0.00927693731672157,-0.012175520523982429
30,0.40995628691198138,-0.27963637020675647,0.014988691974604902,0.134271813407815,0.99082846345659625,-0.0091918521831925344,-0.012064243940662451
30,0.40995263526869119,-0.27963845130346615,0.014989005943631341,0.13427209279943444,0.99083056093537769,-0.0091067377044383342,-0.011952905091542438
30,0.4099489817319486,-0.27964053300332337,0.014989309623704527,0.13427236995800634,0.99083263985095,-0.00902159534033782,-0.011841507056668652
30,0.40994532639456094,-0.27964261527675993,0.014989603459705632,0.13427264485820653,0.990834700132522,-0.0089364264789278426,-0.011730052764753305
30,0.40994166934478649,-0.27964469809565595,0.01498988787473755,0.13427291747609527,0.99083674171319491,-0.0088512324399710723,-0.011618545000597195
30,0.40993801066655994,-0.27964678143327037,0.014990163271198604,0.13427318778904074,0.99083876452975161,-0.00876601447827402,-0.011506986412227846
30,0.409934350439702,-0.27964886526417415,0.014990430031784324,0.13427345577564967,0.99084076852245939,-0.0086807737868337068,-0.0113953795175332
30,0.409930688740121,-0.27965094956418124,0.014990688520462432,0.13427372141570326,0.99084275363487984,-0.00859551150002061,-0.011283726710614353
31,0.40992702564000622,-0.27965303431029465,0.014990939083380398,0.13427398469008903,0.99084471981369282,-0.0085102286962262051,-0.01117203026794405
31,0.40992336120800693,-0.279655119480643,0.014991182049737121,0.13427424558074594,0.99084666700852708,-0.0084249264007763853,-0.011060292353997048
31,0.40991969550941015,-0.27965720505442704,0.014991417732625542,0.1342745040706039,0.99084859517179913,-0.00833960558847511,-0.010948515026899617
31,0.40991602860630216,-0.27965929101186721,0.014991646429807744,0.13427476014353304,0.99085050425856336,-0.0082542671860857779,-0.010836700243520736
31,0.40991236055772695,-0.27966137733415253,0.01499186842447449,0.13427501378429171,0.99085239422636906,-0.0081689120747186379,-0.010724849864490453
31,0.4099086914198341,-0.27966346400339592,0.014992083985946257,0.13427526497847767,0.990854265035125,-0.0080835410919647566,-0.010612965658886201
31,0.409905021246023,-0.27966555100258533,0.014992293370372249,0.134275513712484,0.990856116646969,-0.0079981550341735718,-0.01050104930879257
31,0.40990135008707534,-0.27966763831554348,0.014992496821357306,0.13427575997345517,0.99085794902615065,-0.0079127546583673686,-0.010389102413484777
31,0.40989767799128374,-0.2796697259268856,0.014992694570582261,0.13427600374924686,0.99085976213891236,-0.0078273406842159186,-0.010277126493509859
31,0.4098940050045744,-0.27967181382198125,0.014992886838388324,0.134276245028387,0.99086155595338332,-0.0077419137958551513,-0.010165122994561149
31,0.40989033117062246,-0.27967390198691688,0.014993073834330016,0.13427648380003898,0.9908633304394755,-0.0076564746436332,-0.010053093291121694
31,0.40988665653096362,-0.27967599040846075,0.014993255757710208,0.13427672005396768,0.99086508556878661,-0.0075710238457784582,-0.0099410386900164356
31,0.40988298112509575,-0.27967807907403042,0.014993432798063332,0.13427695378050664,0.99086682131450821,-0.0074855619899201753,-0.0098289604335938651
31,0.40987930499058445,-0.27968016797165868,0.014993605135665906,0.13427718497052635,0.99086853765133742,-0.0074000896347002311,-0.0097168597030957479
31,0.4098756281631511,-0.27968225708996691,0.014993772941952234,0.13427741361540577,0.99087023455539636,-0.0073146073110396765,-0.0096047376214351988
31,0.40987195067676857,-0.27968434641813344,0.014993936379975498,0.13427763970700379,0.990871912004152,-0.0072291155236127577,-0.0094925952562183169
31,0.40986827256374309,-0.279686435945865,0.014994095604805677,0.13427786323763521,0.9908735699763439,-0.0071436147521632227,-0.0093804336223253827
31,0.40986459385479845,-0.27968852566337715,0.014994250763916282,0.13427808420004156,0.99087520845191479,-0.0070581054525287752,-0.0092682536846061328
31,0.4098609145791528,-0.2796906155613601,0.014994401997573514,0.13427830258737303,0.990876827411941,-0.0069725880581101192,-0.0091560563602634329
31,0.409857234764593,-0.2796927056309646,0.014994549439171237,0.13427851839316107,0.99087842683857463,-0.0068870629806712233,-0.0090438425212552714
31,0.4098535544375434,-0.27969479586377261,0.014994693215577387,0.13427873161130072,0.99088000671498144,-0.0068015306116231021,-0.008931612996434005
31,0.4098498736231338,-0.27969688625177797,0.01499483344745337,0.1342789422360306,0.99088156702528463,-0.0067159913229604224,-0.0088193685737044236
31,0.409846192345261,-0.2796989767873711,0.014994970249539595,0.13427915026191123,0.99088310775451582,-0.006630445468051892,-0.008707110001990476
31,0.40984251062665306,-0.27970106746331042,0.014995103730981878,0.13427935568381094,0.9908846288885591,-0.0065448933828617549,-0.0085948379932388481
31,0.40983882848892156,-0.27970315827271314,0.014995233995562888,0.13427955849688628,0.990886130414109,-0.006459335386493549,-0.0084825532240855369
31,0.40983514595262149,-0.27970524920903023,0.0149953611420061,0.13427975869656816,0.99088761231862155,-0.0063737717822884505,-0.0083702563377542182
31,0.40983146303729862,-0.27970734026603777,0.014995485264184814,0.13427995627854422,0.99088907459027586,-0.00628820285832265,-0.0082579479455540949
31,0.40982777976154228,-0.279709431437813,0.014995606451392333,0.13428015123874706,0.99089051721793042,-0.006202628888423491,-0.00814562862853652
31,0.40982409614302884,-0.27971152271872562,0.014995724788539815,0.13428034357334023,0.990891940191088,-0.0061170501326819936,-0.00803329893888295
31,0.40982041219856957,-0.27971361410342177,0.014995840356385896,0.13428053327870393,0.99089334349985825,-0.0060314668381656359,-0.0079209594014245932
31,0.40981672794415291,-0.27971570558680869,0.014995953231743743,0.13428072035142416,0.99089472713492421,-0.00594587923962324,-0.0078086105149677938
31,0.40981304339498259,-0.27971779716404355,0.014996063487661013,0.13428090478828186,0.99089609108751076,-0.0058602875600345722,-0.0076962527534912908
31,0.40980935856551604,-0.27971988883052168,0.014996171193604402,0.13428108658624108,0.99089743534935426,-0.005774692011166563,-0.007583886567382808
31,0.40980567346950408,-0.27972198058186187,0.014996276415653339,0.13428126574243968,0.99089875991267273,-0.00568909279423244,-0.0074715123846758767
31,0.40980198812002461,-0.27972407241389957,0.014996379216652953,0.13428144225417862,0.99090006477013981,-0.0056034901002731717,-0.00735913061213634
31,0.40979830252951172,-0.27972616432267422,0.014996479656360317,0.13428161611891354,0.99090134991486034,-0.0055178841107014738,-0.0072467416361592374
31,0.40979461670979156,-0.27972825630441878,0.014996577791615676,0.13428178733424634,0.99090261534034374,-0.0054322749978122963,-0.0071343458239190782
31,0.40979093067210948,-0.27973034835555227,0.014996673676468399,0.13428195589791631,0.99090386104048334,-0.0053466629251496022,-0.0070219435242229846
31,0.40978724442716175,-0.2797324404726671,0.014996767362336983,0.13428212180779317,0.990905087009533,-0.005261048048070394,-0.0069095350685155462
31,0.40978355798511995,-0.27973453265252329,0.014996858898119268,0.13428228506186962,0.990906293242087,-0.00517543051404328,-0.0067971207716449652
31,0.40977987135565697,-0.27973662489204176,0.014996948330314008,0.1342824456582534,0.99090747973306237,-0.0050898104629828883,-0.0066847009326989172
31,0.40977618454797038,-0.27973871718829108,0.014997035703147043,0.13428260359516322,0.99090864647767907,-0.0050041880277956587,-0.0065722758357209862
31,0.4097724975708088,-0.2797408095384859,0.014997121058681628,0.13428275887091964,0.99090979347144281,-0.0049185633345503995,-0.0064598457505718691
31,0.40976881043249225,-0.279742901939976,0.014997204436926554,0.13428291148394159,0.99091092071012865,-0.0048329365029333429,-0.006347410933554321
31,0.40976512314093022,-0.27974499439024203,0.014997285875917107,0.13428306143273994,0.99091202818976787,-0.0047473076464582785,-0.0062349716279808337
31,0.40976143570364781,-0.27974708688688693,0.014997365411845915,0.13428320871591209,0.99091311590662912,-0.0046616768728910771,-0.0061225280650215406
31,0.40975774812780014,-0.27974917942763255,0.014997443079123589,0.13428335333213734,0.99091418385720886,-0.0045760442843977636,-0.0060100804641417694
31,0.4097540604201913,-0.2797512720103118,0.01499751891047791,0.13428349528017255,0.99091523203821574,-0.0044904099779093324,-0.00589762903370772
31,0.40975037258729285,-0.2797533646328636,0.01499759293703945,0.13428363455884726,0.99091626044655956,-0.0044047740453641753,-0.0057851739715759024
31,0.40974668463525821,-0.27975545729332651,0.014997665188413641,0.13428377116706036,0.99091726907933886,-0.004319136573981544,-0.005672715465528509
32,0.40974299656993868,-0.27975754998983821,0.014997735692748312,0.13428390510377516,0.99091825793383137,-0.0042334976463493162,-0.0055602536938160257
32,0.4097393083969007,-0.27975964272062737,0.014997804476821667,0.13428403636801522,0.99091922700748158,-0.0041478573407783895,-0.0054477888256716459
32,0.40973562012143738,-0.27976173548400707,0.014997871566105363,0.13428416495886297,0.99092017629789275,-0.0040622157315627983,-0.0053353210216840283
32,0.40973193174858236,-0.27976382827837343,0.014997936984823053,0.13428429087545543,0.99092110580281589,-0.0039765728890923781,-0.0052228504342337872
32,0.40972824328312146,-0.27976592110220388,0.014998000756002173,0.13428441411697997,0.99092201552014358,-0.0038909288799617967,-0.00511037720787891
32,0.40972455472960728,-0.27976801395404644,0.014998062901557474,0.13428453468267312,0.99092290544789907,-0.0038052837673822376,-0.0049979014797843641
32,0.40972086609236752,-0.27977010683252318,0.014998123442317912,0.13428465257181688,0.9909237755842305,-0.0037196376111193106,-0.0048854233800176066
32,0.40971717737552077,-0.27977219973632256,0.014998182398107957,0.1342847677837356,0.99092462592740171,-0.0036339904678054195,-0.0047729430320359182
32,0.40971348858298068,-0.27977429266419884,0.014998239787765428,0.13428488031779426,0.99092545647578734,-0.0035483423909794137,-0.0046604605528173769
32,0.40970979971847271,-0.27977638561496543,0.01499829562922513,0.1342849901733961,0.99092626722786437,-0.0034626934313831165,-0.0045479760533828567
32,0.4097061107855362,-0.27977847858749483,0.014998349939527653,0.1342850973499802,0.9909270581822075,-0.0033770436369747695,-0.0044354896388697027
32,0.40970242178753824,-0.27978057158071451,0.014998402734884881,0.13428520184702003,0.99092782933748158,-0.0032913930531220572,-0.0043230014089675819
32,0.40969873272768126,-0.27978266459360429,0.014998454030718309,0.13428530366402017,0.99092858069243817,-0.0032057417227293675,-0.0042105114581673627
32,0.40969504360901127,-0.27978475762519445,0.014998503841695109,0.13428540280051529,0.99092931224590808,-0.0031200896863297556,-0.00409801987601422
32,0.40969135443442373,-0.27978685067456255,0.014998552181759659,0.13428549925606864,0.99093002399679875,-0.0030344369822213834,-0.0039855267472859082
32,0.40968766520667282,-0.27978894374083246,0.014998599064174181,0.13428559303026982,0.99093071594408744,-0.002948783646540532,-0.0038730321523018332
32,0.4096839759283788,-0.27979103682316853,0.014998644501561631,0.13428568412273348,0.99093138808681847,-0.0028631297134851211,-0.0037605361671368492
32,0.40968028660203243,-0.27979312992077793,0.014998688505919134,0.1342857725330977,0.990932040424098,-0.0027774752152580694,-0.0036480388637857826
32,0.40967659723000205,-0.27979522303290655,0.014998731088654101,0.13428585826102291,0.99093267295509069,-0.002691820182235983,-0.0035355403103585837
32,0.4096729078145398,-0.27979731615883652,0.014998772260618094,0.13428594130619034,0.99093328567901628,-0.0026061646430769175,-0.0034230405713007988
32,0.40966921835778869,-0.27979940929788605,0.014998812032133898,0.13428602166830056,0.990933878595145,-0.0025205086247605413,-0.0033105397076071707
32,0.40966552886178631,-0.27980150244940638,0.014998850413018057,0.13428609934707245,0.99093445170279548,-0.0024348521526983847,-0.00319803777693796
32,0.40966183932847061,-0.2798035956127799,0.01499888741261023,0.1342861743422426,0.99093500500133069,-0.0023491952508348951,-0.0030855348338039066
32,0.40965814975968418,-0.27980568878741963,0.014998923039788944,0.13428624665356378,0.99093553849015614,-0.0022635379416645041,-0.0029730309296992137
32,0.40965446015717827,-0.27980778197276851,0.014998957302991873,0.13428631628080381,0.99093605216871594,-0.0021778802462937043,-0.0028605261132325474
32,0.40965077052261994,-0.27980987516829431,0.014998990210256592,0.13428638322374525,0.99093654603649073,-0.0020922221846292172,-0.0027480204303483987
32,0.40964708085759438,-0.27981196837349293,0.014999021769220437,0.13428644748218366,0.990937020092995,-0.0020065637752756716,-0.0026355139244056787
32,0.409643391163608,-0.27981406158788519,0.0149990519871431,0.13428650905592715,0.99093747433777557,-0.0019209050356714075,-0.0025230066362749671
32,0.40963970144209366,-0.27981615481101346,0.014999080870933764,0.13428656794479646,0.99093790877040833,-0.0018352459822053632,-0.0024104986044923742
32,0.40963601169441594,-0.27981824804244465,0.014999108427166896,0.13428662414862244,0.99093832339049648,-0.0017495866301573807,-0.0022979898654487195
32,0.40963233996685916,-0.27982033104522891,0.014999134546466097,0.13428667741170705,0.99093871631512886,-0.0016643458981839346,-0.0021860306905097248
32,0.40962882096467051,-0.27982232740460294,0.014999158435261714,0.13428672596369715,0.99093907448122287,-0.0015826508724267633,-0.0020787285692299312
32,0.40962547442788411,-0.27982422592291173,0.014999180129311212,0.13428676987115756,0.99093939837330258,-0.001504959780346605,-0.0019766854043040188
32,0.40962229190401234,-0.2798260313953212,0.014999199834034698,0.13428680957830058,0.99093969126996606,-0.0014310763787753118,-0.0018796434406105772
32,0.40961926535482246,-0.27982774838198865,0.01499921773541949,0.13428684548685563,0.99093995613623753,-0.0013608140439330574,-0.0017873575576552642
32,0.40961638713603477,-0.279829381219577,0.014999234001881539,0.13428687796013372,0.990940195653557,-0.0012939952998665054,-0.0016995946500640311
32,0.4096136499780143,-0.27983093403221354,0.01499924878593642,0.1342869073267,0.99094041224690133,-0.0012304513697593868,-0.0016161330384853302
32,0.40961104696740624,-0.2798324107418993,0.014999262225707927,0.13428693388369892,0.99094060810931284,-0.001170021749624074,-0.0015367619092311352
32,0.40960857152968055,-0.27983381507842164,0.014999274446284797,0.13428695789985629,0.99094078522407958,-0.0011125538025325158,-0.0014612807817957197
32,0.40960621741252351,-0.27983515058877151,0.014999285560975659,0.1342869796181983,0.99094094538479616,-0.0010579023730225212,-0.0013894990021610051
32,0.40960397867004361,-0.2798364206461012,0.014999295672404026,0.13428699925851015,0.99094109021350574,-0.0010059294203502195,-0.0013212352609896949
32,0.40960184964775681,-0.279837628458247,0.014999304873549986,0.13428701701955714,0.99094122117710581,-0.00095650366962875689,-0.0012563171356276279
32,0.40959982496830621,-0.27983877707582816,0.01499931324864184,0.13428703308109544,0.990941339602187,-0.00090950028026109161,-0.0011945806545048943
32,0.4095978995178754,-0.27983986939995692,0.014999320873990989,0.13428704760568969,0.99094144668845063,-0.00086480053035953481,-0.0011358698827258714
32,0.40959606843327445,-0.27984090818956053,0.014999327818748655,0.13428706074035726,0.99094154352084474,-0.00082229151698735533,-0.0010800365281702555
32,0.40959432708965821,-0.27984189606835241,0.014999334145585207,0.13428707261805534,0.990941631080539,-0.00078186587084522793,-0.0010269395669156953
32,0.40959267108884473,-0.27984283553145783,0.014999339911287402,0.1342870833590247,0.99094171025484878,-0.00074342148505886479,-0.00097644488694134147
32,0.40959109624820578,-0.279843728951718,0.014999345167334265,0.13428709307200676,0.99094178184621273,-0.00070686125716355611,-0.0009284249493306697
32,0.40958959859010147,-0.27984457858568013,0.014999349960386587,0.13428710185534218,0.99094184658030915,-0.00067209284390772788,-0.00088275846601225969
32,0.40958817433183436,-0.27984538657929897,0.014999354332749678,0.1342871097979669,0.99094190511339841,-0.00063902842790513356,-0.00083933009341710012
33,0.4095868198760988,-0.27984615497335946,0.014999358322775177,0.13428711698031,0.99094195803896146,-0.00060758449573981431,-0.00079803014122623126
33,0.40958553180188989,-0.27984688570862321,0.014999361965251522,0.1342871234751086,0.99094200589370429,-0.00057768162724147439,-0.00075875429507474648
33,0.40958430685586705,-0.27984758063074,0.014999365291720813,0.13428712934814221,0.99094204916298811,-0.00054924429457373373,-0.00072140335323898257
33,0.40958314194413364,-0.27984824149490234,0.014999368330789083,0.13428713465889919,0.9909420882857406,-0.00052220067166808672,-0.00068588297589908666
33,0.40958203412442423,-0.27984886997028124,0.01499937110841709,0.13428713946117807,0.990942123658896,-0.00049648245270342956,-0.00065210344691891834
33,0.40958098059867493,-0.27984946764424412,0.014999373648155685,0.13428714380363088,0.99094215564141275,-0.00047202467951840832,-0.00061997944728632343
33,0.40957997870595031,-0.27985003602635888,0.014999375971371465,0.13428714773025668,0.990942184557905,-0.00044876557767700817,-0.00058942983938121171
33,0.4095790259157312,-0.27985057655221091,0.014999378097458082,0.13428715128084567,0.99094221070192789,-0.00042664640032699305,-0.00056037746233509721
33,0.40957811982151654,-0.27985109058703039,0.014999380044026189,0.13428715449138193,0.99094223433894857,-0.00040561127974016355,-0.00053274893691831993
33,0.40957725813474549,-0.27985157942913513,0.014999381827055607,0.13428715739440725,0.99094225570903249,-0.00038560708636836596,-0.000506474480171951
33,0.40957643867902221,-0.27985204431321331,0.014999383461063682,0.134287160019351,0.99094227502927323,-0.00036658329455657132,-0.0004814877293370196
33,0.40957565938461293,-0.27985248641344196,0.014999384959229962,0.13428716239282679,0.9909422924959902,-0.00034849185489562714,-0.00045772557402573452
33,0.40957491828322296,-0.27985290684645142,0.014999386333528535,0.13428716453890263,0.99094230828671526,-0.00033128707291772897,-0.0004351279969724679
33,0.40957421350302231,-0.27985330667414665,0.014999387594839701,0.1342871664793438,0.99094232256199033,-0.00031492549362889354,-0.00041363792233248031
33,0.40957354326391826,-0.27985368690638779,0.014999388753055743,0.1342871682338338,0.99094233546699273,-0.00029936579181062884,-0.00039320107154173752
33,0.40957290587306133,-0.27985404850354473,0.014999389817159032,0.13428716982017261,0.99094234713300489,-0.00028456866750877033,-0.00037376582627799017
33,0.40957229972056652,-0.2798543923789179,0.014999390795325689,0.13428717125445722,0.99094235767874328,-0.00027049674692086463,-0.00035528309798224511
33,0.40957172327544988,-0.27985471940104684,0.014999391694982853,0.13428717255124487,0.99094236721156093,-0.00025711448794572974,-0.00033770620395773688
33,0.40957117508176066,-0.27985503039590359,0.01499939252289079,0.13428717372369983,0.99094237582853484,-0.00024438809043261133,-0.00032099074942647666
33,0.40957065375490403,-0.27985532614898256,0.01499939328520275,0.1342871747837267,0.990942383617448,-0.00023228541066575508,-0.000305094515414157
33,0.40957015797814328,-0.279855607407279,0.014999393987514553,0.13428717574209104,0.99094239065768031,-0.0002207758803677946,-0.00028997735207218642
33,0.40956968649927544,-0.27985587488117741,0.014999394634924914,0.13428717660852829,0.99094239702101106,-0.00020983042943320321,-0.00027560107731495955
33,0.40956923812746621,-0.279856129246248,0.014999395232070625,0.13428717739184215,0.9909424027723468,-0.00019942141243349206,-0.00026192938031385283
33,0.40956881173024473,-0.27985637114495127,0.014999395783184795,0.13428717809999433,0.99094240797037891,-0.00018952253884282384,-0.00024892772987148727
33,0.40956840623064317,-0.27985660118826089,0.014999396292112593,0.13428717874018392,0.99094241266817862,-0.00018010880663960866,-0.00023656328718022119
33,0.40956802060447267,-0.27985681995720635,0.014999396762369003,0.13428717931892162,0.99094241691373419,-0.00017115643915076968,-0.00022480482276103855
33,0.40956765387774197,-0.2798570280043412,0.014999397197154814,0.13428717984209457,0.99094242075043737,-0.00016264282499843305,-0.00021362263776691581
33,0.40956730512419537,-0.27985722585514028,0.014999397599385676,0.13428718031502668,0.99094242421752454,-0.00015454646092834552,-0.00020298848891592386
33,0.409566973462971,-0.27985741400932124,0.014999397971732234,0.13428718074253224,0.99094242735047222,-0.00014684689768074816,-0.00019287551704274641
33,0.40956665805637926,-0.2798575929421131,0.014999398316623854,0.13428718112896462,0.99094243018135908,-0.00013952468812956193,-0.00018325817940872667
33,0.40956635810778386,-0.27985776310545413,0.014999398636279807,0.13428718147826046,0.99094243273918958,-0.00013256133824136494,-0.00017411218506922931
33,0.409566072859593,-0.27985792492913331,0.014999398932724907,0.13428718179397969,0.99094243505018909,-0.00012593926037713019,-0.00016541443361628802
33,0.40956580159134437,-0.27985807882187497,0.014999399207814811,0.13428718207934126,0.99094243713807,-0.00011964172888820099,-0.00015714295679915944
33,0.40956554361788355,-0.27985822517237169,0.01499939946324386,0.13428718233725587,0.99094243902427115,-0.00011365283785489466,-0.0001492768629597269
33,0.4095652982876366,-0.27985836435026751,0.014999399700565158,0.13428718257035568,0.99094244072817683,-0.0001079574608623173,-0.00014179628438800237
33,0.40956506498096357,-0.27985849670709068,0.014999399921193443,0.1342871827810207,0.99094244226731309,-0.00010254121283247812,-0.00013468232710101553
33,0.40956484310859137,-0.27985862257713906,0.01499940012642959,0.13428718297140288,0.99094244365752515,-9.73904137549185e-05,-0.00012791702304775507
33,0.40956463211012734,-0.27985874227832819,0.014999400317452219,0.13428718314344834,0.990942444913139,-9.2492054030281559e-05,-0.00012148328479922759
33,0.40956443145264593,-0.27985885611299244,0.014999400495365212,0.13428718329891648,0.99094244604710635,-8.7833761669228134e-05,-0.00011536486246317575
33,0.40956424062933694,-0.27985896436864838,0.014999400661155711,0.13428718343939852,0.99094244707113643,-8.3403771032060221e-05,-0.00010954630243776588
33,0.40956405915823058,-0.27985906731872068,0.014999400815742298,0.134287183566333,0.99094244799581543,-7.9190893148347455e-05,-0.00010401290855757991
33,0.40956388658097631,-0.27985916522323645,0.014999400959965629,0.13428718368102072,0.99094244883071336,-7.51844873087952e-05,-9.8750704860974236e-05
33,0.40956372246169087,-0.27985925832947606,0.014999401094594376,0.13428718378463775,0.99094244958448185,-7.1374434415056849e-05,-9.37464004490955e-05
33,0.40956359697674882,-0.27985932951813058,0.014999401195874047,0.13428718386027855,0.99094245013436522,-6.8461283360253739e-05,-8.9920129510044649e-05
33,0.40956341795924806,-0.27985943107625222,0.014999401337855449,0.13428718396281156,0.99094245087916411,-6.4305366199268624e-05,-8.4461550549534621e-05
33,0.40956330447286776,-0.27985949545802224,0.014999401426342047,0.13428718402453688,0.99094245132716585,-6.1670763465696246e-05,-8.1001138187177649e-05
33,0.40956314257258059,-0.27985958730540655,0.014999401550526524,0.13428718410819629,0.99094245193384378,-5.7912224819449e-05,-7.6064495065462253e-05
33,0.4095630399374901,-0.27985964553114978,0.014999401628004911,0.13428718415855287,0.99094245229868383,-5.5529536303919443e-05,-7.293495881489852e-05
33,0.40956289351771152,-0.27985972859631203,0.014999401736859971,0.13428718422679395,0.99094245279263038,-5.2130379866433282e-05,-6.8470345332490129e-05
33,0.40956280069633655,-0.27985978125465322,0.0149994018048398,0.1342871842678634,0.99094245308960327,-4.9975518120068051e-05,-6.5640047611335625e-05
34,0.40956266827685817,-0.27985985637732796,0.014999401900444385,0.13428718432351003,0.99094245349156218,-4.6901380648063678e-05,-6.1602329439926386e-05
34,0.40956258433083581,-0.27985990400060706,0.014999401960207319,0.13428718435699419,0.99094245373316325,-4.4952561485003965e-05,-5.9042657799498175e-05
34,0.409562464572983,-0.27985997194023576,0.014999402044333095,0.13428718440235485,0.99094245406008064,-4.2172365443263536e-05,-5.5391016250563793e-05
34,0.40956238865367373,-0.27986001500989333,0.014999402096975353,0.1342871844296443,0.99094245425651628,-4.0409887564433556e-05,-5.3076094089787127e-05
34,0.40956228034677389,-0.27986007645330091,0.014999402171144944,0.13428718446660556,0.99094245452223317,-3.789552700684836e-05,-4.9773613489838424e-05
34,0.40956221168668355,-0.27986011540474209,0.014999402217593712,0.13428718448883678,0.99094245468184006,-3.630157294991805e-05,-4.7680038472089769e-05
34,0.40956212965355143,-0.27986016194282182,0.014999402272513833,0.13428718451417707,0.9909424548635386,-3.439716173018918e-05,-4.5178694281901962e-05
34,0.40956208237630903,-0.27986018876359614,0.014999402303875252,0.13428718452817728,0.99094245496380629,-3.3299613566512662e-05,-4.3737122396797685e-05
34,0.40956199199264431,-0.27986024003900239,0.014999402363252135,0.1342871845537133,0.990942455146442,-3.1201343459242426e-05,-4.09811547180927e-05
34,0.40956190689819683,-0.279860288313792,0.014999402418449331,0.13428718457627919,0.99094245530752423,-2.9225863259255541e-05,-3.8386465153821143e-05
34,0.40956186623698432,-0.2798603113812369,0.014999402444580928,0.13428718458655656,0.9909424553807743,-2.8281907175188857e-05,-3.7146628377460593e-05
34,0.4095617885017121,-0.27986035548110516,0.014999402494100476,0.13428718460529451,0.99094245551411531,-2.6477271261226583e-05,-3.4776333814147535e-05
34,0.409561715315479,-0.2798603970002666,0.014999402540194036,0.13428718462184316,0.99094245563161587,-2.4778241896115391e-05,-3.2544747958419e-05
34,0.4095616803444424,-0.27986041683962753,0.014999402562039143,0.1342871846293765,0.99094245568500972,-2.39663840371825e-05,-3.1478415275479524e-05
34,0.409561613487532,-0.27986045476810995,0.01499940260347749,0.13428718464310463,0.99094245578213325,-2.2414290838188086e-05,-2.9439822284454686e-05
34,0.40956157110425384,-0.279860478812498,0.014999402629525435,0.1342871846513489,0.9909424558403348,-2.1430356622141644e-05,-2.8147476361603385e-05
34,0.40956153039103932,-0.27986050190944378,0.014999402654381782,0.13428718465893305,0.99094245589378138,-2.0485193209789908e-05,-2.6906053793552911e-05
34,0.4095614537141678,-0.27986054540887273,0.01499940270076418,0.13428718467232459,0.99094245598789,-1.8705127998411337e-05,-2.4568031545634282e-05
34,0.40956141762657361,-0.27986056588166636,0.014999402722393296,0.13428718467822351,0.9909424560292206,-1.7867348984931662e-05,-2.3467652786285321e-05
34,0.40956138296097006,-0.27986058554775289,0.014999402743048581,0.13428718468364662,0.99094245606713816,-1.7062581681843182e-05,-2.2410633176945232e-05
34,0.4095613496613239,-0.27986060443892075,0.014999402762778885,0.13428718468863118,0.99094245610191478,-1.62895252580459e-05,-2.1395264162543566e-05
34,0.40956130987585104,-0.279860627009551,0.014999402786211282,0.13428718469429746,0.99094245614134946,-1.5365899387200124e-05,-2.0182130020108914e-05
34,0.40956127204025505,-0.27986064847400066,0.014999402808348338,0.13428718469939396,0.99094245617671461,-1.4487540156393552e-05,-1.9028451266024204e-05
34,0.40956123605897216,-0.27986066888648231,0.014999402829267681,0.13428718470397624,0.99094245620841415,-1.3652229089952338e-05,-1.7931313979857188e-05
34,0.40956120184112477,-0.279860688298553,0.014999402849042229,0.13428718470809459,0.99094245623681243,-1.2857856403671509e-05,-1.6887947139312522e-05
34,0.40956116298605472,-0.27986071034135934,0.014999402871353859,0.13428718471248782,0.99094245626699362,-1.1955829813160473e-05,-1.5703182570574295e-05
34,0.40956112640477,-0.27986073109422921,0.014999402892217326,0.13428718471634793,0.99094245629340094,-1.1106589442217497e-05,-1.4587749967308756e-05
34,0.40956109196420931,-0.27986075063264659,0.014999402911731487,0.13428718471973747,0.99094245631648326,-1.0307046343272766e-05,-1.3537592029691746e-05
34,0.40956109196420931,-0.27986075063264659,0.014999402911731487,0.13428718471973747,0.99094245631648326,-1.0307046343272766e-05,-1.3537592029691746e-05
34,0.40956105432247447,-0.27986077198711734,0.014999402932922993,0.13428718472316967,0.99094245633973743,-9.43318740735753e-06,-1.2389824161706684e-05
34,0.40956101923790944,-0.27986079189088392,0.014999402952541414,0.134287184726112,0.9909424563595558,-8.6186935414960813e-06,-1.1320029174296964e-05
34,0.40956101923790944,-0.27986079189088392,0.014999402952541414,0.134287184726112,0.9909424563595558,-8.6186935414960813e-06,-1.1320029174296964e-05
34,0.40956098205019187,-0.27986081298778703,0.0149994029731984,0.13428718472895973,0.990942456378607,-7.75537456696934e-06,-1.0186104986927287e-05
34,0.40956098205019187,-0.27986081298778703,0.0149994029731984,0.13428718472895973,0.990942456378607,-7.75537456696934e-06,-1.0186104986927287e-05
34,0.40956094773541335,-0.27986083245484838,0.014999402992131561,0.13428718473133894,0.990942456394402,-6.9587512603672726e-06,-9.13978208065884e-06
34,0.40956091228967295,-0.27986085256351417,0.014999403011550649,0.13428718473354487,0.9909424564089192,-6.1358723971318209e-06,-8.0589738813159126e-06
34,0.40956091228967295,-0.27986085256351417,0.014999403011550649,0.13428718473354487,0.9909424564089192,-6.1358723971318209e-06,-8.0589738813159126e-06
34,0.40956087648903772,-0.27986087287351558,0.014999403031023076,0.13428718473551163,0.990942456421727,-5.3047544677294382e-06,-6.9673441274224813e-06
34,0.40956087648903772,-0.27986087287351558,0.014999403031023076,0.13428718473551163,0.990942456421727,-5.3047544677294382e-06,-6.9673441274224813e-06
34,0.40956087648903772,-0.27986087287351558,0.014999403031023076,0.13428718473551163,0.990942456421727,-5.3047544677294382e-06,-6.9673441274224813e-06
34,0.40956084104922091,-0.27986089297882211,0.014999403050161579,0.13428718473719795,0.99094245643257006,-4.4820128648952923e-06,-5.8867162480430779e-06
34,0.40956084104922091,-0.27986089297882211,0.014999403050161579,0.13428718473719795,0.99094245643257006,-4.4820128648952923e-06,-5.8867162480430779e-06
34,0.40956080660416072,-0.27986091251979434,0.014999403068621459,0.13428718473858564,0.99094245644135881,-3.6823645846553366e-06,-4.8364202021457754e-06
34,0.40956080660416072,-0.27986091251979434,0.014999403068621459,0.13428718473858564,0.99094245644135881,-3.6823645846553366e-06,-4.8364202021457754e-06
34,0.40956080660416072,-0.27986091251979434,0.014999403068621459,0.13428718473858564,0.99094245644135881,-3.6823645846553366e-06,-4.8364202021457754e-06
34,0.40956077369060429,-0.27986093119193134,0.014999403086133357,0.13428718473967666,0.99094245644814583,-2.9182702894159772e-06,-3.8328224090630195e-06
34,0.40956077369060429,-0.27986093119193134,0.014999403086133357,0.13428718473967666,0.99094245644814583,-2.9182702894159772e-06,-3.8328224090630195e-06
34,0.40956077369060429,-0.27986093119193134,0.014999403086133357,0.13428718473967666,0.99094245644814583,-2.9182702894159772e-06,-3.8328224090630195e-06
34,0.40956077369060429,-0.27986093119193134,0.014999403086133357,0.13428718473967666,0.99094245644814583,-2.9182702894159772e-06,-3.8328224090630195e-06
34,0.40956074044463714,-0.27986095005321604,0.014999449856915318,0.13428718473963266,0.99094245645352663,-2.1464394231741193e-06,-2.8190900880928791e-06
35,0.40956074044463714,-0.27986095005321604,0.014999449856915318,0.13428718473963266,0.99094245645352663,-2.1464394231741193e-06,-2.8190900880928791e-06
35,0.40956074044463714,-0.27986095005321604,0.014999449856915318,0.13428718473963266,0.99094245645352663,-2.1464394231741193e-06,-2.8190900880928791e-06
35,0.40956074044463714,-0.27986095005321604,0.014999449856915318,0.13428718473963266,0.99094245645352663,-2.1464394231741193e-06,-2.8190900880928791e-06
35,0.40956074044463714,-0.27986095005321604,0.014999449856915318,0.13428718473963266,0.99094245645352663,-2.1464394231741193e-06,-2.8190900880928791e-06
35,0.40956074044463714,-0.27986095005321604,0.014999449856915318,0.13428718473963266,0.99094245645352663,-2.1464394231741193e-06,-2.8190900880928791e-06
35,0.40956074044463714,-0.27986095005321604,0.014999449856915318,0.13428718473963266,0.99094245645352663,-2.1464394231741193e-06,-2.8190900880928791e-06
35,0.40956074044463714,-0.27986095005321604,0.014999449856915318,0.13428718473963266,0.99094245645352663,-2.1464394231741193e-06,-2.8190900880928791e-06
35,0.40956074044463714,-0.27986095005321604,0.014999449856915318,0.13428718473963266,0.99094245645352663,-2.1464394231741193e-06,-2.8190900880928791e-06
35,0.40956070740270278,-0.27986096879927486,0.014999539553960228,0.13428718473892562,0.99094245645734091,-1.3793269953430823e-06,-1.811580137516545e-06
35,0.40956070740270278,-0.27986096879927486,0.014999539553960228,0.13428718473892562,0.99094245645734091,-1.3793269953430823e-06,-1.811580137516545e-06
35,0.40956070740270278,-0.27986096879927486,0.014999539553960228,0.13428718473892562,0.99094245645734091,-1.3793269953430823e-06,-1.811580137516545e-06
35,0.40956070740270278,-0.27986096879927486,0.014999539553960228,0.13428718473892562,0.99094245645734091,-1.3793269953430823e-06,-1.811580137516545e-06
35,0.40956070740270278,-0.27986096879927486,0.014999539553960228,0.13428718473892562,0.99094245645734091,-1.3793269953430823e-06,-1.811580137516545e-06
35,0.40956070740270278,-0.27986096879927486,0.014999539553960228,0.13428718473892562,0.99094245645734091,-1.3793269953430823e-06,-1.811580137516545e-06
35,0.40956070740270278,-0.27986096879927486,0.014999539553960228,0.13428718473892562,0.99094245645734091,-1.3793269953430823e-06,-1.811580137516545e-06
35,0.40956070740270278,-0.27986096879927486,0.014999539553960228,0.13428718473892562,0.99094245645734091,-1.3793269953430823e-06,-1.811580137516545e-06
35,0.40956070740270278,-0.27986096879927486,0.014999539553960228,0.13428718473892562,0.99094245645734091,-1.3793269953430823e-06,-1.811580137516545e-06
35,0.40956070740270278,-0.27986096879927486,0.014999539553960228,0.13428718473892562,0.99094245645734091,-1.3793269953430823e-06,-1.811580137516545e-06
35,0.40956070740270278,-0.27986096879927486,0.014999539553960228,0.13428718473892562,0.99094245645734091,-1.3793269953430823e-06,-1.811580137516545e-06
35,0.40956070740270278,-0.27986096879927486,0.014999539553960228,0.13428718473892562,0.99094245645734091,-1.3793269953430823e-06,-1.811580137516545e-06
35,0.40956070740270278,-0.27986096879927486,0.014999539553960228,0.13428718473892562,0.99094245645734091,-1.3793269953430823e-06,-1.811580137516545e-06
35,0.40956070740270278,-0.27986096879927486,0.014999539553960228,0.13428718473892562,0.99094245645734091,-1.3793269953430823e-06,-1.811580137516545e-06
35,0.40956070740270278,-0.27986096879927486,0.014999539553960228,0.13428718473892562,0.99094245645734091,-1.3793269953430823e-06,-1.811580137516545e-06
35,0.40956070740270278,-0.27986096879927486,0.014999539553960228,0.13428718473892562,0.99094245645734091,-1.3793269953430823e-06,-1.811580137516545e-06
35,0.40956067457899092,-0.27986098742152643,0.01499962865844723,0.13428718473852741,0.99094245645948709,-6.17280918881219e-07,-8.1072419983460394e-07
35,0.40956067457899092,-0.27986098742152643,0.01499962865844723,0.13428718473852741,0.99094245645948709,-6.17280918881219e-07,-8.1072419983460394e-07
35,0.40956067457899092,-0.27986098742152643,0.01499962865844723,0.13428718473852741,0.99094245645948709,-6.17280918881219e-07,-8.1072419983460394e-07
35,0.40956067457899092,-0.27986098742152643,0.01499962865844723,0.13428718473852741,0.99094245645948709,-6.17280918881219e-07,-8.1072419983460394e-07
35,0.40956067457899092,-0.27986098742152643,0.01499962865844723,0.13428718473852741,0.99094245645948709,-6.17280918881219e-07,-8.1072419983460394e-07
35,0.40956067457899092,-0.27986098742152643,0.01499962865844723,0.13428718473852741,0.99094245645948709,-6.17280918881219e-07,-8.1072419983460394e-07
35,0.40956067457899092,-0.27986098742152643,0.01499962865844723,0.13428718473852741,0.99094245645948709,-6.17280918881219e-07,-8.1072419983460394e-07
35,0.40956067457899092,-0.27986098742152643,0.01499962865844723,0.13428718473852741,0.99094245645948709,-6.17280918881219e-07,-8.1072419983460394e-07
35,0.40956067457899092,-0.27986098742152643,0.01499962865844723,0.13428718473852741,0.99094245645948709,-6.17280918881219e-07,-8.1072419983460394e-07
35,0.40956067457899092,-0.27986098742152643,0.01499962865844723,0.13428718473852741,0.99094245645948709,-6.17280918881219e-07,-8.1072419983460394e-07
35,0.40956067457899092,-0.27986098742152643,0.01499962865844723,0.13428718473852741,0.99094245645948709,-6.17280918881219e-07,-8.1072419983460394e-07
35,0.40956067457899092,-0.27986098742152643,0.01499962865844723,0.13428718473852741,0.99094245645948709,-6.17280918881219e-07,-8.1072419983460394e-07
35,0.40956067457899092,-0.27986098742152643,0.01499962865844723,0.13428718473852741,0.99094245645948709,-6.17280918881219e-07,-8.1072419983460394e-07
35,0.40956067457899092,-0.27986098742152643,0.01499962865844723,0.13428718473852741,0.99094245645948709,-6.17280918881219e-07,-8.1072419983460394e-07
35,0.40956067457899092,-0.27986098742152643,0.01499962865844723,0.13428718473852741,0.99094245645948709,-6.17280918881219e-07,-8.1072419983460394e-07
35,0.40956067457899092,-0.27986098742152643,0.01499962865844723,0.13428718473852741,0.99094245645948709,-6.17280918881219e-07,-8.1072419983460394e-07
35,0.40956067457899092,-0.27986098742152643,0.01499962865844723,0.13428718473852741,0.99094245645948709,-6.17280918881219e-07,-8.1072419983460394e-07
35,0.40956067457899092,-0.27986098742152643,0.01499962865844723,0.13428718473852741,0.99094245645948709,-6.17280918881219e-07,-8.1072419983460394e-07
35,0.40956067457899092,-0.27986098742152643,0.01499962865844723,0.13428718473852741,0.99094245645948709,-6.17280918881219e-07,-8.1072419983460394e-07
35,0.40956067457899092,-0.27986098742152643,0.01499962865844723,0.13428718473852741,0.99094245645948709,-6.17280918881219e-07,-8.1072419983460394e-07
35,0.40956067457899092,-0.27986098742152643,0.01499962865844723,0.13428718473852741,0.99094245645948709,-6.17280918881219e-07,-8.1072419983460394e-07
35,0.40956067457899092,-0.27986098742152643,0.01499962865844723,0.13428718473852741,0.99094245645948709,-6.17280918881219e-07,-8.1072419983460394e-07
35,0.40956067457899092,-0.27986098742152643,0.01499962865844723,0.13428718473852741,0.99094245645948709,-6.17280918881219e-07,-8.1072419983460394e-07
35,0.40956067457899092,-0.27986098742152643,0.01499962865844723,0.13428718473852741,0.99094245645948709,-6.17280918881219e-07,-8.1072419983460394e-07
35,0.40956067457899092,-0.27986098742152643,0.01499962865844723,0.13428718473852741,0.99094245645948709,-6.17280918881219e-07,-8.1072419983460394e-07
35,0.40956067457899092,-0.27986098742152643,0.01499962865844723,0.13428718473852741,0.99094245645948709,-6.17280918881219e-07,-8.1072419983460394e-07
35,0.40956067457899092,-0.27986098742152643,0.01499962865844723,0.13428718473852741,0.99094245645948709,-6.17280918881219e-07,-8.1072419983460394e-07
36,0.40956067457899092,-0.27986098742152643,0.01499962865844723,0.13428718473852741,0.99094245645948709,-6.17280918881219e-07,-8.1072419983460394e-07
36,0.40956067457899092,-0.27986098742152643,0.01499962865844723,0.13428718473852741,0.99094245645948709,-6.17280918881219e-07,-8.1072419983460394e-07
36,0.40956067457899092,-0.27986098742152643,0.01499962865844723,0.13428718473852741,0.99094245645948709,-6.17280918881219e-07,-8.1072419983460394e-07
36,0.40956067457899092,-0.27986098742152643,0.01499962865844723,0.13428718473852741,0.99094245645948709,-6.17280918881219e-07,-8.1072419983460394e-07
36,0.40956067457899092,-0.27986098742152643,0.01499962865844723,0.13428718473852741,0.99094245645948709,-6.17280918881219e-07,-8.1072419983460394e-07
36,0.40956067457899092,-0.27986098742152643,0.01499962865844723,0.13428718473852741,0.99094245645948709,-6.17280918881219e-07,-8.1072419983460394e-07
36,0.40956067457899092,-0.27986098742152643,0.01499962865844723,0.13428718473852741,0.99094245645948709,-6.17280918881219e-07,-8.1072419983460394e-07
36,0.40956067457899092,-0.27986098742152643,0.01499962865844723,0.13428718473852741,0.99094245645948709,-6.17280918881219e-07,-8.1072419983460394e-07
36,0.40956067457899092,-0.27986098742152643,0.01499962865844723,0.13428718473852741,0.99094245645948709,-6.17280918881219e-07,-8.1072419983460394e-07
36,0.40956067457899092,-0.27986098742152643,0.01499962865844723,0.13428718473852741,0.99094245645948709,-6.17280918881219e-07,-8.1072419983460394e-07
36,0.40956067457899092,-0.27986098742152643,0.01499962865844723,0.13428718473852741,0.99094245645948709,-6.17280918881219e-07,-8.1072419983460394e-07
36,0.40956067457899092,-0.27986098742152643,0.01499962865844723,0.13428718473852741,0.99094245645948709,-6.17280918881219e-07,-8.1072419983460394e-07
36,0.40956067457899092,-0.27986098742152643,0.01499962865844723,0.13428718473852741,0.99094245645948709,-6.17280918881219e-07,-8.1072419983460394e-07
36,0.40956067457899092,-0.27986098742152643,0.01499962865844723,0.13428718473852741,0.99094245645948709,-6.17280918881219e-07,-8.1072419983460394e-07
36,0.40956067457899092,-0.27986098742152643,0.01499962865844723,0.13428718473852741,0.99094245645948709,-6.17280918881219e-07,-8.1072419983460394e-07
36,0.40956067457899092,-0.27986098742152643,0.01499962865844723,0.13428718473852741,0.99094245645948709,-6.17280918881219e-07,-8.1072419983460394e-07
36,0.40956067457899092,-0.27986098742152643,0.01499962865844723,0.13428718473852741,0.99094245645948709,-6.17280918881219e-07,-8.1072419983460394e-07
36,0.40956067457899092,-0.27986098742152643,0.01499962865844723,0.13428718473852741,0.99094245645948709,-6.17280918881219e-07,-8.1072419983460394e-07
36,0.40956067457899092,-0.27986098742152643,0.01499962865844723,0.13428718473852741,0.99094245645948709,-6.17280918881219e-07,-8.1072419983460394e-07
36,0.40956067457899092,-0.27986098742152643,0.01499962865844723,0.13428718473852741,0.99094245645948709,-6.17280918881219e-07,-8.1072419983460394e-07
36,0.40956067457899092,-0.27986098742152643,0.01499962865844723,0.13428718473852741,0.99094245645948709,-6.17280918881219e-07,-8.1072419983460394e-07
36,0.40956067457899092,-0.27986098742152643,0.01499962865844723,0.13428718473852741,0.99094245645948709,-6.17280918881219e-07,-8.1072419983460394e-07
36,0.40956067457899092,-0.27986098742152643,0.01499962865844723,0.13428718473852741,0.99094245645948709,-6.17280918881219e-07,-8.1072419983460394e-07
36,0.40956067457899092,-0.27986098742152643,0.01499962865844723,0.13428718473852741,0.99094245645948709,-6.17280918881219e-07,-8.1072419983460394e-07
36,0.40956067457899092,-0.27986098742152643,0.01499962865844723,0.13428718473852741,0.99094245645948709,-6.17280918881219e-07,-8.1072419983460394e-07
36,0.40956067457899092,-0.27986098742152643,0.01499962865844723,0.13428718473852741,0.99094245645948709,-6.17280918881219e-07,-8.1072419983460394e-07
36,0.40956067457899092,-0.27986098742152643,0.01499962865844723,0.13428718473852741,0.99094245645948709,-6.17280918881219e-07,-8.1072419983460394e-07
36,0.40956067457899092,-0.27986098742152643,0.01499962865844723,0.13428718473852741,0.99094245645948709,-6.17280918881219e-07,-8.1072419983460394e-07
36,0.40956067457899092,-0.27986098742152643,0.01499962865844723,0.13428718473852741,0.99094245645948709,-6.17280918881219e-07,-8.1072419983460394e-07
36,0.40956067457899092,-0.27986098742152643,0.01499962865844723,0.13428718473852741,0.99094245645948709,-6.17280918881219e-07,-8.1072419983460394e-07
36,0.40956067457899092,-0.27986098742152643,0.01499962865844723,0.13428718473852741,0.99094245645948709,-6.17280918881219e-07,-8.1072419983460394e-07
36,0.40956067457899092,-0.27986098742152643,0.01499962865844723,0.13428718473852741,0.99094245645948709,-6.17280918881219e-07,-8.1072419983460394e-07
36,0.40956067457899092,-0.27986098742152643,0.01499962865844723,0.13428718473852741,0.99094245645948709,-6.17280918881219e-07,-8.1072419983460394e-07
36,0.40956067457899092,-0.27986098742152643,0.01499962865844723,0.13428718473852741,0.99094245645948709,-6.17280918881219e-07,-8.1072419983460394e-07
36,0.40956067457899092,-0.27986098742152643,0.01499962865844723,0.13428718473852741,0.99094245645948709,-6.17280918881219e-07,-8.1072419983460394e-07
36,0.40956067457899092,-0.27986098742152643,0.01499962865844723,0.13428718473852741,0.99094245645948709,-6.17280918881219e-07,-8.1072419983460394e-07
36,0.40956067457899092,-0.27986098742152643,0.01499962865844723,0.13428718473852741,0.99094245645948709,-6.17280918881219e-07,-8.1072419983460394e-07
36,0.40956067457899092,-0.27986098742152643,0.01499962865844723,0.13428718473852741,0.99094245645948709,-6.17280918881219e-07,-8.1072419983460394e-07
36,0.40956067457899092,-0.27986098742152643,0.01499962865844723,0.13428718473852741,0.99094245645948709,-6.17280918881219e-07,-8.1072419983460394e-07
36,0.40956067457899092,-0.27986098742152643,0.01499962865844723,0.13428718473852741,0.99094245645948709,-6.17280918881219e-07,-8.1072419983460394e-07
36,0.40956067457899092,-0.27986098742152643,0.01499962865844723,0.13428718473852741,0.99094245645948709,-6.17280918881219e-07,-8.1072419983460394e-07
36,0.40956067457899092,-0.27986098742152643,0.01499962865844723,0.13428718473852741,0.99094245645948709,-6.17280918881219e-07,-8.1072419983460394e-07
36,0.40956067457899092,-0.27986098742152643,0.01499962865844723,0.13428718473852741,0.99094245645948709,-6.17280918881219e-07,-8.1072419983460394e-07
36,0.40956067457899092,-0.27986098742152643,0.01499962865844723,0.13428718473852741,0.99094245645948709,-6.17280918881219e-07,-8.1072419983460394e-07
36,0.40956067457899092,-0.27986098742152643,0.01499962865844723,0.13428718473852741,0.99094245645948709,-6.17280918881219e-07,-8.1072419983460394e-07
36,0.40956067457899092,-0.27986098742152643,0.01499962865844723,0.13428718473852741,0.99094245645948709,-6.17280918881219e-07,-8.1072419983460394e-07
36,0.40956067457899092,-0.27986098742152643,0.01499962865844723,0.13428718473852741,0.99094245645948709,-6.17280918881219e-07,-8.1072419983460394e-07
36,0.40956067457899092,-0.27986098742152643,0.01499962865844723,0.13428718473852741,0.99094245645948709,-6.17280918881219e-07,-8.1072419983460394e-07
36,0.40956067457899092,-0.27986098742152643,0.01499962865844723,0.13428718473852741,0.99094245645948709,-6.17280918881219e-07,-8.1072419983460394e-07
36,0.40956067457899092,-0.27986098742152643,0.01499962865844723,0.13428718473852741,0.99094245645948709,-6.17280918881219e-07,-8.1072419983460394e-07
37,0.40956067457899092,-0.27986098742152643,0.01499962865844723,0.13428718473852741,0.99094245645948709,-6.17280918881219e-07,-8.1072419983460394e-07
37,0.40956067457899092,-0.27986098742152643,0.01499962865844723,0.13428718473852741,0.99094245645948709,-6.17280918881219e-07,-8.1072419983460394e-07
37,0.40956067457899092,-0.27986098742152643,0.01499962865844723,0.13428718473852741,0.99094245645948709,-6.17280918881219e-07,-8.1072419983460394e-07
37,0.40956067457899092,-0.27986098742152643,0.01499962865844723,0.13428718473852741,0.99094245645948709,-6.17280918881219e-07,-8.1072419983460394e-07
37,0.40956067457899092,-0.27986098742152643,0.01499962865844723,0.13428718473852741,0.99094245645948709,-6.17280918881219e-07,-8.1072419983460394e-07
37,0.40956067457899092,-0.27986098742152643,0.01499962865844723,0.13428718473852741,0.99094245645948709,-6.17280918881219e-07,-8.1072419983460394e-07
37,0.40956067457899092,-0.27986098742152643,0.01499962865844723,0.13428718473852741,0.99094245645948709,-6.17280918881219e-07,-8.1072419983460394e-07
37,0.40956067457899092,-0.27986098742152643,0.01499962865844723,0.13428718473852741,0.99094245645948709,-6.17280918881219e-07,-8.1072419983460394e-07
37,0.40956067457899092,-0.27986098742152643,0.01499962865844723,0.13428718473852741,0.99094245645948709,-6.17280918881219e-07,-8.1072419983460394e-07
37,0.40956067457899092,-0.27986098742152643,0.01499962865844723,0.13428718473852741,0.99094245645948709,-6.17280918881219e-07,-8.1072419983460394e-07
37,0.40956067457899092,-0.27986098742152643,0.01499962865844723,0.13428718473852741,0.99094245645948709,-6.17280918881219e-07,-8.1072419983460394e-07
37,0.40956067457899092,-0.27986098742152643,0.01499962865844723,0.13428718473852741,0.99094245645948709,-6.17280918881219e-07,-8.1072419983460394e-07
37,0.40956067457899092,-0.27986098742152643,0.01499962865844723,0.13428718473852741,0.99094245645948709,-6.17280918881219e-07,-8.1072419983460394e-07
37,0.40956067457899092,-0.27986098742152643,0.01499962865844723,0.13428718473852741,0.99094245645948709,-6.17280918881219e-07,-8.1072419983460394e-07
37,0.40956067457899092,-0.27986098742152643,0.01499962865844723,0.13428718473852741,0.99094245645948709,-6.17280918881219e-07,-8.1072419983460394e-07
37,0.40956067457899092,-0.27986098742152643,0.01499962865844723,0.13428718473852741,0.99094245645948709,-6.17280918881219e-07,-8.1072419983460394e-07
37,0.40956067457899092,-0.27986098742152643,0.01499962865844723,0.13428718473852741,0.99094245645948709,-6.17280918881219e-07,-8.1072419983460394e-07
37,0.40956067457899092,-0.27986098742152643,0.01499962865844723,0.13428718473852741,0.99094245645948709,-6.17280918881219e-07,-8.1072419983460394e-07
37,0.40956067457899092,-0.27986098742152643,0.01499962865844723,0.13428718473852741,0.99094245645948709,-6.17280918881219e-07,-8.1072419983460394e-07
37,0.40956067457899092,-0.27986098742152643,0.01499962865844723,0.13428718473852741,0.99094245645948709,-6.17280918881219e-07,-8.1072419983460394e-07
37,0.40956067457899092,-0.27986098742152643,0.01499962865844723,0.13428718473852741,0.99094245645948709,-6.17280918881219e-07,-8.1072419983460394e-07
37,0.40956067457899092,-0.27986098742152643,0.01499962865844723,0.13428718473852741,0.99094245645948709,-6.17280918881219e-07,-8.1072419983460394e-07
37,0.40956067457899092,-0.27986098742152643,0.01499962865844723,0.13428718473852741,0.99094245645948709,-6.17280918881219e-07,-8.1072419983460394e-07
37,0.40956067457899092,-0.27986098742152643,0.01499962865844723,0.13428718473852741,0.99094245645948709,-6.17280918881219e-07,-8.1072419983460394e-07
37,0.40956067457899092,-0.27986098742152643,0.01499962865844723,0.13428718473852741,0.99094245645948709,-6.17280918881219e-07,-8.1072419983460394e-07
37,0.40956067457899092,-0.27986098742152643,0.01499962865844723,0.13428718473852741,0.99094245645948709,-6.17280918881219e-07,-8.1072419983460394e-07
37,0.40956067457899092,-0.27986098742152643,0.01499962865844723,0.13428718473852741,0.99094245645948709,-6.17280918881219e-07,-8.1072419983460394e-07
37,0.40956067457899092,-0.27986098742152643,0.01499962865844723,0.13428718473852741,0.99094245645948709,-6.17280918881219e-07,-8.1072419983460394e-07
37,0.40956067457899092,-0.27986098742152643,0.01499962865844723,0.13428718473852741,0.99094245645948709,-6.17280918881219e-07,-8.1072419983460394e-07
37,0.40956067457899092,-0.27986098742152643,0.01499962865844723,0.13428718473852741,0.99094245645948709,-6.17280918881219e-07,-8.1072419983460394e-07
37,0.40956067457899092,-0.27986098742152643,0.01499962865844723,0.13428718473852741,0.99094245645948709,-6.17280918881219e-07,-8.1072419983460394e-07
37,0.40956067457899092,-0.27986098742152643,0.01499962865844723,0.13428718473852741,0.99094245645948709,-6.17280918881219e-07,-8.1072419983460394e-07
37,0.40956067457899092,-0.27986098742152643,0.01499962865844723,0.13428718473852741,0.99094245645948709,-6.17280918881219e-07,-8.1072419983460394e-07
37,0.40956067457899092,-0.27986098742152643,0.01499962865844723,0.13428718473852741,0.99094245645948709,-6.17280918881219e-07,-8.1072419983460394e-07
37,0.40956067457899092,-0.27986098742152643,0.01499962865844723,0.13428718473852741,0.99094245645948709,-6.17280918881219e-07,-8.1072419983460394e-07
37,0.40956067457899092,-0.27986098742152643,0.01499962865844723,0.13428718473852741,0.99094245645948709,-6.17280918881219e-07,-8.1072419983460394e-07
37,0.40956067457899092,-0.27986098742152643,0.01499962865844723,0.13428718473852741,0.99094245645948709,-6.17280918881219e-07,-8.1072419983460394e-07
37,0.40956067457899092,-0.27986098742152643,0.01499962865844723,0.13428718473852741,0.99094245645948709,-6.17280918881219e-07,-8.1072419983460394e-07
37,0.40956067457899092,-0.27986098742152643,0.01499962865844723,0.13428718473852741,0.99094245645948709,-6.17280918881219e-07,-8.1072419983460394e-07
37,0.40956067457899092,-0.27986098742152643,0.01499962865844723,0.13428718473852741,0.99094245645948709,-6.17280918881219e-07,-8.1072419983460394e-07
37,0.40956067457899092,-0.27986098742152643,0.01499962865844723,0.13428718473852741,0.99094245645948709,-6.17280918881219e-07,-8.1072419983460394e-07
37,0.40956067457899092,-0.27986098742152643,0.01499962865844723,0.13428718473852741,0.99094245645948709,-6.17280918881219e-07,-8.1072419983460394e-07
37,0.40956067457899092,-0.27986098742152643,0.01499962865844723,0.13428718473852741,0.99094245645948709,-6.17280918881219e-07,-8.1072419983460394e-07
37,0.40956067457899092,-0.27986098742152643,0.01499962865844723,0.13428718473852741,0.99094245645948709,-6.17280918881219e-07,-8.1072419983460394e-07
37,0.40956067457899092,-0.27986098742152643,0.01499962865844723,0.13428718473852741,0.99094245645948709,-6.17280918881219e-07,-8.1072419983460394e-07
37,0.40956067457899092,-0.27986098742152643,0.01499962865844723,0.13428718473852741,0.99094245645948709,-6.17280918881219e-07,-8.1072419983460394e-07
37,0.40956067457899092,-0.27986098742152643,0.01499962865844723,0.13428718473852741,0.99094245645948709,-6.17280918881219e-07,-8.1072419983460394e-07
37,0.40956067457899092,-0.27986098742152643,0.01499962865844723,0.13428718473852741,0.99094245645948709,-6.17280918881219e-07,-8.1072419983460394e-07
37,0.40956067457899092,-0.27986098742152643,0.01499962865844723,0.13428718473852741,0.99094245645948709,-6.17280918881219e-07,-8.1072419983460394e-07
37,0.40956067457899092,-0.27986098742152643,0.01499962865844723,0.13428718473852741,0.99094245645948709,-6.17280918881219e-07,-8.1072419983460394e-07
38,0.40956067457899092,-0.27986098742152643,0.01499962865844723,0.13428718473852741,0.99094245645948709,-6.17280918881219e-07,-8.1072419983460394e-07
38,0.40956067457899092,-0.27986098742152643,0.01499962865844723,0.13428718473852741,0.99094245645948709,-6.17280918881219e-07,-8.1072419983460394e-07
38,0.40956067457899092,-0.27986098742152643,0.01499962865844723,0.13428718473852741,0.99094245645948709,-6.17280918881219e-07,-8.1072419983460394e-07
38,0.40956067457899092,-0.27986098742152643,0.01499962865844723,0.13428718473852741,0.99094245645948709,-6.17280918881219e-07,-8.1072419983460394e-07
38,0.40956067457899092,-0.27986098742152643,0.01499962865844723,0.13428718473852741,0.99094245645948709,-6.17280918881219e-07,-8.1072419983460394e-07
38,0.40956067457899092,-0.27986098742152643,0.01499962865844723,0.13428718473852741,0.99094245645948709,-6.17280918881219e-07,-8.1072419983460394e-07
38,0.40956067457899092,-0.27986098742152643,0.01499962865844723,0.13428718473852741,0.99094245645948709,-6.17280918881219e-07,-8.1072419983460394e-07
38,0.40956067457899092,-0.27986098742152643,0.01499962865844723,0.13428718473852741,0.99094245645948709,-6.17280918881219e-07,-8.1072419983460394e-07
38,0.40956067457899092,-0.27986098742152643,0.01499962865844723,0.13428718473852741,0.99094245645948709,-6.17280918881219e-07,-8.1072419983460394e-07
38,0.40956067457899092,-0.27986098742152643,0.01499962865844723,0.13428718473852741,0.99094245645948709,-6.17280918881219e-07,-8.1072419983460394e-07
38,0.40956067457899092,-0.27986098742152643,0.01499962865844723,0.13428718473852741,0.99094245645948709,-6.17280918881219e-07,-8.1072419983460394e-07
38,0.40956067457899092,-0.27986098742152643,0.01499962865844723,0.13428718473852741,0.99094245645948709,-6.17280918881219e-07,-8.1072419983460394e-07
38,0.40956067457899092,-0.27986098742152643,0.01499962865844723,0.13428718473852741,0.99094245645948709,-6.17280918881219e-07,-8.1072419983460394e-07
38,0.40956067457899092,-0.27986098742152643,0.01499962865844723,0.13428718473852741,0.99094245645948709,-6.17280918881219e-07,-8.1072419983460394e-07
38,0.40956067457899092,-0.27986098742152643,0.01499962865844723,0.13428718473852741,0.99094245645948709,-6.17280918881219e-07,-8.1072419983460394e-07
38,0.40956067457899092,-0.27986098742152643,0.01499962865844723,0.13428718473852741,0.99094245645948709,-6.17280918881219e-07,-8.1072419983460394e-07
38,0.40956067457899092,-0.27986098742152643,0.01499962865844723,0.13428718473852741,0.99094245645948709,-6.17280918881219e-07,-8.1072419983460394e-07
38,0.40956067457899092,-0.27986098742152643,0.01499962865844723,0.13428718473852741,0.99094245645948709,-6.17280918881219e-07,-8.1072419983460394e-07
38,0.40956067457899092,-0.27986098742152643,0.01499962865844723,0.13428718473852741,0.99094245645948709,-6.17280918881219e-07,-8.1072419983460394e-07
38,0.40956067457899092,-0.27986098742152643,0.01499962865844723,0.13428718473852741,0.99094245645948709,-6.17280918881219e-07,-8.1072419983460394e-07
38,0.40956067457899092,-0.27986098742152643,0.01499962865844723,0.13428718473852741,0.99094245645948709,-6.17280918881219e-07,-8.1072419983460394e-07
38,0.40956067457899092,-0.27986098742152643,0.01499962865844723,0.13428718473852741,0.99094245645948709,-6.17280918881219e-07,-8.1072419983460394e-07
38,0.40956067457899092,-0.27986098742152643,0.01499962865844723,0.13428718473852741,0.99094245645948709,-6.17280918881219e-07,-8.1072419983460394e-07
38,0.40956067457899092,-0.27986098742152643,0.01499962865844723,0.13428718473852741,0.99094245645948709,-6.17280918881219e-07,-8.1072419983460394e-07
38,0.40956067457899092,-0.27986098742152643,0.01499962865844723,0.13428718473852741,0.99094245645948709,-6.17280918881219e-07,-8.1072419983460394e-07
38,0.40956067457899092,-0.27986098742152643,0.01499962865844723,0.13428718473852741,0.99094245645948709,-6.17280918881219e-07,-8.1072419983460394e-07
38,0.40956067457899092,-0.27986098742152643,0.01499962865844723,0.13428718473852741,0.99094245645948709,-6.17280918881219e-07,-8.1072419983460394e-07
38,0.40956067457899092,-0.27986098742152643,0.01499962865844723,0.13428718473852741,0.99094245645948709,-6.17280918881219e-07,-8.1072419983460394e-07
38,0.40956067457899092,-0.27986098742152643,0.01499962865844723,0.13428718473852741,0.99094245645948709,-6.17280918881219e-07,-8.1072419983460394e-07
38,0.40956067457899092,-0.27986098742152643,0.01499962865844723,0.13428718473852741,0.99094245645948709,-6.17280918881219e-07,-8.1072419983460394e-07
38,0.40956067457899092,-0.27986098742152643,0.01499962865844723,0.13428718473852741,0.99094245645948709,-6.17280918881219e-07,-8.1072419983460394e-07
38,0.40956067457899092,-0.27986098742152643,0.01499962865844723,0.13428718473852741,0.99094245645948709,-6.17280918881219e-07,-8.1072419983460394e-07
38,0.40956067457899092,-0.27986098742152643,0.01499962865844723,0.13428718473852741,0.99094245645948709,-6.17280918881219e-07,-8.1072419983460394e-07
38,0.40956067457899092,-0.27986098742152643,0.01499962865844723,0.13428718473852741,0.99094245645948709,-6.17280918881219e-07,-8.1072419983460394e-07
38,0.40956067457899092,-0.27986098742152643,0.01499962865844723,0.13428718473852741,0.99094245645948709,-6.17280918881219e-07,-8.1072419983460394e-07
38,0.40956067457899092,-0.27986098742152643,0.01499962865844723,0.13428718473852741,0.99094245645948709,-6.17280918881219e-07,-8.1072419983460394e-07
38,0.40956067457899092,-0.27986098742152643,0.01499962865844723,0.13428718473852741,0.99094245645948709,-6.17280918881219e-07,-8.1072419983460394e-07
38,0.40956067457899092,-0.27986098742152643,0.01499962865844723,0.13428718473852741,0.99094245645948709,-6.17280918881219e-07,-8.1072419983460394e-07
38,0.40956067457899092,-0.27986098742152643,0.01499962865844723,0.13428718473852741,0.99094245645948709,-6.17280918881219e-07,-8.1072419983460394e-07
38,0.40956067457899092,-0.27986098742152643,0.01499962865844723,0.13428718473852741,0.99094245645948709,-6.17280918881219e-07,-8.1072419983460394e-07
38,0.40956067457899092,-0.27986098742152643,0.01499962865844723,0.13428718473852741,0.99094245645948709,-6.17280918881219e-07,-8.1072419983460394e-07
38,0.40956067457899092,-0.27986098742152643,0.01499962865844723,0.13428718473852741,0.99094245645948709,-6.17280918881219e-07,-8.1072419983460394e-07
38,0.40956067457899092,-0.27986098742152643,0.01499962865844723,0.13428718473852741,0.99094245645948709,-6.17280918881219e-07,-8.1072419983460394e-07
38,0.40956067457899092,-0.27986098742152643,0.01499962865844723,0.13428718473852741,0.99094245645948709,-6.17280918881219e-07,-8.1072419983460394e-07
38,0.40956067457899092,-0.27986098742152643,0.01499962865844723,0.13428718473852741,0.99094245645948709,-6.17280918881219e-07,-8.1072419983460394e-07
38,0.40956067457899092,-0.27986098742152643,0.01499962865844723,0.13428718473852741,0.99094245645948709,-6.17280918881219e-07,-8.1072419983460394e-07
38,0.40956067457899092,-0.27986098742152643,0.01499962865844723,0.13428718473852741,0.99094245645948709,-6.17280918881219e-07,-8.1072419983460394e-07
38,0.40956067457899092,-0.27986098742152643,0.01499962865844723,0.13428718473852741,0.99094245645948709,-6.17280918881219e-07,-8.1072419983460394e-07
38,0.40956067457899092,-0.27986098742152643,0.01499962865844723,0.13428718473852741,0.99094245645948709,-6.17280918881219e-07,-8.1072419983460394e-07
38,0.40956067457899092,-0.27986098742152643,0.01499962865844723,0.13428718473852741,0.99094245645948709,-6.17280918881219e-07,-8.1072419983460394e-07
39,0.40956067457899092,-0.27986098742152643,0.01499962865844723,0.13428718473852741,0.99094245645948709,-6.17280918881219e-07,-8.1072419983460394e-07
39,0.40956067457899092,-0.27986098742152643,0.01499962865844723,0.13428718473852741,0.99094245645948709,-6.17280918881219e-07,-8.1072419983460394e-07
39,0.40956067457899092,-0.27986098742152643,0.01499962865844723,0.13428718473852741,0.99094245645948709,-6.17280918881219e-07,-8.1072419983460394e-07
39,0.40956067457899092,-0.27986098742152643,0.01499962865844723,0.13428718473852741,0.99094245645948709,-6.17280918881219e-07,-8.1072419983460394e-07
39,0.40956067457899092,-0.27986098742152643,0.01499962865844723,0.13428718473852741,0.99094245645948709,-6.17280918881219e-07,-8.1072419983460394e-07
39,0.40956067457899092,-0.27986098742152643,0.01499962865844723,0.13428718473852741,0.99094245645948709,-6.17280918881219e-07,-8.1072419983460394e-07
39,0.40956067457899092,-0.27986098742152643,0.01499962865844723,0.13428718473852741,0.99094245645948709,-6.17280918881219e-07,-8.1072419983460394e-07
39,0.40956067457899092,-0.27986098742152643,0.01499962865844723,0.13428718473852741,0.99094245645948709,-6.17280918881219e-07,-8.1072419983460394e-07
39,0.40956067457899092,-0.27986098742152643,0.01499962865844723,0.13428718473852741,0.99094245645948709,-6.17280918881219e-07,-8.1072419983460394e-07
39,0.40956067457899092,-0.27986098742152643,0.01499962865844723,0.13428718473852741,0.99094245645948709,-6.17280918881219e-07,-8.1072419983460394e-07
39,0.40956067457899092,-0.27986098742152643,0.01499962865844723,0.13428718473852741,0.99094245645948709,-6.17280918881219e-07,-8.1072419983460394e-07
39,0.40956067457899092,-0.27986098742152643,0.01499962865844723,0.13428718473852741,0.99094245645948709,-6.17280918881219e-07,-8.1072419983460394e-07
39,0.40956067457899092,-0.27986098742152643,0.01499962865844723,0.13428718473852741,0.99094245645948709,-6.17280918881219e-07,-8.1072419983460394e-07
39,0.40956067457899092,-0.27986098742152643,0.01499962865844723,0.13428718473852741,0.99094245645948709,-6.17280918881219e-07,-8.1072419983460394e-07
39,0.40956067457899092,-0.27986098742152643,0.01499962865844723,0.13428718473852741,0.99094245645948709,-6.17280918881219e-07,-8.1072419983460394e-07
39,0.40956067457899092,-0.27986098742152643,0.01499962865844723,0.13428718473852741,0.99094245645948709,-6.17280918881219e-07,-8.1072419983460394e-07
39,0.40956067457899092,-0.27986098742152643,0.01499962865844723,0.13428718473852741,0.99094245645948709,-6.17280918881219e-07,-8.1072419983460394e-07
39,0.40956067457899092,-0.27986098742152643,0.01499962865844723,0.13428718473852741,0.99094245645948709,-6.17280918881219e-07,-8.1072419983460394e-07
39,0.40956067457899092,-0.27986098742152643,0.01499962865844723,0.13428718473852741,0.99094245645948709,-6.17280918881219e-07,-8.1072419983460394e-07
39,0.40956067457899092,-0.27986098742152643,0.01499962865844723,0.13428718473852741,0.99094245645948709,-6.17280918881219e-07,-8.1072419983460394e-07
39,0.40956067457899092,-0.27986098742152643,0.01499962865844723,0.13428718473852741,0.99094245645948709,-6.17280918881219e-07,-8.1072419983460394e-07
39,0.40956067457899092,-0.27986098742152643,0.01499962865844723,0.13428718473852741,0.99094245645948709,-6.17280918881219e-07,-8.1072419983460394e-07
39,0.40956067457899092,-0.27986098742152643,0.01499962865844723,0.13428718473852741,0.99094245645948709,-6.17280918881219e-07,-8.1072419983460394e-07
39,0.40956067457899092,-0.27986098742152643,0.01499962865844723,0.13428718473852741,0.99094245645948709,-6.17280918881219e-07,-8.1072419983460394e-07
39,0.40956067457899092,-0.27986098742152643,0.01499962865844723,0.13428718473852741,0.99094245645948709,-6.17280918881219e-07,-8.1072419983460394e-07
39,0.40956067457899092,-0.27986098742152643,0.01499962865844723,0.13428718473852741,0.99094245645948709,-6.17280918881219e-07,-8.1072419983460394e-07
39,0.40956067457899092,-0.27986098742152643,0.01499962865844723,0.13428718473852741,0.99094245645948709,-6.17280918881219e-07,-8.1072419983460394e-07
39,0.40956067457899092,-0.27986098742152643,0.01499962865844723,0.13428718473852741,0.99094245645948709,-6.17280918881219e-07,-8.1072419983460394e-07
39,0.40956067457899092,-0.27986098742152643,0.01499962865844723,0.13428718473852741,0.99094245645948709,-6.17280918881219e-07,-8.1072419983460394e-07
39,0.40956067457899092,-0.27986098742152643,0.01499962865844723,0.13428718473852741,0.99094245645948709,-6.17280918881219e-07,-8.1072419983460394e-07
39,0.40956067457899092,-0.27986098742152643,0.01499962865844723,0.13428718473852741,0.99094245645948709,-6.17280918881219e-07,-8.1072419983460394e-07
39,0.40956067457899092,-0.27986098742152643,0.01499962865844723,0.13428718473852741,0.99094245645948709,-6.17280918881219e-07,-8.1072419983460394e-07
39,0.40956067457899092,-0.27986098742152643,0.01499962865844723,0.13428718473852741,0.99094245645948709,-6.17280918881219e-07,-8.1072419983460394e-07
39,0.40956067457899092,-0.27986098742152643,0.01499962865844723,0.13428718473852741,0.99094245645948709,-6.17280918881219e-07,-8.1072419983460394e-07
39,0.40956067457899092,-0.27986098742152643,0.01499962865844723,0.13428718473852741,0.99094245645948709,-6.17280918881219e-07,-8.1072419983460394e-07
39,0.40956067457899092,-0.27986098742152643,0.01499962865844723,0.13428718473852741,0.99094245645948709,-6.17280918881219e-07,-8.1072419983460394e-07
39,0.40956067457899092,-0.27986098742152643,0.01499962865844723,0.13428718473852741,0.99094245645948709,-6.17280918881219e-07,-8.1072419983460394e-07
39,0.40956067457899092,-0.27986098742152643,0.01499962865844723,0.13428718473852741,0.99094245645948709,-6.17280918881219e-07,-8.1072419983460394e-07
39,0.40956067457899092,-0.27986098742152643,0.01499962865844723,0.13428718473852741,0.99094245645948709,-6.17280918881219e-07,-8.1072419983460394e-07
39,0.40956067457899092,-0.27986098742152643,0.01499962865844723,0.13428718473852741,0.99094245645948709,-6.17280918881219e-07,-8.1072419983460394e-07
39,0.40956067457899092,-0.27986098742152643,0.01499962865844723,0.13428718473852741,0.99094245645948709,-6.17280918881219e-07,-8.1072419983460394e-07
39,0.40956067457899092,-0.27986098742152643,0.01499962865844723,0.13428718473852741,0.99094245645948709,-6.17280918881219e-07,-8.1072419983460394e-07
39,0.40956067457899092,-0.27986098742152643,0.01499962865844723,0.13428718473852741,0.99094245645948709,-6.17280918881219e-07,-8.1072419983460394e-07
39,0.40956067457899092,-0.27986098742152643,0.01499962865844723,0.13428718473852741,0.99094245645948709,-6.17280918881219e-07,-8.1072419983460394e-07
39,0.40956067457899092,-0.27986098742152643,0.01499962865844723,0.13428718473852741,0.99094245645948709,-6.17280918881219e-07,-8.1072419983460394e-07
39,0.40956067457899092,-0.27986098742152643,0.01499962865844723,0.13428718473852741,0.99094245645948709,-6.17280918881219e-07,-8.1072419983460394e-07
39,0.40956067457899092,-0.27986098742152643,0.01499962865844723,0.13428718473852741,0.99094245645948709,-6.17280918881219e-07,-8.1072419983460394e-07
39,0.40956067457899092,-0.27986098742152643,0.01499962865844723,0.13428718473852741,0.99094245645948709,-6.17280918881219e-07,-8.1072419983460394e-07
39,0.40956067457899092,-0.27986098742152643,0.01499962865844723,0.13428718473852741,0.99094245645948709,-6.17280918881219e-07,-8.1072419983460394e-07
39,0.40956067457899092,-0.27986098742152643,0.01499962865844723,0.13428718473852741,0.99094245645948709,-6.17280918881219e-07,-8.1072419983460394e-07
40,0.40956067457899092,-0.27986098742152643,0.01499962865844723,0.13428718473852741,0.99094245645948709,-6.17280918881219e-07,-8.1072419983460394e-07
40,0.40956067457899092,-0.27986098742152643,0.01499962865844723,0.13428718473852741,0.99094245645948709,-6.17280918881219e-07,-8.1072419983460394e-07
40,0.40956067457899092,-0.27986098742152643,0.01499962865844723,0.13428718473852741,0.99094245645948709,-6.17280918881219e-07,-8.1072419983460394e-07
40,0.40956067457899092,-0.27986098742152643,0.01499962865844723,0.13428718473852741,0.99094245645948709,-6.17280918881219e-07,-8.1072419983460394e-07
40,0.40956067457899092,-0.27986098742152643,0.01499962865844723,0.13428718473852741,0.99094245645948709,-6.17280918881219e-07,-8.1072419983460394e-07
40,0.40956067457899092,-0.27986098742152643,0.01499962865844723,0.13428718473852741,0.99094245645948709,-6.17280918881219e-07,-8.1072419983460394e-07
40,0.40956067457899092,-0.27986098742152643,0.01499962865844723,0.13428718473852741,0.99094245645948709,-6.17280918881219e-07,-8.1072419983460394e-07
40,0.40956067457899092,-0.27986098742152643,0.01499962865844723,0.13428718473852741,0.99094245645948709,-6.17280918881219e-07,-8.1072419983460394e-07
40,0.40956067457899092,-0.27986098742152643,0.01499962865844723,0.13428718473852741,0.99094245645948709,-6.17280918881219e-07,-8.1072419983460394e-07
40,0.40956067457899092,-0.27986098742152643,0.01499962865844723,0.13428718473852741,0.99094245645948709,-6.17280918881219e-07,-8.1072419983460394e-07
40,0.40956067457899092,-0.27986098742152643,0.01499962865844723,0.13428718473852741,0.99094245645948709,-6.17280918881219e-07,-8.1072419983460394e-07
40,0.40956067457899092,-0.27986098742152643,0.01499962865844723,0.13428718473852741,0.99094245645948709,-6.17280918881219e-07,-8.1072419983460394e-07
40,0.40956067457899092,-0.27986098742152643,0.01499962865844723,0.13428718473852741,0.99094245645948709,-6.17280918881219e-07,-8.1072419983460394e-07
40,0.40956067457899092,-0.27986098742152643,0.01499962865844723,0.13428718473852741,0.99094245645948709,-6.17280918881219e-07,-8.1072419983460394e-07
40,0.40956067457899092,-0.27986098742152643,0.01499962865844723,0.13428718473852741,0.99094245645948709,-6.17280918881219e-07,-8.1072419983460394e-07
40,0.40956067457899092,-0.27986098742152643,0.01499962865844723,0.13428718473852741,0.99094245645948709,-6.17280918881219e-07,-8.1072419983460394e-07
40,0.40956067457899092,-0.27986098742152643,0.01499962865844723,0.13428718473852741,0.99094245645948709,-6.17280918881219e-07,-8.1072419983460394e-07
40,0.40956067457899092,-0.27986098742152643,0.01499962865844723,0.13428718473852741,0.99094245645948709,-6.17280918881219e-07,-8.1072419983460394e-07
40,0.40956067457899092,-0.27986098742152643,0.01499962865844723,0.13428718473852741,0.99094245645948709,-6.17280918881219e-07,-8.1072419983460394e-07
40,0.40956067457899092,-0.27986098742152643,0.01499962865844723,0.13428718473852741,0.99094245645948709,-6.17280918881219e-07,-8.1072419983460394e-07
40,0.40956067457899092,-0.27986098742152643,0.01499962865844723,0.13428718473852741,0.99094245645948709,-6.17280918881219e-07,-8.1072419983460394e-07
40,0.40956067457899092,-0.27986098742152643,0.01499962865844723,0.13428718473852741,0.99094245645948709,-6.17280918881219e-07,-8.1072419983460394e-07
40,0.40956067457899092,-0.27986098742152643,0.01499962865844723,0.13428718473852741,0.99094245645948709,-6.17280918881219e-07,-8.1072419983460394e-07
40,0.40956067457899092,-0.27986098742152643,0.01499962865844723,0.13428718473852741,0.99094245645948709,-6.17280918881219e-07,-8.1072419983460394e-07
40,0.40956067457899092,-0.27986098742152643,0.01499962865844723,0.13428718473852741,0.99094245645948709,-6.17280918881219e-07,-8.1072419983460394e-07
40,0.40956067457899092,-0.27986098742152643,0.01499962865844723,0.13428718473852741,0.99094245645948709,-6.17280918881219e-07,-8.1072419983460394e-07
40,0.40956067457899092,-0.27986098742152643,0.01499962865844723,0.13428718473852741,0.99094245645948709,-6.17280918881219e-07,-8.1072419983460394e-07
40,0.40956067457899092,-0.27986098742152643,0.01499962865844723,0.13428718473852741,0.99094245645948709,-6.17280918881219e-07,-8.1072419983460394e-07
40,0.40956067457899092,-0.27986098742152643,0.01499962865844723,0.13428718473852741,0.99094245645948709,-6.17280918881219e-07,-8.1072419983460394e-07
40,0.40956067457899092,-0.27986098742152643,0.01499962865844723,0.13428718473852741,0.99094245645948709,-6.17280918881219e-07,-8.1072419983460394e-07
40,0.40956067457899092,-0.27986098742152643,0.01499962865844723,0.13428718473852741,0.99094245645948709,-6.17280918881219e-07,-8.1072419983460394e-07
40,0.40956067457899092,-0.27986098742152643,0.01499962865844723,0.13428718473852741,0.99094245645948709,-6.17280918881219e-07,-8.1072419983460394e-07
40,0.40956067457899092,-0.27986098742152643,0.01499962865844723,0.13428718473852741,0.99094245645948709,-6.17280918881219e-07,-8.1072419983460394e-07
40,0.40956067457899092,-0.27986098742152643,0.01499962865844723,0.13428718473852741,0.99094245645948709,-6.17280918881219e-07,-8.1072419983460394e-07
40,0.40956067457899092,-0.27986098742152643,0.01499962865844723,0.13428718473852741,0.99094245645948709,-6.17280918881219e-07,-8.1072419983460394e-07
40,0.40956067457899092,-0.27986098742152643,0.01499962865844723,0.13428718473852741,0.99094245645948709,-6.17280918881219e-07,-8.1072419983460394e-07
40,0.40956067457899092,-0.27986098742152643,0.01499962865844723,0.13428718473852741,0.99094245645948709,-6.17280918881219e-07,-8.1072419983460394e-07
40,0.40956067457899092,-0.27986098742152643,0.01499962865844723,0.13428718473852741,0.99094245645948709,-6.17280918881219e-07,-8.1072419983460394e-07
40,0.40956067457899092,-0.27986098742152643,0.01499962865844723,0.13428718473852741,0.99094245645948709,-6.17280918881219e-07,-8.1072419983460394e-07
40,0.40956067457899092,-0.27986098742152643,0.01499962865844723,0.13428718473852741,0.99094245645948709,-6.17280918881219e-07,-8.1072419983460394e-07
40,0.40956067457899092,-0.27986098742152643,0.01499962865844723,0.13428718473852741,0.99094245645948709,-6.17280918881219e-07,-8.1072419983460394e-07
40,0.40956067457899092,-0.27986098742152643,0.01499962865844723,0.13428718473852741,0.99094245645948709,-6.17280918881219e-07,-8.1072419983460394e-07
40,0.40956067457899092,-0.27986098742152643,0.01499962865844723,0.13428718473852741,0.99094245645948709,-6.17280918881219e-07,-8.1072419983460394e-07
40,0.40956067457899092,-0.27986098742152643,0.01499962865844723,0.13428718473852741,0.99094245645948709,-6.17280918881219e-07,-8.1072419983460394e-07
40,0.40956067457899092,-0.27986098742152643,0.01499962865844723,0.13428718473852741,0.99094245645948709,-6.17280918881219e-07,-8.1072419983460394e-07
40,0.40956067457899092,-0.27986098742152643,0.01499962865844723,0.13428718473852741,0.99094245645948709,-6.17280918881219e-07,-8.1072419983460394e-07
40,0.40956067457899092,-0.27986098742152643,0.01499962865844723,0.13428718473852741,0.99094245645948709,-6.17280918881219e-07,-8.1072419983460394e-07
40,0.40956067457899092,-0.27986098742152643,0.01499962865844723,0.13428718473852741,0.99094245645948709,-6.17280918881219e-07,-8.1072419983460394e-07
40,0.40956067457899092,-0.27986098742152643,0.01499962865844723,0.13428718473852741,0.99094245645948709,-6.17280918881219e-07,-8.1072419983460394e-07
40,0.40956067457899092,-0.27986098742152643,0.01499962865844723,0.13428718473852741,0.99094245645948709,-6.17280918881219e-07,-8.1072419983460394e-07
41,0.40956067457899092,-0.27986098742152643,0.01499962865844723,0.13428718473852741,0.99094245645948709,-6.17280918881219e-07,-8.1072419983460394e-07
41,0.40956067457899092,-0.27986098742152643,0.01499962865844723,0.13428718473852741,0.99094245645948709,-6.17280918881219e-07,-8.1072419983460394e-07
41,0.40956067457899092,-0.27986098742152643,0.01499962865844723,0.13428718473852741,0.99094245645948709,-6.17280918881219e-07,-8.1072419983460394e-07
41,0.40956067457899092,-0.27986098742152643,0.01499962865844723,0.13428718473852741,0.99094245645948709,-6.17280918881219e-07,-8.1072419983460394e-07
41,0.40956067457899092,-0.27986098742152643,0.01499962865844723,0.13428718473852741,0.99094245645948709,-6.17280918881219e-07,-8.1072419983460394e-07
41,0.40956067457899092,-0.27986098742152643,0.01499962865844723,0.13428718473852741,0.99094245645948709,-6.17280918881219e-07,-8.1072419983460394e-07
41,0.40956067457899092,-0.27986098742152643,0.01499962865844723,0.13428718473852741,0.99094245645948709,-6.17280918881219e-07,-8.1072419983460394e-07
41,0.40956067457899092,-0.27986098742152643,0.01499962865844723,0.13428718473852741,0.99094245645948709,-6.17280918881219e-07,-8.1072419983460394e-07
41,0.40956067457899092,-0.27986098742152643,0.01499962865844723,0.13428718473852741,0.99094245645948709,-6.17280918881219e-07,-8.1072419983460394e-07
41,0.40956067457899092,-0.27986098742152643,0.01499962865844723,0.13428718473852741,0.99094245645948709,-6.17280918881219e-07,-8.1072419983460394e-07
41,0.40956067457899092,-0.27986098742152643,0.01499962865844723,0.13428718473852741,0.99094245645948709,-6.17280918881219e-07,-8.1072419983460394e-07
41,0.40956067457899092,-0.27986098742152643,0.01499962865844723,0.13428718473852741,0.99094245645948709,-6.17280918881219e-07,-8.1072419983460394e-07
41,0.40956067457899092,-0.27986098742152643,0.01499962865844723,0.13428718473852741,0.99094245645948709,-6.17280918881219e-07,-8.1072419983460394e-07
41,0.40956067457899092,-0.27986098742152643,0.01499962865844723,0.13428718473852741,0.99094245645948709,-6.17280918881219e-07,-8.1072419983460394e-07
41,0.40956067457899092,-0.27986098742152643,0.01499962865844723,0.13428718473852741,0.99094245645948709,-6.17280918881219e-07,-8.1072419983460394e-07
41,0.40956067457899092,-0.27986098742152643,0.01499962865844723,0.13428718473852741,0.99094245645948709,-6.17280918881219e-07,-8.1072419983460394e-07
41,0.40956067457899092,-0.27986098742152643,0.01499962865844723,0.13428718473852741,0.99094245645948709,-6.17280918881219e-07,-8.1072419983460394e-07
41,0.40956067457899092,-0.27986098742152643,0.01499962865844723,0.13428718473852741,0.99094245645948709,-6.17280918881219e-07,-8.1072419983460394e-07
41,0.40956067457899092,-0.27986098742152643,0.01499962865844723,0.13428718473852741,0.99094245645948709,-6.17280918881219e-07,-8.1072419983460394e-07
41,0.40956067457899092,-0.27986098742152643,0.01499962865844723,0.13428718473852741,0.99094245645948709,-6.17280918881219e-07,-8.1072419983460394e-07
41,0.40956067457899092,-0.27986098742152643,0.01499962865844723,0.13428718473852741,0.99094245645948709,-6.17280918881219e-07,-8.1072419983460394e-07
41,0.40956067457899092,-0.27986098742152643,0.01499962865844723,0.13428718473852741,0.99094245645948709,-6.17280918881219e-07,-8.1072419983460394e-07
41,0.40956067457899092,-0.27986098742152643,0.01499962865844723,0.13428718473852741,0.99094245645948709,-6.17280918881219e-07,-8.1072419983460394e-07
41,0.40956067457899092,-0.27986098742152643,0.01499962865844723,0.13428718473852741,0.99094245645948709,-6.17280918881219e-07,-8.1072419983460394e-07
41,0.40956067457899092,-0.27986098742152643,0.01499962865844723,0.13428718473852741,0.99094245645948709,-6.17280918881219e-07,-8.1072419983460394e-07
41,0.40956067457899092,-0.27986098742152643,0.01499962865844723,0.13428718473852741,0.99094245645948709,-6.17280918881219e-07,-8.1072419983460394e-07
41,0.40956067457899092,-0.27986098742152643,0.01499962865844723,0.13428718473852741,0.99094245645948709,-6.17280918881219e-07,-8.1072419983460394e-07
41,0.40956067457899092,-0.27986098742152643,0.01499962865844723,0.13428718473852741,0.99094245645948709,-6.17280918881219e-07,-8.1072419983460394e-07
41,0.40956067457899092,-0.27986098742152643,0.01499962865844723,0.13428718473852741,0.99094245645948709,-6.17280918881219e-07,-8.1072419983460394e-07
41,0.40956067457899092,-0.27986098742152643,0.01499962865844723,0.13428718473852741,0.99094245645948709,-6.17280918881219e-07,-8.1072419983460394e-07
41,0.40956067457899092,-0.27986098742152643,0.01499962865844723,0.13428718473852741,0.99094245645948709,-6.17280918881219e-07,-8.1072419983460394e-07
41,0.40956067457899092,-0.27986098742152643,0.01499962865844723,0.13428718473852741,0.99094245645948709,-6.17280918881219e-07,-8.1072419983460394e-07
41,0.40956067457899092,-0.27986098742152643,0.01499962865844723,0.13428718473852741,0.99094245645948709,-6.17280918881219e-07,-8.1072419983460394e-07
41,0.40956067457899092,-0.27986098742152643,0.01499962865844723,0.13428718473852741,0.99094245645948709,-6.17280918881219e-07,-8.1072419983460394e-07
41,0.40956067457899092,-0.27986098742152643,0.01499962865844723,0.13428718473852741,0.99094245645948709,-6.17280918881219e-07,-8.1072419983460394e-07
41,0.40956067457899092,-0.27986098742152643,0.01499962865844723,0.13428718473852741,0.99094245645948709,-6.17280918881219e-07,-8.1072419983460394e-07
41,0.40956067457899092,-0.27986098742152643,0.01499962865844723,0.13428718473852741,0.99094245645948709,-6.17280918881219e-07,-8.1072419983460394e-07
41,0.40956067457899092,-0.27986098742152643,0.01499962865844723,0.13428718473852741,0.99094245645948709,-6.17280918881219e-07,-8.1072419983460394e-07
41,0.40956067457899092,-0.27986098742152643,0.01499962865844723,0.13428718473852741,0.99094245645948709,-6.17280918881219e-07,-8.1072419983460394e-07
41,0.40956067457899092,-0.27986098742152643,0.01499962865844723,0.13428718473852741,0.99094245645948709,-6.17280918881219e-07,-8.1072419983460394e-07
41,0.40956067457899092,-0.27986098742152643,0.01499962865844723,0.13428718473852741,0.99094245645948709,-6.17280918881219e-07,-8.1072419983460394e-07
41,0.40956067457899092,-0.27986098742152643,0.01499962865844723,0.13428718473852741,0.99094245645948709,-6.17280918881219e-07,-8.1072419983460394e-07
41,0.40956067457899092,-0.27986098742152643,0.01499962865844723,0.13428718473852741,0.99094245645948709,-6.17280918881219e-07,-8.1072419983460394e-07
41,0.40956067457899092,-0.27986098742152643,0.01499962865844723,0.13428718473852741,0.99094245645948709,-6.17280918881219e-07,-8.1072419983460394e-07
41,0.40956067457899092,-0.27986098742152643,0.01499962865844723,0.13428718473852741,0.99094245645948709,-6.17280918881219e-07,-8.1072419983460394e-07
41,0.40956067457899092,-0.27986098742152643,0.01499962865844723,0.13428718473852741,0.99094245645948709,-6.17280918881219e-07,-8.1072419983460394e-07
41,0.40956067457899092,-0.27986098742152643,0.01499962865844723,0.13428718473852741,0.99094245645948709,-6.17280918881219e-07,-8.1072419983460394e-07
41,0.40956067457899092,-0.27986098742152643,0.01499962865844723,0.13428718473852741,0.99094245645948709,-6.17280918881219e-07,-8.1072419983460394e-07
41,0.40956067457899092,-0.27986098742152643,0.01499962865844723,0.13428718473852741,0.99094245645948709,-6.17280918881219e-07,-8.1072419983460394e-07
41,0.40956067457899092,-0.27986098742152643,0.01499962865844723,0.13428718473852741,0.99094245645948709,-6.17280918881219e-07,-8.1072419983460394e-07
42,0.40956067457899092,-0.27986098742152643,0.01499962865844723,0.13428718473852741,0.99094245645948709,-6.17280918881219e-07,-8.1072419983460394e-07
42,0.40956067457899092,-0.27986098742152643,0.01499962865844723,0.13428718473852741,0.99094245645948709,-6.17280918881219e-07,-8.1072419983460394e-07
42,0.40956067457899092,-0.27986098742152643,0.01499962865844723,0.13428718473852741,0.99094245645948709,-6.17280918881219e-07,-8.1072419983460394e-07
42,0.40956067457899092,-0.27986098742152643,0.01499962865844723,0.13428718473852741,0.99094245645948709,-6.17280918881219e-07,-8.1072419983460394e-07
42,0.40956067457899092,-0.27986098742152643,0.01499962865844723,0.13428718473852741,0.99094245645948709,-6.17280918881219e-07,-8.1072419983460394e-07
42,0.40956067457899092,-0.27986098742152643,0.01499962865844723,0.13428718473852741,0.99094245645948709,-6.17280918881219e-07,-8.1072419983460394e-07
42,0.40956067457899092,-0.27986098742152643,0.01499962865844723,0.13428718473852741,0.99094245645948709,-6.17280918881219e-07,-8.1072419983460394e-07
42,0.40956067457899092,-0.27986098742152643,0.01499962865844723,0.13428718473852741,0.99094245645948709,-6.17280918881219e-07,-8.1072419983460394e-07
42,0.40956067457899092,-0.27986098742152643,0.01499962865844723,0.13428718473852741,0.99094245645948709,-6.17280918881219e-07,-8.1072419983460394e-07
42,0.40956067457899092,-0.27986098742152643,0.01499962865844723,0.13428718473852741,0.99094245645948709,-6.17280918881219e-07,-8.1072419983460394e-07
42,0.40956067457899092,-0.27986098742152643,0.01499962865844723,0.13428718473852741,0.99094245645948709,-6.17280918881219e-07,-8.1072419983460394e-07
42,0.40956067457899092,-0.27986098742152643,0.01499962865844723,0.13428718473852741,0.99094245645948709,-6.17280918881219e-07,-8.1072419983460394e-07
42,0.40956067457899092,-0.27986098742152643,0.01499962865844723,0.13428718473852741,0.99094245645948709,-6.17280918881219e-07,-8.1072419983460394e-07
42,0.40956067457899092,-0.27986098742152643,0.01499962865844723,0.13428718473852741,0.99094245645948709,-6.17280918881219e-07,-8.1072419983460394e-07
42,0.40956067457899092,-0.27986098742152643,0.01499962865844723,0.13428718473852741,0.99094245645948709,-6.17280918881219e-07,-8.1072419983460394e-07
42,0.40956067457899092,-0.27986098742152643,0.01499962865844723,0.13428718473852741,0.99094245645948709,-6.17280918881219e-07,-8.1072419983460394e-07
42,0.40956067457899092,-0.27986098742152643,0.01499962865844723,0.13428718473852741,0.99094245645948709,-6.17280918881219e-07,-8.1072419983460394e-07
42,0.40956067457899092,-0.27986098742152643,0.01499962865844723,0.13428718473852741,0.99094245645948709,-6.17280918881219e-07,-8.1072419983460394e-07
42,0.40956067457899092,-0.27986098742152643,0.01499962865844723,0.13428718473852741,0.99094245645948709,-6.17280918881219e-07,-8.1072419983460394e-07
42,0.40956067457899092,-0.27986098742152643,0.01499962865844723,0.13428718473852741,0.99094245645948709,-6.17280918881219e-07,-8.1072419983460394e-07
42,0.40956067457899092,-0.27986098742152643,0.01499962865844723,0.13428718473852741,0.99094245645948709,-6.17280918881219e-07,-8.1072419983460394e-07
42,0.40956067457899092,-0.27986098742152643,0.01499962865844723,0.13428718473852741,0.99094245645948709,-6.17280918881219e-07,-8.1072419983460394e-07
42,0.40956067457899092,-0.27986098742152643,0.01499962865844723,0.13428718473852741,0.99094245645948709,-6.17280918881219e-07,-8.1072419983460394e-07
42,0.40956067457899092,-0.27986098742152643,0.01499962865844723,0.13428718473852741,0.99094245645948709,-6.17280918881219e-07,-8.1072419983460394e-07
42,0.40956067457899092,-0.27986098742152643,0.01499962865844723,0.13428718473852741,0.99094245645948709,-6.17280918881219e-07,-8.1072419983460394e-07
42,0.40956067457899092,-0.27986098742152643,0.01499962865844723,0.13428718473852741,0.99094245645948709,-6.17280918881219e-07,-8.1072419983460394e-07
42,0.40956067457899092,-0.27986098742152643,0.01499962865844723,0.13428718473852741,0.99094245645948709,-6.17280918881219e-07,-8.1072419983460394e-07
42,0.40956067457899092,-0.27986098742152643,0.01499962865844723,0.13428718473852741,0.99094245645948709,-6.17280918881219e-07,-8.1072419983460394e-07
42,0.40956067457899092,-0.27986098742152643,0.01499962865844723,0.13428718473852741,0.99094245645948709,-6.17280918881219e-07,-8.1072419983460394e-07
42,0.40956067457899092,-0.27986098742152643,0.01499962865844723,0.13428718473852741,0.99094245645948709,-6.17280918881219e-07,-8.1072419983460394e-07
42,0.40956067457899092,-0.27986098742152643,0.01499962865844723,0.13428718473852741,0.99094245645948709,-6.17280918881219e-07,-8.1072419983460394e-07
42,0.40956067457899092,-0.27986098742152643,0.01499962865844723,0.13428718473852741,0.99094245645948709,-6.17280918881219e-07,-8.1072419983460394e-07
42,0.40956067457899092,-0.27986098742152643,0.01499962865844723,0.13428718473852741,0.99094245645948709,-6.17280918881219e-07,-8.1072419983460394e-07
42,0.40956067457899092,-0.27986098742152643,0.01499962865844723,0.13428718473852741,0.99094245645948709,-6.17280918881219e-07,-8.1072419983460394e-07
42,0.40956067457899092,-0.27986098742152643,0.01499962865844723,0.13428718473852741,0.99094245645948709,-6.17280918881219e-07,-8.1072419983460394e-07
42,0.40956067457899092,-0.27986098742152643,0.01499962865844723,0.13428718473852741,0.99094245645948709,-6.17280918881219e-07,-8.1072419983460394e-07
42,0.40956067457899092,-0.27986098742152643,0.01499962865844723,0.13428718473852741,0.99094245645948709,-6.17280918881219e-07,-8.1072419983460394e-07
42,0.40956067457899092,-0.27986098742152643,0.01499962865844723,0.13428718473852741,0.99094245645948709,-6.17280918881219e-07,-8.1072419983460394e-07
42,0.40956067457899092,-0.27986098742152643,0.01499962865844723,0.13428718473852741,0.99094245645948709,-6.17280918881219e-07,-8.1072419983460394e-07
42,0.40956067457899092,-0.27986098742152643,0.01499962865844723,0.13428718473852741,0.99094245645948709,-6.17280918881219e-07,-8.1072419983460394e-07
42,0.40956067457899092,-0.27986098742152643,0.01499962865844723,0.13428718473852741,0.99094245645948709,-6.17280918881219e-07,-8.1072419983460394e-07
42,0.40956067457899092,-0.27986098742152643,0.01499962865844723,0.13428718473852741,0.99094245645948709,-6.17280918881219e-07,-8.1072419983460394e-07
42,0.40956067457899092,-0.27986098742152643,0.01499962865844723,0.13428718473852741,0.99094245645948709,-6.17280918881219e-07,-8.1072419983460394e-07
42,0.40956067457899092,-0.27986098742152643,0.01499962865844723,0.13428718473852741,0.99094245645948709,-6.17280918881219e-07,-8.1072419983460394e-07
42,0.40956067457899092,-0.27986098742152643,0.01499962865844723,0.13428718473852741,0.99094245645948709,-6.17280918881219e-07,-8.1072419983460394e-07
42,0.40956067457899092,-0.27986098742152643,0.01499962865844723,0.13428718473852741,0.99094245645948709,-6.17280918881219e-07,-8.1072419983460394e-07
42,0.40956067457899092,-0.27986098742152643,0.01499962865844723,0.13428718473852741,0.99094245645948709,-6.17280918881219e-07,-8.1072419983460394e-07
42,0.40956067457899092,-0.27986098742152643,0.01499962865844723,0.13428718473852741,0.99094245645948709,-6.17280918881219e-07,-8.1072419983460394e-07
42,0.40956067457899092,-0.27986098742152643,0.01499962865844723,0.13428718473852741,0.99094245645948709,-6.17280918881219e-07,-8.1072419983460394e-07
42,0.40956067457899092,-0.27986098742152643,0.01499962865844723,0.13428718473852741,0.99094245645948709,-6.17280918881219e-07,-8.1072419983460394e-07
43,0.40956067457899092,-0.27986098742152643,0.01499962865844723,0.13428718473852741,0.99094245645948709,-6.17280918881219e-07,-8.1072419983460394e-07
43,0.40956067457899092,-0.27986098742152643,0.01499962865844723,0.13428718473852741,0.99094245645948709,-6.17280918881219e-07,-8.1072419983460394e-07
43,0.40956067457899092,-0.27986098742152643,0.01499962865844723,0.13428718473852741,0.99094245645948709,-6.17280918881219e-07,-8.1072419983460394e-07
43,0.40956067457899092,-0.27986098742152643,0.01499962865844723,0.13428718473852741,0.99094245645948709,-6.17280918881219e-07,-8.1072419983460394e-07
43,0.40956067457899092,-0.27986098742152643,0.01499962865844723,0.13428718473852741,0.99094245645948709,-6.17280918881219e-07,-8.1072419983460394e-07
43,0.40956067457899092,-0.27986098742152643,0.01499962865844723,0.13428718473852741,0.99094245645948709,-6.17280918881219e-07,-8.1072419983460394e-07
43,0.40956067457899092,-0.27986098742152643,0.01499962865844723,0.13428718473852741,0.99094245645948709,-6.17280918881219e-07,-8.1072419983460394e-07
43,0.40956067457899092,-0.27986098742152643,0.01499962865844723,0.13428718473852741,0.99094245645948709,-6.17280918881219e-07,-8.1072419983460394e-07
43,0.40956067457899092,-0.27986098742152643,0.01499962865844723,0.13428718473852741,0.99094245645948709,-6.17280918881219e-07,-8.1072419983460394e-07
43,0.40956067457899092,-0.27986098742152643,0.01499962865844723,0.13428718473852741,0.99094245645948709,-6.17280918881219e-07,-8.1072419983460394e-07
43,0.40956067457899092,-0.27986098742152643,0.01499962865844723,0.13428718473852741,0.99094245645948709,-6.17280918881219e-07,-8.1072419983460394e-07
43,0.40956067457899092,-0.27986098742152643,0.01499962865844723,0.13428718473852741,0.99094245645948709,-6.17280918881219e-07,-8.1072419983460394e-07
43,0.40956067457899092,-0.27986098742152643,0.01499962865844723,0.13428718473852741,0.99094245645948709,-6.17280918881219e-07,-8.1072419983460394e-07
43,0.40956067457899092,-0.27986098742152643,0.01499962865844723,0.13428718473852741,0.99094245645948709,-6.17280918881219e-07,-8.1072419983460394e-07
43,0.40956067457899092,-0.27986098742152643,0.01499962865844723,0.13428718473852741,0.99094245645948709,-6.17280918881219e-07,-8.1072419983460394e-07
43,0.40956067457899092,-0.27986098742152643,0.01499962865844723,0.13428718473852741,0.99094245645948709,-6.17280918881219e-07,-8.1072419983460394e-07
43,0.40956067457899092,-0.27986098742152643,0.01499962865844723,0.13428718473852741,0.99094245645948709,-6.17280918881219e-07,-8.1072419983460394e-07
43,0.40956067457899092,-0.27986098742152643,0.01499962865844723,0.13428718473852741,0.99094245645948709,-6.17280918881219e-07,-8.1072419983460394e-07
43,0.40956067457899092,-0.27986098742152643,0.01499962865844723,0.13428718473852741,0.99094245645948709,-6.17280918881219e-07,-8.1072419983460394e-07
43,0.40956067457899092,-0.27986098742152643,0.01499962865844723,0.13428718473852741,0.99094245645948709,-6.17280918881219e-07,-8.1072419983460394e-07
43,0.40956067457899092,-0.27986098742152643,0.01499962865844723,0.13428718473852741,0.99094245645948709,-6.17280918881219e-07,-8.1072419983460394e-07
43,0.40956067457899092,-0.27986098742152643,0.01499962865844723,0.13428718473852741,0.99094245645948709,-6.17280918881219e-07,-8.1072419983460394e-07
43,0.40956067457899092,-0.27986098742152643,0.01499962865844723,0.13428718473852741,0.99094245645948709,-6.17280918881219e-07,-8.1072419983460394e-07
43,0.40956067457899092,-0.27986098742152643,0.01499962865844723,0.13428718473852741,0.99094245645948709,-6.17280918881219e-07,-8.1072419983460394e-07
43,0.40956067457899092,-0.27986098742152643,0.01499962865844723,0.13428718473852741,0.99094245645948709,-6.17280918881219e-07,-8.1072419983460394e-07
43,0.40956067457899092,-0.27986098742152643,0.01499962865844723,0.13428718473852741,0.99094245645948709,-6.17280918881219e-07,-8.1072419983460394e-07
43,0.40956067457899092,-0.27986098742152643,0.01499962865844723,0.13428718473852741,0.99094245645948709,-6.17280918881219e-07,-8.1072419983460394e-07
43,0.40956067457899092,-0.27986098742152643,0.01499962865844723,0.13428718473852741,0.99094245645948709,-6.17280918881219e-07,-8.1072419983460394e-07
43,0.40956067457899092,-0.27986098742152643,0.01499962865844723,0.13428718473852741,0.99094245645948709,-6.17280918881219e-07,-8.1072419983460394e-07
43,0.40956067457899092,-0.27986098742152643,0.01499962865844723,0.13428718473852741,0.99094245645948709,-6.17280918881219e-07,-8.1072419983460394e-07
43,0.40956067457899092,-0.27986098742152643,0.01499962865844723,0.13428718473852741,0.99094245645948709,-6.17280918881219e-07,-8.1072419983460394e-07
43,0.40956067457899092,-0.27986098742152643,0.01499962865844723,0.13428718473852741,0.99094245645948709,-6.17280918881219e-07,-8.1072419983460394e-07
43,0.40956067457899092,-0.27986098742152643,0.01499962865844723,0.13428718473852741,0.99094245645948709,-6.17280918881219e-07,-8.1072419983460394e-07
43,0.40956067457899092,-0.27986098742152643,0.01499962865844723,0.13428718473852741,0.99094245645948709,-6.17280918881219e-07,-8.1072419983460394e-07
43,0.40956067457899092,-0.27986098742152643,0.01499962865844723,0.13428718473852741,0.99094245645948709,-6.17280918881219e-07,-8.1072419983460394e-07
43,0.40956067457899092,-0.27986098742152643,0.01499962865844723,0.13428718473852741,0.99094245645948709,-6.17280918881219e-07,-8.1072419983460394e-07
43,0.40956067457899092,-0.27986098742152643,0.01499962865844723,0.13428718473852741,0.99094245645948709,-6.17280918881219e-07,-8.1072419983460394e-07
43,0.40956067457899092,-0.27986098742152643,0.01499962865844723,0.13428718473852741,0.99094245645948709,-6.17280918881219e-07,-8.1072419983460394e-07
43,0.40956067457899092,-0.27986098742152643,0.01499962865844723,0.13428718473852741,0.99094245645948709,-6.17280918881219e-07,-8.1072419983460394e-07
43,0.40956067457899092,-0.27986098742152643,0.01499962865844723,0.13428718473852741,0.99094245645948709,-6.17280918881219e-07,-8.1072419983460394e-07
43,0.40956067457899092,-0.27986098742152643,0.01499962865844723,0.13428718473852741,0.99094245645948709,-6.17280918881219e-07,-8.1072419983460394e-07
43,0.40956067457899092,-0.27986098742152643,0.01499962865844723,0.13428718473852741,0.99094245645948709,-6.17280918881219e-07,-8.1072419983460394e-07
43,0.40956067457899092,-0.27986098742152643,0.01499962865844723,0.13428718473852741,0.99094245645948709,-6.17280918881219e-07,-8.1072419983460394e-07
43,0.40956067457899092,-0.27986098742152643,0.01499962865844723,0.13428718473852741,0.99094245645948709,-6.17280918881219e-07,-8.1072419983460394e-07
43,0.40956067457899092,-0.27986098742152643,0.01499962865844723,0.13428718473852741,0.99094245645948709,-6.17280918881219e-07,-8.1072419983460394e-07
43,0.40956067457899092,-0.27986098742152643,0.01499962865844723,0.13428718473852741,0.99094245645948709,-6.17280918881219e-07,-8.1072419983460394e-07
43,0.40956067457899092,-0.27986098742152643,0.01499962865844723,0.13428718473852741,0.99094245645948709,-6.17280918881219e-07,-8.1072419983460394e-07
43,0.40956067457899092,-0.27986098742152643,0.01499962865844723,0.13428718473852741,0.99094245645948709,-6.17280918881219e-07,-8.1072419983460394e-07
43,0.40956067457899092,-0.27986098742152643,0.01499962865844723,0.13428718473852741,0.99094245645948709,-6.17280918881219e-07,-8.1072419983460394e-07
43,0.40956067457899092,-0.27986098742152643,0.01499962865844723,0.13428718473852741,0.99094245645948709,-6.17280918881219e-07,-8.1072419983460394e-07
43,0.40956067457899092,-0.27986098742152643,0.01499962865844723,0.13428718473852741,0.99094245645948709,-6.17280918881219e-07,-8.1072419983460394e-07
44,0.40956067457899092,-0.27986098742152643,0.01499962865844723,0.13428718473852741,0.99094245645948709,-6.17280918881219e-07,-8.1072419983460394e-07
44,0.40956067457899092,-0.27986098742152643,0.01499962865844723,0.13428718473852741,0.99094245645948709,-6.17280918881219e-07,-8.1072419983460394e-07
44,0.40956067457899092,-0.27986098742152643,0.01499962865844723,0.13428718473852741,0.99094245645948709,-6.17280918881219e-07,-8.1072419983460394e-07
44,0.40956067457899092,-0.27986098742152643,0.01499962865844723,0.13428718473852741,0.99094245645948709,-6.17280918881219e-07,-8.1072419983460394e-07
44,0.40956067457899092,-0.27986098742152643,0.01499962865844723,0.13428718473852741,0.99094245645948709,-6.17280918881219e-07,-8.1072419983460394e-07
44,0.40956067457899092,-0.27986098742152643,0.01499962865844723,0.13428718473852741,0.99094245645948709,-6.17280918881219e-07,-8.1072419983460394e-07
44,0.40956067457899092,-0.27986098742152643,0.01499962865844723,0.13428718473852741,0.99094245645948709,-6.17280918881219e-07,-8.1072419983460394e-07
44,0.40956067457899092,-0.27986098742152643,0.01499962865844723,0.13428718473852741,0.99094245645948709,-6.17280918881219e-07,-8.1072419983460394e-07
44,0.40956067457899092,-0.27986098742152643,0.01499962865844723,0.13428718473852741,0.99094245645948709,-6.17280918881219e-07,-8.1072419983460394e-07
44,0.40956067457899092,-0.27986098742152643,0.01499962865844723,0.13428718473852741,0.99094245645948709,-6.17280918881219e-07,-8.1072419983460394e-07
44,0.40956067457899092,-0.27986098742152643,0.01499962865844723,0.13428718473852741,0.99094245645948709,-6.17280918881219e-07,-8.1072419983460394e-07
44,0.40956067457899092,-0.27986098742152643,0.01499962865844723,0.13428718473852741,0.99094245645948709,-6.17280918881219e-07,-8.1072419983460394e-07
44,0.40956067457899092,-0.27986098742152643,0.01499962865844723,0.13428718473852741,0.99094245645948709,-6.17280918881219e-07,-8.1072419983460394e-07
44,0.40956067457899092,-0.27986098742152643,0.01499962865844723,0.13428718473852741,0.99094245645948709,-6.17280918881219e-07,-8.1072419983460394e-07
44,0.40956067457899092,-0.27986098742152643,0.01499962865844723,0.13428718473852741,0.99094245645948709,-6.17280918881219e-07,-8.1072419983460394e-07
44,0.40956067457899092,-0.27986098742152643,0.01499962865844723,0.13428718473852741,0.99094245645948709,-6.17280918881219e-07,-8.1072419983460394e-07
44,0.40956067457899092,-0.27986098742152643,0.01499962865844723,0.13428718473852741,0.99094245645948709,-6.17280918881219e-07,-8.1072419983460394e-07
44,0.40956067457899092,-0.27986098742152643,0.01499962865844723,0.13428718473852741,0.99094245645948709,-6.17280918881219e-07,-8.1072419983460394e-07
44,0.40956067457899092,-0.27986098742152643,0.01499962865844723,0.13428718473852741,0.99094245645948709,-6.17280918881219e-07,-8.1072419983460394e-07
44,0.40956067457899092,-0.27986098742152643,0.01499962865844723,0.13428718473852741,0.99094245645948709,-6.17280918881219e-07,-8.1072419983460394e-07
44,0.40956067457899092,-0.27986098742152643,0.01499962865844723,0.13428718473852741,0.99094245645948709,-6.17280918881219e-07,-8.1072419983460394e-07
44,0.40956067457899092,-0.27986098742152643,0.01499962865844723,0.13428718473852741,0.99094245645948709,-6.17280918881219e-07,-8.1072419983460394e-07
44,0.40956067457899092,-0.27986098742152643,0.01499962865844723,0.13428718473852741,0.99094245645948709,-6.17280918881219e-07,-8.1072419983460394e-07
44,0.40956067457899092,-0.27986098742152643,0.01499962865844723,0.13428718473852741,0.99094245645948709,-6.17280918881219e-07,-8.1072419983460394e-07
44,0.40956067457899092,-0.27986098742152643,0.01499962865844723,0.13428718473852741,0.99094245645948709,-6.17280918881219e-07,-8.1072419983460394e-07
44,0.40956067457899092,-0.27986098742152643,0.01499962865844723,0.13428718473852741,0.99094245645948709,-6.17280918881219e-07,-8.1072419983460394e-07
44,0.40956067457899092,-0.27986098742152643,0.01499962865844723,0.13428718473852741,0.99094245645948709,-6.17280918881219e-07,-8.1072419983460394e-07
44,0.40956067457899092,-0.27986098742152643,0.01499962865844723,0.13428718473852741,0.99094245645948709,-6.17280918881219e-07,-8.1072419983460394e-07
44,0.40956067457899092,-0.27986098742152643,0.01499962865844723,0.13428718473852741,0.99094245645948709,-6.17280918881219e-07,-8.1072419983460394e-07
44,0.40956067457899092,-0.27986098742152643,0.01499962865844723,0.13428718473852741,0.99094245645948709,-6.17280918881219e-07,-8.1072419983460394e-07
44,0.40956067457899092,-0.27986098742152643,0.01499962865844723,0.13428718473852741,0.99094245645948709,-6.17280918881219e-07,-8.1072419983460394e-07
44,0.40956067457899092,-0.27986098742152643,0.01499962865844723,0.13428718473852741,0.99094245645948709,-6.17280918881219e-07,-8.1072419983460394e-07
44,0.40956067457899092,-0.27986098742152643,0.01499962865844723,0.13428718473852741,0.99094245645948709,-6.17280918881219e-07,-8.1072419983460394e-07
44,0.40956067457899092,-0.27986098742152643,0.01499962865844723,0.13428718473852741,0.99094245645948709,-6.17280918881219e-07,-8.1072419983460394e-07
44,0.40956067457899092,-0.27986098742152643,0.01499962865844723,0.13428718473852741,0.99094245645948709,-6.17280918881219e-07,-8.1072419983460394e-07
44,0.40956067457899092,-0.27986098742152643,0.01499962865844723,0.13428718473852741,0.99094245645948709,-6.17280918881219e-07,-8.1072419983460394e-07
44,0.40956067457899092,-0.27986098742152643,0.01499962865844723,0.13428718473852741,0.99094245645948709,-6.17280918881219e-07,-8.1072419983460394e-07
44,0.40956067457899092,-0.27986098742152643,0.01499962865844723,0.13428718473852741,0.99094245645948709,-6.17280918881219e-07,-8.1072419983460394e-07
44,0.40956067457899092,-0.27986098742152643,0.01499962865844723,0.13428718473852741,0.99094245645948709,-6.17280918881219e-07,-8.1072419983460394e-07
44,0.40956067457899092,-0.27986098742152643,0.01499962865844723,0.13428718473852741,0.99094245645948709,-6.17280918881219e-07,-8.1072419983460394e-07
44,0.40956067457899092,-0.27986098742152643,0.01499962865844723,0.13428718473852741,0.99094245645948709,-6.17280918881219e-07,-8.1072419983460394e-07
44,0.40956067457899092,-0.27986098742152643,0.01499962865844723,0.13428718473852741,0.99094245645948709,-6.17280918881219e-07,-8.1072419983460394e-07
44,0.40956067457899092,-0.27986098742152643,0.01499962865844723,0.13428718473852741,0.99094245645948709,-6.17280918881219e-07,-8.1072419983460394e-07
44,0.40956067457899092,-0.27986098742152643,0.01499962865844723,0.13428718473852741,0.99094245645948709,-6.17280918881219e-07,-8.1072419983460394e-07
44,0.40956067457899092,-0.27986098742152643,0.01499962865844723,0.13428718473852741,0.99094245645948709,-6.17280918881219e-07,-8.1072419983460394e-07
44,0.40956067457899092,-0.27986098742152643,0.01499962865844723,0.13428718473852741,0.99094245645948709,-6.17280918881219e-07,-8.1072419983460394e-07
44,0.40956067457899092,-0.27986098742152643,0.01499962865844723,0.13428718473852741,0.99094245645948709,-6.17280918881219e-07,-8.1072419983460394e-07
44,0.40956067457899092,-0.27986098742152643,0.01499962865844723,0.13428718473852741,0.99094245645948709,-6.17280918881219e-07,-8.1072419983460394e-07
44,0.40956067457899092,-0.27986098742152643,0.01499962865844723,0.13428718473852741,0.99094245645948709,-6.17280918881219e-07,-8.1072419983460394e-07
44,0.40956067457899092,-0.27986098742152643,0.01499962865844723,0.13428718473852741,0.99094245645948709,-6.17280918881219e-07,-8.1072419983460394e-07
45,0.40956067457899092,-0.27986098742152643,0.01499962865844723,0.13428718473852741,0.99094245645948709,-6.17280918881219e-07,-8.1072419983460394e-07
45,0.40956067457899092,-0.27986098742152643,0.01499962865844723,0.13428718473852741,0.99094245645948709,-6.17280918881219e-07,-8.1072419983460394e-07
45,0.40956067457899092,-0.27986098742152643,0.01499962865844723,0.13428718473852741,0.99094245645948709,-6.17280918881219e-07,-8.1072419983460394e-07
45,0.40956067457899092,-0.27986098742152643,0.01499962865844723,0.13428718473852741,0.99094245645948709,-6.17280918881219e-07,-8.1072419983460394e-07
45,0.40956067457899092,-0.27986098742152643,0.01499962865844723,0.13428718473852741,0.99094245645948709,-6.17280918881219e-07,-8.1072419983460394e-07
45,0.40956067457899092,-0.27986098742152643,0.01499962865844723,0.13428718473852741,0.99094245645948709,-6.17280918881219e-07,-8.1072419983460394e-07
45,0.40956067457899092,-0.27986098742152643,0.01499962865844723,0.13428718473852741,0.99094245645948709,-6.17280918881219e-07,-8.1072419983460394e-07
45,0.40956067457899092,-0.27986098742152643,0.01499962865844723,0.13428718473852741,0.99094245645948709,-6.17280918881219e-07,-8.1072419983460394e-07
45,0.40956067457899092,-0.27986098742152643,0.01499962865844723,0.13428718473852741,0.99094245645948709,-6.17280918881219e-07,-8.1072419983460394e-07
45,0.40956067457899092,-0.27986098742152643,0.01499962865844723,0.13428718473852741,0.99094245645948709,-6.17280918881219e-07,-8.1072419983460394e-07
45,0.40956067457899092,-0.27986098742152643,0.01499962865844723,0.13428718473852741,0.99094245645948709,-6.17280918881219e-07,-8.1072419983460394e-07
45,0.40956067457899092,-0.27986098742152643,0.01499962865844723,0.13428718473852741,0.99094245645948709,-6.17280918881219e-07,-8.1072419983460394e-07
45,0.40956067457899092,-0.27986098742152643,0.01499962865844723,0.13428718473852741,0.99094245645948709,-6.17280918881219e-07,-8.1072419983460394e-07
45,0.40956067457899092,-0.27986098742152643,0.01499962865844723,0.13428718473852741,0.99094245645948709,-6.17280918881219e-07,-8.1072419983460394e-07
45,0.40956067457899092,-0.27986098742152643,0.01499962865844723,0.13428718473852741,0.99094245645948709,-6.17280918881219e-07,-8.1072419983460394e-07
45,0.40956067457899092,-0.27986098742152643,0.01499962865844723,0.13428718473852741,0.99094245645948709,-6.17280918881219e-07,-8.1072419983460394e-07
45,0.40956067457899092,-0.27986098742152643,0.01499962865844723,0.13428718473852741,0.99094245645948709,-6.17280918881219e-07,-8.1072419983460394e-07
45,0.40956067457899092,-0.27986098742152643,0.01499962865844723,0.13428718473852741,0.99094245645948709,-6.17280918881219e-07,-8.1072419983460394e-07
45,0.40956067457899092,-0.27986098742152643,0.01499962865844723,0.13428718473852741,0.99094245645948709,-6.17280918881219e-07,-8.1072419983460394e-07
45,0.40956067457899092,-0.27986098742152643,0.01499962865844723,0.13428718473852741,0.99094245645948709,-6.17280918881219e-07,-8.1072419983460394e-07
45,0.40956067457899092,-0.27986098742152643,0.01499962865844723,0.13428718473852741,0.99094245645948709,-6.17280918881219e-07,-8.1072419983460394e-07
45,0.40956067457899092,-0.27986098742152643,0.01499962865844723,0.13428718473852741,0.99094245645948709,-6.17280918881219e-07,-8.1072419983460394e-07
45,0.40956067457899092,-0.27986098742152643,0.01499962865844723,0.13428718473852741,0.99094245645948709,-6.17280918881219e-07,-8.1072419983460394e-07
45,0.40956067457899092,-0.27986098742152643,0.01499962865844723,0.13428718473852741,0.99094245645948709,-6.17280918881219e-07,-8.1072419983460394e-07
45,0.40956067457899092,-0.27986098742152643,0.01499962865844723,0.13428718473852741,0.99094245645948709,-6.17280918881219e-07,-8.1072419983460394e-07
45,0.40956067457899092,-0.27986098742152643,0.01499962865844723,0.13428718473852741,0.99094245645948709,-6.17280918881219e-07,-8.1072419983460394e-07
45,0.40956067457899092,-0.27986098742152643,0.01499962865844723,0.13428718473852741,0.99094245645948709,-6.17280918881219e-07,-8.1072419983460394e-07
45,0.40956067457899092,-0.27986098742152643,0.01499962865844723,0.13428718473852741,0.99094245645948709,-6.17280918881219e-07,-8.1072419983460394e-07
45,0.40956067457899092,-0.27986098742152643,0.01499962865844723,0.13428718473852741,0.99094245645948709,-6.17280918881219e-07,-8.1072419983460394e-07
45,0.40956067457899092,-0.27986098742152643,0.01499962865844723,0.13428718473852741,0.99094245645948709,-6.17280918881219e-07,-8.1072419983460394e-07
45,0.40956067457899092,-0.27986098742152643,0.01499962865844723,0.13428718473852741,0.99094245645948709,-6.17280918881219e-07,-8.1072419983460394e-07
45,0.40956067457899092,-0.27986098742152643,0.01499962865844723,0.13428718473852741,0.99094245645948709,-6.17280918881219e-07,-8.1072419983460394e-07
45,0.40956067457899092,-0.27986098742152643,0.01499962865844723,0.13428718473852741,0.99094245645948709,-6.17280918881219e-07,-8.1072419983460394e-07
45,0.40956067457899092,-0.27986098742152643,0.01499962865844723,0.13428718473852741,0.99094245645948709,-6.17280918881219e-07,-8.1072419983460394e-07
45,0.40956067457899092,-0.27986098742152643,0.01499962865844723,0.13428718473852741,0.99094245645948709,-6.17280918881219e-07,-8.1072419983460394e-07
45,0.40956067457899092,-0.27986098742152643,0.01499962865844723,0.13428718473852741,0.99094245645948709,-6.17280918881219e-07,-8.1072419983460394e-07
45,0.40956067457899092,-0.27986098742152643,0.01499962865844723,0.13428718473852741,0.99094245645948709,-6.17280918881219e-07,-8.1072419983460394e-07
45,0.40956067457899092,-0.27986098742152643,0.01499962865844723,0.13428718473852741,0.99094245645948709,-6.17280918881219e-07,-8.1072419983460394e-07
45,0.40956067457899092,-0.27986098742152643,0.01499962865844723,0.13428718473852741,0.99094245645948709,-6.17280918881219e-07,-8.1072419983460394e-07
45,0.40956067457899092,-0.27986098742152643,0.01499962865844723,0.13428718473852741,0.99094245645948709,-6.17280918881219e-07,-8.1072419983460394e-07
45,0.40956067457899092,-0.27986098742152643,0.01499962865844723,0.13428718473852741,0.99094245645948709,-6.17280918881219e-07,-8.1072419983460394e-07
45,0.40956067457899092,-0.27986098742152643,0.01499962865844723,0.13428718473852741,0.99094245645948709,-6.17280918881219e-07,-8.1072419983460394e-07
45,0.40956067457899092,-0.27986098742152643,0.01499962865844723,0.13428718473852741,0.99094245645948709,-6.17280918881219e-07,-8.1072419983460394e-07
45,0.40956067457899092,-0.27986098742152643,0.01499962865844723,0.13428718473852741,0.99094245645948709,-6.17280918881219e-07,-8.1072419983460394e-07
45,0.40956067457899092,-0.27986098742152643,0.01499962865844723,0.13428718473852741,0.99094245645948709,-6.17280918881219e-07,-8.1072419983460394e-07
45,0.40956067457899092,-0.27986098742152643,0.01499962865844723,0.13428718473852741,0.99094245645948709,-6.17280918881219e-07,-8.1072419983460394e-07
45,0.40956067457899092,-0.27986098742152643,0.01499962865844723,0.13428718473852741,0.99094245645948709,-6.17280918881219e-07,-8.1072419983460394e-07
45,0.40956067457899092,-0.27986098742152643,0.01499962865844723,0.13428718473852741,0.99094245645948709,-6.17280918881219e-07,-8.1072419983460394e-07
45,0.40956067457899092,-0.27986098742152643,0.01499962865844723,0.13428718473852741,0.99094245645948709,-6.17280918881219e-07,-8.1072419983460394e-07
45,0.40956067457899092,-0.27986098742152643,0.01499962865844723,0.13428718473852741,0.99094245645948709,-6.17280918881219e-07,-8.1072419983460394e-07
46,0.40956067457899092,-0.27986098742152643,0.01499962865844723,0.13428718473852741,0.99094245645948709,-6.17280918881219e-07,-8.1072419983460394e-07
46,0.40956067457899092,-0.27986098742152643,0.01499962865844723,0.13428718473852741,0.99094245645948709,-6.17280918881219e-07,-8.1072419983460394e-07
46,0.40956067457899092,-0.27986098742152643,0.01499962865844723,0.13428718473852741,0.99094245645948709,-6.17280918881219e-07,-8.1072419983460394e-07
46,0.40956067457899092,-0.27986098742152643,0.01499962865844723,0.13428718473852741,0.99094245645948709,-6.17280918881219e-07,-8.1072419983460394e-07
46,0.40956067457899092,-0.27986098742152643,0.01499962865844723,0.13428718473852741,0.99094245645948709,-6.17280918881219e-07,-8.1072419983460394e-07
46,0.40956067457899092,-0.27986098742152643,0.01499962865844723,0.13428718473852741,0.99094245645948709,-6.17280918881219e-07,-8.1072419983460394e-07
46,0.40956067457899092,-0.27986098742152643,0.01499962865844723,0.13428718473852741,0.99094245645948709,-6.17280918881219e-07,-8.1072419983460394e-07
46,0.40956067457899092,-0.27986098742152643,0.01499962865844723,0.13428718473852741,0.99094245645948709,-6.17280918881219e-07,-8.1072419983460394e-07
46,0.40956067457899092,-0.27986098742152643,0.01499962865844723,0.13428718473852741,0.99094245645948709,-6.17280918881219e-07,-8.1072419983460394e-07
46,0.40956067457899092,-0.27986098742152643,0.01499962865844723,0.13428718473852741,0.99094245645948709,-6.17280918881219e-07,-8.1072419983460394e-07
46,0.40956067457899092,-0.27986098742152643,0.01499962865844723,0.13428718473852741,0.99094245645948709,-6.17280918881219e-07,-8.1072419983460394e-07
46,0.40956067457899092,-0.27986098742152643,0.01499962865844723,0.13428718473852741,0.99094245645948709,-6.17280918881219e-07,-8.1072419983460394e-07
46,0.40956067457899092,-0.27986098742152643,0.01499962865844723,0.13428718473852741,0.99094245645948709,-6.17280918881219e-07,-8.1072419983460394e-07
46,0.40956067457899092,-0.27986098742152643,0.01499962865844723,0.13428718473852741,0.99094245645948709,-6.17280918881219e-07,-8.1072419983460394e-07
46,0.40956067457899092,-0.27986098742152643,0.01499962865844723,0.13428718473852741,0.99094245645948709,-6.17280918881219e-07,-8.1072419983460394e-07
46,0.40956067457899092,-0.27986098742152643,0.01499962865844723,0.13428718473852741,0.99094245645948709,-6.17280918881219e-07,-8.1072419983460394e-07
46,0.40956067457899092,-0.27986098742152643,0.01499962865844723,0.13428718473852741,0.99094245645948709,-6.17280918881219e-07,-8.1072419983460394e-07
46,0.40956067457899092,-0.27986098742152643,0.01499962865844723,0.13428718473852741,0.99094245645948709,-6.17280918881219e-07,-8.1072419983460394e-07
46,0.40956067457899092,-0.27986098742152643,0.01499962865844723,0.13428718473852741,0.99094245645948709,-6.17280918881219e-07,-8.1072419983460394e-07
46,0.40956067457899092,-0.27986098742152643,0.01499962865844723,0.13428718473852741,0.99094245645948709,-6.17280918881219e-07,-8.1072419983460394e-07
46,0.40956067457899092,-0.27986098742152643,0.01499962865844723,0.13428718473852741,0.99094245645948709,-6.17280918881219e-07,-8.1072419983460394e-07
46,0.40956067457899092,-0.27986098742152643,0.01499962865844723,0.13428718473852741,0.99094245645948709,-6.17280918881219e-07,-8.1072419983460394e-07
46,0.40956067457899092,-0.27986098742152643,0.01499962865844723,0.13428718473852741,0.99094245645948709,-6.17280918881219e-07,-8.1072419983460394e-07
46,0.40956067457899092,-0.27986098742152643,0.01499962865844723,0.13428718473852741,0.99094245645948709,-6.17280918881219e-07,-8.1072419983460394e-07
46,0.40956067457899092,-0.27986098742152643,0.01499962865844723,0.13428718473852741,0.99094245645948709,-6.17280918881219e-07,-8.1072419983460394e-07
46,0.40956067457899092,-0.27986098742152643,0.01499962865844723,0.13428718473852741,0.99094245645948709,-6.17280918881219e-07,-8.1072419983460394e-07
46,0.40956067457899092,-0.27986098742152643,0.01499962865844723,0.13428718473852741,0.99094245645948709,-6.17280918881219e-07,-8.1072419983460394e-07
46,0.40956067457899092,-0.27986098742152643,0.01499962865844723,0.13428718473852741,0.99094245645948709,-6.17280918881219e-07,-8.1072419983460394e-07
46,0.40956067457899092,-0.27986098742152643,0.01499962865844723,0.13428718473852741,0.99094245645948709,-6.17280918881219e-07,-8.1072419983460394e-07
46,0.40956067457899092,-0.27986098742152643,0.01499962865844723,0.13428718473852741,0.99094245645948709,-6.17280918881219e-07,-8.1072419983460394e-07
46,0.40956067457899092,-0.27986098742152643,0.01499962865844723,0.13428718473852741,0.99094245645948709,-6.17280918881219e-07,-8.1072419983460394e-07
46,0.40956067457899092,-0.27986098742152643,0.01499962865844723,0.13428718473852741,0.99094245645948709,-6.17280918881219e-07,-8.1072419983460394e-07
46,0.40956067457899092,-0.27986098742152643,0.01499962865844723,0.13428718473852741,0.99094245645948709,-6.17280918881219e-07,-8.1072419983460394e-07
46,0.40956067457899092,-0.27986098742152643,0.01499962865844723,0.13428718473852741,0.99094245645948709,-6.17280918881219e-07,-8.1072419983460394e-07
46,0.40956067457899092,-0.27986098742152643,0.01499962865844723,0.13428718473852741,0.99094245645948709,-6.17280918881219e-07,-8.1072419983460394e-07
46,0.40956067457899092,-0.27986098742152643,0.01499962865844723,0.13428718473852741,0.99094245645948709,-6.17280918881219e-07,-8.1072419983460394e-07
46,0.40956067457899092,-0.27986098742152643,0.01499962865844723,0.13428718473852741,0.99094245645948709,-6.17280918881219e-07,-8.1072419983460394e-07
46,0.40956067457899092,-0.27986098742152643,0.01499962865844723,0.13428718473852741,0.99094245645948709,-6.17280918881219e-07,-8.1072419983460394e-07
46,0.40956067457899092,-0.27986098742152643,0.01499962865844723,0.13428718473852741,0.99094245645948709,-6.17280918881219e-07,-8.1072419983460394e-07
46,0.40956067457899092,-0.27986098742152643,0.01499962865844723,0.13428718473852741,0.99094245645948709,-6.17280918881219e-07,-8.1072419983460394e-07
46,0.40956067457899092,-0.27986098742152643,0.01499962865844723,0.13428718473852741,0.99094245645948709,-6.17280918881219e-07,-8.1072419983460394e-07
46,0.40956067457899092,-0.27986098742152643,0.01499962865844723,0.13428718473852741,0.99094245645948709,-6.17280918881219e-07,-8.1072419983460394e-07
46,0.40956067457899092,-0.27986098742152643,0.01499962865844723,0.13428718473852741,0.99094245645948709,-6.17280918881219e-07,-8.1072419983460394e-07
46,0.40956067457899092,-0.27986098742152643,0.01499962865844723,0.13428718473852741,0.99094245645948709,-6.17280918881219e-07,-8.1072419983460394e-07
46,0.40956067457899092,-0.27986098742152643,0.01499962865844723,0.13428718473852741,0.99094245645948709,-6.17280918881219e-07,-8.1072419983460394e-07
46,0.40956067457899092,-0.27986098742152643,0.01499962865844723,0.13428718473852741,0.99094245645948709,-6.17280918881219e-07,-8.1072419983460394e-07
46,0.40956067457899092,-0.27986098742152643,0.01499962865844723,0.13428718473852741,0.99094245645948709,-6.17280918881219e-07,-8.1072419983460394e-07
46,0.40956067457899092,-0.27986098742152643,0.01499962865844723,0.13428718473852741,0.99094245645948709,-6.17280918881219e-07,-8.1072419983460394e-07
46,0.40956067457899092,-0.27986098742152643,0.01499962865844723,0.13428718473852741,0.99094245645948709,-6.17280918881219e-07,-8.1072419983460394e-07
46,0.40956067457899092,-0.27986098742152643,0.01499962865844723,0.13428718473852741,0.99094245645948709,-6.17280918881219e-07,-8.1072419983460394e-07
47,0.40956067457899092,-0.27986098742152643,0.01499962865844723,0.13428718473852741,0.99094245645948709,-6.17280918881219e-07,-8.1072419983460394e-07
47,0.40956067457899092,-0.27986098742152643,0.01499962865844723,0.13428718473852741,0.99094245645948709,-6.17280918881219e-07,-8.1072419983460394e-07
47,0.40956067457899092,-0.27986098742152643,0.01499962865844723,0.13428718473852741,0.99094245645948709,-6.17280918881219e-07,-8.1072419983460394e-07
47,0.40956067457899092,-0.27986098742152643,0.01499962865844723,0.13428718473852741,0.99094245645948709,-6.17280918881219e-07,-8.1072419983460394e-07
47,0.40956067457899092,-0.27986098742152643,0.01499962865844723,0.13428718473852741,0.99094245645948709,-6.17280918881219e-07,-8.1072419983460394e-07
47,0.40956067457899092,-0.27986098742152643,0.01499962865844723,0.13428718473852741,0.99094245645948709,-6.17280918881219e-07,-8.1072419983460394e-07
47,0.40956067457899092,-0.27986098742152643,0.01499962865844723,0.13428718473852741,0.99094245645948709,-6.17280918881219e-07,-8.1072419983460394e-07
47,0.40956067457899092,-0.27986098742152643,0.01499962865844723,0.13428718473852741,0.99094245645948709,-6.17280918881219e-07,-8.1072419983460394e-07
47,0.40956067457899092,-0.27986098742152643,0.01499962865844723,0.13428718473852741,0.99094245645948709,-6.17280918881219e-07,-8.1072419983460394e-07
47,0.40956067457899092,-0.27986098742152643,0.01499962865844723,0.13428718473852741,0.99094245645948709,-6.17280918881219e-07,-8.1072419983460394e-07
47,0.40956067457899092,-0.27986098742152643,0.01499962865844723,0.13428718473852741,0.99094245645948709,-6.17280918881219e-07,-8.1072419983460394e-07
47,0.40956067457899092,-0.27986098742152643,0.01499962865844723,0.13428718473852741,0.99094245645948709,-6.17280918881219e-07,-8.1072419983460394e-07
47,0.40956067457899092,-0.27986098742152643,0.01499962865844723,0.13428718473852741,0.99094245645948709,-6.17280918881219e-07,-8.1072419983460394e-07
47,0.40956067457899092,-0.27986098742152643,0.01499962865844723,0.13428718473852741,0.99094245645948709,-6.17280918881219e-07,-8.1072419983460394e-07
47,0.40956067457899092,-0.27986098742152643,0.01499962865844723,0.13428718473852741,0.99094245645948709,-6.17280918881219e-07,-8.1072419983460394e-07
47,0.40956067457899092,-0.27986098742152643,0.01499962865844723,0.13428718473852741,0.99094245645948709,-6.17280918881219e-07,-8.1072419983460394e-07
47,0.40956067457899092,-0.27986098742152643,0.01499962865844723,0.13428718473852741,0.99094245645948709,-6.17280918881219e-07,-8.1072419983460394e-07
47,0.40956067457899092,-0.27986098742152643,0.01499962865844723,0.13428718473852741,0.99094245645948709,-6.17280918881219e-07,-8.1072419983460394e-07
47,0.40956067457899092,-0.27986098742152643,0.01499962865844723,0.13428718473852741,0.99094245645948709,-6.17280918881219e-07,-8.1072419983460394e-07
47,0.40956067457899092,-0.27986098742152643,0.01499962865844723,0.13428718473852741,0.99094245645948709,-6.17280918881219e-07,-8.1072419983460394e-07
47,0.40956067457899092,-0.27986098742152643,0.01499962865844723,0.13428718473852741,0.99094245645948709,-6.17280918881219e-07,-8.1072419983460394e-07
47,0.40956067457899092,-0.27986098742152643,0.01499962865844723,0.13428718473852741,0.99094245645948709,-6.17280918881219e-07,-8.1072419983460394e-07
47,0.40956067457899092,-0.27986098742152643,0.01499962865844723,0.13428718473852741,0.99094245645948709,-6.17280918881219e-07,-8.1072419983460394e-07
47,0.40956067457899092,-0.27986098742152643,0.01499962865844723,0.13428718473852741,0.99094245645948709,-6.17280918881219e-07,-8.1072419983460394e-07
47,0.40956067457899092,-0.27986098742152643,0.01499962865844723,0.13428718473852741,0.99094245645948709,-6.17280918881219e-07,-8.1072419983460394e-07
47,0.40956067457899092,-0.27986098742152643,0.01499962865844723,0.13428718473852741,0.99094245645948709,-6.17280918881219e-07,-8.1072419983460394e-07
47,0.40956067457899092,-0.27986098742152643,0.01499962865844723,0.13428718473852741,0.99094245645948709,-6.17280918881219e-07,-8.1072419983460394e-07
47,0.40956067457899092,-0.27986098742152643,0.01499962865844723,0.13428718473852741,0.99094245645948709,-6.17280918881219e-07,-8.1072419983460394e-07
47,0.40956067457899092,-0.27986098742152643,0.01499962865844723,0.13428718473852741,0.99094245645948709,-6.17280918881219e-07,-8.1072419983460394e-07
47,0.40956067457899092,-0.27986098742152643,0.01499962865844723,0.13428718473852741,0.99094245645948709,-6.17280918881219e-07,-8.1072419983460394e-07
47,0.40956067457899092,-0.27986098742152643,0.01499962865844723,0.13428718473852741,0.99094245645948709,-6.17280918881219e-07,-8.1072419983460394e-07
47,0.40956067457899092,-0.27986098742152643,0.01499962865844723,0.13428718473852741,0.99094245645948709,-6.17280918881219e-07,-8.1072419983460394e-07
47,0.40956067457899092,-0.27986098742152643,0.01499962865844723,0.13428718473852741,0.99094245645948709,-6.17280918881219e-07,-8.1072419983460394e-07
47,0.40956067457899092,-0.27986098742152643,0.01499962865844723,0.13428718473852741,0.99094245645948709,-6.17280918881219e-07,-8.1072419983460394e-07
47,0.40956067457899092,-0.27986098742152643,0.01499962865844723,0.13428718473852741,0.99094245645948709,-6.17280918881219e-07,-8.1072419983460394e-07
47,0.40956067457899092,-0.27986098742152643,0.01499962865844723,0.13428718473852741,0.99094245645948709,-6.17280918881219e-07,-8.1072419983460394e-07
47,0.40956067457899092,-0.27986098742152643,0.01499962865844723,0.13428718473852741,0.99094245645948709,-6.17280918881219e-07,-8.1072419983460394e-07
47,0.40956067457899092,-0.27986098742152643,0.01499962865844723,0.13428718473852741,0.99094245645948709,-6.17280918881219e-07,-8.1072419983460394e-07
47,0.40956067457899092,-0.27986098742152643,0.01499962865844723,0.13428718473852741,0.99094245645948709,-6.17280918881219e-07,-8.1072419983460394e-07
47,0.40956067457899092,-0.27986098742152643,0.01499962865844723,0.13428718473852741,0.99094245645948709,-6.17280918881219e-07,-8.1072419983460394e-07
47,0.40956067457899092,-0.27986098742152643,0.01499962865844723,0.13428718473852741,0.99094245645948709,-6.17280918881219e-07,-8.1072419983460394e-07
47,0.40956067457899092,-0.27986098742152643,0.01499962865844723,0.13428718473852741,0.99094245645948709,-6.17280918881219e-07,-8.1072419983460394e-07
47,0.40956067457899092,-0.27986098742152643,0.01499962865844723,0.13428718473852741,0.99094245645948709,-6.17280918881219e-07,-8.1072419983460394e-07
47,0.40956067457899092,-0.27986098742152643,0.01499962865844723,0.13428718473852741,0.99094245645948709,-6.17280918881219e-07,-8.1072419983460394e-07
47,0.40956067457899092,-0.27986098742152643,0.01499962865844723,0.13428718473852741,0.99094245645948709,-6.17280918881219e-07,-8.1072419983460394e-07
47,0.40956067457899092,-0.27986098742152643,0.01499962865844723,0.13428718473852741,0.99094245645948709,-6.17280918881219e-07,-8.1072419983460394e-07
47,0.40956067457899092,-0.27986098742152643,0.01499962865844723,0.13428718473852741,0.99094245645948709,-6.17280918881219e-07,-8.1072419983460394e-07
47,0.40956067457899092,-0.27986098742152643,0.01499962865844723,0.13428718473852741,0.99094245645948709,-6.17280918881219e-07,-8.1072419983460394e-07
47,0.40956067457899092,-0.27986098742152643,0.01499962865844723,0.13428718473852741,0.99094245645948709,-6.17280918881219e-07,-8.1072419983460394e-07
47,0.40956067457899092,-0.27986098742152643,0.01499962865844723,0.13428718473852741,0.99094245645948709,-6.17280918881219e-07,-8.1072419983460394e-07
48,0.40956067457899092,-0.27986098742152643,0.01499962865844723,0.13428718473852741,0.99094245645948709,-6.17280918881219e-07,-8.1072419983460394e-07
48,0.40956067457899092,-0.27986098742152643,0.01499962865844723,0.13428718473852741,0.99094245645948709,-6.17280918881219e-07,-8.1072419983460394e-07
48,0.40956067457899092,-0.27986098742152643,0.01499962865844723,0.13428718473852741,0.99094245645948709,-6.17280918881219e-07,-8.1072419983460394e-07
48,0.40956067457899092,-0.27986098742152643,0.01499962865844723,0.13428718473852741,0.99094245645948709,-6.17280918881219e-07,-8.1072419983460394e-07
48,0.40956067457899092,-0.27986098742152643,0.01499962865844723,0.13428718473852741,0.99094245645948709,-6.17280918881219e-07,-8.1072419983460394e-07
48,0.40956067457899092,-0.27986098742152643,0.01499962865844723,0.13428718473852741,0.99094245645948709,-6.17280918881219e-07,-8.1072419983460394e-07
48,0.40956067457899092,-0.27986098742152643,0.01499962865844723,0.13428718473852741,0.99094245645948709,-6.17280918881219e-07,-8.1072419983460394e-07
48,0.40956067457899092,-0.27986098742152643,0.01499962865844723,0.13428718473852741,0.99094245645948709,-6.17280918881219e-07,-8.1072419983460394e-07
48,0.40956067457899092,-0.27986098742152643,0.01499962865844723,0.13428718473852741,0.99094245645948709,-6.17280918881219e-07,-8.1072419983460394e-07
48,0.40956067457899092,-0.27986098742152643,0.01499962865844723,0.13428718473852741,0.99094245645948709,-6.17280918881219e-07,-8.1072419983460394e-07
48,0.40956067457899092,-0.27986098742152643,0.01499962865844723,0.13428718473852741,0.99094245645948709,-6.17280918881219e-07,-8.1072419983460394e-07
48,0.40956067457899092,-0.27986098742152643,0.01499962865844723,0.13428718473852741,0.99094245645948709,-6.17280918881219e-07,-8.1072419983460394e-07
48,0.40956067457899092,-0.27986098742152643,0.01499962865844723,0.13428718473852741,0.99094245645948709,-6.17280918881219e-07,-8.1072419983460394e-07
48,0.40956067457899092,-0.27986098742152643,0.01499962865844723,0.13428718473852741,0.99094245645948709,-6.17280918881219e-07,-8.1072419983460394e-07
48,0.40956067457899092,-0.27986098742152643,0.01499962865844723,0.13428718473852741,0.99094245645948709,-6.17280918881219e-07,-8.1072419983460394e-07
48,0.40956067457899092,-0.27986098742152643,0.01499962865844723,0.13428718473852741,0.99094245645948709,-6.17280918881219e-07,-8.1072419983460394e-07
48,0.40956067457899092,-0.27986098742152643,0.01499962865844723,0.13428718473852741,0.99094245645948709,-6.17280918881219e-07,-8.1072419983460394e-07
48,0.40956067457899092,-0.27986098742152643,0.01499962865844723,0.13428718473852741,0.99094245645948709,-6.17280918881219e-07,-8.1072419983460394e-07
48,0.40956067457899092,-0.27986098742152643,0.01499962865844723,0.13428718473852741,0.99094245645948709,-6.17280918881219e-07,-8.1072419983460394e-07
48,0.40956067457899092,-0.27986098742152643,0.01499962865844723,0.13428718473852741,0.99094245645948709,-6.17280918881219e-07,-8.1072419983460394e-07
48,0.40956067457899092,-0.27986098742152643,0.01499962865844723,0.13428718473852741,0.99094245645948709,-6.17280918881219e-07,-8.1072419983460394e-07
48,0.40956067457899092,-0.27986098742152643,0.01499962865844723,0.13428718473852741,0.99094245645948709,-6.17280918881219e-07,-8.1072419983460394e-07
48,0.40956067457899092,-0.27986098742152643,0.01499962865844723,0.13428718473852741,0.99094245645948709,-6.17280918881219e-07,-8.1072419983460394e-07
48,0.40956067457899092,-0.27986098742152643,0.01499962865844723,0.13428718473852741,0.99094245645948709,-6.17280918881219e-07,-8.1072419983460394e-07
48,0.40956067457899092,-0.27986098742152643,0.01499962865844723,0.13428718473852741,0.99094245645948709,-6.17280918881219e-07,-8.1072419983460394e-07
48,0.40956067457899092,-0.27986098742152643,0.01499962865844723,0.13428718473852741,0.99094245645948709,-6.17280918881219e-07,-8.1072419983460394e-07
48,0.40956067457899092,-0.27986098742152643,0.01499962865844723,0.13428718473852741,0.99094245645948709,-6.17280918881219e-07,-8.1072419983460394e-07
48,0.40956067457899092,-0.27986098742152643,0.01499962865844723,0.13428718473852741,0.99094245645948709,-6.17280918881219e-07,-8.1072419983460394e-07
48,0.40956067457899092,-0.27986098742152643,0.01499962865844723,0.13428718473852741,0.99094245645948709,-6.17280918881219e-07,-8.1072419983460394e-07
48,0.40956067457899092,-0.27986098742152643,0.01499962865844723,0.13428718473852741,0.99094245645948709,-6.17280918881219e-07,-8.1072419983460394e-07
48,0.40956067457899092,-0.27986098742152643,0.01499962865844723,0.13428718473852741,0.99094245645948709,-6.17280918881219e-07,-8.1072419983460394e-07
48,0.40956067457899092,-0.27986098742152643,0.01499962865844723,0.13428718473852741,0.99094245645948709,-6.17280918881219e-07,-8.1072419983460394e-07
48,0.40956067457899092,-0.27986098742152643,0.01499962865844723,0.13428718473852741,0.99094245645948709,-6.17280918881219e-07,-8.1072419983460394e-07
48,0.40956067457899092,-0.27986098742152643,0.01499962865844723,0.13428718473852741,0.99094245645948709,-6.17280918881219e-07,-8.1072419983460394e-07
48,0.40956067457899092,-0.27986098742152643,0.01499962865844723,0.13428718473852741,0.99094245645948709,-6.17280918881219e-07,-8.1072419983460394e-07
48,0.40956067457899092,-0.27986098742152643,0.01499962865844723,0.13428718473852741,0.99094245645948709,-6.17280918881219e-07,-8.1072419983460394e-07
48,0.40956067457899092,-0.27986098742152643,0.01499962865844723,0.13428718473852741,0.99094245645948709,-6.17280918881219e-07,-8.1072419983460394e-07
48,0.40956067457899092,-0.27986098742152643,0.01499962865844723,0.13428718473852741,0.99094245645948709,-6.17280918881219e-07,-8.1072419983460394e-07
48,0.40956067457899092,-0.27986098742152643,0.01499962865844723,0.13428718473852741,0.99094245645948709,-6.17280918881219e-07,-8.1072419983460394e-07
48,0.40956067457899092,-0.27986098742152643,0.01499962865844723,0.13428718473852741,0.99094245645948709,-6.17280918881219e-07,-8.1072419983460394e-07
48,0.40956067457899092,-0.27986098742152643,0.01499962865844723,0.13428718473852741,0.99094245645948709,-6.17280918881219e-07,-8.1072419983460394e-07
48,0.40956067457899092,-0.27986098742152643,0.01499962865844723,0.13428718473852741,0.99094245645948709,-6.17280918881219e-07,-8.1072419983460394e-07
48,0.40956067457899092,-0.27986098742152643,0.01499962865844723,0.13428718473852741,0.99094245645948709,-6.17280918881219e-07,-8.1072419983460394e-07
48,0.40956067457899092,-0.27986098742152643,0.01499962865844723,0.13428718473852741,0.99094245645948709,-6.17280918881219e-07,-8.1072419983460394e-07
48,0.40956067457899092,-0.27986098742152643,0.01499962865844723,0.13428718473852741,0.99094245645948709,-6.17280918881219e-07,-8.1072419983460394e-07
48,0.40956067457899092,-0.27986098742152643,0.01499962865844723,0.13428718473852741,0.99094245645948709,-6.17280918881219e-07,-8.1072419983460394e-07
48,0.40956067457899092,-0.27986098742152643,0.01499962865844723,0.13428718473852741,0.99094245645948709,-6.17280918881219e-07,-8.1072419983460394e-07
48,0.40956067457899092,-0.27986098742152643,0.01499962865844723,0.13428718473852741,0.99094245645948709,-6.17280918881219e-07,-8.1072419983460394e-07
48,0.40956067457899092,-0.27986098742152643,0.01499962865844723,0.13428718473852741,0.99094245645948709,-6.17280918881219e-07,-8.1072419983460394e-07
48,0.40956067457899092,-0.27986098742152643,0.01499962865844723,0.13428718473852741,0.99094245645948709,-6.17280918881219e-07,-8.1072419983460394e-07
49,0.40956067457899092,-0.27986098742152643,0.01499962865844723,0.13428718473852741,0.99094245645948709,-6.17280918881219e-07,-8.1072419983460394e-07
49,0.40956067457899092,-0.27986098742152643,0.01499962865844723,0.13428718473852741,0.99094245645948709,-6.17280918881219e-07,-8.1072419983460394e-07
49,0.40956067457899092,-0.27986098742152643,0.01499962865844723,0.13428718473852741,0.99094245645948709,-6.17280918881219e-07,-8.1072419983460394e-07
49,0.40956067457899092,-0.27986098742152643,0.01499962865844723,0.13428718473852741,0.99094245645948709,-6.17280918881219e-07,-8.1072419983460394e-07
49,0.40956067457899092,-0.27986098742152643,0.01499962865844723,0.13428718473852741,0.99094245645948709,-6.17280918881219e-07,-8.1072419983460394e-07
49,0.40956067457899092,-0.27986098742152643,0.01499962865844723,0.13428718473852741,0.99094245645948709,-6.17280918881219e-07,-8.1072419983460394e-07
49,0.40956067457899092,-0.27986098742152643,0.01499962865844723,0.13428718473852741,0.99094245645948709,-6.17280918881219e-07,-8.1072419983460394e-07
49,0.40956067457899092,-0.27986098742152643,0.01499962865844723,0.13428718473852741,0.99094245645948709,-6.17280918881219e-07,-8.1072419983460394e-07
49,0.40956067457899092,-0.27986098742152643,0.01499962865844723,0.13428718473852741,0.99094245645948709,-6.17280918881219e-07,-8.1072419983460394e-07
49,0.40956067457899092,-0.27986098742152643,0.01499962865844723,0.13428718473852741,0.99094245645948709,-6.17280918881219e-07,-8.1072419983460394e-07
49,0.40956067457899092,-0.27986098742152643,0.01499962865844723,0.13428718473852741,0.99094245645948709,-6.17280918881219e-07,-8.1072419983460394e-07
49,0.40956067457899092,-0.27986098742152643,0.01499962865844723,0.13428718473852741,0.99094245645948709,-6.17280918881219e-07,-8.1072419983460394e-07
49,0.40956067457899092,-0.27986098742152643,0.01499962865844723,0.13428718473852741,0.99094245645948709,-6.17280918881219e-07,-8.1072419983460394e-07
49,0.40956067457899092,-0.27986098742152643,0.01499962865844723,0.13428718473852741,0.99094245645948709,-6.17280918881219e-07,-8.1072419983460394e-07
49,0.40956067457899092,-0.27986098742152643,0.01499962865844723,0.13428718473852741,0.99094245645948709,-6.17280918881219e-07,-8.1072419983460394e-07
49,0.40956067457899092,-0.27986098742152643,0.01499962865844723,0.13428718473852741,0.99094245645948709,-6.17280918881219e-07,-8.1072419983460394e-07
49,0.40956067457899092,-0.27986098742152643,0.01499962865844723,0.13428718473852741,0.99094245645948709,-6.17280918881219e-07,-8.1072419983460394e-07
49,0.40956067457899092,-0.27986098742152643,0.01499962865844723,0.13428718473852741,0.99094245645948709,-6.17280918881219e-07,-8.1072419983460394e-07
49,0.40956067457899092,-0.27986098742152643,0.01499962865844723,0.13428718473852741,0.99094245645948709,-6.17280918881219e-07,-8.1072419983460394e-07
49,0.40956067457899092,-0.27986098742152643,0.01499962865844723,0.13428718473852741,0.99094245645948709,-6.17280918881219e-07,-8.1072419983460394e-07
49,0.40956067457899092,-0.27986098742152643,0.01499962865844723,0.13428718473852741,0.99094245645948709,-6.17280918881219e-07,-8.1072419983460394e-07
49,0.40956067457899092,-0.27986098742152643,0.01499962865844723,0.13428718473852741,0.99094245645948709,-6.17280918881219e-07,-8.1072419983460394e-07
49,0.40956067457899092,-0.27986098742152643,0.01499962865844723,0.13428718473852741,0.99094245645948709,-6.17280918881219e-07,-8.1072419983460394e-07
49,0.40956067457899092,-0.27986098742152643,0.01499962865844723,0.13428718473852741,0.99094245645948709,-6.17280918881219e-07,-8.1072419983460394e-07
49,0.40956067457899092,-0.27986098742152643,0.01499962865844723,0.13428718473852741,0.99094245645948709,-6.17280918881219e-07,-8.1072419983460394e-07
49,0.40956067457899092,-0.27986098742152643,0.01499962865844723,0.13428718473852741,0.99094245645948709,-6.17280918881219e-07,-8.1072419983460394e-07
49,0.40956067457899092,-0.27986098742152643,0.01499962865844723,0.13428718473852741,0.99094245645948709,-6.17280918881219e-07,-8.1072419983460394e-07
49,0.40956067457899092,-0.27986098742152643,0.01499962865844723,0.13428718473852741,0.99094245645948709,-6.17280918881219e-07,-8.1072419983460394e-07
49,0.40956067457899092,-0.27986098742152643,0.01499962865844723,0.13428718473852741,0.99094245645948709,-6.17280918881219e-07,-8.1072419983460394e-07
49,0.40956067457899092,-0.27986098742152643,0.01499962865844723,0.13428718473852741,0.99094245645948709,-6.17280918881219e-07,-8.1072419983460394e-07
49,0.40956067457899092,-0.27986098742152643,0.01499962865844723,0.13428718473852741,0.99094245645948709,-6.17280918881219e-07,-8.1072419983460394e-07
49,0.40956067457899092,-0.27986098742152643,0.01499962865844723,0.13428718473852741,0.99094245645948709,-6.17280918881219e-07,-8.1072419983460394e-07
49,0.40956067457899092,-0.27986098742152643,0.01499962865844723,0.13428718473852741,0.99094245645948709,-6.17280918881219e-07,-8.1072419983460394e-07
49,0.40956067457899092,-0.27986098742152643,0.01499962865844723,0.13428718473852741,0.99094245645948709,-6.17280918881219e-07,-8.1072419983460394e-07
49,0.40956067457899092,-0.27986098742152643,0.01499962865844723,0.13428718473852741,0.99094245645948709,-6.17280918881219e-07,-8.1072419983460394e-07
49,0.40956067457899092,-0.27986098742152643,0.01499962865844723,0.13428718473852741,0.99094245645948709,-6.17280918881219e-07,-8.1072419983460394e-07
49,0.40956067457899092,-0.27986098742152643,0.01499962865844723,0.13428718473852741,0.99094245645948709,-6.17280918881219e-07,-8.1072419983460394e-07
49,0.40956067457899092,-0.27986098742152643,0.01499962865844723,0.13428718473852741,0.99094245645948709,-6.17280918881219e-07,-8.1072419983460394e-07
49,0.40956067457899092,-0.27986098742152643,0.01499962865844723,0.13428718473852741,0.99094245645948709,-6.17280918881219e-07,-8.1072419983460394e-07
49,0.40956067457899092,-0.27986098742152643,0.01499962865844723,0.13428718473852741,0.99094245645948709,-6.17280918881219e-07,-8.1072419983460394e-07
49,0.40956067457899092,-0.27986098742152643,0.01499962865844723,0.13428718473852741,0.99094245645948709,-6.17280918881219e-07,-8.1072419983460394e-07
49,0.40956067457899092,-0.27986098742152643,0.01499962865844723,0.13428718473852741,0.99094245645948709,-6.17280918881219e-07,-8.1072419983460394e-07
49,0.40956067457899092,-0.27986098742152643,0.01499962865844723,0.13428718473852741,0.99094245645948709,-6.17280918881219e-07,-8.1072419983460394e-07
49,0.40956067457899092,-0.27986098742152643,0.01499962865844723,0.13428718473852741,0.99094245645948709,-6.17280918881219e-07,-8.1072419983460394e-07
49,0.40956067457899092,-0.27986098742152643,0.01499962865844723,0.13428718473852741,0.99094245645948709,-6.17280918881219e-07,-8.1072419983460394e-07
49,0.40956067457899092,-0.27986098742152643,0.01499962865844723,0.13428718473852741,0.99094245645948709,-6.17280918881219e-07,-8.1072419983460394e-07
49,0.40956067457899092,-0.27986098742152643,0.01499962865844723,0.13428718473852741,0.99094245645948709,-6.17280918881219e-07,-8.1072419983460394e-07
49,0.40956067457899092,-0.27986098742152643,0.01499962865844723,0.13428718473852741,0.99094245645948709,-6.17280918881219e-07,-8.1072419983460394e-07
49,0.40956067457899092,-0.27986098742152643,0.01499962865844723,0.13428718473852741,0.99094245645948709,-6.17280918881219e-07,-8.1072419983460394e-07
49,0.40956067457899092,-0.27986098742152643,0.01499962865844723,0.13428718473852741,0.99094245645948709,-6.17280918881219e-07,-8.1072419983460394e-07
50,0.40956067457899092,-0.27986098742152643,0.01499962865844723,0.13428718473852741,0.99094245645948709,-6.17280918881219e-07,-8.1072419983460394e-07
50,0.40956067457899092,-0.27986098742152643,0.01499962865844723,0.13428718473852741,0.99094245645948709,-6.17280918881219e-07,-8.1072419983460394e-07
50,0.40956067457899092,-0.27986098742152643,0.01499962865844723,0.13428718473852741,0.99094245645948709,-6.17280918881219e-07,-8.1072419983460394e-07
50,0.40956067457899092,-0.27986098742152643,0.01499962865844723,0.13428718473852741,0.99094245645948709,-6.17280918881219e-07,-8.1072419983460394e-07
50,0.40956067457899092,-0.27986098742152643,0.01499962865844723,0.13428718473852741,0.99094245645948709,-6.17280918881219e-07,-8.1072419983460394e-07
50,0.40956067457899092,-0.27986098742152643,0.01499962865844723,0.13428718473852741,0.99094245645948709,-6.17280918881219e-07,-8.1072419983460394e-07
50,0.40956067457899092,-0.27986098742152643,0.01499962865844723,0.13428718473852741,0.99094245645948709,-6.17280918881219e-07,-8.1072419983460394e-07
50,0.40956067457899092,-0.27986098742152643,0.01499962865844723,0.13428718473852741,0.99094245645948709,-6.17280918881219e-07,-8.1072419983460394e-07
50,0.40956067457899092,-0.27986098742152643,0.01499962865844723,0.13428718473852741,0.99094245645948709,-6.17280918881219e-07,-8.1072419983460394e-07
50,0.40956067457899092,-0.27986098742152643,0.01499962865844723,0.13428718473852741,0.99094245645948709,-6.17280918881219e-07,-8.1072419983460394e-07
50,0.40956067457899092,-0.27986098742152643,0.01499962865844723,0.13428718473852741,0.99094245645948709,-6.17280918881219e-07,-8.1072419983460394e-07
50,0.40956067457899092,-0.27986098742152643,0.01499962865844723,0.13428718473852741,0.99094245645948709,-6.17280918881219e-07,-8.1072419983460394e-07
50,0.40956067457899092,-0.27986098742152643,0.01499962865844723,0.13428718473852741,0.99094245645948709,-6.17280918881219e-07,-8.1072419983460394e-07
50,0.40956067457899092,-0.27986098742152643,0.01499962865844723,0.13428718473852741,0.99094245645948709,-6.17280918881219e-07,-8.1072419983460394e-07
50,0.40956067457899092,-0.27986098742152643,0.01499962865844723,0.13428718473852741,0.99094245645948709,-6.17280918881219e-07,-8.1072419983460394e-07
50,0.40956067457899092,-0.27986098742152643,0.01499962865844723,0.13428718473852741,0.99094245645948709,-6.17280918881219e-07,-8.1072419983460394e-07
50,0.40956067457899092,-0.27986098742152643,0.01499962865844723,0.13428718473852741,0.99094245645948709,-6.17280918881219e-07,-8.1072419983460394e-07
50,0.40956067457899092,-0.27986098742152643,0.01499962865844723,0.13428718473852741,0.99094245645948709,-6.17280918881219e-07,-8.1072419983460394e-07
50,0.40956067457899092,-0.27986098742152643,0.01499962865844723,0.13428718473852741,0.99094245645948709,-6.17280918881219e-07,-8.1072419983460394e-07
50,0.40956067457899092,-0.27986098742152643,0.01499962865844723,0.13428718473852741,0.99094245645948709,-6.17280918881219e-07,-8.1072419983460394e-07
50,0.40956067457899092,-0.27986098742152643,0.01499962865844723,0.13428718473852741,0.99094245645948709,-6.17280918881219e-07,-8.1072419983460394e-07
50,0.40956067457899092,-0.27986098742152643,0.01499962865844723,0.13428718473852741,0.99094245645948709,-6.17280918881219e-07,-8.1072419983460394e-07
50,0.40956067457899092,-0.27986098742152643,0.01499962865844723,0.13428718473852741,0.99094245645948709,-6.17280918881219e-07,-8.1072419983460394e-07
50,0.40956067457899092,-0.27986098742152643,0.01499962865844723,0.13428718473852741,0.99094245645948709,-6.17280918881219e-07,-8.1072419983460394e-07
50,0.40956067457899092,-0.27986098742152643,0.01499962865844723,0.13428718473852741,0.99094245645948709,-6.17280918881219e-07,-8.1072419983460394e-07
50,0.40956067457899092,-0.27986098742152643,0.01499962865844723,0.13428718473852741,0.99094245645948709,-6.17280918881219e-07,-8.1072419983460394e-07
50,0.40956067457899092,-0.27986098742152643,0.01499962865844723,0.13428718473852741,0.99094245645948709,-6.17280918881219e-07,-8.1072419983460394e-07
50,0.40956067457899092,-0.27986098742152643,0.01499962865844723,0.13428718473852741,0.99094245645948709,-6.17280918881219e-07,-8.1072419983460394e-07
50,0.40956067457899092,-0.27986098742152643,0.01499962865844723,0.13428718473852741,0.99094245645948709,-6.17280918881219e-07,-8.1072419983460394e-07
50,0.40956067457899092,-0.27986098742152643,0.01499962865844723,0.13428718473852741,0.99094245645948709,-6.17280918881219e-07,-8.1072419983460394e-07
50,0.40956067457899092,-0.27986098742152643,0.01499962865844723,0.13428718473852741,0.99094245645948709,-6.17280918881219e-07,-8.1072419983460394e-07
50,0.40956067457899092,-0.27986098742152643,0.01499962865844723,0.13428718473852741,0.99094245645948709,-6.17280918881219e-07,-8.1072419983460394e-07
50,0.40956067457899092,-0.27986098742152643,0.01499962865844723,0.13428718473852741,0.99094245645948709,-6.17280918881219e-07,-8.1072419983460394e-07
50,0.40956067457899092,-0.27986098742152643,0.01499962865844723,0.13428718473852741,0.99094245645948709,-6.17280918881219e-07,-8.1072419983460394e-07
50,0.40956067457899092,-0.27986098742152643,0.01499962865844723,0.13428718473852741,0.99094245645948709,-6.17280918881219e-07,-8.1072419983460394e-07
50,0.40956067457899092,-0.27986098742152643,0.01499962865844723,0.13428718473852741,0.99094245645948709,-6.17280918881219e-07,-8.1072419983460394e-07
50,0.40956067457899092,-0.27986098742152643,0.01499962865844723,0.13428718473852741,0.99094245645948709,-6.17280918881219e-07,-8.1072419983460394e-07
50,0.40956067457899092,-0.27986098742152643,0.01499962865844723,0.13428718473852741,0.99094245645948709,-6.17280918881219e-07,-8.1072419983460394e-07
50,0.40956067457899092,-0.27986098742152643,0.01499962865844723,0.13428718473852741,0.99094245645948709,-6.17280918881219e-07,-8.1072419983460394e-07
50,0.40956067457899092,-0.27986098742152643,0.01499962865844723,0.13428718473852741,0.99094245645948709,-6.17280918881219e-07,-8.1072419983460394e-07
50,0.40956067457899092,-0.27986098742152643,0.01499962865844723,0.13428718473852741,0.99094245645948709,-6.17280918881219e-07,-8.1072419983460394e-07
50,0.40956067457899092,-0.27986098742152643,0.01499962865844723,0.13428718473852741,0.99094245645948709,-6.17280918881219e-07,-8.1072419983460394e-07
50,0.40956067457899092,-0.27986098742152643,0.01499962865844723,0.13428718473852741,0.99094245645948709,-6.17280918881219e-07,-8.1072419983460394e-07
50,0.40956067457899092,-0.27986098742152643,0.01499962865844723,0.13428718473852741,0.99094245645948709,-6.17280918881219e-07,-8.1072419983460394e-07
50,0.40956067457899092,-0.27986098742152643,0.01499962865844723,0.13428718473852741,0.99094245645948709,-6.17280918881219e-07,-8.1072419983460394e-07
50,0.40956067457899092,-0.27986098742152643,0.01499962865844723,0.13428718473852741,0.99094245645948709,-6.17280918881219e-07,-8.1072419983460394e-07
50,0.40956067457899092,-0.27986098742152643,0.01499962865844723,0.13428718473852741,0.99094245645948709,-6.17280918881219e-07,-8.1072419983460394e-07
50,0.40956067457899092,-0.27986098742152643,0.01499962865844723,0.13428718473852741,0.99094245645948709,-6.17280918881219e-07,-8.1072419983460394e-07
50,0.40956067457899092,-0.27986098742152643,0.01499962865844723,0.13428718473852741,0.99094245645948709,-6.17280918881219e-07,-8.1072419983460394e-07
50,0.40956067457899092,-0.27986098742152643,0.01499962865844723,0.13428718473852741,0.99094245645948709,-6.17280918881219e-07,-8.1072419983460394e-07
51,0.40956067457899092,-0.27986098742152643,0.01499962865844723,0.13428718473852741,0.99094245645948709,-6.17280918881219e-07,-8.1072419983460394e-07
51,0.40956067457899092,-0.27986098742152643,0.01499962865844723,0.13428718473852741,0.99094245645948709,-6.17280918881219e-07,-8.1072419983460394e-07
51,0.40956067457899092,-0.27986098742152643,0.01499962865844723,0.13428718473852741,0.99094245645948709,-6.17280918881219e-07,-8.1072419983460394e-07
51,0.40956067457899092,-0.27986098742152643,0.01499962865844723,0.13428718473852741,0.99094245645948709,-6.17280918881219e-07,-8.1072419983460394e-07
51,0.40956067457899092,-0.27986098742152643,0.01499962865844723,0.13428718473852741,0.99094245645948709,-6.17280918881219e-07,-8.1072419983460394e-07
51,0.40956067457899092,-0.27986098742152643,0.01499962865844723,0.13428718473852741,0.99094245645948709,-6.17280918881219e-07,-8.1072419983460394e-07
51,0.40956067457899092,-0.27986098742152643,0.01499962865844723,0.13428718473852741,0.99094245645948709,-6.17280918881219e-07,-8.1072419983460394e-07
51,0.40956067457899092,-0.27986098742152643,0.01499962865844723,0.13428718473852741,0.99094245645948709,-6.17280918881219e-07,-8.1072419983460394e-07
51,0.40956067457899092,-0.27986098742152643,0.01499962865844723,0.13428718473852741,0.99094245645948709,-6.17280918881219e-07,-8.1072419983460394e-07
51,0.40956067457899092,-0.27986098742152643,0.01499962865844723,0.13428718473852741,0.99094245645948709,-6.17280918881219e-07,-8.1072419983460394e-07
51,0.40956067457899092,-0.27986098742152643,0.01499962865844723,0.13428718473852741,0.99094245645948709,-6.17280918881219e-07,-8.1072419983460394e-07
51,0.40956067457899092,-0.27986098742152643,0.01499962865844723,0.13428718473852741,0.99094245645948709,-6.17280918881219e-07,-8.1072419983460394e-07
51,0.40956067457899092,-0.27986098742152643,0.01499962865844723,0.13428718473852741,0.99094245645948709,-6.17280918881219e-07,-8.1072419983460394e-07
51,0.40956067457899092,-0.27986098742152643,0.01499962865844723,0.13428718473852741,0.99094245645948709,-6.17280918881219e-07,-8.1072419983460394e-07
51,0.40956067457899092,-0.27986098742152643,0.01499962865844723,0.13428718473852741,0.99094245645948709,-6.17280918881219e-07,-8.1072419983460394e-07
51,0.40956067457899092,-0.27986098742152643,0.01499962865844723,0.13428718473852741,0.99094245645948709,-6.17280918881219e-07,-8.1072419983460394e-07
51,0.40956067457899092,-0.27986098742152643,0.01499962865844723,0.13428718473852741,0.99094245645948709,-6.17280918881219e-07,-8.1072419983460394e-07
51,0.40956067457899092,-0.27986098742152643,0.01499962865844723,0.13428718473852741,0.99094245645948709,-6.17280918881219e-07,-8.1072419983460394e-07
51,0.40956067457899092,-0.27986098742152643,0.01499962865844723,0.13428718473852741,0.99094245645948709,-6.17280918881219e-07,-8.1072419983460394e-07
51,0.40956067457899092,-0.27986098742152643,0.01499962865844723,0.13428718473852741,0.99094245645948709,-6.17280918881219e-07,-8.1072419983460394e-07
51,0.40956067457899092,-0.27986098742152643,0.01499962865844723,0.13428718473852741,0.99094245645948709,-6.17280918881219e-07,-8.1072419983460394e-07
51,0.40956067457899092,-0.27986098742152643,0.01499962865844723,0.13428718473852741,0.99094245645948709,-6.17280918881219e-07,-8.1072419983460394e-07
51,0.40956067457899092,-0.27986098742152643,0.01499962865844723,0.13428718473852741,0.99094245645948709,-6.17280918881219e-07,-8.1072419983460394e-07
51,0.40956067457899092,-0.27986098742152643,0.01499962865844723,0.13428718473852741,0.99094245645948709,-6.17280918881219e-07,-8.1072419983460394e-07
51,0.40956067457899092,-0.27986098742152643,0.01499962865844723,0.13428718473852741,0.99094245645948709,-6.17280918881219e-07,-8.1072419983460394e-07
51,0.40956067457899092,-0.27986098742152643,0.01499962865844723,0.13428718473852741,0.99094245645948709,-6.17280918881219e-07,-8.1072419983460394e-07
51,0.40956067457899092,-0.27986098742152643,0.01499962865844723,0.13428718473852741,0.99094245645948709,-6.17280918881219e-07,-8.1072419983460394e-07
51,0.40956067457899092,-0.27986098742152643,0.01499962865844723,0.13428718473852741,0.99094245645948709,-6.17280918881219e-07,-8.1072419983460394e-07
51,0.40956067457899092,-0.27986098742152643,0.01499962865844723,0.13428718473852741,0.99094245645948709,-6.17280918881219e-07,-8.1072419983460394e-07
51,0.40956067457899092,-0.27986098742152643,0.01499962865844723,0.13428718473852741,0.99094245645948709,-6.17280918881219e-07,-8.1072419983460394e-07
51,0.40956067457899092,-0.27986098742152643,0.01499962865844723,0.13428718473852741,0.99094245645948709,-6.17280918881219e-07,-8.1072419983460394e-07
51,0.40956067457899092,-0.27986098742152643,0.01499962865844723,0.13428718473852741,0.99094245645948709,-6.17280918881219e-07,-8.1072419983460394e-07
51,0.40956067457899092,-0.27986098742152643,0.01499962865844723,0.13428718473852741,0.99094245645948709,-6.17280918881219e-07,-8.1072419983460394e-07
51,0.40956067457899092,-0.27986098742152643,0.01499962865844723,0.13428718473852741,0.99094245645948709,-6.17280918881219e-07,-8.1072419983460394e-07
51,0.40956067457899092,-0.27986098742152643,0.01499962865844723,0.13428718473852741,0.99094245645948709,-6.17280918881219e-07,-8.1072419983460394e-07
51,0.40956067457899092,-0.27986098742152643,0.01499962865844723,0.13428718473852741,0.99094245645948709,-6.17280918881219e-07,-8.1072419983460394e-07
51,0.40956067457899092,-0.27986098742152643,0.01499962865844723,0.13428718473852741,0.99094245645948709,-6.17280918881219e-07,-8.1072419983460394e-07
51,0.40956067457899092,-0.27986098742152643,0.01499962865844723,0.13428718473852741,0.99094245645948709,-6.17280918881219e-07,-8.1072419983460394e-07
51,0.40956067457899092,-0.27986098742152643,0.01499962865844723,0.13428718473852741,0.99094245645948709,-6.17280918881219e-07,-8.1072419983460394e-07
51,0.40956067457899092,-0.27986098742152643,0.01499962865844723,0.13428718473852741,0.99094245645948709,-6.17280918881219e-07,-8.1072419983460394e-07
51,0.40956067457899092,-0.27986098742152643,0.01499962865844723,0.13428718473852741,0.99094245645948709,-6.17280918881219e-07,-8.1072419983460394e-07
51,0.40956067457899092,-0.27986098742152643,0.01499962865844723,0.13428718473852741,0.99094245645948709,-6.17280918881219e-07,-8.1072419983460394e-07
51,0.40956067457899092,-0.27986098742152643,0.01499962865844723,0.13428718473852741,0.99094245645948709,-6.17280918881219e-07,-8.1072419983460394e-07
51,0.40956067457899092,-0.27986098742152643,0.01499962865844723,0.13428718473852741,0.99094245645948709,-6.17280918881219e-07,-8.1072419983460394e-07
51,0.40956067457899092,-0.27986098742152643,0.01499962865844723,0.13428718473852741,0.99094245645948709,-6.17280918881219e-07,-8.1072419983460394e-07
51,0.40956067457899092,-0.27986098742152643,0.01499962865844723,0.13428718473852741,0.99094245645948709,-6.17280918881219e-07,-8.1072419983460394e-07
51,0.40956067457899092,-0.27986098742152643,0.01499962865844723,0.13428718473852741,0.99094245645948709,-6.17280918881219e-07,-8.1072419983460394e-07
51,0.40956067457899092,-0.27986098742152643,0.01499962865844723,0.13428718473852741,0.99094245645948709,-6.17280918881219e-07,-8.1072419983460394e-07
51,0.40956067457899092,-0.27986098742152643,0.01499962865844723,0.13428718473852741,0.99094245645948709,-6.17280918881219e-07,-8.1072419983460394e-07
51,0.40956067457899092,-0.27986098742152643,0.01499962865844723,0.13428718473852741,0.99094245645948709,-6.17280918881219e-07,-8.1072419983460394e-07
52,0.40956067457899092,-0.27986098742152643,0.01499962865844723,0.13428718473852741,0.99094245645948709,-6.17280918881219e-07,-8.1072419983460394e-07
52,0.40956067457899092,-0.27986098742152643,0.01499962865844723,0.13428718473852741,0.99094245645948709,-6.17280918881219e-07,-8.1072419983460394e-07
52,0.40956067457899092,-0.27986098742152643,0.01499962865844723,0.13428718473852741,0.99094245645948709,-6.17280918881219e-07,-8.1072419983460394e-07
52,0.40956067457899092,-0.27986098742152643,0.01499962865844723,0.13428718473852741,0.99094245645948709,-6.17280918881219e-07,-8.1072419983460394e-07
52,0.40956067457899092,-0.27986098742152643,0.01499962865844723,0.13428718473852741,0.99094245645948709,-6.17280918881219e-07,-8.1072419983460394e-07
52,0.40956067457899092,-0.27986098742152643,0.01499962865844723,0.13428718473852741,0.99094245645948709,-6.17280918881219e-07,-8.1072419983460394e-07
52,0.40956067457899092,-0.27986098742152643,0.01499962865844723,0.13428718473852741,0.99094245645948709,-6.17280918881219e-07,-8.1072419983460394e-07
52,0.40956067457899092,-0.27986098742152643,0.01499962865844723,0.13428718473852741,0.99094245645948709,-6.17280918881219e-07,-8.1072419983460394e-07
52,0.40956067457899092,-0.27986098742152643,0.01499962865844723,0.13428718473852741,0.99094245645948709,-6.17280918881219e-07,-8.1072419983460394e-07
52,0.40956067457899092,-0.27986098742152643,0.01499962865844723,0.13428718473852741,0.99094245645948709,-6.17280918881219e-07,-8.1072419983460394e-07
52,0.40956067457899092,-0.27986098742152643,0.01499962865844723,0.13428718473852741,0.99094245645948709,-6.17280918881219e-07,-8.1072419983460394e-07
52,0.40956067457899092,-0.27986098742152643,0.01499962865844723,0.13428718473852741,0.99094245645948709,-6.17280918881219e-07,-8.1072419983460394e-07
52,0.40956067457899092,-0.27986098742152643,0.01499962865844723,0.13428718473852741,0.99094245645948709,-6.17280918881219e-07,-8.1072419983460394e-07
52,0.40956067457899092,-0.27986098742152643,0.01499962865844723,0.13428718473852741,0.99094245645948709,-6.17280918881219e-07,-8.1072419983460394e-07
52,0.40956067457899092,-0.27986098742152643,0.01499962865844723,0.13428718473852741,0.99094245645948709,-6.17280918881219e-07,-8.1072419983460394e-07
52,0.40956067457899092,-0.27986098742152643,0.01499962865844723,0.13428718473852741,0.99094245645948709,-6.17280918881219e-07,-8.1072419983460394e-07
52,0.40956067457899092,-0.27986098742152643,0.01499962865844723,0.13428718473852741,0.99094245645948709,-6.17280918881219e-07,-8.1072419983460394e-07
52,0.40956067457899092,-0.27986098742152643,0.01499962865844723,0.13428718473852741,0.99094245645948709,-6.17280918881219e-07,-8.1072419983460394e-07
52,0.40956067457899092,-0.27986098742152643,0.01499962865844723,0.13428718473852741,0.99094245645948709,-6.17280918881219e-07,-8.1072419983460394e-07
52,0.40956067457899092,-0.27986098742152643,0.01499962865844723,0.13428718473852741,0.99094245645948709,-6.17280918881219e-07,-8.1072419983460394e-07
52,0.40956067457899092,-0.27986098742152643,0.01499962865844723,0.13428718473852741,0.99094245645948709,-6.17280918881219e-07,-8.1072419983460394e-07
52,0.40956067457899092,-0.27986098742152643,0.01499962865844723,0.13428718473852741,0.99094245645948709,-6.17280918881219e-07,-8.1072419983460394e-07
52,0.40956067457899092,-0.27986098742152643,0.01499962865844723,0.13428718473852741,0.99094245645948709,-6.17280918881219e-07,-8.1072419983460394e-07
52,0.40956067457899092,-0.27986098742152643,0.01499962865844723,0.13428718473852741,0.99094245645948709,-6.17280918881219e-07,-8.1072419983460394e-07
52,0.40956067457899092,-0.27986098742152643,0.01499962865844723,0.13428718473852741,0.99094245645948709,-6.17280918881219e-07,-8.1072419983460394e-07
52,0.40956067457899092,-0.27986098742152643,0.01499962865844723,0.13428718473852741,0.99094245645948709,-6.17280918881219e-07,-8.1072419983460394e-07
52,0.40956067457899092,-0.27986098742152643,0.01499962865844723,0.13428718473852741,0.99094245645948709,-6.17280918881219e-07,-8.1072419983460394e-07
52,0.40956067457899092,-0.27986098742152643,0.01499962865844723,0.13428718473852741,0.99094245645948709,-6.17280918881219e-07,-8.1072419983460394e-07
52,0.40956067457899092,-0.27986098742152643,0.01499962865844723,0.13428718473852741,0.99094245645948709,-6.17280918881219e-07,-8.1072419983460394e-07
52,0.40956067457899092,-0.27986098742152643,0.01499962865844723,0.13428718473852741,0.99094245645948709,-6.17280918881219e-07,-8.1072419983460394e-07
52,0.40956067457899092,-0.27986098742152643,0.01499962865844723,0.13428718473852741,0.99094245645948709,-6.17280918881219e-07,-8.1072419983460394e-07
52,0.40956067457899092,-0.27986098742152643,0.01499962865844723,0.13428718473852741,0.99094245645948709,-6.17280918881219e-07,-8.1072419983460394e-07
52,0.40956067457899092,-0.27986098742152643,0.01499962865844723,0.13428718473852741,0.99094245645948709,-6.17280918881219e-07,-8.1072419983460394e-07
52,0.40956067457899092,-0.27986098742152643,0.01499962865844723,0.13428718473852741,0.99094245645948709,-6.17280918881219e-07,-8.1072419983460394e-07
52,0.40956067457899092,-0.27986098742152643,0.01499962865844723,0.13428718473852741,0.99094245645948709,-6.17280918881219e-07,-8.1072419983460394e-07
52,0.40956067457899092,-0.27986098742152643,0.01499962865844723,0.13428718473852741,0.99094245645948709,-6.17280918881219e-07,-8.1072419983460394e-07
52,0.40956067457899092,-0.27986098742152643,0.01499962865844723,0.13428718473852741,0.99094245645948709,-6.17280918881219e-07,-8.1072419983460394e-07
52,0.40956067457899092,-0.27986098742152643,0.01499962865844723,0.13428718473852741,0.99094245645948709,-6.17280918881219e-07,-8.1072419983460394e-07
52,0.40956067457899092,-0.27986098742152643,0.01499962865844723,0.13428718473852741,0.99094245645948709,-6.17280918881219e-07,-8.1072419983460394e-07
52,0.40956067457899092,-0.27986098742152643,0.01499962865844723,0.13428718473852741,0.99094245645948709,-6.17280918881219e-07,-8.1072419983460394e-07
52,0.40956067457899092,-0.27986098742152643,0.01499962865844723,0.13428718473852741,0.99094245645948709,-6.17280918881219e-07,-8.1072419983460394e-07
52,0.40956067457899092,-0.27986098742152643,0.01499962865844723,0.13428718473852741,0.99094245645948709,-6.17280918881219e-07,-8.1072419983460394e-07
52,0.40956067457899092,-0.27986098742152643,0.01499962865844723,0.13428718473852741,0.99094245645948709,-6.17280918881219e-07,-8.1072419983460394e-07
52,0.40956067457899092,-0.27986098742152643,0.01499962865844723,0.13428718473852741,0.99094245645948709,-6.17280918881219e-07,-8.1072419983460394e-07
52,0.40956067457899092,-0.27986098742152643,0.01499962865844723,0.13428718473852741,0.99094245645948709,-6.17280918881219e-07,-8.1072419983460394e-07
52,0.40956067457899092,-0.27986098742152643,0.01499962865844723,0.13428718473852741,0.99094245645948709,-6.17280918881219e-07,-8.1072419983460394e-07
52,0.40956067457899092,-0.27986098742152643,0.01499962865844723,0.13428718473852741,0.99094245645948709,-6.17280918881219e-07,-8.1072419983460394e-07
52,0.40956067457899092,-0.27986098742152643,0.01499962865844723,0.13428718473852741,0.99094245645948709,-6.17280918881219e-07,-8.1072419983460394e-07
52,0.40956067457899092,-0.27986098742152643,0.01499962865844723,0.13428718473852741,0.99094245645948709,-6.17280918881219e-07,-8.1072419983460394e-07
52,0.40956067457899092,-0.27986098742152643,0.01499962865844723,0.13428718473852741,0.99094245645948709,-6.17280918881219e-07,-8.1072419983460394e-07
53,0.40956067457899092,-0.27986098742152643,0.01499962865844723,0.13428718473852741,0.99094245645948709,-6.17280918881219e-07,-8.1072419983460394e-07
53,0.40956067457899092,-0.27986098742152643,0.01499962865844723,0.13428718473852741,0.99094245645948709,-6.17280918881219e-07,-8.1072419983460394e-07
53,0.40956067457899092,-0.27986098742152643,0.01499962865844723,0.13428718473852741,0.99094245645948709,-6.17280918881219e-07,-8.1072419983460394e-07
53,0.40956067457899092,-0.27986098742152643,0.01499962865844723,0.13428718473852741,0.99094245645948709,-6.17280918881219e-07,-8.1072419983460394e-07
53,0.40956067457899092,-0.27986098742152643,0.01499962865844723,0.13428718473852741,0.99094245645948709,-6.17280918881219e-07,-8.1072419983460394e-07
53,0.40956067457899092,-0.27986098742152643,0.01499962865844723,0.13428718473852741,0.99094245645948709,-6.17280918881219e-07,-8.1072419983460394e-07
53,0.40956067457899092,-0.27986098742152643,0.01499962865844723,0.13428718473852741,0.99094245645948709,-6.17280918881219e-07,-8.1072419983460394e-07
53,0.40956067457899092,-0.27986098742152643,0.01499962865844723,0.13428718473852741,0.99094245645948709,-6.17280918881219e-07,-8.1072419983460394e-07
53,0.40956067457899092,-0.27986098742152643,0.01499962865844723,0.13428718473852741,0.99094245645948709,-6.17280918881219e-07,-8.1072419983460394e-07
53,0.40956067457899092,-0.27986098742152643,0.01499962865844723,0.13428718473852741,0.99094245645948709,-6.17280918881219e-07,-8.1072419983460394e-07
53,0.40956067457899092,-0.27986098742152643,0.01499962865844723,0.13428718473852741,0.99094245645948709,-6.17280918881219e-07,-8.1072419983460394e-07
53,0.40956067457899092,-0.27986098742152643,0.01499962865844723,0.13428718473852741,0.99094245645948709,-6.17280918881219e-07,-8.1072419983460394e-07
53,0.40956067457899092,-0.27986098742152643,0.01499962865844723,0.13428718473852741,0.99094245645948709,-6.17280918881219e-07,-8.1072419983460394e-07
53,0.40956067457899092,-0.27986098742152643,0.01499962865844723,0.13428718473852741,0.99094245645948709,-6.17280918881219e-07,-8.1072419983460394e-07
53,0.40956067457899092,-0.27986098742152643,0.01499962865844723,0.13428718473852741,0.99094245645948709,-6.17280918881219e-07,-8.1072419983460394e-07
53,0.40956067457899092,-0.27986098742152643,0.01499962865844723,0.13428718473852741,0.99094245645948709,-6.17280918881219e-07,-8.1072419983460394e-07
53,0.40956067457899092,-0.27986098742152643,0.01499962865844723,0.13428718473852741,0.99094245645948709,-6.17280918881219e-07,-8.1072419983460394e-07
53,0.40956067457899092,-0.27986098742152643,0.01499962865844723,0.13428718473852741,0.99094245645948709,-6.17280918881219e-07,-8.1072419983460394e-07
53,0.40956067457899092,-0.27986098742152643,0.01499962865844723,0.13428718473852741,0.99094245645948709,-6.17280918881219e-07,-8.1072419983460394e-07
53,0.40956067457899092,-0.27986098742152643,0.01499962865844723,0.13428718473852741,0.99094245645948709,-6.17280918881219e-07,-8.1072419983460394e-07
53,0.40956067457899092,-0.27986098742152643,0.01499962865844723,0.13428718473852741,0.99094245645948709,-6.17280918881219e-07,-8.1072419983460394e-07
53,0.40956067457899092,-0.27986098742152643,0.01499962865844723,0.13428718473852741,0.99094245645948709,-6.17280918881219e-07,-8.1072419983460394e-07
53,0.40956067457899092,-0.27986098742152643,0.01499962865844723,0.13428718473852741,0.99094245645948709,-6.17280918881219e-07,-8.1072419983460394e-07
53,0.40956067457899092,-0.27986098742152643,0.01499962865844723,0.13428718473852741,0.99094245645948709,-6.17280918881219e-07,-8.1072419983460394e-07
53,0.40956067457899092,-0.27986098742152643,0.01499962865844723,0.13428718473852741,0.99094245645948709,-6.17280918881219e-07,-8.1072419983460394e-07
53,0.40956067457899092,-0.27986098742152643,0.01499962865844723,0.13428718473852741,0.99094245645948709,-6.17280918881219e-07,-8.1072419983460394e-07
53,0.40956067457899092,-0.27986098742152643,0.01499962865844723,0.13428718473852741,0.99094245645948709,-6.17280918881219e-07,-8.1072419983460394e-07
53,0.40956067457899092,-0.27986098742152643,0.01499962865844723,0.13428718473852741,0.99094245645948709,-6.17280918881219e-07,-8.1072419983460394e-07
53,0.40956067457899092,-0.27986098742152643,0.01499962865844723,0.13428718473852741,0.99094245645948709,-6.17280918881219e-07,-8.1072419983460394e-07
53,0.40956067457899092,-0.27986098742152643,0.01499962865844723,0.13428718473852741,0.99094245645948709,-6.17280918881219e-07,-8.1072419983460394e-07
53,0.40956067457899092,-0.27986098742152643,0.01499962865844723,0.13428718473852741,0.99094245645948709,-6.17280918881219e-07,-8.1072419983460394e-07
53,0.40956067457899092,-0.27986098742152643,0.01499962865844723,0.13428718473852741,0.99094245645948709,-6.17280918881219e-07,-8.1072419983460394e-07
53,0.40956067457899092,-0.27986098742152643,0.01499962865844723,0.13428718473852741,0.99094245645948709,-6.17280918881219e-07,-8.1072419983460394e-07
53,0.40956067457899092,-0.27986098742152643,0.01499962865844723,0.13428718473852741,0.99094245645948709,-6.17280918881219e-07,-8.1072419983460394e-07
53,0.40956067457899092,-0.27986098742152643,0.01499962865844723,0.13428718473852741,0.99094245645948709,-6.17280918881219e-07,-8.1072419983460394e-07
53,0.40956067457899092,-0.27986098742152643,0.01499962865844723,0.13428718473852741,0.99094245645948709,-6.17280918881219e-07,-8.1072419983460394e-07
53,0.40956067457899092,-0.27986098742152643,0.01499962865844723,0.13428718473852741,0.99094245645948709,-6.17280918881219e-07,-8.1072419983460394e-07
53,0.40956067457899092,-0.27986098742152643,0.01499962865844723,0.13428718473852741,0.99094245645948709,-6.17280918881219e-07,-8.1072419983460394e-07
53,0.40956067457899092,-0.27986098742152643,0.01499962865844723,0.13428718473852741,0.99094245645948709,-6.17280918881219e-07,-8.1072419983460394e-07
53,0.40956067457899092,-0.27986098742152643,0.01499962865844723,0.13428718473852741,0.99094245645948709,-6.17280918881219e-07,-8.1072419983460394e-07
53,0.40956067457899092,-0.27986098742152643,0.01499962865844723,0.13428718473852741,0.99094245645948709,-6.17280918881219e-07,-8.1072419983460394e-07
53,0.40956067457899092,-0.27986098742152643,0.01499962865844723,0.13428718473852741,0.99094245645948709,-6.17280918881219e-07,-8.1072419983460394e-07
53,0.40956067457899092,-0.27986098742152643,0.01499962865844723,0.13428718473852741,0.99094245645948709,-6.17280918881219e-07,-8.1072419983460394e-07
53,0.40956067457899092,-0.27986098742152643,0.01499962865844723,0.13428718473852741,0.99094245645948709,-6.17280918881219e-07,-8.1072419983460394e-07
53,0.40956067457899092,-0.27986098742152643,0.01499962865844723,0.13428718473852741,0.99094245645948709,-6.17280918881219e-07,-8.1072419983460394e-07
53,0.40956067457899092,-0.27986098742152643,0.01499962865844723,0.13428718473852741,0.99094245645948709,-6.17280918881219e-07,-8.1072419983460394e-07
53,0.40956067457899092,-0.27986098742152643,0.01499962865844723,0.13428718473852741,0.99094245645948709,-6.17280918881219e-07,-8.1072419983460394e-07
53,0.40956067457899092,-0.27986098742152643,0.01499962865844723,0.13428718473852741,0.99094245645948709,-6.17280918881219e-07,-8.1072419983460394e-07
53,0.40956067457899092,-0.27986098742152643,0.01499962865844723,0.13428718473852741,0.99094245645948709,-6.17280918881219e-07,-8.1072419983460394e-07
53,0.40956067457899092,-0.27986098742152643,0.01499962865844723,0.13428718473852741,0.99094245645948709,-6.17280918881219e-07,-8.1072419983460394e-07
54,0.40956067457899092,-0.27986098742152643,0.01499962865844723,0.13428718473852741,0.99094245645948709,-6.17280918881219e-07,-8.1072419983460394e-07
54,0.40956067457899092,-0.27986098742152643,0.01499962865844723,0.13428718473852741,0.99094245645948709,-6.17280918881219e-07,-8.1072419983460394e-07
54,0.40956067457899092,-0.27986098742152643,0.01499962865844723,0.13428718473852741,0.99094245645948709,-6.17280918881219e-07,-8.1072419983460394e-07
54,0.40956067457899092,-0.27986098742152643,0.01499962865844723,0.13428718473852741,0.99094245645948709,-6.17280918881219e-07,-8.1072419983460394e-07
54,0.40956067457899092,-0.27986098742152643,0.01499962865844723,0.13428718473852741,0.99094245645948709,-6.17280918881219e-07,-8.1072419983460394e-07
54,0.40956067457899092,-0.27986098742152643,0.01499962865844723,0.13428718473852741,0.99094245645948709,-6.17280918881219e-07,-8.1072419983460394e-07
54,0.40956067457899092,-0.27986098742152643,0.01499962865844723,0.13428718473852741,0.99094245645948709,-6.17280918881219e-07,-8.1072419983460394e-07
54,0.40956067457899092,-0.27986098742152643,0.01499962865844723,0.13428718473852741,0.99094245645948709,-6.17280918881219e-07,-8.1072419983460394e-07
54,0.40956067457899092,-0.27986098742152643,0.01499962865844723,0.13428718473852741,0.99094245645948709,-6.17280918881219e-07,-8.1072419983460394e-07
54,0.40956067457899092,-0.27986098742152643,0.01499962865844723,0.13428718473852741,0.99094245645948709,-6.17280918881219e-07,-8.1072419983460394e-07
54,0.40956067457899092,-0.27986098742152643,0.01499962865844723,0.13428718473852741,0.99094245645948709,-6.17280918881219e-07,-8.1072419983460394e-07
54,0.40956067457899092,-0.27986098742152643,0.01499962865844723,0.13428718473852741,0.99094245645948709,-6.17280918881219e-07,-8.1072419983460394e-07
54,0.40956067457899092,-0.27986098742152643,0.01499962865844723,0.13428718473852741,0.99094245645948709,-6.17280918881219e-07,-8.1072419983460394e-07
54,0.40956067457899092,-0.27986098742152643,0.01499962865844723,0.13428718473852741,0.99094245645948709,-6.17280918881219e-07,-8.1072419983460394e-07
54,0.40956067457899092,-0.27986098742152643,0.01499962865844723,0.13428718473852741,0.99094245645948709,-6.17280918881219e-07,-8.1072419983460394e-07
54,0.40956067457899092,-0.27986098742152643,0.01499962865844723,0.13428718473852741,0.99094245645948709,-6.17280918881219e-07,-8.1072419983460394e-07
54,0.40956067457899092,-0.27986098742152643,0.01499962865844723,0.13428718473852741,0.99094245645948709,-6.17280918881219e-07,-8.1072419983460394e-07
54,0.40956067457899092,-0.27986098742152643,0.01499962865844723,0.13428718473852741,0.99094245645948709,-6.17280918881219e-07,-8.1072419983460394e-07
54,0.40956067457899092,-0.27986098742152643,0.01499962865844723,0.13428718473852741,0.99094245645948709,-6.17280918881219e-07,-8.1072419983460394e-07
54,0.40956067457899092,-0.27986098742152643,0.01499962865844723,0.13428718473852741,0.99094245645948709,-6.17280918881219e-07,-8.1072419983460394e-07
54,0.40956067457899092,-0.27986098742152643,0.01499962865844723,0.13428718473852741,0.99094245645948709,-6.17280918881219e-07,-8.1072419983460394e-07
54,0.40956067457899092,-0.27986098742152643,0.01499962865844723,0.13428718473852741,0.99094245645948709,-6.17280918881219e-07,-8.1072419983460394e-07
54,0.40956067457899092,-0.27986098742152643,0.01499962865844723,0.13428718473852741,0.99094245645948709,-6.17280918881219e-07,-8.1072419983460394e-07
54,0.40956067457899092,-0.27986098742152643,0.01499962865844723,0.13428718473852741,0.99094245645948709,-6.17280918881219e-07,-8.1072419983460394e-07
54,0.40956067457899092,-0.27986098742152643,0.01499962865844723,0.13428718473852741,0.99094245645948709,-6.17280918881219e-07,-8.1072419983460394e-07
54,0.40956067457899092,-0.27986098742152643,0.01499962865844723,0.13428718473852741,0.99094245645948709,-6.17280918881219e-07,-8.1072419983460394e-07
54,0.40956067457899092,-0.27986098742152643,0.01499962865844723,0.13428718473852741,0.99094245645948709,-6.17280918881219e-07,-8.1072419983460394e-07
54,0.40956067457899092,-0.27986098742152643,0.01499962865844723,0.13428718473852741,0.99094245645948709,-6.17280918881219e-07,-8.1072419983460394e-07
54,0.40956067457899092,-0.27986098742152643,0.01499962865844723,0.13428718473852741,0.99094245645948709,-6.17280918881219e-07,-8.1072419983460394e-07
54,0.40956067457899092,-0.27986098742152643,0.01499962865844723,0.13428718473852741,0.99094245645948709,-6.17280918881219e-07,-8.1072419983460394e-07
54,0.40956067457899092,-0.27986098742152643,0.01499962865844723,0.13428718473852741,0.99094245645948709,-6.17280918881219e-07,-8.1072419983460394e-07
54,0.40956067457899092,-0.27986098742152643,0.01499962865844723,0.13428718473852741,0.99094245645948709,-6.17280918881219e-07,-8.1072419983460394e-07
54,0.40956067457899092,-0.27986098742152643,0.01499962865844723,0.13428718473852741,0.99094245645948709,-6.17280918881219e-07,-8.1072419983460394e-07
54,0.40956067457899092,-0.27986098742152643,0.01499962865844723,0.13428718473852741,0.99094245645948709,-6.17280918881219e-07,-8.1072419983460394e-07
54,0.40956067457899092,-0.27986098742152643,0.01499962865844723,0.13428718473852741,0.99094245645948709,-6.17280918881219e-07,-8.1072419983460394e-07
54,0.40956067457899092,-0.27986098742152643,0.01499962865844723,0.13428718473852741,0.99094245645948709,-6.17280918881219e-07,-8.1072419983460394e-07
54,0.40956067457899092,-0.27986098742152643,0.01499962865844723,0.13428718473852741,0.99094245645948709,-6.17280918881219e-07,-8.1072419983460394e-07
54,0.40956067457899092,-0.27986098742152643,0.01499962865844723,0.13428718473852741,0.99094245645948709,-6.17280918881219e-07,-8.1072419983460394e-07
54,0.40956067457899092,-0.27986098742152643,0.01499962865844723,0.13428718473852741,0.99094245645948709,-6.17280918881219e-07,-8.1072419983460394e-07
54,0.40956067457899092,-0.27986098742152643,0.01499962865844723,0.13428718473852741,0.99094245645948709,-6.17280918881219e-07,-8.1072419983460394e-07
54,0.40956067457899092,-0.27986098742152643,0.01499962865844723,0.13428718473852741,0.99094245645948709,-6.17280918881219e-07,-8.1072419983460394e-07
54,0.40956067457899092,-0.27986098742152643,0.01499962865844723,0.13428718473852741,0.99094245645948709,-6.17280918881219e-07,-8.1072419983460394e-07
54,0.40956067457899092,-0.27986098742152643,0.01499962865844723,0.13428718473852741,0.99094245645948709,-6.17280918881219e-07,-8.1072419983460394e-07
54,0.40956067457899092,-0.27986098742152643,0.01499962865844723,0.13428718473852741,0.99094245645948709,-6.17280918881219e-07,-8.1072419983460394e-07
54,0.40956067457899092,-0.27986098742152643,0.01499962865844723,0.13428718473852741,0.99094245645948709,-6.17280918881219e-07,-8.1072419983460394e-07
54,0.40956067457899092,-0.27986098742152643,0.01499962865844723,0.13428718473852741,0.99094245645948709,-6.17280918881219e-07,-8.1072419983460394e-07
54,0.40956067457899092,-0.27986098742152643,0.01499962865844723,0.13428718473852741,0.99094245645948709,-6.17280918881219e-07,-8.1072419983460394e-07
54,0.40956067457899092,-0.27986098742152643,0.01499962865844723,0.13428718473852741,0.99094245645948709,-6.17280918881219e-07,-8.1072419983460394e-07
54,0.40956067457899092,-0.27986098742152643,0.01499962865844723,0.13428718473852741,0.99094245645948709,-6.17280918881219e-07,-8.1072419983460394e-07
54,0.40956067457899092,-0.27986098742152643,0.01499962865844723,0.13428718473852741,0.99094245645948709,-6.17280918881219e-07,-8.1072419983460394e-07
54,0.40956067457899092,-0.27986098742152643,0.01499962865844723,0.13428718473852741,0.99094245645948709,-6.17280918881219e-07,-8.1072419983460394e-07
55,0.40956067457899092,-0.27986098742152643,0.01499962865844723,0.13428718473852741,0.99094245645948709,-6.17280918881219e-07,-8.1072419983460394e-07
55,0.40956067457899092,-0.27986098742152643,0.01499962865844723,0.13428718473852741,0.99094245645948709,-6.17280918881219e-07,-8.1072419983460394e-07
55,0.40956067457899092,-0.27986098742152643,0.01499962865844723,0.13428718473852741,0.99094245645948709,-6.17280918881219e-07,-8.1072419983460394e-07
55,0.40956067457899092,-0.27986098742152643,0.01499962865844723,0.13428718473852741,0.99094245645948709,-6.17280918881219e-07,-8.1072419983460394e-07
55,0.40956067457899092,-0.27986098742152643,0.01499962865844723,0.13428718473852741,0.99094245645948709,-6.17280918881219e-07,-8.1072419983460394e-07
55,0.40956067457899092,-0.27986098742152643,0.01499962865844723,0.13428718473852741,0.99094245645948709,-6.17280918881219e-07,-8.1072419983460394e-07
55,0.40956067457899092,-0.27986098742152643,0.01499962865844723,0.13428718473852741,0.99094245645948709,-6.17280918881219e-07,-8.1072419983460394e-07
55,0.40956067457899092,-0.27986098742152643,0.01499962865844723,0.13428718473852741,0.99094245645948709,-6.17280918881219e-07,-8.1072419983460394e-07
55,0.40956067457899092,-0.27986098742152643,0.01499962865844723,0.13428718473852741,0.99094245645948709,-6.17280918881219e-07,-8.1072419983460394e-07
55,0.40956067457899092,-0.27986098742152643,0.01499962865844723,0.13428718473852741,0.99094245645948709,-6.17280918881219e-07,-8.1072419983460394e-07
55,0.40956067457899092,-0.27986098742152643,0.01499962865844723,0.13428718473852741,0.99094245645948709,-6.17280918881219e-07,-8.1072419983460394e-07
55,0.40956067457899092,-0.27986098742152643,0.01499962865844723,0.13428718473852741,0.99094245645948709,-6.17280918881219e-07,-8.1072419983460394e-07
55,0.40956067457899092,-0.27986098742152643,0.01499962865844723,0.13428718473852741,0.99094245645948709,-6.17280918881219e-07,-8.1072419983460394e-07
55,0.40956067457899092,-0.27986098742152643,0.01499962865844723,0.13428718473852741,0.99094245645948709,-6.17280918881219e-07,-8.1072419983460394e-07
55,0.40956067457899092,-0.27986098742152643,0.01499962865844723,0.13428718473852741,0.99094245645948709,-6.17280918881219e-07,-8.1072419983460394e-07
55,0.40956067457899092,-0.27986098742152643,0.01499962865844723,0.13428718473852741,0.99094245645948709,-6.17280918881219e-07,-8.1072419983460394e-07
55,0.40956067457899092,-0.27986098742152643,0.01499962865844723,0.13428718473852741,0.99094245645948709,-6.17280918881219e-07,-8.1072419983460394e-07
55,0.40956067457899092,-0.27986098742152643,0.01499962865844723,0.13428718473852741,0.99094245645948709,-6.17280918881219e-07,-8.1072419983460394e-07
55,0.40956067457899092,-0.27986098742152643,0.01499962865844723,0.13428718473852741,0.99094245645948709,-6.17280918881219e-07,-8.1072419983460394e-07
55,0.40956067457899092,-0.27986098742152643,0.01499962865844723,0.13428718473852741,0.99094245645948709,-6.17280918881219e-07,-8.1072419983460394e-07
55,0.40956067457899092,-0.27986098742152643,0.01499962865844723,0.13428718473852741,0.99094245645948709,-6.17280918881219e-07,-8.1072419983460394e-07
55,0.40956067457899092,-0.27986098742152643,0.01499962865844723,0.13428718473852741,0.99094245645948709,-6.17280918881219e-07,-8.1072419983460394e-07
55,0.40956067457899092,-0.27986098742152643,0.01499962865844723,0.13428718473852741,0.99094245645948709,-6.17280918881219e-07,-8.1072419983460394e-07
55,0.40956067457899092,-0.27986098742152643,0.01499962865844723,0.13428718473852741,0.99094245645948709,-6.17280918881219e-07,-8.1072419983460394e-07
55,0.40956067457899092,-0.27986098742152643,0.01499962865844723,0.13428718473852741,0.99094245645948709,-6.17280918881219e-07,-8.1072419983460394e-07
55,0.40956067457899092,-0.27986098742152643,0.01499962865844723,0.13428718473852741,0.99094245645948709,-6.17280918881219e-07,-8.1072419983460394e-07
55,0.40956067457899092,-0.27986098742152643,0.01499962865844723,0.13428718473852741,0.99094245645948709,-6.17280918881219e-07,-8.1072419983460394e-07
55,0.40956067457899092,-0.27986098742152643,0.01499962865844723,0.13428718473852741,0.99094245645948709,-6.17280918881219e-07,-8.1072419983460394e-07
55,0.40956067457899092,-0.27986098742152643,0.01499962865844723,0.13428718473852741,0.99094245645948709,-6.17280918881219e-07,-8.1072419983460394e-07
55,0.40956067457899092,-0.27986098742152643,0.01499962865844723,0.13428718473852741,0.99094245645948709,-6.17280918881219e-07,-8.1072419983460394e-07
55,0.40956067457899092,-0.27986098742152643,0.01499962865844723,0.13428718473852741,0.99094245645948709,-6.17280918881219e-07,-8.1072419983460394e-07
55,0.40956067457899092,-0.27986098742152643,0.01499962865844723,0.13428718473852741,0.99094245645948709,-6.17280918881219e-07,-8.1072419983460394e-07
55,0.40956067457899092,-0.27986098742152643,0.01499962865844723,0.13428718473852741,0.99094245645948709,-6.17280918881219e-07,-8.1072419983460394e-07
55,0.40956067457899092,-0.27986098742152643,0.01499962865844723,0.13428718473852741,0.99094245645948709,-6.17280918881219e-07,-8.1072419983460394e-07
55,0.40956067457899092,-0.27986098742152643,0.01499962865844723,0.13428718473852741,0.99094245645948709,-6.17280918881219e-07,-8.1072419983460394e-07
55,0.40956067457899092,-0.27986098742152643,0.01499962865844723,0.13428718473852741,0.99094245645948709,-6.17280918881219e-07,-8.1072419983460394e-07
55,0.40956067457899092,-0.27986098742152643,0.01499962865844723,0.13428718473852741,0.99094245645948709,-6.17280918881219e-07,-8.1072419983460394e-07
55,0.40956067457899092,-0.27986098742152643,0.01499962865844723,0.13428718473852741,0.99094245645948709,-6.17280918881219e-07,-8.1072419983460394e-07
55,0.40956067457899092,-0.27986098742152643,0.01499962865844723,0.13428718473852741,0.99094245645948709,-6.17280918881219e-07,-8.1072419983460394e-07
55,0.40956067457899092,-0.27986098742152643,0.01499962865844723,0.13428718473852741,0.99094245645948709,-6.17280918881219e-07,-8.1072419983460394e-07
55,0.40956067457899092,-0.27986098742152643,0.01499962865844723,0.13428718473852741,0.99094245645948709,-6.17280918881219e-07,-8.1072419983460394e-07
55,0.40956067457899092,-0.27986098742152643,0.01499962865844723,0.13428718473852741,0.99094245645948709,-6.17280918881219e-07,-8.1072419983460394e-07
55,0.40956067457899092,-0.27986098742152643,0.01499962865844723,0.13428718473852741,0.99094245645948709,-6.17280918881219e-07,-8.1072419983460394e-07
55,0.40956067457899092,-0.27986098742152643,0.01499962865844723,0.13428718473852741,0.99094245645948709,-6.17280918881219e-07,-8.1072419983460394e-07
55,0.40956067457899092,-0.27986098742152643,0.01499962865844723,0.13428718473852741,0.99094245645948709,-6.17280918881219e-07,-8.1072419983460394e-07
55,0.40956067457899092,-0.27986098742152643,0.01499962865844723,0.13428718473852741,0.99094245645948709,-6.17280918881219e-07,-8.1072419983460394e-07
55,0.40956067457899092,-0.27986098742152643,0.01499962865844723,0.13428718473852741,0.99094245645948709,-6.17280918881219e-07,-8.1072419983460394e-07
55,0.40956067457899092,-0.27986098742152643,0.01499962865844723,0.13428718473852741,0.99094245645948709,-6.17280918881219e-07,-8.1072419983460394e-07
55,0.40956067457899092,-0.27986098742152643,0.01499962865844723,0.13428718473852741,0.99094245645948709,-6.17280918881219e-07,-8.1072419983460394e-07
55,0.40956067457899092,-0.27986098742152643,0.01499962865844723,0.13428718473852741,0.99094245645948709,-6.17280918881219e-07,-8.1072419983460394e-07
56,0.40956067457899092,-0.27986098742152643,0.01499962865844723,0.13428718473852741,0.99094245645948709,-6.17280918881219e-07,-8.1072419983460394e-07
56,0.40956067457899092,-0.27986098742152643,0.01499962865844723,0.13428718473852741,0.99094245645948709,-6.17280918881219e-07,-8.1072419983460394e-07
56,0.40956067457899092,-0.27986098742152643,0.01499962865844723,0.13428718473852741,0.99094245645948709,-6.17280918881219e-07,-8.1072419983460394e-07
56,0.40956067457899092,-0.27986098742152643,0.01499962865844723,0.13428718473852741,0.99094245645948709,-6.17280918881219e-07,-8.1072419983460394e-07
56,0.40956067457899092,-0.27986098742152643,0.01499962865844723,0.13428718473852741,0.99094245645948709,-6.17280918881219e-07,-8.1072419983460394e-07
56,0.40956067457899092,-0.27986098742152643,0.01499962865844723,0.13428718473852741,0.99094245645948709,-6.17280918881219e-07,-8.1072419983460394e-07
56,0.40956067457899092,-0.27986098742152643,0.01499962865844723,0.13428718473852741,0.99094245645948709,-6.17280918881219e-07,-8.1072419983460394e-07
56,0.40956067457899092,-0.27986098742152643,0.01499962865844723,0.13428718473852741,0.99094245645948709,-6.17280918881219e-07,-8.1072419983460394e-07
56,0.40956067457899092,-0.27986098742152643,0.01499962865844723,0.13428718473852741,0.99094245645948709,-6.17280918881219e-07,-8.1072419983460394e-07
56,0.40956067457899092,-0.27986098742152643,0.01499962865844723,0.13428718473852741,0.99094245645948709,-6.17280918881219e-07,-8.1072419983460394e-07
56,0.40956067457899092,-0.27986098742152643,0.01499962865844723,0.13428718473852741,0.99094245645948709,-6.17280918881219e-07,-8.1072419983460394e-07
56,0.40956067457899092,-0.27986098742152643,0.01499962865844723,0.13428718473852741,0.99094245645948709,-6.17280918881219e-07,-8.1072419983460394e-07
56,0.40956067457899092,-0.27986098742152643,0.01499962865844723,0.13428718473852741,0.99094245645948709,-6.17280918881219e-07,-8.1072419983460394e-07
56,0.40956067457899092,-0.27986098742152643,0.01499962865844723,0.13428718473852741,0.99094245645948709,-6.17280918881219e-07,-8.1072419983460394e-07
56,0.40956067457899092,-0.27986098742152643,0.01499962865844723,0.13428718473852741,0.99094245645948709,-6.17280918881219e-07,-8.1072419983460394e-07
56,0.40956067457899092,-0.27986098742152643,0.01499962865844723,0.13428718473852741,0.99094245645948709,-6.17280918881219e-07,-8.1072419983460394e-07
56,0.40956067457899092,-0.27986098742152643,0.01499962865844723,0.13428718473852741,0.99094245645948709,-6.17280918881219e-07,-8.1072419983460394e-07
56,0.40956067457899092,-0.27986098742152643,0.01499962865844723,0.13428718473852741,0.99094245645948709,-6.17280918881219e-07,-8.1072419983460394e-07
56,0.40956067457899092,-0.27986098742152643,0.01499962865844723,0.13428718473852741,0.99094245645948709,-6.17280918881219e-07,-8.1072419983460394e-07
56,0.40956067457899092,-0.27986098742152643,0.01499962865844723,0.13428718473852741,0.99094245645948709,-6.17280918881219e-07,-8.1072419983460394e-07
56,0.40956067457899092,-0.27986098742152643,0.01499962865844723,0.13428718473852741,0.99094245645948709,-6.17280918881219e-07,-8.1072419983460394e-07
56,0.40956067457899092,-0.27986098742152643,0.01499962865844723,0.13428718473852741,0.99094245645948709,-6.17280918881219e-07,-8.1072419983460394e-07
56,0.40956067457899092,-0.27986098742152643,0.01499962865844723,0.13428718473852741,0.99094245645948709,-6.17280918881219e-07,-8.1072419983460394e-07
56,0.40956067457899092,-0.27986098742152643,0.01499962865844723,0.13428718473852741,0.99094245645948709,-6.17280918881219e-07,-8.1072419983460394e-07
56,0.40956067457899092,-0.27986098742152643,0.01499962865844723,0.13428718473852741,0.99094245645948709,-6.17280918881219e-07,-8.1072419983460394e-07
56,0.40956067457899092,-0.27986098742152643,0.01499962865844723,0.13428718473852741,0.99094245645948709,-6.17280918881219e-07,-8.1072419983460394e-07
56,0.40956067457899092,-0.27986098742152643,0.01499962865844723,0.13428718473852741,0.99094245645948709,-6.17280918881219e-07,-8.1072419983460394e-07
56,0.40956067457899092,-0.27986098742152643,0.01499962865844723,0.13428718473852741,0.99094245645948709,-6.17280918881219e-07,-8.1072419983460394e-07
56,0.40956067457899092,-0.27986098742152643,0.01499962865844723,0.13428718473852741,0.99094245645948709,-6.17280918881219e-07,-8.1072419983460394e-07
56,0.40956067457899092,-0.27986098742152643,0.01499962865844723,0.13428718473852741,0.99094245645948709,-6.17280918881219e-07,-8.1072419983460394e-07
56,0.40956067457899092,-0.27986098742152643,0.01499962865844723,0.13428718473852741,0.99094245645948709,-6.17280918881219e-07,-8.1072419983460394e-07
56,0.40956067457899092,-0.27986098742152643,0.01499962865844723,0.13428718473852741,0.99094245645948709,-6.17280918881219e-07,-8.1072419983460394e-07
56,0.40956067457899092,-0.27986098742152643,0.01499962865844723,0.13428718473852741,0.99094245645948709,-6.17280918881219e-07,-8.1072419983460394e-07
56,0.40956067457899092,-0.27986098742152643,0.01499962865844723,0.13428718473852741,0.99094245645948709,-6.17280918881219e-07,-8.1072419983460394e-07
56,0.40956067457899092,-0.27986098742152643,0.01499962865844723,0.13428718473852741,0.99094245645948709,-6.17280918881219e-07,-8.1072419983460394e-07
56,0.40956067457899092,-0.27986098742152643,0.01499962865844723,0.13428718473852741,0.99094245645948709,-6.17280918881219e-07,-8.1072419983460394e-07
56,0.40956067457899092,-0.27986098742152643,0.01499962865844723,0.13428718473852741,0.99094245645948709,-6.17280918881219e-07,-8.1072419983460394e-07
56,0.40956067457899092,-0.27986098742152643,0.01499962865844723,0.13428718473852741,0.99094245645948709,-6.17280918881219e-07,-8.1072419983460394e-07
56,0.40956067457899092,-0.27986098742152643,0.01499962865844723,0.13428718473852741,0.99094245645948709,-6.17280918881219e-07,-8.1072419983460394e-07
56,0.40956067457899092,-0.27986098742152643,0.01499962865844723,0.13428718473852741,0.99094245645948709,-6.17280918881219e-07,-8.1072419983460394e-07
56,0.40956067457899092,-0.27986098742152643,0.01499962865844723,0.13428718473852741,0.99094245645948709,-6.17280918881219e-07,-8.1072419983460394e-07
56,0.40956067457899092,-0.27986098742152643,0.01499962865844723,0.13428718473852741,0.99094245645948709,-6.17280918881219e-07,-8.1072419983460394e-07
56,0.40956067457899092,-0.27986098742152643,0.01499962865844723,0.13428718473852741,0.99094245645948709,-6.17280918881219e-07,-8.1072419983460394e-07
56,0.40956067457899092,-0.27986098742152643,0.01499962865844723,0.13428718473852741,0.99094245645948709,-6.17280918881219e-07,-8.1072419983460394e-07
56,0.40956067457899092,-0.27986098742152643,0.01499962865844723,0.13428718473852741,0.99094245645948709,-6.17280918881219e-07,-8.1072419983460394e-07
56,0.40956067457899092,-0.27986098742152643,0.01499962865844723,0.13428718473852741,0.99094245645948709,-6.17280918881219e-07,-8.1072419983460394e-07
56,0.40956067457899092,-0.27986098742152643,0.01499962865844723,0.13428718473852741,0.99094245645948709,-6.17280918881219e-07,-8.1072419983460394e-07
56,0.40956067457899092,-0.27986098742152643,0.01499962865844723,0.13428718473852741,0.99094245645948709,-6.17280918881219e-07,-8.1072419983460394e-07
56,0.40956067457899092,-0.27986098742152643,0.01499962865844723,0.13428718473852741,0.99094245645948709,-6.17280918881219e-07,-8.1072419983460394e-07
56,0.40956067457899092,-0.27986098742152643,0.01499962865844723,0.13428718473852741,0.99094245645948709,-6.17280918881219e-07,-8.1072419983460394e-07
57,0.40956067457899092,-0.27986098742152643,0.01499962865844723,0.13428718473852741,0.99094245645948709,-6.17280918881219e-07,-8.1072419983460394e-07
57,0.40956067457899092,-0.27986098742152643,0.01499962865844723,0.13428718473852741,0.99094245645948709,-6.17280918881219e-07,-8.1072419983460394e-07
57,0.40956067457899092,-0.27986098742152643,0.01499962865844723,0.13428718473852741,0.99094245645948709,-6.17280918881219e-07,-8.1072419983460394e-07
57,0.40956067457899092,-0.27986098742152643,0.01499962865844723,0.13428718473852741,0.99094245645948709,-6.17280918881219e-07,-8.1072419983460394e-07
57,0.40956067457899092,-0.27986098742152643,0.01499962865844723,0.13428718473852741,0.99094245645948709,-6.17280918881219e-07,-8.1072419983460394e-07
57,0.40956067457899092,-0.27986098742152643,0.01499962865844723,0.13428718473852741,0.99094245645948709,-6.17280918881219e-07,-8.1072419983460394e-07
57,0.40956067457899092,-0.27986098742152643,0.01499962865844723,0.13428718473852741,0.99094245645948709,-6.17280918881219e-07,-8.1072419983460394e-07
57,0.40956067457899092,-0.27986098742152643,0.01499962865844723,0.13428718473852741,0.99094245645948709,-6.17280918881219e-07,-8.1072419983460394e-07
57,0.40956067457899092,-0.27986098742152643,0.01499962865844723,0.13428718473852741,0.99094245645948709,-6.17280918881219e-07,-8.1072419983460394e-07
57,0.40956067457899092,-0.27986098742152643,0.01499962865844723,0.13428718473852741,0.99094245645948709,-6.17280918881219e-07,-8.1072419983460394e-07
57,0.40956067457899092,-0.27986098742152643,0.01499962865844723,0.13428718473852741,0.99094245645948709,-6.17280918881219e-07,-8.1072419983460394e-07
57,0.40956067457899092,-0.27986098742152643,0.01499962865844723,0.13428718473852741,0.99094245645948709,-6.17280918881219e-07,-8.1072419983460394e-07
57,0.40956067457899092,-0.27986098742152643,0.01499962865844723,0.13428718473852741,0.99094245645948709,-6.17280918881219e-07,-8.1072419983460394e-07
57,0.40956067457899092,-0.27986098742152643,0.01499962865844723,0.13428718473852741,0.99094245645948709,-6.17280918881219e-07,-8.1072419983460394e-07
57,0.40956067457899092,-0.27986098742152643,0.01499962865844723,0.13428718473852741,0.99094245645948709,-6.17280918881219e-07,-8.1072419983460394e-07
57,0.40956067457899092,-0.27986098742152643,0.01499962865844723,0.13428718473852741,0.99094245645948709,-6.17280918881219e-07,-8.1072419983460394e-07
57,0.40956067457899092,-0.27986098742152643,0.01499962865844723,0.13428718473852741,0.99094245645948709,-6.17280918881219e-07,-8.1072419983460394e-07
57,0.40956067457899092,-0.27986098742152643,0.01499962865844723,0.13428718473852741,0.99094245645948709,-6.17280918881219e-07,-8.1072419983460394e-07
57,0.40956067457899092,-0.27986098742152643,0.01499962865844723,0.13428718473852741,0.99094245645948709,-6.17280918881219e-07,-8.1072419983460394e-07
57,0.40956067457899092,-0.27986098742152643,0.01499962865844723,0.13428718473852741,0.99094245645948709,-6.17280918881219e-07,-8.1072419983460394e-07
57,0.40956067457899092,-0.27986098742152643,0.01499962865844723,0.13428718473852741,0.99094245645948709,-6.17280918881219e-07,-8.1072419983460394e-07
57,0.40956067457899092,-0.27986098742152643,0.01499962865844723,0.13428718473852741,0.99094245645948709,-6.17280918881219e-07,-8.1072419983460394e-07
57,0.40956067457899092,-0.27986098742152643,0.01499962865844723,0.13428718473852741,0.99094245645948709,-6.17280918881219e-07,-8.1072419983460394e-07
57,0.40956067457899092,-0.27986098742152643,0.01499962865844723,0.13428718473852741,0.99094245645948709,-6.17280918881219e-07,-8.1072419983460394e-07
57,0.40956067457899092,-0.27986098742152643,0.01499962865844723,0.13428718473852741,0.99094245645948709,-6.17280918881219e-07,-8.1072419983460394e-07
57,0.40956067457899092,-0.27986098742152643,0.01499962865844723,0.13428718473852741,0.99094245645948709,-6.17280918881219e-07,-8.1072419983460394e-07
57,0.40956067457899092,-0.27986098742152643,0.01499962865844723,0.13428718473852741,0.99094245645948709,-6.17280918881219e-07,-8.1072419983460394e-07
57,0.40956067457899092,-0.27986098742152643,0.01499962865844723,0.13428718473852741,0.99094245645948709,-6.17280918881219e-07,-8.1072419983460394e-07
57,0.40956067457899092,-0.27986098742152643,0.01499962865844723,0.13428718473852741,0.99094245645948709,-6.17280918881219e-07,-8.1072419983460394e-07
57,0.40956067457899092,-0.27986098742152643,0.01499962865844723,0.13428718473852741,0.99094245645948709,-6.17280918881219e-07,-8.1072419983460394e-07
57,0.40956067457899092,-0.27986098742152643,0.01499962865844723,0.13428718473852741,0.99094245645948709,-6.17280918881219e-07,-8.1072419983460394e-07
57,0.40956067457899092,-0.27986098742152643,0.01499962865844723,0.13428718473852741,0.99094245645948709,-6.17280918881219e-07,-8.1072419983460394e-07
57,0.40956067457899092,-0.27986098742152643,0.01499962865844723,0.13428718473852741,0.99094245645948709,-6.17280918881219e-07,-8.1072419983460394e-07
57,0.40956067457899092,-0.27986098742152643,0.01499962865844723,0.13428718473852741,0.99094245645948709,-6.17280918881219e-07,-8.1072419983460394e-07
57,0.40956067457899092,-0.27986098742152643,0.01499962865844723,0.13428718473852741,0.99094245645948709,-6.17280918881219e-07,-8.1072419983460394e-07
57,0.40956067457899092,-0.27986098742152643,0.01499962865844723,0.13428718473852741,0.99094245645948709,-6.17280918881219e-07,-8.1072419983460394e-07
57,0.40956067457899092,-0.27986098742152643,0.01499962865844723,0.13428718473852741,0.99094245645948709,-6.17280918881219e-07,-8.1072419983460394e-07
57,0.40956067457899092,-0.27986098742152643,0.01499962865844723,0.13428718473852741,0.99094245645948709,-6.17280918881219e-07,-8.1072419983460394e-07
57,0.40956067457899092,-0.27986098742152643,0.01499962865844723,0.13428718473852741,0.99094245645948709,-6.17280918881219e-07,-8.1072419983460394e-07
57,0.40956067457899092,-0.27986098742152643,0.01499962865844723,0.13428718473852741,0.99094245645948709,-6.17280918881219e-07,-8.1072419983460394e-07
57,0.40956067457899092,-0.27986098742152643,0.01499962865844723,0.13428718473852741,0.99094245645948709,-6.17280918881219e-07,-8.1072419983460394e-07
57,0.40956067457899092,-0.27986098742152643,0.01499962865844723,0.13428718473852741,0.99094245645948709,-6.17280918881219e-07,-8.1072419983460394e-07
57,0.40956067457899092,-0.27986098742152643,0.01499962865844723,0.13428718473852741,0.99094245645948709,-6.17280918881219e-07,-8.1072419983460394e-07
57,0.40956067457899092,-0.27986098742152643,0.01499962865844723,0.13428718473852741,0.99094245645948709,-6.17280918881219e-07,-8.1072419983460394e-07
57,0.40956067457899092,-0.27986098742152643,0.01499962865844723,0.13428718473852741,0.99094245645948709,-6.17280918881219e-07,-8.1072419983460394e-07
57,0.40956067457899092,-0.27986098742152643,0.01499962865844723,0.13428718473852741,0.99094245645948709,-6.17280918881219e-07,-8.1072419983460394e-07
57,0.40956067457899092,-0.27986098742152643,0.01499962865844723,0.13428718473852741,0.99094245645948709,-6.17280918881219e-07,-8.1072419983460394e-07
57,0.40956067457899092,-0.27986098742152643,0.01499962865844723,0.13428718473852741,0.99094245645948709,-6.17280918881219e-07,-8.1072419983460394e-07
57,0.40956067457899092,-0.27986098742152643,0.01499962865844723,0.13428718473852741,0.99094245645948709,-6.17280918881219e-07,-8.1072419983460394e-07
57,0.40956067457899092,-0.27986098742152643,0.01499962865844723,0.13428718473852741,0.99094245645948709,-6.17280918881219e-07,-8.1072419983460394e-07
58,0.40956067457899092,-0.27986098742152643,0.01499962865844723,0.13428718473852741,0.99094245645948709,-6.17280918881219e-07,-8.1072419983460394e-07
58,0.40956067457899092,-0.27986098742152643,0.01499962865844723,0.13428718473852741,0.99094245645948709,-6.17280918881219e-07,-8.1072419983460394e-07
58,0.40956067457899092,-0.27986098742152643,0.01499962865844723,0.13428718473852741,0.99094245645948709,-6.17280918881219e-07,-8.1072419983460394e-07
58,0.40956067457899092,-0.27986098742152643,0.01499962865844723,0.13428718473852741,0.99094245645948709,-6.17280918881219e-07,-8.1072419983460394e-07
58,0.40956067457899092,-0.27986098742152643,0.01499962865844723,0.13428718473852741,0.99094245645948709,-6.17280918881219e-07,-8.1072419983460394e-07
58,0.40956067457899092,-0.27986098742152643,0.01499962865844723,0.13428718473852741,0.99094245645948709,-6.17280918881219e-07,-8.1072419983460394e-07
58,0.40956067457899092,-0.27986098742152643,0.01499962865844723,0.13428718473852741,0.99094245645948709,-6.17280918881219e-07,-8.1072419983460394e-07
58,0.40956067457899092,-0.27986098742152643,0.01499962865844723,0.13428718473852741,0.99094245645948709,-6.17280918881219e-07,-8.1072419983460394e-07
58,0.40956067457899092,-0.27986098742152643,0.01499962865844723,0.13428718473852741,0.99094245645948709,-6.17280918881219e-07,-8.1072419983460394e-07
58,0.40956067457899092,-0.27986098742152643,0.01499962865844723,0.13428718473852741,0.99094245645948709,-6.17280918881219e-07,-8.1072419983460394e-07
58,0.40956067457899092,-0.27986098742152643,0.01499962865844723,0.13428718473852741,0.99094245645948709,-6.17280918881219e-07,-8.1072419983460394e-07
58,0.40956067457899092,-0.27986098742152643,0.01499962865844723,0.13428718473852741,0.99094245645948709,-6.17280918881219e-07,-8.1072419983460394e-07
58,0.40956067457899092,-0.27986098742152643,0.01499962865844723,0.13428718473852741,0.99094245645948709,-6.17280918881219e-07,-8.1072419983460394e-07
58,0.40956067457899092,-0.27986098742152643,0.01499962865844723,0.13428718473852741,0.99094245645948709,-6.17280918881219e-07,-8.1072419983460394e-07
58,0.40956067457899092,-0.27986098742152643,0.01499962865844723,0.13428718473852741,0.99094245645948709,-6.17280918881219e-07,-8.1072419983460394e-07
58,0.40956067457899092,-0.27986098742152643,0.01499962865844723,0.13428718473852741,0.99094245645948709,-6.17280918881219e-07,-8.1072419983460394e-07
58,0.40956067457899092,-0.27986098742152643,0.01499962865844723,0.13428718473852741,0.99094245645948709,-6.17280918881219e-07,-8.1072419983460394e-07
58,0.40956067457899092,-0.27986098742152643,0.01499962865844723,0.13428718473852741,0.99094245645948709,-6.17280918881219e-07,-8.1072419983460394e-07
58,0.40956067457899092,-0.27986098742152643,0.01499962865844723,0.13428718473852741,0.99094245645948709,-6.17280918881219e-07,-8.1072419983460394e-07
58,0.40956067457899092,-0.27986098742152643,0.01499962865844723,0.13428718473852741,0.99094245645948709,-6.17280918881219e-07,-8.1072419983460394e-07
58,0.40956067457899092,-0.27986098742152643,0.01499962865844723,0.13428718473852741,0.99094245645948709,-6.17280918881219e-07,-8.1072419983460394e-07
58,0.40956067457899092,-0.27986098742152643,0.01499962865844723,0.13428718473852741,0.99094245645948709,-6.17280918881219e-07,-8.1072419983460394e-07
58,0.40956067457899092,-0.27986098742152643,0.01499962865844723,0.13428718473852741,0.99094245645948709,-6.17280918881219e-07,-8.1072419983460394e-07
58,0.40956067457899092,-0.27986098742152643,0.01499962865844723,0.13428718473852741,0.99094245645948709,-6.17280918881219e-07,-8.1072419983460394e-07
58,0.40956067457899092,-0.27986098742152643,0.01499962865844723,0.13428718473852741,0.99094245645948709,-6.17280918881219e-07,-8.1072419983460394e-07
58,0.40956067457899092,-0.27986098742152643,0.01499962865844723,0.13428718473852741,0.99094245645948709,-6.17280918881219e-07,-8.1072419983460394e-07
58,0.40956067457899092,-0.27986098742152643,0.01499962865844723,0.13428718473852741,0.99094245645948709,-6.17280918881219e-07,-8.1072419983460394e-07
58,0.40956067457899092,-0.27986098742152643,0.01499962865844723,0.13428718473852741,0.99094245645948709,-6.17280918881219e-07,-8.1072419983460394e-07
58,0.40956067457899092,-0.27986098742152643,0.01499962865844723,0.13428718473852741,0.99094245645948709,-6.17280918881219e-07,-8.1072419983460394e-07
58,0.40956067457899092,-0.27986098742152643,0.01499962865844723,0.13428718473852741,0.99094245645948709,-6.17280918881219e-07,-8.1072419983460394e-07
58,0.40956067457899092,-0.27986098742152643,0.01499962865844723,0.13428718473852741,0.99094245645948709,-6.17280918881219e-07,-8.1072419983460394e-07
58,0.40956067457899092,-0.27986098742152643,0.01499962865844723,0.13428718473852741,0.99094245645948709,-6.17280918881219e-07,-8.1072419983460394e-07
58,0.40956067457899092,-0.27986098742152643,0.01499962865844723,0.13428718473852741,0.99094245645948709,-6.17280918881219e-07,-8.1072419983460394e-07
58,0.40956067457899092,-0.27986098742152643,0.01499962865844723,0.13428718473852741,0.99094245645948709,-6.17280918881219e-07,-8.1072419983460394e-07
58,0.40956067457899092,-0.27986098742152643,0.01499962865844723,0.13428718473852741,0.99094245645948709,-6.17280918881219e-07,-8.1072419983460394e-07
58,0.40956067457899092,-0.27986098742152643,0.01499962865844723,0.13428718473852741,0.99094245645948709,-6.17280918881219e-07,-8.1072419983460394e-07
58,0.40956067457899092,-0.27986098742152643,0.01499962865844723,0.13428718473852741,0.99094245645948709,-6.17280918881219e-07,-8.1072419983460394e-07
58,0.40956067457899092,-0.27986098742152643,0.01499962865844723,0.13428718473852741,0.99094245645948709,-6.17280918881219e-07,-8.1072419983460394e-07
58,0.40956067457899092,-0.27986098742152643,0.01499962865844723,0.13428718473852741,0.99094245645948709,-6.17280918881219e-07,-8.1072419983460394e-07
58,0.40956067457899092,-0.27986098742152643,0.01499962865844723,0.13428718473852741,0.99094245645948709,-6.17280918881219e-07,-8.1072419983460394e-07
58,0.40956067457899092,-0.27986098742152643,0.01499962865844723,0.13428718473852741,0.99094245645948709,-6.17280918881219e-07,-8.1072419983460394e-07
58,0.40956067457899092,-0.27986098742152643,0.01499962865844723,0.13428718473852741,0.99094245645948709,-6.17280918881219e-07,-8.1072419983460394e-07
58,0.40956067457899092,-0.27986098742152643,0.01499962865844723,0.13428718473852741,0.99094245645948709,-6.17280918881219e-07,-8.1072419983460394e-07
58,0.40956067457899092,-0.27986098742152643,0.01499962865844723,0.13428718473852741,0.99094245645948709,-6.17280918881219e-07,-8.1072419983460394e-07
58,0.40956067457899092,-0.27986098742152643,0.01499962865844723,0.13428718473852741,0.99094245645948709,-6.17280918881219e-07,-8.1072419983460394e-07
58,0.40956067457899092,-0.27986098742152643,0.01499962865844723,0.13428718473852741,0.99094245645948709,-6.17280918881219e-07,-8.1072419983460394e-07
58,0.40956067457899092,-0.27986098742152643,0.01499962865844723,0.13428718473852741,0.99094245645948709,-6.17280918881219e-07,-8.1072419983460394e-07
58,0.40956067457899092,-0.27986098742152643,0.01499962865844723,0.13428718473852741,0.99094245645948709,-6.17280918881219e-07,-8.1072419983460394e-07
58,0.40956067457899092,-0.27986098742152643,0.01499962865844723,0.13428718473852741,0.99094245645948709,-6.17280918881219e-07,-8.1072419983460394e-07
58,0.40956067457899092,-0.27986098742152643,0.01499962865844723,0.13428718473852741,0.99094245645948709,-6.17280918881219e-07,-8.1072419983460394e-07
59,0.40956067457899092,-0.27986098742152643,0.01499962865844723,0.13428718473852741,0.99094245645948709,-6.17280918881219e-07,-8.1072419983460394e-07
59,0.40956067457899092,-0.27986098742152643,0.01499962865844723,0.13428718473852741,0.99094245645948709,-6.17280918881219e-07,-8.1072419983460394e-07
59,0.40956067457899092,-0.27986098742152643,0.01499962865844723,0.13428718473852741,0.99094245645948709,-6.17280918881219e-07,-8.1072419983460394e-07
59,0.40956067457899092,-0.27986098742152643,0.01499962865844723,0.13428718473852741,0.99094245645948709,-6.17280918881219e-07,-8.1072419983460394e-07
59,0.40956067457899092,-0.27986098742152643,0.01499962865844723,0.13428718473852741,0.99094245645948709,-6.17280918881219e-07,-8.1072419983460394e-07
59,0.40956067457899092,-0.27986098742152643,0.01499962865844723,0.13428718473852741,0.99094245645948709,-6.17280918881219e-07,-8.1072419983460394e-07
59,0.40956067457899092,-0.27986098742152643,0.01499962865844723,0.13428718473852741,0.99094245645948709,-6.17280918881219e-07,-8.1072419983460394e-07
59,0.40956067457899092,-0.27986098742152643,0.01499962865844723,0.13428718473852741,0.99094245645948709,-6.17280918881219e-07,-8.1072419983460394e-07
59,0.40956067457899092,-0.27986098742152643,0.01499962865844723,0.13428718473852741,0.99094245645948709,-6.17280918881219e-07,-8.1072419983460394e-07
59,0.40956067457899092,-0.27986098742152643,0.01499962865844723,0.13428718473852741,0.99094245645948709,-6.17280918881219e-07,-8.1072419983460394e-07
59,0.40956067457899092,-0.27986098742152643,0.01499962865844723,0.13428718473852741,0.99094245645948709,-6.17280918881219e-07,-8.1072419983460394e-07
59,0.40956067457899092,-0.27986098742152643,0.01499962865844723,0.13428718473852741,0.99094245645948709,-6.17280918881219e-07,-8.1072419983460394e-07
59,0.40956067457899092,-0.27986098742152643,0.01499962865844723,0.13428718473852741,0.99094245645948709,-6.17280918881219e-07,-8.1072419983460394e-07
59,0.40956067457899092,-0.27986098742152643,0.01499962865844723,0.13428718473852741,0.99094245645948709,-6.17280918881219e-07,-8.1072419983460394e-07
59,0.40956067457899092,-0.27986098742152643,0.01499962865844723,0.13428718473852741,0.99094245645948709,-6.17280918881219e-07,-8.1072419983460394e-07
59,0.40956067457899092,-0.27986098742152643,0.01499962865844723,0.13428718473852741,0.99094245645948709,-6.17280918881219e-07,-8.1072419983460394e-07
59,0.40956067457899092,-0.27986098742152643,0.01499962865844723,0.13428718473852741,0.99094245645948709,-6.17280918881219e-07,-8.1072419983460394e-07
59,0.40956067457899092,-0.27986098742152643,0.01499962865844723,0.13428718473852741,0.99094245645948709,-6.17280918881219e-07,-8.1072419983460394e-07
59,0.40956067457899092,-0.27986098742152643,0.01499962865844723,0.13428718473852741,0.99094245645948709,-6.17280918881219e-07,-8.1072419983460394e-07
59,0.40956067457899092,-0.27986098742152643,0.01499962865844723,0.13428718473852741,0.99094245645948709,-6.17280918881219e-07,-8.1072419983460394e-07
59,0.40956067457899092,-0.27986098742152643,0.01499962865844723,0.13428718473852741,0.99094245645948709,-6.17280918881219e-07,-8.1072419983460394e-07
59,0.40956067457899092,-0.27986098742152643,0.01499962865844723,0.13428718473852741,0.99094245645948709,-6.17280918881219e-07,-8.1072419983460394e-07
59,0.40956067457899092,-0.27986098742152643,0.01499962865844723,0.13428718473852741,0.99094245645948709,-6.17280918881219e-07,-8.1072419983460394e-07
59,0.40956067457899092,-0.27986098742152643,0.01499962865844723,0.13428718473852741,0.99094245645948709,-6.17280918881219e-07,-8.1072419983460394e-07
59,0.40956067457899092,-0.27986098742152643,0.01499962865844723,0.13428718473852741,0.99094245645948709,-6.17280918881219e-07,-8.1072419983460394e-07
59,0.40956067457899092,-0.27986098742152643,0.01499962865844723,0.13428718473852741,0.99094245645948709,-6.17280918881219e-07,-8.1072419983460394e-07
59,0.40956067457899092,-0.27986098742152643,0.01499962865844723,0.13428718473852741,0.99094245645948709,-6.17280918881219e-07,-8.1072419983460394e-07
59,0.40956067457899092,-0.27986098742152643,0.01499962865844723,0.13428718473852741,0.99094245645948709,-6.17280918881219e-07,-8.1072419983460394e-07
59,0.40956067457899092,-0.27986098742152643,0.01499962865844723,0.13428718473852741,0.99094245645948709,-6.17280918881219e-07,-8.1072419983460394e-07
59,0.40956067457899092,-0.27986098742152643,0.01499962865844723,0.13428718473852741,0.99094245645948709,-6.17280918881219e-07,-8.1072419983460394e-07
59,0.40956067457899092,-0.27986098742152643,0.01499962865844723,0.13428718473852741,0.99094245645948709,-6.17280918881219e-07,-8.1072419983460394e-07
59,0.40956067457899092,-0.27986098742152643,0.01499962865844723,0.13428718473852741,0.99094245645948709,-6.17280918881219e-07,-8.1072419983460394e-07
59,0.40956067457899092,-0.27986098742152643,0.01499962865844723,0.13428718473852741,0.99094245645948709,-6.17280918881219e-07,-8.1072419983460394e-07
59,0.40956067457899092,-0.27986098742152643,0.01499962865844723,0.13428718473852741,0.99094245645948709,-6.17280918881219e-07,-8.1072419983460394e-07
59,0.40956067457899092,-0.27986098742152643,0.01499962865844723,0.13428718473852741,0.99094245645948709,-6.17280918881219e-07,-8.1072419983460394e-07
59,0.40956067457899092,-0.27986098742152643,0.01499962865844723,0.13428718473852741,0.99094245645948709,-6.17280918881219e-07,-8.1072419983460394e-07
59,0.40956067457899092,-0.27986098742152643,0.01499962865844723,0.13428718473852741,0.99094245645948709,-6.17280918881219e-07,-8.1072419983460394e-07
59,0.40956067457899092,-0.27986098742152643,0.01499962865844723,0.13428718473852741,0.99094245645948709,-6.17280918881219e-07,-8.1072419983460394e-07
59,0.40956067457899092,-0.27986098742152643,0.01499962865844723,0.13428718473852741,0.99094245645948709,-6.17280918881219e-07,-8.1072419983460394e-07
59,0.40956067457899092,-0.27986098742152643,0.01499962865844723,0.13428718473852741,0.99094245645948709,-6.17280918881219e-07,-8.1072419983460394e-07
59,0.40956067457899092,-0.27986098742152643,0.01499962865844723,0.13428718473852741,0.99094245645948709,-6.17280918881219e-07,-8.1072419983460394e-07
59,0.40956067457899092,-0.27986098742152643,0.01499962865844723,0.13428718473852741,0.99094245645948709,-6.17280918881219e-07,-8.1072419983460394e-07
59,0.40956067457899092,-0.27986098742152643,0.01499962865844723,0.13428718473852741,0.99094245645948709,-6.17280918881219e-07,-8.1072419983460394e-07
59,0.40956067457899092,-0.27986098742152643,0.01499962865844723,0.13428718473852741,0.99094245645948709,-6.17280918881219e-07,-8.1072419983460394e-07
59,0.40956067457899092,-0.27986098742152643,0.01499962865844723,0.13428718473852741,0.99094245645948709,-6.17280918881219e-07,-8.1072419983460394e-07
59,0.40956067457899092,-0.27986098742152643,0.01499962865844723,0.13428718473852741,0.99094245645948709,-6.17280918881219e-07,-8.1072419983460394e-07
59,0.40956067457899092,-0.27986098742152643,0.01499962865844723,0.13428718473852741,0.99094245645948709,-6.17280918881219e-07,-8.1072419983460394e-07
59,0.40956067457899092,-0.27986098742152643,0.01499962865844723,0.13428718473852741,0.99094245645948709,-6.17280918881219e-07,-8.1072419983460394e-07
59,0.40956067457899092,-0.27986098742152643,0.01499962865844723,0.13428718473852741,0.99094245645948709,-6.17280918881219e-07,-8.1072419983460394e-07
59,0.40956067457899092,-0.27986098742152643,0.01499962865844723,0.13428718473852741,0.99094245645948709,-6.17280918881219e-07,-8.1072419983460394e-07
60,0.40956067457899092,-0.27986098742152643,0.01499962865844723,0.13428718473852741,0.99094245645948709,-6.17280918881219e-07,-8.1072419983460394e-07
60,0.40956067457899092,-0.27986098742152643,0.01499962865844723,0.13428718473852741,0.99094245645948709,-6.17280918881219e-07,-8.1072419983460394e-07
60,0.40956067457899092,-0.27986098742152643,0.01499962865844723,0.13428718473852741,0.99094245645948709,-6.17280918881219e-07,-8.1072419983460394e-07
60,0.40956067457899092,-0.27986098742152643,0.01499962865844723,0.13428718473852741,0.99094245645948709,-6.17280918881219e-07,-8.1072419983460394e-07
60,0.40956067457899092,-0.27986098742152643,0.01499962865844723,0.13428718473852741,0.99094245645948709,-6.17280918881219e-07,-8.1072419983460394e-07
60,0.40956067457899092,-0.27986098742152643,0.01499962865844723,0.13428718473852741,0.99094245645948709,-6.17280918881219e-07,-8.1072419983460394e-07
60,0.40956067457899092,-0.27986098742152643,0.01499962865844723,0.13428718473852741,0.99094245645948709,-6.17280918881219e-07,-8.1072419983460394e-07
60,0.40956067457899092,-0.27986098742152643,0.01499962865844723,0.13428718473852741,0.99094245645948709,-6.17280918881219e-07,-8.1072419983460394e-07
60,0.40956067457899092,-0.27986098742152643,0.01499962865844723,0.13428718473852741,0.99094245645948709,-6.17280918881219e-07,-8.1072419983460394e-07
60,0.40956067457899092,-0.27986098742152643,0.01499962865844723,0.13428718473852741,0.99094245645948709,-6.17280918881219e-07,-8.1072419983460394e-07
60,0.40956067457899092,-0.27986098742152643,0.01499962865844723,0.13428718473852741,0.99094245645948709,-6.17280918881219e-07,-8.1072419983460394e-07
60,0.40956067457899092,-0.27986098742152643,0.01499962865844723,0.13428718473852741,0.99094245645948709,-6.17280918881219e-07,-8.1072419983460394e-07
60,0.40956067457899092,-0.27986098742152643,0.01499962865844723,0.13428718473852741,0.99094245645948709,-6.17280918881219e-07,-8.1072419983460394e-07
60,0.40956067457899092,-0.27986098742152643,0.01499962865844723,0.13428718473852741,0.99094245645948709,-6.17280918881219e-07,-8.1072419983460394e-07
60,0.40956067457899092,-0.27986098742152643,0.01499962865844723,0.13428718473852741,0.99094245645948709,-6.17280918881219e-07,-8.1072419983460394e-07
60,0.40956067457899092,-0.27986098742152643,0.01499962865844723,0.13428718473852741,0.99094245645948709,-6.17280918881219e-07,-8.1072419983460394e-07
60,0.40956067457899092,-0.27986098742152643,0.01499962865844723,0.13428718473852741,0.99094245645948709,-6.17280918881219e-07,-8.1072419983460394e-07
60,0.40956067457899092,-0.27986098742152643,0.01499962865844723,0.13428718473852741,0.99094245645948709,-6.17280918881219e-07,-8.1072419983460394e-07
60,0.40956067457899092,-0.27986098742152643,0.01499962865844723,0.13428718473852741,0.99094245645948709,-6.17280918881219e-07,-8.1072419983460394e-07
60,0.40956067457899092,-0.27986098742152643,0.01499962865844723,0.13428718473852741,0.99094245645948709,-6.17280918881219e-07,-8.1072419983460394e-07
60,0.40956067457899092,-0.27986098742152643,0.01499962865844723,0.13428718473852741,0.99094245645948709,-6.17280918881219e-07,-8.1072419983460394e-07
60,0.40956067457899092,-0.27986098742152643,0.01499962865844723,0.13428718473852741,0.99094245645948709,-6.17280918881219e-07,-8.1072419983460394e-07
60,0.40956067457899092,-0.27986098742152643,0.01499962865844723,0.13428718473852741,0.99094245645948709,-6.17280918881219e-07,-8.1072419983460394e-07
60,0.40956067457899092,-0.27986098742152643,0.01499962865844723,0.13428718473852741,0.99094245645948709,-6.17280918881219e-07,-8.1072419983460394e-07
60,0.40956067457899092,-0.27986098742152643,0.01499962865844723,0.13428718473852741,0.99094245645948709,-6.17280918881219e-07,-8.1072419983460394e-07
60,0.40956067457899092,-0.27986098742152643,0.01499962865844723,0.13428718473852741,0.99094245645948709,-6.17280918881219e-07,-8.1072419983460394e-07
60,0.40956067457899092,-0.27986098742152643,0.01499962865844723,0.13428718473852741,0.99094245645948709,-6.17280918881219e-07,-8.1072419983460394e-07
60,0.40956067457899092,-0.27986098742152643,0.01499962865844723,0.13428718473852741,0.99094245645948709,-6.17280918881219e-07,-8.1072419983460394e-07
60,0.40956067457899092,-0.27986098742152643,0.01499962865844723,0.13428718473852741,0.99094245645948709,-6.17280918881219e-07,-8.1072419983460394e-07
60,0.40956067457899092,-0.27986098742152643,0.01499962865844723,0.13428718473852741,0.99094245645948709,-6.17280918881219e-07,-8.1072419983460394e-07
60,0.40956067457899092,-0.27986098742152643,0.01499962865844723,0.13428718473852741,0.99094245645948709,-6.17280918881219e-07,-8.1072419983460394e-07
60,0.40956067457899092,-0.27986098742152643,0.01499962865844723,0.13428718473852741,0.99094245645948709,-6.17280918881219e-07,-8.1072419983460394e-07
60,0.40956067457899092,-0.27986098742152643,0.01499962865844723,0.13428718473852741,0.99094245645948709,-6.17280918881219e-07,-8.1072419983460394e-07
60,0.40956067457899092,-0.27986098742152643,0.01499962865844723,0.13428718473852741,0.99094245645948709,-6.17280918881219e-07,-8.1072419983460394e-07
60,0.40956067457899092,-0.27986098742152643,0.01499962865844723,0.13428718473852741,0.99094245645948709,-6.17280918881219e-07,-8.1072419983460394e-07
60,0.40956067457899092,-0.27986098742152643,0.01499962865844723,0.13428718473852741,0.99094245645948709,-6.17280918881219e-07,-8.1072419983460394e-07
60,0.40956067457899092,-0.27986098742152643,0.01499962865844723,0.13428718473852741,0.99094245645948709,-6.17280918881219e-07,-8.1072419983460394e-07
60,0.40956067457899092,-0.27986098742152643,0.01499962865844723,0.13428718473852741,0.99094245645948709,-6.17280918881219e-07,-8.1072419983460394e-07
60,0.40956067457899092,-0.27986098742152643,0.01499962865844723,0.13428718473852741,0.99094245645948709,-6.17280918881219e-07,-8.1072419983460394e-07
60,0.40956067457899092,-0.27986098742152643,0.01499962865844723,0.13428718473852741,0.99094245645948709,-6.17280918881219e-07,-8.1072419983460394e-07
60,0.40956067457899092,-0.27986098742152643,0.01499962865844723,0.13428718473852741,0.99094245645948709,-6.17280918881219e-07,-8.1072419983460394e-07
60,0.40956067457899092,-0.27986098742152643,0.01499962865844723,0.13428718473852741,0.99094245645948709,-6.17280918881219e-07,-8.1072419983460394e-07
60,0.40956067457899092,-0.27986098742152643,0.01499962865844723,0.13428718473852741,0.99094245645948709,-6.17280918881219e-07,-8.1072419983460394e-07
60,0.40956067457899092,-0.27986098742152643,0.01499962865844723,0.13428718473852741,0.99094245645948709,-6.17280918881219e-07,-8.1072419983460394e-07
60,0.40956067457899092,-0.27986098742152643,0.01499962865844723,0.13428718473852741,0.99094245645948709,-6.17280918881219e-07,-8.1072419983460394e-07
60,0.40956067457899092,-0.27986098742152643,0.01499962865844723,0.13428718473852741,0.99094245645948709,-6.17280918881219e-07,-8.1072419983460394e-07
60,0.40956067457899092,-0.27986098742152643,0.01499962865844723,0.13428718473852741,0.99094245645948709,-6.17280918881219e-07,-8.1072419983460394e-07
60,0.40956067457899092,-0.27986098742152643,0.01499962865844723,0.13428718473852741,0.99094245645948709,-6.17280918881219e-07,-8.1072419983460394e-07
60,0.40956067457899092,-0.27986098742152643,0.01499962865844723,0.13428718473852741,0.99094245645948709,-6.17280918881219e-07,-8.1072419983460394e-07
60,0.40956067457899092,-0.27986098742152643,0.01499962865844723,0.13428718473852741,0.99094245645948709,-6.17280918881219e-07,-8.1072419983460394e-07
61,0.40956067457899092,-0.27986098742152643,0.01499962865844723,0.13428718473852741,0.99094245645948709,-6.17280918881219e-07,-8.1072419983460394e-07
61,0.40956067457899092,-0.27986098742152643,0.01499962865844723,0.13428718473852741,0.99094245645948709,-6.17280918881219e-07,-8.1072419983460394e-07
61,0.40956067457899092,-0.27986098742152643,0.01499962865844723,0.13428718473852741,0.99094245645948709,-6.17280918881219e-07,-8.1072419983460394e-07
61,0.40956067457899092,-0.27986098742152643,0.01499962865844723,0.13428718473852741,0.99094245645948709,-6.17280918881219e-07,-8.1072419983460394e-07
61,0.40956067457899092,-0.27986098742152643,0.01499962865844723,0.13428718473852741,0.99094245645948709,-6.17280918881219e-07,-8.1072419983460394e-07
61,0.40956067457899092,-0.27986098742152643,0.01499962865844723,0.13428718473852741,0.99094245645948709,-6.17280918881219e-07,-8.1072419983460394e-07
61,0.40956067457899092,-0.27986098742152643,0.01499962865844723,0.13428718473852741,0.99094245645948709,-6.17280918881219e-07,-8.1072419983460394e-07
61,0.40956067457899092,-0.27986098742152643,0.01499962865844723,0.13428718473852741,0.99094245645948709,-6.17280918881219e-07,-8.1072419983460394e-07
61,0.40956067457899092,-0.27986098742152643,0.01499962865844723,0.13428718473852741,0.99094245645948709,-6.17280918881219e-07,-8.1072419983460394e-07
61,0.40956067457899092,-0.27986098742152643,0.01499962865844723,0.13428718473852741,0.99094245645948709,-6.17280918881219e-07,-8.1072419983460394e-07
61,0.40956067457899092,-0.27986098742152643,0.01499962865844723,0.13428718473852741,0.99094245645948709,-6.17280918881219e-07,-8.1072419983460394e-07
61,0.40956067457899092,-0.27986098742152643,0.01499962865844723,0.13428718473852741,0.99094245645948709,-6.17280918881219e-07,-8.1072419983460394e-07
61,0.40956067457899092,-0.27986098742152643,0.01499962865844723,0.13428718473852741,0.99094245645948709,-6.17280918881219e-07,-8.1072419983460394e-07
61,0.40956067457899092,-0.27986098742152643,0.01499962865844723,0.13428718473852741,0.99094245645948709,-6.17280918881219e-07,-8.1072419983460394e-07
61,0.40956067457899092,-0.27986098742152643,0.01499962865844723,0.13428718473852741,0.99094245645948709,-6.17280918881219e-07,-8.1072419983460394e-07
61,0.40956067457899092,-0.27986098742152643,0.01499962865844723,0.13428718473852741,0.99094245645948709,-6.17280918881219e-07,-8.1072419983460394e-07
61,0.40956067457899092,-0.27986098742152643,0.01499962865844723,0.13428718473852741,0.99094245645948709,-6.17280918881219e-07,-8.1072419983460394e-07
61,0.40956067457899092,-0.27986098742152643,0.01499962865844723,0.13428718473852741,0.99094245645948709,-6.17280918881219e-07,-8.1072419983460394e-07
61,0.40956067457899092,-0.27986098742152643,0.01499962865844723,0.13428718473852741,0.99094245645948709,-6.17280918881219e-07,-8.1072419983460394e-07
61,0.40956067457899092,-0.27986098742152643,0.01499962865844723,0.13428718473852741,0.99094245645948709,-6.17280918881219e-07,-8.1072419983460394e-07
61,0.40956067457899092,-0.27986098742152643,0.01499962865844723,0.13428718473852741,0.99094245645948709,-6.17280918881219e-07,-8.1072419983460394e-07
61,0.40956067457899092,-0.27986098742152643,0.01499962865844723,0.13428718473852741,0.99094245645948709,-6.17280918881219e-07,-8.1072419983460394e-07
61,0.40956067457899092,-0.27986098742152643,0.01499962865844723,0.13428718473852741,0.99094245645948709,-6.17280918881219e-07,-8.1072419983460394e-07
61,0.40956067457899092,-0.27986098742152643,0.01499962865844723,0.13428718473852741,0.99094245645948709,-6.17280918881219e-07,-8.1072419983460394e-07
61,0.40956067457899092,-0.27986098742152643,0.01499962865844723,0.13428718473852741,0.99094245645948709,-6.17280918881219e-07,-8.1072419983460394e-07
61,0.40956067457899092,-0.27986098742152643,0.01499962865844723,0.13428718473852741,0.99094245645948709,-6.17280918881219e-07,-8.1072419983460394e-07
61,0.40956067457899092,-0.27986098742152643,0.01499962865844723,0.13428718473852741,0.99094245645948709,-6.17280918881219e-07,-8.1072419983460394e-07
61,0.40956067457899092,-0.27986098742152643,0.01499962865844723,0.13428718473852741,0.99094245645948709,-6.17280918881219e-07,-8.1072419983460394e-07
61,0.40956067457899092,-0.27986098742152643,0.01499962865844723,0.13428718473852741,0.99094245645948709,-6.17280918881219e-07,-8.1072419983460394e-07
61,0.40956067457899092,-0.27986098742152643,0.01499962865844723,0.13428718473852741,0.99094245645948709,-6.17280918881219e-07,-8.1072419983460394e-07
61,0.40956067457899092,-0.27986098742152643,0.01499962865844723,0.13428718473852741,0.99094245645948709,-6.17280918881219e-07,-8.1072419983460394e-07
61,0.40956067457899092,-0.27986098742152643,0.01499962865844723,0.13428718473852741,0.99094245645948709,-6.17280918881219e-07,-8.1072419983460394e-07
61,0.40956067457899092,-0.27986098742152643,0.01499962865844723,0.13428718473852741,0.99094245645948709,-6.17280918881219e-07,-8.1072419983460394e-07
61,0.40956067457899092,-0.27986098742152643,0.01499962865844723,0.13428718473852741,0.99094245645948709,-6.17280918881219e-07,-8.1072419983460394e-07
61,0.40956067457899092,-0.27986098742152643,0.01499962865844723,0.13428718473852741,0.99094245645948709,-6.17280918881219e-07,-8.1072419983460394e-07
61,0.40956067457899092,-0.27986098742152643,0.01499962865844723,0.13428718473852741,0.99094245645948709,-6.17280918881219e-07,-8.1072419983460394e-07
61,0.40956067457899092,-0.27986098742152643,0.01499962865844723,0.13428718473852741,0.99094245645948709,-6.17280918881219e-07,-8.1072419983460394e-07
61,0.40956067457899092,-0.27986098742152643,0.01499962865844723,0.13428718473852741,0.99094245645948709,-6.17280918881219e-07,-8.1072419983460394e-07
61,0.40956067457899092,-0.27986098742152643,0.01499962865844723,0.13428718473852741,0.99094245645948709,-6.17280918881219e-07,-8.1072419983460394e-07
61,0.40956067457899092,-0.27986098742152643,0.01499962865844723,0.13428718473852741,0.99094245645948709,-6.17280918881219e-07,-8.1072419983460394e-07
61,0.40956067457899092,-0.27986098742152643,0.01499962865844723,0.13428718473852741,0.99094245645948709,-6.17280918881219e-07,-8.1072419983460394e-07
61,0.40956067457899092,-0.27986098742152643,0.01499962865844723,0.13428718473852741,0.99094245645948709,-6.17280918881219e-07,-8.1072419983460394e-07
61,0.40956067457899092,-0.27986098742152643,0.01499962865844723,0.13428718473852741,0.99094245645948709,-6.17280918881219e-07,-8.1072419983460394e-07
61,0.40956067457899092,-0.27986098742152643,0.01499962865844723,0.13428718473852741,0.99094245645948709,-6.17280918881219e-07,-8.1072419983460394e-07
61,0.40956067457899092,-0.27986098742152643,0.01499962865844723,0.13428718473852741,0.99094245645948709,-6.17280918881219e-07,-8.1072419983460394e-07
61,0.40956067457899092,-0.27986098742152643,0.01499962865844723,0.13428718473852741,0.99094245645948709,-6.17280918881219e-07,-8.1072419983460394e-07
61,0.40956067457899092,-0.27986098742152643,0.01499962865844723,0.13428718473852741,0.99094245645948709,-6.17280918881219e-07,-8.1072419983460394e-07
61,0.40956067457899092,-0.27986098742152643,0.01499962865844723,0.13428718473852741,0.99094245645948709,-6.17280918881219e-07,-8.1072419983460394e-07
61,0.40956067457899092,-0.27986098742152643,0.01499962865844723,0.13428718473852741,0.99094245645948709,-6.17280918881219e-07,-8.1072419983460394e-07
61,0.40956067457899092,-0.27986098742152643,0.01499962865844723,0.13428718473852741,0.99094245645948709,-6.17280918881219e-07,-8.1072419983460394e-07
62,0.40956067457899092,-0.27986098742152643,0.01499962865844723,0.13428718473852741,0.99094245645948709,-6.17280918881219e-07,-8.1072419983460394e-07
62,0.40956067457899092,-0.27986098742152643,0.01499962865844723,0.13428718473852741,0.99094245645948709,-6.17280918881219e-07,-8.1072419983460394e-07
62,0.40956067457899092,-0.27986098742152643,0.01499962865844723,0.13428718473852741,0.99094245645948709,-6.17280918881219e-07,-8.1072419983460394e-07
62,0.40956067457899092,-0.27986098742152643,0.01499962865844723,0.13428718473852741,0.99094245645948709,-6.17280918881219e-07,-8.1072419983460394e-07
62,0.40956067457899092,-0.27986098742152643,0.01499962865844723,0.13428718473852741,0.99094245645948709,-6.17280918881219e-07,-8.1072419983460394e-07
62,0.40956067457899092,-0.27986098742152643,0.01499962865844723,0.13428718473852741,0.99094245645948709,-6.17280918881219e-07,-8.1072419983460394e-07
62,0.40956067457899092,-0.27986098742152643,0.01499962865844723,0.13428718473852741,0.99094245645948709,-6.17280918881219e-07,-8.1072419983460394e-07
62,0.40956067457899092,-0.27986098742152643,0.01499962865844723,0.13428718473852741,0.99094245645948709,-6.17280918881219e-07,-8.1072419983460394e-07
62,0.40956067457899092,-0.27986098742152643,0.01499962865844723,0.13428718473852741,0.99094245645948709,-6.17280918881219e-07,-8.1072419983460394e-07
62,0.40956067457899092,-0.27986098742152643,0.01499962865844723,0.13428718473852741,0.99094245645948709,-6.17280918881219e-07,-8.1072419983460394e-07
62,0.40956067457899092,-0.27986098742152643,0.01499962865844723,0.13428718473852741,0.99094245645948709,-6.17280918881219e-07,-8.1072419983460394e-07
62,0.40956067457899092,-0.27986098742152643,0.01499962865844723,0.13428718473852741,0.99094245645948709,-6.17280918881219e-07,-8.1072419983460394e-07
62,0.40956067457899092,-0.27986098742152643,0.01499962865844723,0.13428718473852741,0.99094245645948709,-6.17280918881219e-07,-8.1072419983460394e-07
62,0.40956067457899092,-0.27986098742152643,0.01499962865844723,0.13428718473852741,0.99094245645948709,-6.17280918881219e-07,-8.1072419983460394e-07
62,0.40956067457899092,-0.27986098742152643,0.01499962865844723,0.13428718473852741,0.99094245645948709,-6.17280918881219e-07,-8.1072419983460394e-07
62,0.40956067457899092,-0.27986098742152643,0.01499962865844723,0.13428718473852741,0.99094245645948709,-6.17280918881219e-07,-8.1072419983460394e-07
62,0.40956067457899092,-0.27986098742152643,0.01499962865844723,0.13428718473852741,0.99094245645948709,-6.17280918881219e-07,-8.1072419983460394e-07
62,0.40956067457899092,-0.27986098742152643,0.01499962865844723,0.13428718473852741,0.99094245645948709,-6.17280918881219e-07,-8.1072419983460394e-07
62,0.40956067457899092,-0.27986098742152643,0.01499962865844723,0.13428718473852741,0.99094245645948709,-6.17280918881219e-07,-8.1072419983460394e-07
62,0.40956067457899092,-0.27986098742152643,0.01499962865844723,0.13428718473852741,0.99094245645948709,-6.17280918881219e-07,-8.1072419983460394e-07
62,0.40956067457899092,-0.27986098742152643,0.01499962865844723,0.13428718473852741,0.99094245645948709,-6.17280918881219e-07,-8.1072419983460394e-07
62,0.40956067457899092,-0.27986098742152643,0.01499962865844723,0.13428718473852741,0.99094245645948709,-6.17280918881219e-07,-8.1072419983460394e-07
62,0.40956067457899092,-0.27986098742152643,0.01499962865844723,0.13428718473852741,0.99094245645948709,-6.17280918881219e-07,-8.1072419983460394e-07
62,0.40956067457899092,-0.27986098742152643,0.01499962865844723,0.13428718473852741,0.99094245645948709,-6.17280918881219e-07,-8.1072419983460394e-07
62,0.40956067457899092,-0.27986098742152643,0.01499962865844723,0.13428718473852741,0.99094245645948709,-6.17280918881219e-07,-8.1072419983460394e-07
62,0.40956067457899092,-0.27986098742152643,0.01499962865844723,0.13428718473852741,0.99094245645948709,-6.17280918881219e-07,-8.1072419983460394e-07
62,0.40956067457899092,-0.27986098742152643,0.01499962865844723,0.13428718473852741,0.99094245645948709,-6.17280918881219e-07,-8.1072419983460394e-07
62,0.40956067457899092,-0.27986098742152643,0.01499962865844723,0.13428718473852741,0.99094245645948709,-6.17280918881219e-07,-8.1072419983460394e-07
62,0.40956067457899092,-0.27986098742152643,0.01499962865844723,0.13428718473852741,0.99094245645948709,-6.17280918881219e-07,-8.1072419983460394e-07
62,0.40956067457899092,-0.27986098742152643,0.01499962865844723,0.13428718473852741,0.99094245645948709,-6.17280918881219e-07,-8.1072419983460394e-07
62,0.40956067457899092,-0.27986098742152643,0.01499962865844723,0.13428718473852741,0.99094245645948709,-6.17280918881219e-07,-8.1072419983460394e-07
62,0.40956067457899092,-0.27986098742152643,0.01499962865844723,0.13428718473852741,0.99094245645948709,-6.17280918881219e-07,-8.1072419983460394e-07
62,0.40956067457899092,-0.27986098742152643,0.01499962865844723,0.13428718473852741,0.99094245645948709,-6.17280918881219e-07,-8.1072419983460394e-07
62,0.40956067457899092,-0.27986098742152643,0.01499962865844723,0.13428718473852741,0.99094245645948709,-6.17280918881219e-07,-8.1072419983460394e-07
62,0.40956067457899092,-0.27986098742152643,0.01499962865844723,0.13428718473852741,0.99094245645948709,-6.17280918881219e-07,-8.1072419983460394e-07
62,0.40956067457899092,-0.27986098742152643,0.01499962865844723,0.13428718473852741,0.99094245645948709,-6.17280918881219e-07,-8.1072419983460394e-07
62,0.40956067457899092,-0.27986098742152643,0.01499962865844723,0.13428718473852741,0.99094245645948709,-6.17280918881219e-07,-8.1072419983460394e-07
62,0.40956067457899092,-0.27986098742152643,0.01499962865844723,0.13428718473852741,0.99094245645948709,-6.17280918881219e-07,-8.1072419983460394e-07
62,0.40956067457899092,-0.27986098742152643,0.01499962865844723,0.13428718473852741,0.99094245645948709,-6.17280918881219e-07,-8.1072419983460394e-07
62,0.40956067457899092,-0.27986098742152643,0.01499962865844723,0.13428718473852741,0.99094245645948709,-6.17280918881219e-07,-8.1072419983460394e-07
62,0.40956067457899092,-0.27986098742152643,0.01499962865844723,0.13428718473852741,0.99094245645948709,-6.17280918881219e-07,-8.1072419983460394e-07
62,0.40956067457899092,-0.27986098742152643,0.01499962865844723,0.13428718473852741,0.99094245645948709,-6.17280918881219e-07,-8.1072419983460394e-07
62,0.40956067457899092,-0.27986098742152643,0.01499962865844723,0.13428718473852741,0.99094245645948709,-6.17280918881219e-07,-8.1072419983460394e-07
62,0.40956067457899092,-0.27986098742152643,0.01499962865844723,0.13428718473852741,0.99094245645948709,-6.17280918881219e-07,-8.1072419983460394e-07
62,0.40956067457899092,-0.27986098742152643,0.01499962865844723,0.13428718473852741,0.99094245645948709,-6.17280918881219e-07,-8.1072419983460394e-07
62,0.40956067457899092,-0.27986098742152643,0.01499962865844723,0.13428718473852741,0.99094245645948709,-6.17280918881219e-07,-8.1072419983460394e-07
62,0.40956067457899092,-0.27986098742152643,0.01499962865844723,0.13428718473852741,0.99094245645948709,-6.17280918881219e-07,-8.1072419983460394e-07
62,0.40956067457899092,-0.27986098742152643,0.01499962865844723,0.13428718473852741,0.99094245645948709,-6.17280918881219e-07,-8.1072419983460394e-07
62,0.40956067457899092,-0.27986098742152643,0.01499962865844723,0.13428718473852741,0.99094245645948709,-6.17280918881219e-07,-8.1072419983460394e-07
62,0.40956067457899092,-0.27986098742152643,0.01499962865844723,0.13428718473852741,0.99094245645948709,-6.17280918881219e-07,-8.1072419983460394e-07
63,0.40956067457899092,-0.27986098742152643,0.01499962865844723,0.13428718473852741,0.99094245645948709,-6.17280918881219e-07,-8.1072419983460394e-07
63,0.40956067457899092,-0.27986098742152643,0.01499962865844723,0.13428718473852741,0.99094245645948709,-6.17280918881219e-07,-8.1072419983460394e-07
63,0.40956067457899092,-0.27986098742152643,0.01499962865844723,0.13428718473852741,0.99094245645948709,-6.17280918881219e-07,-8.1072419983460394e-07
63,0.40956067457899092,-0.27986098742152643,0.01499962865844723,0.13428718473852741,0.99094245645948709,-6.17280918881219e-07,-8.1072419983460394e-07
63,0.40956067457899092,-0.27986098742152643,0.01499962865844723,0.13428718473852741,0.99094245645948709,-6.17280918881219e-07,-8.1072419983460394e-07
63,0.40956067457899092,-0.27986098742152643,0.01499962865844723,0.13428718473852741,0.99094245645948709,-6.17280918881219e-07,-8.1072419983460394e-07
63,0.40956067457899092,-0.27986098742152643,0.01499962865844723,0.13428718473852741,0.99094245645948709,-6.17280918881219e-07,-8.1072419983460394e-07
63,0.40956067457899092,-0.27986098742152643,0.01499962865844723,0.13428718473852741,0.99094245645948709,-6.17280918881219e-07,-8.1072419983460394e-07
63,0.40956067457899092,-0.27986098742152643,0.01499962865844723,0.13428718473852741,0.99094245645948709,-6.17280918881219e-07,-8.1072419983460394e-07
63,0.40956067457899092,-0.27986098742152643,0.01499962865844723,0.13428718473852741,0.99094245645948709,-6.17280918881219e-07,-8.1072419983460394e-07
63,0.40956067457899092,-0.27986098742152643,0.01499962865844723,0.13428718473852741,0.99094245645948709,-6.17280918881219e-07,-8.1072419983460394e-07
63,0.40956067457899092,-0.27986098742152643,0.01499962865844723,0.13428718473852741,0.99094245645948709,-6.17280918881219e-07,-8.1072419983460394e-07
63,0.40956067457899092,-0.27986098742152643,0.01499962865844723,0.13428718473852741,0.99094245645948709,-6.17280918881219e-07,-8.1072419983460394e-07
63,0.40956067457899092,-0.27986098742152643,0.01499962865844723,0.13428718473852741,0.99094245645948709,-6.17280918881219e-07,-8.1072419983460394e-07
63,0.40956067457899092,-0.27986098742152643,0.01499962865844723,0.13428718473852741,0.99094245645948709,-6.17280918881219e-07,-8.1072419983460394e-07
63,0.40956067457899092,-0.27986098742152643,0.01499962865844723,0.13428718473852741,0.99094245645948709,-6.17280918881219e-07,-8.1072419983460394e-07
63,0.40956067457899092,-0.27986098742152643,0.01499962865844723,0.13428718473852741,0.99094245645948709,-6.17280918881219e-07,-8.1072419983460394e-07
63,0.40956067457899092,-0.27986098742152643,0.01499962865844723,0.13428718473852741,0.99094245645948709,-6.17280918881219e-07,-8.1072419983460394e-07
63,0.40956067457899092,-0.27986098742152643,0.01499962865844723,0.13428718473852741,0.99094245645948709,-6.17280918881219e-07,-8.1072419983460394e-07
63,0.40956067457899092,-0.27986098742152643,0.01499962865844723,0.13428718473852741,0.99094245645948709,-6.17280918881219e-07,-8.1072419983460394e-07
63,0.40956067457899092,-0.27986098742152643,0.01499962865844723,0.13428718473852741,0.99094245645948709,-6.17280918881219e-07,-8.1072419983460394e-07
63,0.40956067457899092,-0.27986098742152643,0.01499962865844723,0.13428718473852741,0.99094245645948709,-6.17280918881219e-07,-8.1072419983460394e-07
63,0.40956067457899092,-0.27986098742152643,0.01499962865844723,0.13428718473852741,0.99094245645948709,-6.17280918881219e-07,-8.1072419983460394e-07
63,0.40956067457899092,-0.27986098742152643,0.01499962865844723,0.13428718473852741,0.99094245645948709,-6.17280918881219e-07,-8.1072419983460394e-07
63,0.40956067457899092,-0.27986098742152643,0.01499962865844723,0.13428718473852741,0.99094245645948709,-6.17280918881219e-07,-8.1072419983460394e-07
