ts	roll	pitch	yaw	x	y	z
16694	0.000	-0.001	0.000	0.0002	0.0000	0.0150
16716	0.000	-0.001	0.000	0.0002	0.0000	0.0150
16734	0.000	-0.002	0.000	0.0002	0.0000	0.0150
16771	0.000	-0.003	0.000	0.0002	0.0000	0.0150
16776	0.000	-0.003	0.000	0.0002	0.0000	0.0150
16801	0.000	-0.004	0.000	0.0002	0.0000	0.0150
16841	0.000	-0.005	0.000	0.0002	0.0000	0.0150
16841	0.000	-0.005	0.000	0.0002	0.0000	0.0150
16861	0.000	-0.006	0.000	0.0002	0.0000	0.0150
16878	0.000	-0.007	0.000	0.0002	0.0000	0.0150
16897	0.000	-0.007	0.000	0.0002	0.0000	0.0150
16914	0.000	-0.008	0.000	0.0002	0.0000	0.0150
16963	0.000	-0.009	0.000	0.0002	0.0000	0.0150
16971	0.000	-0.010	0.000	0.0002	0.0000	0.0150
16983	0.000	-0.010	0.000	0.0002	0.0000	0.0150
16996	0.000	-0.010	0.000	0.0002	0.0000	0.0150
17015	0.000	-0.011	0.000	0.0002	0.0000	0.0150
17037	0.000	-0.012	0.000	0.0002	0.0000	0.0150
17075	0.000	-0.013	0.000	0.0002	0.0000	0.0150
17075	0.000	-0.013	0.000	0.0002	0.0000	0.0150
17223	0.000	-0.018	0.000	0.0003	0.0000	0.0150
17225	0.000	-0.018	0.000	0.0003	0.0000	0.0150
17225	0.000	-0.018	0.000	0.0003	0.0000	0.0150
17229	0.000	-0.018	0.000	0.0003	0.0000	0.0150
17235	0.000	-0.018	0.000	0.0003	0.0000	0.0150
17237	0.000	-0.018	0.000	0.0003	0.0000	0.0150
17239	0.000	-0.018	0.000	0.0003	0.0000	0.0150
17248	0.000	-0.018	0.000	0.0003	0.0000	0.0150
17261	0.000	-0.019	0.000	0.0003	0.0000	0.0150
17276	0.000	-0.019	0.000	0.0003	0.0000	0.0150
17357	0.000	-0.022	0.000	0.0003	0.0000	0.0150
17359	0.000	-0.022	0.000	0.0003	0.0000	0.0150
17361	0.000	-0.022	0.000	0.0003	0.0000	0.0150
17361	0.000	-0.022	0.000	0.0003	0.0000	0.0150
17380	0.000	-0.023	0.000	0.0003	0.0000	0.0150
17412	0.000	-0.024	0.000	0.0003	0.0000	0.0150
17414	0.000	-0.024	0.000	0.0003	0.0000	0.0150
17473	0.000	-0.025	0.000	0.0003	0.0000	0.0150
17473	0.000	-0.025	0.000	0.0003	0.0000	0.0150
17482	0.000	-0.026	0.000	0.0003	0.0000	0.0150
17497	0.000	-0.026	0.000	0.0003	0.0000	0.0150
17531	0.000	-0.027	0.000	0.0003	0.0000	0.0150
17543	0.000	-0.028	0.000	0.0003	0.0000	0.0150
17554	0.000	-0.028	0.000	0.0003	0.0000	0.0150
17574	0.000	-0.029	0.000	0.0003	0.0000	0.0150
17602	0.000	-0.029	0.000	0.0003	0.0000	0.0150
17617	0.000	-0.030	0.000	0.0003	0.0000	0.0150
17638	0.000	-0.030	0.000	0.0003	0.0000	0.0150
17661	0.000	-0.031	0.000	0.0003	0.0000	0.0150
17701	0.000	-0.032	0.000	0.0003	0.0000	0.0150
17703	0.000	-0.032	0.000	0.0003	0.0000	0.0150
17721	0.000	-0.033	0.000	0.0003	0.0000	0.0150
17740	0.000	-0.033	0.000	0.0003	0.0000	0.0150
17762	0.000	-0.034	0.000	0.0003	0.0000	0.0150
17778	0.000	-0.035	0.000	0.0003	0.0000	0.0150
17834	0.000	-0.036	0.000	0.0003	0.0000	0.0150
17836	0.000	-0.036	0.000	0.0003	0.0000	0.0150
17836	0.000	-0.036	0.000	0.0003	0.0000	0.0150
17874	0.000	-0.038	0.000	0.0003	0.0000	0.0150
17880	0.000	-0.038	0.000	0.0003	0.0000	0.0150
17895	0.000	-0.038	0.000	0.0003	0.0000	0.0150
17936	0.000	-0.039	0.000	0.0003	0.0000	0.0150
17939	0.000	-0.040	0.000	0.0003	0.0000	0.0150
17974	0.000	-0.041	0.000	0.0003	0.0000	0.0150
17974	0.000	-0.041	0.000	0.0003	0.0000	0.0150
18009	0.000	-0.042	0.000	0.0003	0.0000	0.0150
18015	0.000	-0.042	0.000	0.0004	0.0000	0.0150
18037	0.000	-0.042	0.000	0.0004	0.0000	0.0150
18055	0.000	-0.043	0.000	0.0004	0.0000	0.0150
18076	0.000	-0.044	0.000	0.0003	0.0000	0.0150
18121	0.000	-0.045	0.000	0.0004	0.0000	0.0150
18127	0.000	-0.045	0.000	0.0004	0.0000	0.0150
18160	0.000	-0.046	0.000	0.0004	0.0000	0.0150
18160	0.000	-0.046	0.000	0.0004	0.0000	0.0150
18187	0.000	-0.047	0.000	0.0004	0.0000	0.0150
18197	0.000	-0.047	0.000	0.0004	0.0000	0.0150
18217	0.000	-0.048	0.000	0.0004	0.0000	0.0150
18243	0.000	-0.049	0.000	0.0004	0.0000	0.0150
18287	0.000	-0.050	0.000	0.0004	0.0000	0.0150
18287	0.000	-0.050	0.000	0.0004	0.0000	0.0150
18335	0.000	-0.051	0.000	0.0004	0.0000	0.0150
18347	0.000	-0.051	0.000	0.0004	0.0000	0.0150
18347	0.000	-0.051	0.000	0.0004	0.0000	0.0150
18368	0.000	-0.052	0.000	0.0004	0.0000	0.0150
18378	0.000	-0.052	0.000	0.0004	0.0000	0.0150
18394	0.000	-0.053	0.000	0.0004	0.0000	0.0150
18419	0.000	-0.054	0.000	0.0004	0.0000	0.0150
18441	-0.004	-0.054	-0.001	0.0004	0.0000	0.0150
18511	0.057	-0.009	-0.013	0.0004	0.0000	0.0159
18557	-0.020	-0.000	-0.015	0.0004	-0.0000	0.0182
18559	-0.020	-0.000	-0.015	0.0004	-0.0000	0.0182
18563	-0.031	0.003	-0.015	0.0004	-0.0000	0.0189
18563	-0.031	0.003	-0.015	0.0004	-0.0000	0.0189
18565	-0.031	0.003	-0.015	0.0004	-0.0000	0.0189
18601	0.020	0.018	-0.015	0.0004	-0.0000	0.0219
18612	0.060	0.021	-0.015	0.0004	-0.0000	0.0234
18616	0.060	0.021	-0.015	0.0004	-0.0000	0.0234
18634	0.095	0.024	-0.015	0.0003	-0.0000	0.0268
18654	0.080	0.023	-0.015	0.0003	-0.0000	0.0289
18682	-0.040	0.022	-0.013	0.0003	-0.0001	0.0350
18704	-0.108	0.021	-0.012	0.0003	-0.0001	0.0388
18714	-0.125	0.021	-0.011	0.0003	-0.0001	0.0398
18811	-0.134	0.005	-0.005	0.0001	-0.0001	0.0573
18811	-0.134	0.005	-0.005	0.0001	-0.0001	0.0573
18817	-0.134	0.005	-0.005	0.0001	-0.0001	0.0565
18819	-0.131	0.003	-0.005	0.0000	-0.0001	0.0591
18825	-0.131	0.003	-0.005	0.0000	-0.0001	0.0585
18861	-0.042	-0.004	-0.005	-0.0000	-0.0000	0.0661
18867	-0.021	-0.007	-0.005	-0.0001	0.0000	0.0691
18884	-0.019	-0.012	-0.005	-0.0001	0.0000	0.0719
18924	-0.066	-0.021	-0.005	-0.0002	0.0001	0.0818
18924	-0.066	-0.021	-0.005	-0.0002	0.0001	0.0818
18937	-0.055	-0.022	-0.004	-0.0002	0.0001	0.0857
18961	-0.006	-0.025	-0.002	-0.0003	0.0001	0.0933
18986	0.064	-0.027	-0.002	-0.0003	0.0001	0.0972
18998	0.101	-0.031	-0.002	-0.0003	0.0001	0.1048
19017	0.122	-0.033	-0.002	-0.0004	0.0001	0.1077
19034	0.182	-0.031	-0.002	-0.0004	0.0001	0.1140
19075	0.218	-0.028	-0.002	-0.0005	0.0000	0.1221
19079	0.188	-0.028	-0.002	-0.0005	0.0000	0.1259
19136	0.099	-0.027	0.000	-0.0006	-0.0001	0.1431
19138	0.099	-0.027	0.000	-0.0006	-0.0001	0.1431
19138	0.099	-0.027	0.000	-0.0006	-0.0001	0.1431
19167	0.248	-0.023	0.000	-0.0007	-0.0003	0.1578
19186	0.259	-0.025	0.000	-0.0007	-0.0003	0.1613
19194	0.259	-0.025	0.000	-0.0007	-0.0003	0.1613
19224	0.126	-0.036	0.000	-0.0007	-0.0005	0.1776
19255	0.040	-0.038	0.000	-0.0008	-0.0006	0.1907
19255	0.040	-0.038	0.000	-0.0008	-0.0006	0.1907
19276	0.039	-0.038	0.000	-0.0008	-0.0007	0.1953
19295	0.015	-0.041	0.000	-0.0009	-0.0008	0.2051
19315	-0.034	-0.044	0.000	-0.0009	-0.0009	0.2141
19342	-0.064	-0.049	0.000	-0.0009	-0.0009	0.2190
19356	-0.069	-0.051	0.000	-0.0009	-0.0009	0.2226
19375	-0.087	-0.055	0.000	-0.0010	-0.0009	0.2325
19401	-0.075	-0.056	0.000	-0.0010	-0.0010	0.2497
19419	-0.071	-0.056	0.001	-0.0010	-0.0010	0.2519
19451	-0.078	-0.055	0.002	-0.0010	-0.0011	0.2692
19461	-0.078	-0.055	0.002	-0.0011	-0.0011	0.2669
19477	-0.093	-0.054	0.002	-0.0011	-0.0011	0.2767
19518	-0.143	-0.049	0.002	-0.0011	-0.0011	0.2961
19518	-0.143	-0.049	0.002	-0.0011	-0.0011	0.2961
19558	-0.204	-0.050	0.002	-0.0012	-0.0011	0.3091
19558	-0.204	-0.050	0.002	-0.0012	-0.0011	0.3091
19575	-0.201	-0.050	0.002	-0.0012	-0.0011	0.3187
19595	-0.139	-0.049	0.002	-0.0012	-0.0011	0.3322
19654	0.011	-0.041	0.002	-0.0013	-0.0011	0.3524
19654	0.011	-0.041	0.002	-0.0013	-0.0011	0.3524
19654	0.011	-0.041	0.002	-0.0013	-0.0011	0.3524
19674	0.018	-0.031	0.002	-0.0014	-0.0011	0.3673
19723	-0.030	-0.009	0.002	-0.0015	-0.0012	0.3863
19723	-0.030	-0.009	0.002	-0.0015	-0.0012	0.3863
19739	-0.043	-0.006	0.002	-0.0015	-0.0012	0.3916
19784	-0.075	-0.009	0.002	-0.0016	-0.0013	0.4204
19784	-0.075	-0.009	0.002	-0.0016	-0.0013	0.4204
19825	-0.065	-0.019	0.002	-0.0017	-0.0014	0.4450
19835	-0.033	-0.021	0.002	-0.0018	-0.0014	0.4523
19835	-0.033	-0.021	0.002	-0.0018	-0.0014	0.4523
19854	-0.033	-0.021	0.002	-0.0018	-0.0015	0.4516
19880	-0.043	-0.033	0.002	-0.0019	-0.0015	0.4791
19904	-0.083	-0.036	0.002	-0.0019	-0.0016	0.4892
19914	-0.083	-0.036	0.002	-0.0019	-0.0016	0.4892
19952	-0.033	-0.037	0.002	-0.0021	-0.0017	0.5249
19956	-0.002	-0.037	0.002	-0.0021	-0.0017	0.5332
19982	0.049	-0.037	0.002	-0.0022	-0.0018	0.5476
20015	0.109	-0.036	0.002	-0.0023	-0.0019	0.5693
20023	0.121	-0.034	0.002	-0.0023	-0.0019	0.5765
20036	0.129	-0.032	0.002	-0.0023	-0.0020	0.5835
20055	0.129	-0.032	0.002	-0.0024	-0.0020	0.5821
20076	0.140	-0.026	0.002	-0.0024	-0.0021	0.6082
20098	0.121	-0.024	0.002	-0.0025	-0.0022	0.6193
20117	0.054	-0.027	0.002	-0.0026	-0.0023	0.6332
20164	-0.037	-0.037	0.002	-0.0027	-0.0025	0.6527
20174	-0.078	-0.043	0.002	-0.0027	-0.0026	0.6602
20178	-0.112	-0.047	0.002	-0.0027	-0.0026	0.6681
20196	-0.136	-0.051	0.002	-0.0028	-0.0027	0.6738
20224	-0.166	-0.061	0.002	-0.0029	-0.0028	0.6961
20242	-0.153	-0.068	0.002	-0.0029	-0.0029	0.7149
20256	-0.146	-0.072	0.002	-0.0030	-0.0029	0.7228
20274	-0.149	-0.076	0.002	-0.0030	-0.0029	0.7320
20294	-0.138	-0.078	0.002	-0.0031	-0.0030	0.7500
20314	-0.138	-0.078	0.002	-0.0031	-0.0030	0.7500
20334	-0.138	-0.078	0.002	-0.0031	-0.0030	0.7500
20356	0.049	-0.072	0.002	-0.0032	-0.0030	0.8002
20379	0.106	-0.066	0.002	-0.0032	-0.0030	0.8024
20399	0.153	-0.056	0.002	-0.0033	-0.0031	0.8158
20433	0.220	-0.041	0.002	-0.0034	-0.0032	0.8403
20454	0.201	-0.031	0.002	-0.0035	-0.0033	0.8550
20454	0.201	-0.031	0.002	-0.0035	-0.0033	0.8550
20494	0.061	-0.016	0.002	-0.0036	-0.0035	0.8823
20494	0.061	-0.016	0.002	-0.0036	-0.0035	0.8823
20514	0.014	-0.015	0.002	-0.0037	-0.0035	0.8909
20545	-0.053	-0.023	0.002	-0.0038	-0.0037	0.9207
20576	-0.095	-0.042	0.002	-0.0039	-0.0039	0.9525
20576	-0.095	-0.042	0.002	-0.0039	-0.0039	0.9525
20628	-0.075	-0.069	0.002	-0.0041	-0.0041	1.0061
20628	-0.075	-0.069	0.002	-0.0041	-0.0041	1.0061
20634	-0.075	-0.069	0.002	-0.0041	-0.0041	1.0061
20665	-0.110	-0.078	0.002	-0.0042	-0.0041	1.0332
20690	-0.185	-0.079	0.002	-0.0043	-0.0042	1.0629
20694	-0.185	-0.079	0.002	-0.0043	-0.0042	1.0629
20716	-0.210	-0.078	0.002	-0.0044	-0.0043	1.0906
20736	-0.197	-0.077	0.002	-0.0044	-0.0043	1.0987
20755	-0.140	-0.076	0.002	-0.0045	-0.0043	1.1130
20788	-0.038	-0.072	0.002	-0.0046	-0.0043	1.1365
20797	-0.017	-0.069	0.002	-0.0047	-0.0043	1.1474
20816	-0.015	-0.066	0.002	-0.0047	-0.0043	1.1561
20842	-0.059	-0.055	0.002	-0.0048	-0.0044	1.1848
20856	-0.061	-0.051	0.002	-0.0048	-0.0044	1.1936
20879	-0.069	-0.043	0.002	-0.0049	-0.0044	1.2157
20895	-0.062	-0.039	0.002	-0.0050	-0.0044	1.2330
20922	-0.016	-0.033	0.002	-0.0051	-0.0044	1.2527
20950	0.025	-0.029	0.002	-0.0052	-0.0045	1.2720
20954	0.025	-0.029	0.002	-0.0052	-0.0045	1.2720
20975	0.016	-0.026	0.002	-0.0053	-0.0045	1.2924
20997	-0.050	-0.024	0.002	-0.0054	-0.0045	1.3120
21015	-0.068	-0.023	0.002	-0.0054	-0.0046	1.3220
21061	-0.051	-0.021	0.002	-0.0056	-0.0046	1.3658
21063	-0.051	-0.021	0.002	-0.0056	-0.0046	1.3658
21076	-0.049	-0.022	0.002	-0.0056	-0.0046	1.3737
21139	-0.047	-0.026	0.002	-0.0059	-0.0047	1.4219
21139	-0.047	-0.026	0.002	-0.0059	-0.0047	1.4219
21139	-0.047	-0.026	0.002	-0.0059	-0.0047	1.4219
21156	-0.068	-0.027	0.002	-0.0060	-0.0048	1.4331
21177	-0.072	-0.028	0.002	-0.0061	-0.0048	1.4512
21202	-0.037	-0.031	0.002	-0.0063	-0.0048	1.4793
21215	-0.037	-0.031	0.002	-0.0063	-0.0048	1.4793
21255	-0.007	-0.039	0.002	-0.0065	-0.0049	1.5198
21255	-0.007	-0.039	0.002	-0.0065	-0.0049	1.5198
21305	0.055	-0.040	0.002	-0.0067	-0.0049	1.5626
21307	0.055	-0.040	0.002	-0.0067	-0.0049	1.5626
21316	0.045	-0.040	0.002	-0.0068	-0.0049	1.5708
21334	0.044	-0.039	0.002	-0.0068	-0.0049	1.5796
21372	0.031	-0.035	0.002	-0.0070	-0.0050	1.6147
21391	0.045	-0.036	0.002	-0.0071	-0.0050	1.6298
21407	0.035	-0.039	0.002	-0.0072	-0.0050	1.6400
21421	0.027	-0.040	0.002	-0.0072	-0.0050	1.6489
21445	0.019	-0.041	0.002	-0.0074	-0.0051	1.6679
21456	0.036	-0.040	0.002	-0.0074	-0.0051	1.6839
21495	0.053	-0.039	0.002	-0.0076	-0.0052	1.7114
21499	0.053	-0.039	0.002	-0.0076	-0.0052	1.7118
21525	0.036	-0.040	0.002	-0.0077	-0.0052	1.7356
21537	0.050	-0.040	0.002	-0.0078	-0.0052	1.7461
21554	0.059	-0.039	0.002	-0.0078	-0.0052	1.7542
21579	0.057	-0.040	0.002	-0.0079	-0.0053	1.7715
21611	0.052	-0.041	0.002	-0.0081	-0.0053	1.7953
21614	0.052	-0.041	0.002	-0.0081	-0.0053	1.7953
21635	0.040	-0.042	0.002	-0.0082	-0.0053	1.8148
21669	-0.042	-0.050	0.002	-0.0083	-0.0054	1.8401
21675	-0.060	-0.052	0.002	-0.0084	-0.0054	1.8477
21695	-0.076	-0.057	0.002	-0.0085	-0.0054	1.8641
21737	-0.082	-0.062	0.002	-0.0086	-0.0054	1.8938
21737	-0.082	-0.062	0.002	-0.0086	-0.0054	1.8938
21755	-0.048	-0.062	0.002	-0.0087	-0.0055	1.9109
21808	-0.016	-0.062	0.002	-0.0090	-0.0054	1.9472
21808	-0.016	-0.062	0.002	-0.0090	-0.0054	1.9472
21818	0.005	-0.059	0.002	-0.0090	-0.0055	1.9563
21852	0.060	-0.052	0.002	-0.0092	-0.0054	1.9829
21864	0.063	-0.051	0.002	-0.0092	-0.0054	1.9903
21881	0.051	-0.049	0.002	-0.0093	-0.0054	2.0062
21895	0.029	-0.048	0.002	-0.0093	-0.0055	2.0132
21917	-0.012	-0.047	0.002	-0.0094	-0.0055	2.0256
21940	-0.009	-0.042	0.002	-0.0095	-0.0055	2.0404
21957	-0.001	-0.041	0.002	-0.0096	-0.0055	2.0482
21978	0.006	-0.042	0.002	-0.0097	-0.0055	2.0706
21995	-0.001	-0.043	0.002	-0.0098	-0.0055	2.0783
22015	-0.039	-0.045	0.002	-0.0099	-0.0055	2.0929
22040	-0.068	-0.048	0.002	-0.0100	-0.0055	2.1069
22059	-0.103	-0.051	0.002	-0.0101	-0.0055	2.1219
22074	-0.119	-0.053	0.002	-0.0101	-0.0055	2.1292
22094	-0.161	-0.059	0.002	-0.0102	-0.0055	2.1420
22114	-0.188	-0.065	0.002	-0.0103	-0.0055	2.1557
22153	-0.160	-0.070	0.002	-0.0105	-0.0055	2.1847
22155	-0.160	-0.070	0.002	-0.0105	-0.0055	2.1847
22174	-0.148	-0.070	0.002	-0.0106	-0.0054	2.1936
22228	-0.078	-0.065	0.002	-0.0109	-0.0053	2.2376
22230	-0.078	-0.065	0.002	-0.0109	-0.0053	2.2376
22234	-0.078	-0.065	0.002	-0.0109	-0.0053	2.2376
22260	-0.059	-0.061	0.002	-0.0110	-0.0053	2.2540
22297	-0.004	-0.054	0.002	-0.0113	-0.0052	2.2826
22300	-0.004	-0.054	0.002	-0.0113	-0.0052	2.2826
22317	0.031	-0.051	0.002	-0.0113	-0.0052	2.2894
22345	0.098	-0.045	0.002	-0.0115	-0.0052	2.3078
22364	0.134	-0.042	0.002	-0.0116	-0.0052	2.3165
22374	0.189	-0.040	0.002	-0.0117	-0.0051	2.3275
22425	0.202	-0.037	0.002	-0.0120	-0.0052	2.3529
22425	0.202	-0.037	0.002	-0.0120	-0.0052	2.3529
22436	0.202	-0.037	0.002	-0.0120	-0.0052	2.3529
22481	0.018	-0.038	0.002	-0.0123	-0.0053	2.3880
22484	0.018	-0.038	0.002	-0.0123	-0.0053	2.3880
22501	-0.050	-0.046	0.002	-0.0124	-0.0054	2.4019
22517	-0.053	-0.051	0.002	-0.0125	-0.0054	2.4110
22534	-0.033	-0.060	0.002	-0.0127	-0.0055	2.4236
22556	-0.042	-0.069	0.002	-0.0128	-0.0055	2.4352
22604	-0.028	-0.085	0.002	-0.0130	-0.0055	2.4603
22606	-0.028	-0.085	0.002	-0.0130	-0.0055	2.4603
22614	-0.028	-0.085	0.002	-0.0130	-0.0055	2.4603
22705	0.018	-0.092	0.002	-0.0137	-0.0056	2.5236
22705	0.018	-0.092	0.002	-0.0137	-0.0056	2.5236
22707	0.018	-0.092	0.002	-0.0137	-0.0056	2.5236
22707	0.018	-0.092	0.002	-0.0137	-0.0056	2.5236
22725	0.033	-0.091	0.002	-0.0138	-0.0056	2.5323
22745	0.048	-0.091	0.002	-0.0139	-0.0056	2.5453
22766	0.017	-0.092	0.002	-0.0141	-0.0056	2.5586
22802	-0.037	-0.097	0.002	-0.0143	-0.0056	2.5795
22804	-0.037	-0.097	0.002	-0.0143	-0.0056	2.5795
22818	-0.052	-0.099	0.002	-0.0144	-0.0056	2.5893
22837	-0.045	-0.100	0.002	-0.0146	-0.0056	2.5996
22855	-0.040	-0.101	0.002	-0.0146	-0.0056	2.6048
22882	-0.033	-0.102	0.002	-0.0148	-0.0056	2.6189
22895	-0.033	-0.102	0.002	-0.0148	-0.0056	2.6189
22942	0.073	-0.098	0.002	-0.0152	-0.0056	2.6446
22944	0.073	-0.098	0.002	-0.0152	-0.0056	2.6446
22954	0.073	-0.098	0.002	-0.0152	-0.0056	2.6446
22990	0.084	-0.094	0.002	-0.0154	-0.0056	2.6598
22994	0.084	-0.094	0.002	-0.0154	-0.0056	2.6598
23014	0.052	-0.092	0.002	-0.0155	-0.0056	2.6676
23036	0.073	-0.089	0.002	-0.0157	-0.0056	2.6785
23063	0.067	-0.089	0.002	-0.0159	-0.0057	2.6901
23074	0.067	-0.089	0.002	-0.0159	-0.0057	2.6901
23122	-0.158	-0.095	0.002	-0.0162	-0.0057	2.7121
23122	-0.158	-0.095	0.002	-0.0162	-0.0057	2.7121
23134	-0.158	-0.095	0.002	-0.0162	-0.0057	2.7121
23172	-0.166	-0.097	0.002	-0.0165	-0.0057	2.7293
23174	-0.166	-0.097	0.002	-0.0165	-0.0057	2.7293
23203	-0.085	-0.099	0.002	-0.0167	-0.0057	2.7357
23216	-0.040	-0.102	0.002	-0.0168	-0.0057	2.7395
23240	-0.033	-0.106	0.002	-0.0169	-0.0057	2.7482
23254	-0.033	-0.106	0.002	-0.0169	-0.0057	2.7482
23281	-0.018	-0.103	0.002	-0.0171	-0.0057	2.7544
23302	0.021	-0.100	0.002	-0.0173	-0.0056	2.7623
23324	0.056	-0.098	0.002	-0.0174	-0.0056	2.7662
23343	0.054	-0.099	0.002	-0.0175	-0.0056	2.7698
23366	-0.008	-0.099	0.002	-0.0177	-0.0056	2.7751
23374	-0.008	-0.099	0.002	-0.0177	-0.0056	2.7751
23404	-0.046	-0.095	0.002	-0.0179	-0.0056	2.7775
23415	-0.046	-0.095	0.002	-0.0179	-0.0056	2.7799
23434	-0.013	-0.092	0.002	-0.0180	-0.0056	2.7808
23501	0.050	-0.086	0.002	-0.0184	-0.0057	2.7932
23501	0.050	-0.086	0.002	-0.0184	-0.0057	2.7932
23503	0.050	-0.086	0.002	-0.0184	-0.0057	2.7932
23517	0.045	-0.085	0.002	-0.0185	-0.0057	2.7941
23539	0.041	-0.084	0.002	-0.0186	-0.0057	2.7966
23563	0.075	-0.083	0.002	-0.0188	-0.0057	2.8002
23582	0.095	-0.084	0.002	-0.0189	-0.0057	2.8027
23598	0.067	-0.089	0.002	-0.0190	-0.0058	2.8038
23624	0.027	-0.093	0.002	-0.0191	-0.0058	2.8043
23637	0.007	-0.095	0.002	-0.0192	-0.0058	2.8039
23654	-0.021	-0.095	0.002	-0.0193	-0.0058	2.8041
23686	-0.092	-0.097	0.002	-0.0195	-0.0059	2.8064
23694	-0.096	-0.099	0.002	-0.0195	-0.0059	2.8062
23715	-0.107	-0.103	0.002	-0.0196	-0.0059	2.8058
23735	-0.115	-0.108	0.002	-0.0198	-0.0059	2.8068
23756	-0.110	-0.110	0.002	-0.0198	-0.0059	2.8086
23777	-0.094	-0.112	0.002	-0.0200	-0.0059	2.8042
23795	-0.094	-0.114	0.002	-0.0201	-0.0059	2.8063
23817	-0.075	-0.114	0.002	-0.0202	-0.0059	2.8052
23871	0.080	-0.112	0.002	-0.0205	-0.0059	2.8054
23871	0.080	-0.112	0.002	-0.0205	-0.0059	2.8054
23875	0.080	-0.112	0.002	-0.0205	-0.0059	2.8054
23898	0.051	-0.113	0.002	-0.0207	-0.0059	2.8050
23915	-0.001	-0.113	0.002	-0.0208	-0.0060	2.8005
23937	-0.016	-0.111	0.002	-0.0209	-0.0060	2.8022
23988	-0.049	-0.109	0.002	-0.0212	-0.0060	2.7974
23990	-0.049	-0.109	0.002	-0.0212	-0.0060	2.7974
23994	-0.049	-0.109	0.002	-0.0212	-0.0060	2.7974
24046	-0.062	-0.109	0.002	-0.0216	-0.0061	2.7889
24048	-0.062	-0.109	0.002	-0.0216	-0.0061	2.7889
24054	-0.062	-0.109	0.002	-0.0216	-0.0061	2.7889
24088	-0.054	-0.109	0.002	-0.0218	-0.0061	2.7840
24098	-0.068	-0.107	0.002	-0.0219	-0.0061	2.7786
24114	-0.072	-0.106	0.002	-0.0220	-0.0062	2.7775
24137	-0.090	-0.106	0.002	-0.0221	-0.0062	2.7745
24155	-0.099	-0.107	0.002	-0.0222	-0.0062	2.7694
24174	-0.099	-0.107	0.002	-0.0222	-0.0062	2.7706
24195	0.012	-0.107	0.002	-0.0225	-0.0062	2.7621
24227	0.060	-0.109	0.002	-0.0227	-0.0062	2.7553
24234	0.079	-0.110	0.002	-0.0227	-0.0062	2.7515
24276	0.135	-0.115	0.002	-0.0229	-0.0063	2.7456
24276	0.135	-0.115	0.002	-0.0229	-0.0063	2.7456
24300	0.089	-0.118	0.002	-0.0231	-0.0063	2.7406
24328	0.028	-0.119	0.002	-0.0233	-0.0064	2.7319
24336	0.028	-0.119	0.002	-0.0233	-0.0064	2.7337
24360	0.011	-0.117	0.002	-0.0234	-0.0065	2.7264
24397	0.032	-0.112	0.002	-0.0237	-0.0066	2.7174
24402	0.042	-0.112	0.002	-0.0237	-0.0066	2.7133
24417	0.042	-0.112	0.002	-0.0237	-0.0066	2.7133
24437	0.045	-0.112	0.002	-0.0238	-0.0066	2.7077
24479	-0.039	-0.112	0.002	-0.0241	-0.0067	2.6994
24481	-0.039	-0.112	0.002	-0.0241	-0.0067	2.6994
24497	-0.055	-0.108	0.002	-0.0242	-0.0068	2.6926
24526	-0.052	-0.107	0.002	-0.0243	-0.0068	2.6874
24542	-0.037	-0.106	0.002	-0.0244	-0.0068	2.6807
24561	-0.054	-0.104	0.002	-0.0246	-0.0069	2.6739
24577	-0.059	-0.103	0.002	-0.0246	-0.0069	2.6707
24610	-0.057	-0.101	0.002	-0.0249	-0.0069	2.6583
24619	-0.057	-0.101	0.002	-0.0249	-0.0069	2.6589
24639	-0.098	-0.100	0.002	-0.0250	-0.0069	2.6514
24661	-0.113	-0.097	0.002	-0.0252	-0.0070	2.6429
24674	-0.118	-0.096	0.002	-0.0252	-0.0070	2.6404
24696	-0.101	-0.094	0.002	-0.0254	-0.0070	2.6331
24751	-0.085	-0.097	0.002	-0.0258	-0.0070	2.6164
24751	-0.085	-0.097	0.002	-0.0258	-0.0070	2.6164
24755	-0.085	-0.097	0.002	-0.0258	-0.0070	2.6164
24774	-0.085	-0.098	0.002	-0.0259	-0.0070	2.6107
24807	-0.045	-0.097	0.002	-0.0262	-0.0070	2.6018
24816	-0.045	-0.097	0.002	-0.0262	-0.0070	2.6019
24865	0.072	-0.098	0.002	-0.0266	-0.0070	2.5857
24873	0.072	-0.098	0.002	-0.0266	-0.0070	2.5858
24875	0.072	-0.098	0.002	-0.0266	-0.0070	2.5858
24895	0.032	-0.104	0.002	-0.0268	-0.0070	2.5777
24915	-0.001	-0.106	0.002	-0.0269	-0.0070	2.5747
24934	-0.038	-0.109	0.002	-0.0269	-0.0071	2.5723
25001	0.003	-0.113	0.002	-0.0275	-0.0072	2.5532
25001	0.003	-0.113	0.002	-0.0275	-0.0072	2.5532
25001	0.003	-0.113	0.002	-0.0275	-0.0072	2.5532
25017	0.006	-0.116	0.002	-0.0276	-0.0072	2.5477
25059	0.027	-0.119	0.002	-0.0279	-0.0072	2.5382
25059	0.027	-0.119	0.002	-0.0279	-0.0072	2.5382
25074	0.027	-0.119	0.002	-0.0279	-0.0072	2.5382
25110	0.013	-0.127	0.002	-0.0282	-0.0073	2.5239
25131	0.030	-0.131	0.002	-0.0284	-0.0073	2.5184
25135	0.030	-0.131	0.002	-0.0284	-0.0073	2.5184
25169	0.009	-0.135	0.002	-0.0286	-0.0074	2.5107
25185	-0.012	-0.135	0.002	-0.0287	-0.0074	2.5080
25198	-0.026	-0.135	0.002	-0.0288	-0.0074	2.5057
25222	-0.011	-0.129	0.002	-0.0289	-0.0075	2.4986
25235	-0.002	-0.127	0.002	-0.0290	-0.0075	2.4959
25257	-0.010	-0.126	0.002	-0.0292	-0.0076	2.4910
25275	-0.022	-0.125	0.002	-0.0293	-0.0076	2.4886
25300	-0.009	-0.123	0.002	-0.0294	-0.0076	2.4840
25327	0.023	-0.119	0.002	-0.0296	-0.0077	2.4793
25356	-0.037	-0.117	0.002	-0.0298	-0.0077	2.4729
25358	-0.037	-0.117	0.002	-0.0298	-0.0077	2.4729
25376	-0.007	-0.116	0.002	-0.0300	-0.0078	2.4683
25429	0.081	-0.113	0.002	-0.0304	-0.0079	2.4575
25429	0.081	-0.113	0.002	-0.0304	-0.0079	2.4575
25435	0.081	-0.113	0.002	-0.0304	-0.0079	2.4575
25456	0.018	-0.114	0.002	-0.0305	-0.0080	2.4541
25483	-0.052	-0.114	0.002	-0.0308	-0.0080	2.4496
25494	-0.068	-0.114	0.002	-0.0308	-0.0081	2.4481
25534	-0.114	-0.113	0.002	-0.0311	-0.0081	2.4419
25536	-0.114	-0.113	0.002	-0.0311	-0.0081	2.4419
25588	-0.006	-0.117	0.002	-0.0316	-0.0083	2.4332
25588	-0.006	-0.117	0.002	-0.0316	-0.0083	2.4332
25594	0.007	-0.120	0.002	-0.0317	-0.0083	2.4332
25618	-0.024	-0.123	0.002	-0.0319	-0.0083	2.4303
25642	-0.076	-0.123	0.002	-0.0321	-0.0084	2.4277
25657	-0.070	-0.123	0.002	-0.0322	-0.0084	2.4270
25699	0.048	-0.127	0.002	-0.0326	-0.0085	2.4235
25699	0.048	-0.127	0.002	-0.0326	-0.0085	2.4235
25715	0.052	-0.132	0.002	-0.0327	-0.0085	2.4231
25736	0.051	-0.137	0.002	-0.0328	-0.0086	2.4218
25774	-0.011	-0.146	0.000	-0.0331	-0.0087	2.4190
25777	-0.011	-0.146	0.000	-0.0331	-0.0087	2.4190
25841	-0.027	-0.137	0.000	-0.0337	-0.0089	2.4168
25841	-0.027	-0.137	0.000	-0.0337	-0.0089	2.4168
25841	-0.027	-0.137	0.000	-0.0337	-0.0089	2.4168
25855	0.008	-0.134	0.000	-0.0337	-0.0089	2.4188
25883	0.048	-0.132	0.000	-0.0339	-0.0090	2.4174
25906	0.071	-0.133	0.000	-0.0341	-0.0091	2.4162
25915	0.079	-0.133	0.000	-0.0342	-0.0091	2.4165
25936	0.076	-0.132	0.000	-0.0343	-0.0092	2.4172
25954	0.076	-0.132	0.000	-0.0343	-0.0092	2.4172
25978	0.079	-0.127	0.000	-0.0346	-0.0093	2.4164
25996	0.054	-0.127	-0.001	-0.0348	-0.0094	2.4181
26017	0.029	-0.126	-0.002	-0.0349	-0.0095	2.4197
26036	0.058	-0.125	-0.003	-0.0351	-0.0096	2.4219
26089	0.080	-0.130	-0.003	-0.0355	-0.0098	2.4252
26089	0.080	-0.130	-0.003	-0.0355	-0.0098	2.4252
26122	0.019	-0.130	-0.003	-0.0357	-0.0100	2.4286
26128	-0.012	-0.129	-0.003	-0.0358	-0.0100	2.4300
26136	-0.012	-0.129	-0.003	-0.0358	-0.0100	2.4300
26162	-0.089	-0.124	-0.003	-0.0360	-0.0101	2.4328
26174	-0.113	-0.121	-0.003	-0.0361	-0.0102	2.4342
26216	-0.149	-0.119	-0.003	-0.0364	-0.0103	2.4395
26216	-0.149	-0.119	-0.003	-0.0364	-0.0103	2.4395
26243	-0.196	-0.120	-0.003	-0.0366	-0.0104	2.4443
26284	-0.192	-0.120	-0.003	-0.0368	-0.0105	2.4459
26284	-0.192	-0.120	-0.003	-0.0368	-0.0105	2.4459
26294	-0.192	-0.120	-0.003	-0.0368	-0.0105	2.4446
26345	-0.141	-0.126	-0.003	-0.0373	-0.0105	2.4519
26345	-0.141	-0.126	-0.003	-0.0373	-0.0105	2.4519
26362	-0.135	-0.123	-0.003	-0.0374	-0.0106	2.4563
26374	-0.122	-0.120	-0.003	-0.0374	-0.0106	2.4587
26409	-0.068	-0.112	-0.003	-0.0377	-0.0106	2.4623
26417	-0.068	-0.112	-0.003	-0.0378	-0.0106	2.4612
26434	0.007	-0.108	-0.003	-0.0379	-0.0106	2.4679
26465	0.048	-0.105	-0.003	-0.0381	-0.0107	2.4691
26474	0.067	-0.105	-0.003	-0.0381	-0.0107	2.4714
26501	0.078	-0.106	-0.003	-0.0383	-0.0108	2.4754
26515	0.082	-0.106	-0.003	-0.0385	-0.0109	2.4786
26545	0.077	-0.105	-0.003	-0.0387	-0.0110	2.4858
26603	-0.048	-0.100	-0.003	-0.0392	-0.0113	2.4966
26603	-0.048	-0.100	-0.003	-0.0392	-0.0113	2.4966
26605	-0.048	-0.100	-0.003	-0.0392	-0.0113	2.4966
26628	-0.040	-0.102	-0.003	-0.0394	-0.0114	2.5033
26655	0.007	-0.110	-0.003	-0.0396	-0.0116	2.5120
26663	0.025	-0.113	-0.003	-0.0397	-0.0116	2.5157
26682	0.045	-0.116	-0.003	-0.0398	-0.0117	2.5185
26706	0.045	-0.120	-0.003	-0.0400	-0.0118	2.5239
26720	0.037	-0.120	-0.003	-0.0402	-0.0119	2.5305
26734	0.055	-0.120	-0.003	-0.0403	-0.0119	2.5348
26819	-0.016	-0.120	-0.003	-0.0411	-0.0124	2.5558
26821	-0.016	-0.120	-0.003	-0.0411	-0.0124	2.5558
26821	-0.016	-0.120	-0.003	-0.0411	-0.0124	2.5558
26821	-0.016	-0.120	-0.003	-0.0411	-0.0124	2.5558
26834	-0.051	-0.118	-0.003	-0.0412	-0.0124	2.5589
26884	-0.136	-0.119	-0.003	-0.0417	-0.0127	2.5752
26884	-0.136	-0.119	-0.003	-0.0417	-0.0127	2.5752
26895	-0.136	-0.119	-0.003	-0.0417	-0.0127	2.5752
26954	-0.244	-0.141	-0.003	-0.0423	-0.0129	2.5961
26954	-0.244	-0.141	-0.003	-0.0423	-0.0129	2.5961
26956	-0.244	-0.141	-0.003	-0.0423	-0.0129	2.5961
26991	-0.254	-0.150	-0.003	-0.0426	-0.0130	2.6058
27003	-0.232	-0.150	-0.003	-0.0427	-0.0130	2.6080
27015	-0.197	-0.150	-0.003	-0.0428	-0.0130	2.6113
27061	-0.160	-0.143	-0.003	-0.0433	-0.0131	2.6247
27061	-0.160	-0.143	-0.003	-0.0433	-0.0131	2.6247
27080	-0.120	-0.137	-0.003	-0.0435	-0.0131	2.6325
27101	-0.068	-0.133	-0.003	-0.0436	-0.0131	2.6397
27114	-0.051	-0.131	-0.003	-0.0437	-0.0131	2.6424
27135	-0.060	-0.127	-0.003	-0.0440	-0.0132	2.6474
27157	-0.065	-0.123	-0.003	-0.0441	-0.0131	2.6542
27213	-0.052	-0.114	-0.003	-0.0446	-0.0133	2.6668
27213	-0.052	-0.114	-0.003	-0.0446	-0.0133	2.6668
27216	-0.036	-0.114	-0.003	-0.0447	-0.0133	2.6698
27236	-0.006	-0.115	-0.003	-0.0448	-0.0133	2.6730
27268	0.028	-0.117	-0.003	-0.0450	-0.0134	2.6789
27282	0.016	-0.118	-0.003	-0.0452	-0.0134	2.6843
27306	0.023	-0.118	-0.003	-0.0454	-0.0135	2.6898
27337	0.034	-0.118	-0.003	-0.0457	-0.0136	2.6966
27337	0.034	-0.118	-0.003	-0.0457	-0.0136	2.6966
27395	-0.010	-0.115	-0.003	-0.0463	-0.0139	2.7156
27395	-0.010	-0.115	-0.003	-0.0463	-0.0139	2.7156
27395	-0.010	-0.115	-0.003	-0.0463	-0.0139	2.7156
27423	0.018	-0.116	-0.003	-0.0466	-0.0140	2.7230
27453	-0.028	-0.120	-0.003	-0.0469	-0.0141	2.7337
27455	-0.028	-0.120	-0.003	-0.0469	-0.0141	2.7337
27476	-0.076	-0.122	-0.003	-0.0472	-0.0142	2.7403
27503	-0.084	-0.128	-0.003	-0.0475	-0.0143	2.7482
27515	-0.086	-0.131	-0.003	-0.0476	-0.0143	2.7513
27536	-0.105	-0.137	-0.003	-0.0478	-0.0144	2.7576
27582	-0.131	-0.147	-0.003	-0.0483	-0.0145	2.7700
27589	-0.131	-0.147	-0.003	-0.0483	-0.0145	2.7700
27596	-0.088	-0.150	-0.003	-0.0484	-0.0145	2.7729
27622	0.006	-0.155	-0.003	-0.0487	-0.0146	2.7784
27635	0.018	-0.158	-0.003	-0.0489	-0.0146	2.7837
27669	-0.033	-0.158	-0.003	-0.0492	-0.0147	2.7904
27689	-0.095	-0.154	-0.003	-0.0495	-0.0147	2.7971
27703	-0.087	-0.154	-0.003	-0.0496	-0.0148	2.7997
27723	-0.066	-0.154	-0.003	-0.0498	-0.0148	2.8026
27748	-0.035	-0.155	-0.003	-0.0501	-0.0149	2.8099
27766	-0.036	-0.156	-0.003	-0.0503	-0.0149	2.8131
27783	-0.065	-0.156	-0.003	-0.0505	-0.0149	2.8169
27796	-0.081	-0.157	-0.003	-0.0506	-0.0149	2.8196
27814	-0.104	-0.155	-0.003	-0.0509	-0.0150	2.8249
27864	-0.146	-0.152	-0.003	-0.0514	-0.0151	2.8353
27880	-0.100	-0.153	-0.003	-0.0516	-0.0151	2.8381
27880	-0.100	-0.153	-0.003	-0.0516	-0.0151	2.8381
27916	0.055	-0.160	-0.003	-0.0520	-0.0152	2.8448
27916	0.055	-0.160	-0.003	-0.0520	-0.0152	2.8448
27957	-0.013	-0.163	-0.003	-0.0524	-0.0152	2.8514
27965	-0.031	-0.162	-0.003	-0.0525	-0.0153	2.8530
27975	-0.044	-0.161	-0.003	-0.0526	-0.0153	2.8546
28028	-0.061	-0.157	-0.003	-0.0533	-0.0154	2.8640
28028	-0.061	-0.157	-0.003	-0.0533	-0.0154	2.8640
28035	-0.061	-0.157	-0.003	-0.0533	-0.0154	2.8640
28083	-0.138	-0.151	-0.003	-0.0539	-0.0155	2.8713
28090	-0.138	-0.151	-0.003	-0.0539	-0.0155	2.8723
28095	-0.138	-0.151	-0.003	-0.0539	-0.0155	2.8723
28115	-0.160	-0.152	-0.003	-0.0542	-0.0156	2.8745
28146	-0.171	-0.154	-0.003	-0.0545	-0.0156	2.8786
28154	-0.171	-0.154	-0.003	-0.0545	-0.0156	2.8786
28177	-0.224	-0.161	-0.003	-0.0549	-0.0156	2.8801
28203	-0.193	-0.165	-0.003	-0.0551	-0.0157	2.8827
28236	-0.118	-0.169	-0.003	-0.0555	-0.0157	2.8857
28240	-0.118	-0.169	-0.003	-0.0555	-0.0157	2.8857
28255	-0.096	-0.171	-0.003	-0.0557	-0.0157	2.8862
28279	-0.065	-0.174	-0.003	-0.0559	-0.0157	2.8881
28301	0.012	-0.176	-0.003	-0.0562	-0.0157	2.8895
28334	0.075	-0.179	-0.003	-0.0566	-0.0157	2.8908
28336	0.075	-0.179	-0.003	-0.0567	-0.0158	2.8919
28378	0.099	-0.180	-0.003	-0.0571	-0.0158	2.8934
28380	0.099	-0.180	-0.003	-0.0571	-0.0158	2.8934
28394	0.068	-0.178	-0.003	-0.0573	-0.0158	2.8928
28414	0.044	-0.177	-0.003	-0.0574	-0.0159	2.8918
28438	0.048	-0.175	-0.003	-0.0577	-0.0159	2.8899
28457	0.052	-0.176	-0.003	-0.0579	-0.0160	2.8916
28475	0.046	-0.175	-0.003	-0.0581	-0.0161	2.8911
28496	0.043	-0.175	-0.003	-0.0582	-0.0161	2.8922
28547	0.092	-0.176	-0.003	-0.0589	-0.0163	2.8930
28565	0.151	-0.182	-0.003	-0.0592	-0.0164	2.8913
28565	0.151	-0.182	-0.003	-0.0592	-0.0164	2.8913
28600	0.181	-0.194	-0.003	-0.0596	-0.0165	2.8892
28600	0.181	-0.194	-0.003	-0.0596	-0.0165	2.8892
28615	0.168	-0.196	-0.003	-0.0597	-0.0166	2.8890
28679	0.049	-0.198	-0.003	-0.0604	-0.0169	2.8828
28679	0.049	-0.198	-0.003	-0.0604	-0.0169	2.8828
28679	0.049	-0.198	-0.003	-0.0604	-0.0169	2.8828
28707	-0.066	-0.194	-0.002	-0.0607	-0.0170	2.8810
28714	-0.099	-0.193	-0.001	-0.0608	-0.0170	2.8788
28744	-0.132	-0.194	-0.002	-0.0610	-0.0171	2.8776
28754	-0.132	-0.194	-0.002	-0.0610	-0.0171	2.8776
28782	-0.084	-0.198	-0.002	-0.0613	-0.0173	2.8707
28797	-0.069	-0.200	-0.002	-0.0614	-0.0173	2.8717
28814	-0.062	-0.202	-0.002	-0.0616	-0.0173	2.8717
28866	-0.171	-0.187	-0.001	-0.0621	-0.0174	2.8672
28866	-0.171	-0.187	-0.001	-0.0621	-0.0174	2.8672
28874	-0.170	-0.182	-0.001	-0.0622	-0.0174	2.8645
28909	-0.106	-0.179	-0.001	-0.0626	-0.0174	2.8616
28925	-0.090	-0.179	-0.001	-0.0627	-0.0174	2.8595
28934	-0.090	-0.179	-0.001	-0.0627	-0.0174	2.8595
28969	-0.052	-0.180	-0.001	-0.0631	-0.0175	2.8535
28987	-0.070	-0.175	-0.001	-0.0633	-0.0175	2.8498
28995	-0.070	-0.175	-0.001	-0.0633	-0.0175	2.8498
29022	-0.085	-0.166	-0.001	-0.0637	-0.0176	2.8443
29044	-0.088	-0.161	-0.001	-0.0639	-0.0176	2.8399
29054	-0.088	-0.161	-0.001	-0.0639	-0.0176	2.8399
29105	-0.104	-0.153	-0.001	-0.0645	-0.0177	2.8289
29107	-0.104	-0.153	-0.001	-0.0645	-0.0177	2.8289
29151	-0.178	-0.149	-0.001	-0.0650	-0.0178	2.8211
29153	-0.178	-0.149	-0.001	-0.0650	-0.0178	2.8211
29155	-0.192	-0.148	-0.001	-0.0650	-0.0178	2.8183
29174	-0.192	-0.147	-0.001	-0.0652	-0.0178	2.8171
29195	-0.174	-0.148	-0.001	-0.0654	-0.0178	2.8122
29224	-0.090	-0.154	-0.001	-0.0657	-0.0179	2.8064
29265	0.021	-0.171	-0.001	-0.0661	-0.0179	2.7977
29279	0.045	-0.178	-0.001	-0.0664	-0.0180	2.7924
29279	0.045	-0.178	-0.001	-0.0664	-0.0180	2.7924
29294	0.044	-0.180	-0.001	-0.0665	-0.0180	2.7891
29318	0.024	-0.181	-0.001	-0.0667	-0.0181	2.7835
29341	-0.028	-0.181	-0.001	-0.0669	-0.0181	2.7788
29355	-0.046	-0.181	-0.001	-0.0671	-0.0182	2.7765
29386	-0.031	-0.183	-0.001	-0.0674	-0.0183	2.7683
29401	0.033	-0.187	-0.001	-0.0676	-0.0183	2.7624
29448	-0.007	-0.193	-0.001	-0.0681	-0.0185	2.7517
29448	-0.007	-0.193	-0.001	-0.0681	-0.0185	2.7517
29454	-0.007	-0.193	-0.001	-0.0681	-0.0185	2.7517
29495	-0.114	-0.191	-0.001	-0.0685	-0.0186	2.7414
29495	-0.114	-0.191	-0.001	-0.0685	-0.0186	2.7414
29514	-0.135	-0.190	-0.001	-0.0688	-0.0187	2.7347
29536	-0.120	-0.191	-0.001	-0.0690	-0.0187	2.7297
29559	-0.106	-0.192	-0.001	-0.0692	-0.0188	2.7222
29576	-0.104	-0.192	-0.001	-0.0694	-0.0188	2.7177
29596	-0.114	-0.191	-0.001	-0.0695	-0.0189	2.7147
29632	-0.150	-0.183	-0.001	-0.0699	-0.0189	2.7076
29634	-0.150	-0.183	-0.001	-0.0699	-0.0189	2.7079
29686	-0.013	-0.182	-0.001	-0.0704	-0.0190	2.6956
29686	-0.013	-0.182	-0.001	-0.0704	-0.0190	2.6956
29697	0.011	-0.182	-0.001	-0.0706	-0.0190	2.6932
29750	0.048	-0.178	-0.001	-0.0711	-0.0192	2.6795
29750	0.048	-0.178	-0.001	-0.0711	-0.0192	2.6795
29754	0.048	-0.178	-0.001	-0.0711	-0.0192	2.6795
29811	-0.011	-0.170	-0.001	-0.0717	-0.0193	2.6653
29813	-0.011	-0.170	-0.001	-0.0717	-0.0193	2.6653
29815	-0.011	-0.170	-0.001	-0.0717	-0.0193	2.6653
29866	-0.007	-0.168	-0.001	-0.0724	-0.0195	2.6488
29868	-0.007	-0.168	-0.001	-0.0724	-0.0195	2.6488
29874	-0.007	-0.168	-0.001	-0.0724	-0.0195	2.6488
29895	0.060	-0.180	-0.001	-0.0726	-0.0196	2.6422
29918	0.069	-0.185	-0.001	-0.0727	-0.0196	2.6397
29937	0.089	-0.198	-0.001	-0.0730	-0.0197	2.6350
29958	0.043	-0.199	-0.001	-0.0733	-0.0198	2.6296
29976	0.019	-0.195	-0.001	-0.0734	-0.0198	2.6268
29995	-0.013	-0.184	-0.001	-0.0737	-0.0199	2.6217
30050	-0.088	-0.167	-0.001	-0.0743	-0.0201	2.6077
30052	-0.088	-0.167	-0.001	-0.0743	-0.0201	2.6077
30054	-0.088	-0.167	-0.001	-0.0743	-0.0201	2.6077
30075	-0.142	-0.165	-0.001	-0.0745	-0.0202	2.6028
30094	-0.161	-0.164	-0.001	-0.0746	-0.0202	2.6005
30123	-0.205	-0.161	-0.001	-0.0750	-0.0202	2.5942
30137	-0.197	-0.162	-0.001	-0.0751	-0.0203	2.5922
30173	-0.086	-0.163	-0.001	-0.0757	-0.0203	2.5826
30175	-0.086	-0.163	-0.001	-0.0757	-0.0203	2.5826
30207	-0.096	-0.164	-0.001	-0.0761	-0.0204	2.5745
30223	-0.090	-0.166	-0.001	-0.0763	-0.0204	2.5706
30241	-0.066	-0.170	-0.001	-0.0765	-0.0204	2.5669
30266	-0.088	-0.176	-0.001	-0.0768	-0.0204	2.5615
30293	-0.106	-0.180	-0.001	-0.0772	-0.0204	2.5551
30312	-0.079	-0.184	-0.001	-0.0775	-0.0205	2.5505
30314	-0.079	-0.184	-0.001	-0.0775	-0.0205	2.5505
30343	-0.048	-0.191	-0.001	-0.0778	-0.0205	2.5452
30393	0.080	-0.211	-0.001	-0.0787	-0.0206	2.5332
30398	0.080	-0.211	-0.001	-0.0787	-0.0206	2.5332
30400	0.080	-0.211	-0.001	-0.0787	-0.0206	2.5332
30433	0.032	-0.213	-0.001	-0.0792	-0.0208	2.5254
30435	0.032	-0.213	-0.001	-0.0792	-0.0208	2.5254
30460	0.072	-0.219	-0.001	-0.0796	-0.0208	2.5203
30492	0.068	-0.228	-0.001	-0.0801	-0.0210	2.5134
30494	0.068	-0.228	-0.001	-0.0801	-0.0210	2.5134
30539	0.035	-0.232	-0.001	-0.0807	-0.0211	2.5058
30548	0.031	-0.232	-0.001	-0.0808	-0.0212	2.5043
30567	0.015	-0.236	-0.001	-0.0811	-0.0213	2.5010
30574	0.015	-0.236	-0.001	-0.0812	-0.0213	2.5005
30608	-0.005	-0.241	-0.001	-0.0815	-0.0214	2.4964
30623	-0.030	-0.243	-0.001	-0.0818	-0.0215	2.4936
30651	-0.057	-0.243	-0.001	-0.0821	-0.0216	2.4899
30656	-0.057	-0.243	-0.001	-0.0821	-0.0216	2.4899
30675	-0.077	-0.240	-0.001	-0.0823	-0.0217	2.4883
30694	-0.128	-0.233	-0.001	-0.0826	-0.0217	2.4860
30716	-0.195	-0.223	-0.001	-0.0829	-0.0218	2.4832
30734	-0.205	-0.217	-0.002	-0.0831	-0.0218	2.4813
30755	-0.176	-0.215	-0.003	-0.0833	-0.0219	2.4793
30793	-0.098	-0.214	-0.005	-0.0838	-0.0219	2.4758
30795	-0.098	-0.214	-0.005	-0.0838	-0.0219	2.4758
30817	-0.028	-0.216	-0.005	-0.0841	-0.0220	2.4734
30837	0.026	-0.215	-0.005	-0.0843	-0.0220	2.4717
30854	0.035	-0.213	-0.005	-0.0845	-0.0220	2.4702
30881	-0.020	-0.200	-0.005	-0.0848	-0.0220	2.4685
30901	-0.056	-0.188	-0.005	-0.0850	-0.0221	2.4669
30920	-0.064	-0.183	-0.005	-0.0853	-0.0221	2.4648
30944	-0.027	-0.180	-0.005	-0.0855	-0.0222	2.4633
30958	0.010	-0.182	-0.005	-0.0857	-0.0222	2.4620
30976	0.058	-0.188	-0.005	-0.0860	-0.0223	2.4606
30997	0.063	-0.190	-0.005	-0.0861	-0.0223	2.4599
31020	0.024	-0.187	-0.006	-0.0865	-0.0224	2.4580
31042	-0.025	-0.183	-0.007	-0.0868	-0.0225	2.4562
31054	-0.051	-0.181	-0.007	-0.0869	-0.0225	2.4563
31085	-0.081	-0.179	-0.007	-0.0875	-0.0227	2.4530
31097	-0.081	-0.179	-0.007	-0.0875	-0.0227	2.4530
31130	-0.117	-0.176	-0.007	-0.0880	-0.0228	2.4512
31134	-0.117	-0.176	-0.007	-0.0880	-0.0228	2.4512
31158	-0.111	-0.179	-0.007	-0.0883	-0.0229	2.4499
31178	-0.117	-0.183	-0.007	-0.0885	-0.0229	2.4497
31216	-0.082	-0.195	-0.007	-0.0892	-0.0230	2.4472
31216	-0.082	-0.195	-0.007	-0.0892	-0.0230	2.4472
31241	-0.090	-0.198	-0.007	-0.0894	-0.0231	2.4472
31254	-0.091	-0.201	-0.007	-0.0897	-0.0231	2.4466
31277	-0.120	-0.201	-0.007	-0.0899	-0.0232	2.4461
31294	-0.120	-0.201	-0.007	-0.0900	-0.0232	2.4455
31342	-0.117	-0.200	-0.007	-0.0909	-0.0233	2.4439
31342	-0.117	-0.200	-0.007	-0.0909	-0.0233	2.4439
31382	-0.084	-0.209	-0.007	-0.0914	-0.0234	2.4428
31382	-0.084	-0.209	-0.007	-0.0914	-0.0234	2.4428
31399	-0.100	-0.211	-0.007	-0.0917	-0.0235	2.4428
31425	-0.118	-0.211	-0.007	-0.0921	-0.0235	2.4424
31440	-0.094	-0.212	-0.007	-0.0923	-0.0236	2.4431
31457	-0.094	-0.212	-0.007	-0.0923	-0.0236	2.4431
31474	-0.104	-0.212	-0.007	-0.0926	-0.0236	2.4440
31503	-0.142	-0.205	-0.008	-0.0930	-0.0236	2.4440
31518	-0.163	-0.204	-0.008	-0.0932	-0.0237	2.4434
31540	-0.137	-0.205	-0.008	-0.0935	-0.0238	2.4429
31562	-0.100	-0.210	-0.008	-0.0939	-0.0238	2.4430
31579	-0.076	-0.213	-0.008	-0.0941	-0.0239	2.4427
31594	-0.052	-0.215	-0.008	-0.0943	-0.0239	2.4429
31652	0.023	-0.219	-0.009	-0.0952	-0.0241	2.4440
31654	0.023	-0.219	-0.009	-0.0952	-0.0241	2.4436
31656	0.023	-0.219	-0.009	-0.0952	-0.0241	2.4436
31678	0.006	-0.219	-0.009	-0.0954	-0.0241	2.4442
31711	0.027	-0.223	-0.009	-0.0960	-0.0243	2.4440
31719	0.062	-0.227	-0.009	-0.0961	-0.0243	2.4446
31766	0.134	-0.243	-0.009	-0.0969	-0.0246	2.4456
31774	0.134	-0.243	-0.009	-0.0969	-0.0246	2.4454
31774	0.134	-0.243	-0.009	-0.0969	-0.0246	2.4454
31797	0.125	-0.239	-0.009	-0.0972	-0.0247	2.4468
31838	0.116	-0.236	-0.009	-0.0979	-0.0249	2.4470
31846	0.112	-0.238	-0.008	-0.0980	-0.0250	2.4478
31871	0.110	-0.244	-0.006	-0.0984	-0.0251	2.4481
31876	0.111	-0.247	-0.006	-0.0985	-0.0252	2.4487
31896	0.117	-0.251	-0.005	-0.0988	-0.0253	2.4486
31927	0.060	-0.258	-0.003	-0.0992	-0.0255	2.4500
31938	0.032	-0.258	-0.002	-0.0993	-0.0256	2.4503
32003	-0.060	-0.257	-0.002	-0.1004	-0.0259	2.4521
32003	-0.060	-0.257	-0.002	-0.1004	-0.0259	2.4521
32003	-0.060	-0.257	-0.002	-0.1004	-0.0259	2.4521
32028	-0.044	-0.262	-0.002	-0.1008	-0.0261	2.4531
32061	-0.066	-0.265	-0.002	-0.1012	-0.0262	2.4540
32061	-0.066	-0.265	-0.002	-0.1012	-0.0262	2.4540
32074	-0.066	-0.265	-0.002	-0.1012	-0.0262	2.4540
32119	-0.025	-0.251	-0.005	-0.1020	-0.0265	2.4557
32119	-0.025	-0.251	-0.005	-0.1020	-0.0265	2.4557
32135	-0.008	-0.253	-0.005	-0.1022	-0.0265	2.4561
32157	0.005	-0.249	-0.006	-0.1026	-0.0267	2.4571
32184	-0.003	-0.249	-0.006	-0.1030	-0.0268	2.4578
32194	-0.003	-0.249	-0.006	-0.1030	-0.0268	2.4578
32223	-0.001	-0.243	-0.007	-0.1034	-0.0269	2.4587
32245	-0.068	-0.238	-0.007	-0.1037	-0.0270	2.4592
32254	-0.068	-0.238	-0.007	-0.1038	-0.0270	2.4592
32277	-0.140	-0.229	-0.007	-0.1041	-0.0271	2.4599
32306	-0.149	-0.226	-0.007	-0.1046	-0.0272	2.4606
32314	-0.149	-0.226	-0.007	-0.1046	-0.0272	2.4607
32341	-0.124	-0.227	-0.004	-0.1050	-0.0274	2.4615
32354	-0.123	-0.228	-0.004	-0.1052	-0.0274	2.4617
32377	-0.137	-0.226	-0.004	-0.1054	-0.0275	2.4622
32422	-0.122	-0.222	-0.004	-0.1060	-0.0276	2.4631
32424	-0.122	-0.222	-0.004	-0.1060	-0.0276	2.4631
32444	-0.067	-0.224	-0.004	-0.1064	-0.0277	2.4635
32457	-0.042	-0.226	-0.004	-0.1065	-0.0277	2.4637
32485	0.016	-0.230	-0.004	-0.1069	-0.0278	2.4643
32530	-0.043	-0.223	-0.004	-0.1076	-0.0280	2.4650
32534	-0.043	-0.223	-0.004	-0.1076	-0.0280	2.4651
32539	-0.043	-0.223	-0.004	-0.1076	-0.0280	2.4651
32555	-0.043	-0.223	-0.004	-0.1076	-0.0280	2.4651
32579	-0.120	-0.205	-0.004	-0.1081	-0.0282	2.4651
32607	-0.070	-0.210	-0.004	-0.1085	-0.0283	2.4654
32626	-0.058	-0.213	-0.004	-0.1088	-0.0284	2.4655
32636	-0.055	-0.215	-0.004	-0.1089	-0.0284	2.4655
32672	-0.018	-0.223	-0.004	-0.1094	-0.0286	2.4655
32674	-0.018	-0.223	-0.004	-0.1094	-0.0286	2.4655
32720	-0.046	-0.221	-0.004	-0.1101	-0.0288	2.4659
32722	-0.046	-0.221	-0.004	-0.1101	-0.0288	2.4659
32734	-0.046	-0.221	-0.004	-0.1101	-0.0288	2.4659
32758	-0.062	-0.221	-0.004	-0.1105	-0.0289	2.4653
32780	-0.071	-0.220	-0.004	-0.1107	-0.0290	2.4649
32809	-0.170	-0.212	-0.004	-0.1112	-0.0292	2.4651
32827	-0.224	-0.204	-0.004	-0.1114	-0.0293	2.4647
32844	-0.197	-0.203	-0.004	-0.1117	-0.0294	2.4641
32854	-0.164	-0.205	-0.004	-0.1118	-0.0294	2.4635
32876	-0.141	-0.206	-0.004	-0.1120	-0.0294	2.4636
32896	-0.107	-0.211	-0.004	-0.1123	-0.0295	2.4632
32914	-0.105	-0.212	-0.004	-0.1124	-0.0295	2.4629
32936	-0.080	-0.215	-0.004	-0.1128	-0.0296	2.4618
32954	-0.077	-0.216	-0.004	-0.1130	-0.0297	2.4615
32977	-0.112	-0.214	-0.004	-0.1133	-0.0297	2.4602
32996	-0.140	-0.211	-0.004	-0.1135	-0.0298	2.4600
33014	-0.143	-0.210	-0.004	-0.1137	-0.0298	2.4588
33054	-0.134	-0.206	-0.004	-0.1143	-0.0299	2.4577
33056	-0.134	-0.206	-0.004	-0.1143	-0.0299	2.4577
33098	-0.143	-0.199	-0.004	-0.1148	-0.0301	2.4566
33098	-0.143	-0.199	-0.004	-0.1148	-0.0301	2.4566
33114	-0.113	-0.200	-0.004	-0.1150	-0.0301	2.4552
33157	-0.058	-0.202	-0.004	-0.1156	-0.0302	2.4536
33159	-0.058	-0.202	-0.004	-0.1156	-0.0302	2.4536
33262	-0.023	-0.199	-0.004	-0.1170	-0.0305	2.4475
33262	-0.023	-0.199	-0.004	-0.1170	-0.0305	2.4475
33264	-0.023	-0.199	-0.004	-0.1170	-0.0305	2.4475
33267	-0.011	-0.199	-0.004	-0.1172	-0.0306	2.4465
33271	-0.011	-0.199	-0.004	-0.1172	-0.0306	2.4465
33275	-0.011	-0.199	-0.004	-0.1172	-0.0306	2.4465
33314	-0.047	-0.200	-0.004	-0.1179	-0.0308	2.4434
33314	-0.047	-0.200	-0.004	-0.1179	-0.0308	2.4434
33377	0.155	-0.239	-0.004	-0.1188	-0.0309	2.4384
33379	0.155	-0.239	-0.004	-0.1188	-0.0309	2.4384
33379	0.155	-0.239	-0.004	-0.1188	-0.0309	2.4384
33416	0.057	-0.241	-0.004	-0.1194	-0.0311	2.4345
33418	0.057	-0.241	-0.004	-0.1194	-0.0311	2.4345
33436	-0.020	-0.235	-0.004	-0.1197	-0.0312	2.4323
33491	-0.154	-0.227	-0.004	-0.1205	-0.0315	2.4281
33491	-0.154	-0.227	-0.004	-0.1205	-0.0315	2.4281
33496	-0.154	-0.227	-0.004	-0.1205	-0.0315	2.4283
33546	-0.158	-0.241	-0.004	-0.1214	-0.0317	2.4226
33546	-0.158	-0.241	-0.004	-0.1214	-0.0317	2.4226
33554	-0.158	-0.241	-0.004	-0.1214	-0.0317	2.4226
33576	-0.210	-0.232	-0.005	-0.1216	-0.0318	2.4192
33629	-0.241	-0.208	-0.005	-0.1223	-0.0319	2.4156
33629	-0.241	-0.208	-0.005	-0.1223	-0.0319	2.4156
33641	-0.245	-0.206	-0.005	-0.1224	-0.0319	2.4138
33668	-0.237	-0.206	-0.005	-0.1228	-0.0319	2.4120
33676	-0.226	-0.206	-0.005	-0.1230	-0.0319	2.4111
33704	-0.206	-0.208	-0.005	-0.1234	-0.0320	2.4075
33715	-0.199	-0.208	-0.005	-0.1236	-0.0320	2.4061
33745	-0.175	-0.209	-0.005	-0.1240	-0.0320	2.4039
33754	-0.175	-0.209	-0.005	-0.1240	-0.0320	2.4039
33776	-0.151	-0.211	-0.005	-0.1244	-0.0320	2.4004
33810	-0.075	-0.221	-0.005	-0.1249	-0.0320	2.3969
33814	-0.060	-0.223	-0.005	-0.1250	-0.0321	2.3953
33849	-0.022	-0.229	-0.005	-0.1254	-0.0321	2.3914
33854	-0.022	-0.229	-0.005	-0.1254	-0.0321	2.3914
33874	-0.024	-0.231	-0.005	-0.1258	-0.0322	2.3883
33925	-0.000	-0.238	-0.003	-0.1266	-0.0323	2.3806
33925	-0.000	-0.238	-0.003	-0.1266	-0.0323	2.3806
33934	-0.000	-0.238	-0.003	-0.1266	-0.0323	2.3806
33962	0.058	-0.228	-0.002	-0.1271	-0.0324	2.3768
33996	0.088	-0.236	-0.002	-0.1276	-0.0325	2.3728
33996	0.088	-0.236	-0.002	-0.1276	-0.0325	2.3728
34044	0.068	-0.232	-0.003	-0.1283	-0.0327	2.3657
34044	0.068	-0.232	-0.003	-0.1283	-0.0327	2.3657
34054	0.068	-0.232	-0.003	-0.1283	-0.0328	2.3660
34090	0.080	-0.243	-0.003	-0.1288	-0.0329	2.3617
34114	0.036	-0.244	-0.003	-0.1293	-0.0331	2.3574
34114	0.036	-0.244	-0.003	-0.1293	-0.0331	2.3574
34140	-0.067	-0.237	-0.003	-0.1295	-0.0332	2.3535
34183	-0.196	-0.211	-0.003	-0.1302	-0.0334	2.3496
34185	-0.196	-0.211	-0.003	-0.1302	-0.0334	2.3496
34200	-0.177	-0.213	-0.003	-0.1304	-0.0334	2.3480
34242	-0.056	-0.239	-0.003	-0.1310	-0.0336	2.3420
34242	-0.056	-0.239	-0.003	-0.1310	-0.0336	2.3420
34288	-0.059	-0.248	-0.003	-0.1318	-0.0337	2.3344
34288	-0.059	-0.248	-0.003	-0.1318	-0.0337	2.3344
34294	-0.059	-0.248	-0.003	-0.1318	-0.0337	2.3344
34328	-0.098	-0.247	-0.003	-0.1323	-0.0338	2.3296
34336	-0.112	-0.246	-0.003	-0.1324	-0.0338	2.3280
34354	-0.151	-0.242	-0.003	-0.1327	-0.0339	2.3247
34377	-0.141	-0.243	-0.003	-0.1331	-0.0340	2.3211
34407	-0.074	-0.254	-0.003	-0.1335	-0.0340	2.3174
34415	-0.041	-0.261	-0.003	-0.1336	-0.0340	2.3157
34435	-0.020	-0.269	-0.003	-0.1339	-0.0341	2.3129
34459	-0.077	-0.269	-0.003	-0.1343	-0.0342	2.3086
34474	-0.077	-0.269	-0.003	-0.1344	-0.0342	2.3085
34494	-0.065	-0.263	-0.003	-0.1348	-0.0343	2.3040
34532	-0.016	-0.262	-0.003	-0.1352	-0.0343	2.3001
34534	-0.016	-0.262	-0.003	-0.1352	-0.0343	2.3001
34576	0.031	-0.265	-0.003	-0.1358	-0.0345	2.2945
34578	0.031	-0.265	-0.003	-0.1358	-0.0345	2.2945
34601	0.030	-0.264	-0.003	-0.1361	-0.0346	2.2918
34618	0.017	-0.261	-0.003	-0.1363	-0.0346	2.2902
34635	-0.016	-0.253	-0.003	-0.1366	-0.0347	2.2879
34655	-0.036	-0.247	-0.003	-0.1367	-0.0347	2.2865
34676	-0.046	-0.242	-0.003	-0.1369	-0.0348	2.2842
34702	-0.049	-0.237	-0.003	-0.1373	-0.0349	2.2805
34714	-0.046	-0.236	-0.003	-0.1374	-0.0350	2.2794
34742	-0.038	-0.230	-0.004	-0.1378	-0.0351	2.2757
34757	-0.029	-0.230	-0.004	-0.1379	-0.0351	2.2745
34787	-0.049	-0.223	-0.004	-0.1385	-0.0353	2.2699
34801	-0.054	-0.221	-0.004	-0.1386	-0.0353	2.2686
34827	-0.023	-0.221	-0.004	-0.1390	-0.0354	2.2652
34845	-0.021	-0.221	-0.004	-0.1392	-0.0355	2.2634
34862	-0.023	-0.221	-0.004	-0.1394	-0.0355	2.2616
34880	-0.032	-0.221	-0.004	-0.1396	-0.0356	2.2589
34895	-0.035	-0.220	-0.004	-0.1398	-0.0357	2.2575
34914	-0.033	-0.220	-0.004	-0.1401	-0.0357	2.2553
34962	-0.018	-0.221	-0.004	-0.1408	-0.0359	2.2497
34964	-0.018	-0.221	-0.004	-0.1408	-0.0359	2.2497
34974	-0.018	-0.221	-0.004	-0.1408	-0.0359	2.2497
35023	-0.085	-0.217	-0.004	-0.1416	-0.0362	2.2432
35023	-0.085	-0.217	-0.004	-0.1416	-0.0362	2.2432
35034	-0.085	-0.217	-0.004	-0.1416	-0.0362	2.2432
35056	-0.138	-0.202	-0.004	-0.1419	-0.0363	2.2404
35092	-0.159	-0.198	-0.004	-0.1424	-0.0364	2.2371
35094	-0.159	-0.198	-0.004	-0.1424	-0.0364	2.2371
35153	-0.114	-0.210	-0.004	-0.1432	-0.0366	2.2317
35153	-0.114	-0.210	-0.004	-0.1432	-0.0366	2.2317
35155	-0.114	-0.210	-0.004	-0.1432	-0.0366	2.2317
35182	-0.192	-0.203	-0.004	-0.1435	-0.0366	2.2298
35196	-0.222	-0.199	-0.004	-0.1437	-0.0366	2.2285
35216	-0.223	-0.198	-0.004	-0.1440	-0.0367	2.2269
35242	-0.156	-0.204	-0.004	-0.1444	-0.0367	2.2245
35259	-0.158	-0.204	-0.004	-0.1446	-0.0368	2.2230
35274	-0.173	-0.202	-0.004	-0.1448	-0.0368	2.2219
35302	-0.201	-0.196	-0.004	-0.1452	-0.0369	2.2200
35317	-0.189	-0.196	-0.004	-0.1454	-0.0369	2.2193
35337	-0.129	-0.201	-0.004	-0.1456	-0.0369	2.2184
35355	-0.095	-0.206	-0.004	-0.1459	-0.0369	2.2168
35406	-0.039	-0.217	-0.004	-0.1466	-0.0371	2.2138
35408	-0.039	-0.217	-0.004	-0.1466	-0.0371	2.2138
35421	-0.052	-0.217	-0.004	-0.1468	-0.0371	2.2132
35447	-0.045	-0.219	-0.004	-0.1473	-0.0372	2.2112
35454	-0.045	-0.219	-0.004	-0.1473	-0.0372	2.2112
35476	-0.004	-0.224	-0.004	-0.1475	-0.0373	2.2103
35524	0.035	-0.239	-0.004	-0.1483	-0.0375	2.2077
35524	0.035	-0.239	-0.004	-0.1483	-0.0375	2.2077
35534	0.035	-0.239	-0.004	-0.1483	-0.0375	2.2077
35562	-0.040	-0.232	-0.004	-0.1489	-0.0376	2.2061
35587	-0.073	-0.228	-0.004	-0.1492	-0.0377	2.2050
35597	-0.066	-0.229	-0.004	-0.1494	-0.0378	2.2047
35626	-0.002	-0.239	-0.004	-0.1497	-0.0379	2.2042
35635	0.029	-0.244	-0.004	-0.1498	-0.0379	2.2039
35655	0.051	-0.248	-0.004	-0.1502	-0.0380	2.2029
35693	0.064	-0.250	-0.004	-0.1507	-0.0382	2.2015
35701	0.061	-0.250	-0.004	-0.1508	-0.0382	2.2018
35715	0.061	-0.250	-0.004	-0.1509	-0.0382	2.2014
35737	0.034	-0.244	-0.005	-0.1512	-0.0384	2.2012
35761	0.001	-0.239	-0.005	-0.1516	-0.0385	2.2009
35790	-0.007	-0.239	-0.005	-0.1520	-0.0386	2.1999
35796	-0.007	-0.239	-0.005	-0.1521	-0.0386	2.1996
35821	-0.042	-0.236	-0.005	-0.1525	-0.0388	2.1997
35835	-0.042	-0.236	-0.005	-0.1525	-0.0388	2.1997
35888	-0.191	-0.217	-0.005	-0.1534	-0.0391	2.1994
35888	-0.191	-0.217	-0.005	-0.1534	-0.0391	2.1994
35894	-0.191	-0.217	-0.005	-0.1534	-0.0391	2.1994
35936	-0.193	-0.220	-0.005	-0.1543	-0.0392	2.1997
35939	-0.193	-0.220	-0.005	-0.1543	-0.0392	2.1997
36000	-0.121	-0.222	-0.006	-0.1552	-0.0393	2.2006
36000	-0.121	-0.222	-0.006	-0.1552	-0.0393	2.2006
36000	-0.121	-0.222	-0.006	-0.1552	-0.0393	2.2006
36016	-0.121	-0.222	-0.006	-0.1552	-0.0393	2.2006
36038	-0.089	-0.214	-0.007	-0.1557	-0.0394	2.2012
36069	-0.040	-0.225	-0.007	-0.1562	-0.0395	2.2025
36075	-0.040	-0.225	-0.007	-0.1562	-0.0395	2.2025
36099	-0.006	-0.227	-0.007	-0.1566	-0.0395	2.2033
36128	-0.004	-0.234	-0.007	-0.1570	-0.0396	2.2041
36134	-0.016	-0.234	-0.007	-0.1572	-0.0396	2.2045
36166	-0.095	-0.229	-0.007	-0.1577	-0.0397	2.2049
36175	-0.126	-0.226	-0.007	-0.1578	-0.0398	2.2052
36195	-0.118	-0.227	-0.007	-0.1581	-0.0398	2.2060
36216	-0.098	-0.229	-0.007	-0.1582	-0.0398	2.2073
36254	-0.087	-0.232	-0.008	-0.1590	-0.0400	2.2080
36256	-0.087	-0.232	-0.008	-0.1590	-0.0400	2.2080
36279	-0.082	-0.241	-0.008	-0.1593	-0.0401	2.2096
36304	-0.048	-0.250	-0.008	-0.1598	-0.0402	2.2103
36314	-0.048	-0.250	-0.008	-0.1598	-0.0402	2.2103
36349	-0.009	-0.244	-0.009	-0.1603	-0.0403	2.2135
36355	-0.010	-0.238	-0.009	-0.1605	-0.0403	2.2141
36379	-0.006	-0.233	-0.009	-0.1609	-0.0404	2.2153
36403	-0.035	-0.230	-0.008	-0.1612	-0.0405	2.2167
36419	-0.070	-0.225	-0.007	-0.1615	-0.0405	2.2181
36444	-0.104	-0.222	-0.005	-0.1618	-0.0406	2.2192
36454	-0.104	-0.222	-0.005	-0.1618	-0.0406	2.2192
36475	-0.113	-0.222	-0.005	-0.1620	-0.0407	2.2200
36496	-0.039	-0.241	-0.005	-0.1624	-0.0407	2.2236
36515	-0.009	-0.248	-0.005	-0.1626	-0.0408	2.2232
36534	0.026	-0.258	-0.005	-0.1629	-0.0409	2.2239
36558	0.049	-0.257	-0.005	-0.1632	-0.0409	2.2253
36625	-0.053	-0.230	-0.005	-0.1643	-0.0412	2.2298
36627	-0.053	-0.230	-0.005	-0.1643	-0.0412	2.2298
36627	-0.053	-0.230	-0.005	-0.1643	-0.0412	2.2298
36635	-0.053	-0.230	-0.005	-0.1643	-0.0412	2.2298
36654	-0.050	-0.227	-0.005	-0.1647	-0.0413	2.2330
36675	-0.042	-0.229	-0.005	-0.1649	-0.0413	2.2338
36697	0.005	-0.237	-0.005	-0.1654	-0.0414	2.2364
36714	0.072	-0.251	-0.005	-0.1655	-0.0415	2.2385
36737	0.153	-0.251	-0.006	-0.1659	-0.0416	2.2399
36767	0.160	-0.247	-0.007	-0.1663	-0.0417	2.2426
36813	0.035	-0.232	-0.007	-0.1671	-0.0419	2.2462
36813	0.035	-0.232	-0.007	-0.1671	-0.0419	2.2462
36815	0.035	-0.232	-0.007	-0.1671	-0.0419	2.2462
36837	0.032	-0.236	-0.007	-0.1674	-0.0420	2.2488
36858	0.078	-0.249	-0.007	-0.1677	-0.0421	2.2508
36884	0.136	-0.271	-0.007	-0.1681	-0.0422	2.2538
36909	0.137	-0.271	-0.007	-0.1685	-0.0423	2.2553
36919	0.118	-0.271	-0.007	-0.1686	-0.0423	2.2564
36935	0.083	-0.271	-0.007	-0.1688	-0.0425	2.2585
36959	0.062	-0.269	-0.007	-0.1691	-0.0425	2.2590
36982	0.035	-0.263	-0.007	-0.1695	-0.0426	2.2622
36996	0.033	-0.262	-0.007	-0.1697	-0.0427	2.2632
37039	0.034	-0.263	-0.007	-0.1704	-0.0429	2.2684
37039	0.034	-0.263	-0.007	-0.1704	-0.0429	2.2684
37059	0.032	-0.264	-0.007	-0.1707	-0.0429	2.2709
37075	0.022	-0.263	-0.007	-0.1708	-0.0430	2.2719
37119	-0.101	-0.246	-0.007	-0.1715	-0.0431	2.2759
37121	-0.101	-0.246	-0.007	-0.1715	-0.0431	2.2759
37137	-0.146	-0.237	-0.007	-0.1717	-0.0432	2.2786
37155	-0.154	-0.234	-0.007	-0.1718	-0.0432	2.2798
37182	-0.143	-0.233	-0.007	-0.1722	-0.0432	2.2818
37197	-0.093	-0.236	-0.007	-0.1725	-0.0432	2.2839
37233	-0.058	-0.237	-0.007	-0.1730	-0.0433	2.2876
37235	-0.058	-0.237	-0.007	-0.1730	-0.0433	2.2876
37254	-0.146	-0.221	-0.007	-0.1732	-0.0433	2.2906
37283	-0.222	-0.204	-0.007	-0.1736	-0.0433	2.2929
37294	-0.249	-0.196	-0.007	-0.1738	-0.0433	2.2939
37341	-0.206	-0.192	-0.007	-0.1745	-0.0433	2.2990
37341	-0.206	-0.192	-0.007	-0.1745	-0.0433	2.2990
37354	-0.184	-0.195	-0.007	-0.1747	-0.0433	2.3014
37399	-0.207	-0.193	-0.007	-0.1754	-0.0433	2.3061
37399	-0.207	-0.193	-0.007	-0.1754	-0.0433	2.3061
37416	-0.224	-0.188	-0.007	-0.1755	-0.0433	2.3077
37457	-0.180	-0.186	-0.007	-0.1762	-0.0433	2.3124
37457	-0.180	-0.186	-0.007	-0.1762	-0.0433	2.3124
37474	-0.174	-0.187	-0.007	-0.1764	-0.0432	2.3140
37516	-0.176	-0.190	-0.007	-0.1771	-0.0432	2.3189
37516	-0.176	-0.190	-0.007	-0.1771	-0.0432	2.3189
37537	-0.133	-0.198	-0.007	-0.1774	-0.0432	2.3214
37567	-0.120	-0.203	-0.007	-0.1778	-0.0432	2.3239
37586	-0.087	-0.208	-0.007	-0.1781	-0.0432	2.3263
37600	-0.067	-0.211	-0.007	-0.1783	-0.0432	2.3275
37615	-0.052	-0.214	-0.007	-0.1785	-0.0432	2.3288
37635	-0.047	-0.215	-0.007	-0.1787	-0.0432	2.3299
37669	0.049	-0.230	-0.007	-0.1793	-0.0432	2.3343
37675	0.071	-0.234	-0.007	-0.1794	-0.0432	2.3353
37694	0.082	-0.237	-0.007	-0.1796	-0.0433	2.3365
37714	0.085	-0.240	-0.007	-0.1800	-0.0433	2.3388
37747	0.087	-0.244	-0.007	-0.1804	-0.0434	2.3420
37755	0.087	-0.244	-0.007	-0.1804	-0.0434	2.3420
37775	0.054	-0.244	-0.007	-0.1808	-0.0435	2.3441
37798	0.004	-0.239	-0.007	-0.1811	-0.0436	2.3460
37814	-0.029	-0.235	-0.007	-0.1812	-0.0436	2.3470
37854	0.019	-0.238	-0.007	-0.1818	-0.0437	2.3509
37867	0.043	-0.242	-0.007	-0.1820	-0.0438	2.3519
37875	0.064	-0.247	-0.007	-0.1821	-0.0438	2.3531
37897	0.033	-0.246	-0.007	-0.1824	-0.0439	2.3551
37920	-0.022	-0.240	-0.007	-0.1827	-0.0439	2.3565
37939	-0.057	-0.235	-0.007	-0.1828	-0.0439	2.3575
37976	0.027	-0.241	-0.007	-0.1834	-0.0441	2.3612
37982	0.045	-0.243	-0.007	-0.1834	-0.0441	2.3619
37995	0.058	-0.245	-0.007	-0.1836	-0.0441	2.3627
38014	0.089	-0.250	-0.007	-0.1838	-0.0441	2.3640
38039	0.095	-0.251	-0.007	-0.1841	-0.0442	2.3658
38056	0.057	-0.246	-0.007	-0.1844	-0.0442	2.3675
38079	0.034	-0.243	-0.007	-0.1846	-0.0443	2.3686
38095	0.010	-0.237	-0.007	-0.1848	-0.0443	2.3701
38119	-0.062	-0.224	-0.007	-0.1852	-0.0444	2.3724
38134	-0.077	-0.220	-0.007	-0.1853	-0.0444	2.3731
38158	-0.105	-0.214	-0.007	-0.1857	-0.0445	2.3750
38174	-0.117	-0.212	-0.007	-0.1858	-0.0445	2.3758
38216	-0.120	-0.208	-0.006	-0.1863	-0.0445	2.3789
38219	-0.120	-0.208	-0.006	-0.1863	-0.0445	2.3790
38234	-0.093	-0.208	-0.004	-0.1866	-0.0445	2.3806
38287	-0.027	-0.216	-0.001	-0.1874	-0.0446	2.3849
38287	-0.027	-0.216	-0.001	-0.1874	-0.0446	2.3849
38328	-0.039	-0.218	-0.001	-0.1881	-0.0446	2.3884
38328	-0.039	-0.218	-0.001	-0.1881	-0.0446	2.3884
38334	-0.039	-0.218	-0.001	-0.1881	-0.0446	2.3884
38358	-0.042	-0.220	-0.001	-0.1885	-0.0446	2.3907
38388	-0.022	-0.227	-0.001	-0.1888	-0.0447	2.3925
38397	-0.005	-0.232	-0.001	-0.1890	-0.0447	2.3935
38446	-0.086	-0.228	-0.001	-0.1898	-0.0448	2.3970
38446	-0.086	-0.228	-0.001	-0.1898	-0.0448	2.3970
38497	-0.112	-0.222	-0.001	-0.1906	-0.0448	2.4010
38497	-0.112	-0.222	-0.001	-0.1906	-0.0448	2.4010
38499	-0.112	-0.222	-0.001	-0.1906	-0.0448	2.4010
38516	-0.050	-0.231	-0.001	-0.1908	-0.0449	2.4017
38541	0.128	-0.269	-0.001	-0.1912	-0.0449	2.4037
38561	0.127	-0.278	-0.001	-0.1915	-0.0449	2.4049
38604	0.100	-0.283	-0.001	-0.1920	-0.0450	2.4070
38606	0.100	-0.283	-0.001	-0.1920	-0.0450	2.4070
38616	0.088	-0.281	-0.001	-0.1922	-0.0450	2.4078
38637	0.074	-0.276	-0.001	-0.1925	-0.0451	2.4089
38692	-0.007	-0.263	-0.001	-0.1931	-0.0452	2.4112
38692	-0.007	-0.263	-0.001	-0.1931	-0.0452	2.4112
38694	-0.007	-0.263	-0.001	-0.1931	-0.0452	2.4112
38743	-0.093	-0.242	-0.001	-0.1939	-0.0454	2.4142
38745	-0.093	-0.242	-0.001	-0.1939	-0.0454	2.4142
38791	-0.098	-0.237	-0.001	-0.1946	-0.0455	2.4169
38793	-0.098	-0.237	-0.001	-0.1946	-0.0455	2.4169
38797	-0.098	-0.237	-0.001	-0.1946	-0.0455	2.4169
38814	-0.107	-0.230	-0.001	-0.1948	-0.0455	2.4181
38844	-0.074	-0.230	-0.001	-0.1952	-0.0455	2.4192
38855	-0.043	-0.232	-0.001	-0.1954	-0.0455	2.4199
38875	-0.003	-0.236	-0.001	-0.1956	-0.0456	2.4210
38944	-0.059	-0.233	-0.001	-0.1967	-0.0457	2.4244
38956	-0.043	-0.234	-0.001	-0.1968	-0.0457	2.4247
38957	-0.030	-0.236	-0.001	-0.1969	-0.0457	2.4251
38962	-0.030	-0.236	-0.001	-0.1969	-0.0457	2.4252
38975	-0.002	-0.240	-0.001	-0.1971	-0.0457	2.4257
39028	0.084	-0.258	-0.001	-0.1980	-0.0458	2.4280
39030	0.084	-0.258	-0.001	-0.1980	-0.0458	2.4280
39072	0.023	-0.256	-0.001	-0.1986	-0.0459	2.4296
39072	0.023	-0.256	-0.001	-0.1986	-0.0459	2.4296
39076	0.023	-0.256	-0.001	-0.1987	-0.0459	2.4297
39099	0.008	-0.256	-0.001	-0.1989	-0.0460	2.4302
39136	-0.051	-0.253	-0.001	-0.1994	-0.0460	2.4313
39136	-0.051	-0.253	-0.001	-0.1994	-0.0460	2.4313
39192	0.034	-0.269	-0.001	-0.2004	-0.0462	2.4333
39192	0.034	-0.269	-0.001	-0.2004	-0.0462	2.4333
39195	0.034	-0.269	-0.001	-0.2004	-0.0462	2.4333
39262	-0.047	-0.272	-0.001	-0.2013	-0.0464	2.4350
39262	-0.047	-0.272	-0.001	-0.2013	-0.0464	2.4350
39262	-0.047	-0.272	-0.001	-0.2013	-0.0464	2.4350
39283	-0.102	-0.260	-0.001	-0.2016	-0.0464	2.4355
39298	-0.111	-0.255	-0.001	-0.2017	-0.0464	2.4359
39323	-0.149	-0.243	-0.001	-0.2021	-0.0465	2.4365
39334	-0.149	-0.243	-0.001	-0.2021	-0.0465	2.4365
39392	-0.114	-0.235	-0.001	-0.2029	-0.0466	2.4378
39392	-0.114	-0.235	-0.001	-0.2029	-0.0466	2.4378
39396	-0.114	-0.235	-0.001	-0.2029	-0.0466	2.4378
39453	-0.244	-0.217	-0.001	-0.2037	-0.0466	2.4389
39455	-0.244	-0.217	-0.001	-0.2037	-0.0466	2.4389
39455	-0.244	-0.217	-0.001	-0.2037	-0.0466	2.4389
39474	-0.299	-0.199	-0.001	-0.2039	-0.0466	2.4390
39513	-0.256	-0.185	-0.001	-0.2044	-0.0466	2.4396
39515	-0.228	-0.187	-0.001	-0.2045	-0.0466	2.4397
39534	-0.191	-0.191	-0.001	-0.2046	-0.0465	2.4397
39558	-0.117	-0.193	-0.001	-0.2049	-0.0465	2.4399
39599	-0.021	-0.199	-0.001	-0.2056	-0.0465	2.4407
39601	-0.021	-0.199	-0.001	-0.2056	-0.0465	2.4407
39625	-0.011	-0.202	-0.001	-0.2059	-0.0465	2.4410
39661	0.050	-0.214	-0.001	-0.2065	-0.0466	2.4415
39663	0.050	-0.214	-0.001	-0.2065	-0.0466	2.4415
39682	0.040	-0.220	-0.001	-0.2068	-0.0466	2.4414
39694	0.021	-0.221	-0.001	-0.2070	-0.0466	2.4416
39718	-0.002	-0.223	-0.001	-0.2073	-0.0467	2.4417
39734	-0.001	-0.229	-0.001	-0.2076	-0.0467	2.4417
39755	-0.004	-0.233	-0.001	-0.2078	-0.0468	2.4417
39775	-0.004	-0.233	-0.001	-0.2078	-0.0468	2.4417
39795	-0.004	-0.233	-0.001	-0.2078	-0.0468	2.4417
39815	-0.004	-0.233	-0.001	-0.2078	-0.0468	2.4417
39835	-0.004	-0.233	-0.001	-0.2078	-0.0468	2.4417
39859	-0.032	-0.215	-0.002	-0.2086	-0.0469	2.4422
39896	0.026	-0.140	-0.003	-0.2092	-0.0471	2.4424
39896	0.026	-0.140	-0.003	-0.2092	-0.0471	2.4424
39918	0.160	-0.132	-0.003	-0.2094	-0.0471	2.4423
39934	0.223	-0.124	-0.003	-0.2095	-0.0471	2.4423
39966	0.344	-0.101	-0.003	-0.2100	-0.0472	2.4428
39975	0.351	-0.105	-0.003	-0.2102	-0.0473	2.4429
39998	0.323	-0.116	-0.003	-0.2105	-0.0474	2.4429
40014	0.276	-0.111	-0.003	-0.2108	-0.0474	2.4431
40051	0.111	-0.135	-0.001	-0.2114	-0.0476	2.4430
40074	-0.028	-0.170	0.001	-0.2118	-0.0477	2.4427
40074	-0.028	-0.170	0.001	-0.2118	-0.0477	2.4427
40095	-0.115	-0.201	0.002	-0.2122	-0.0478	2.4424
40116	-0.159	-0.230	0.003	-0.2125	-0.0479	2.4421
40134	-0.196	-0.240	0.003	-0.2127	-0.0479	2.4420
40195	-0.222	-0.312	0.003	-0.2137	-0.0480	2.4410
40197	-0.222	-0.312	0.003	-0.2137	-0.0480	2.4410
40197	-0.222	-0.312	0.003	-0.2137	-0.0480	2.4410
40258	-0.225	-0.331	0.003	-0.2144	-0.0480	2.4403
40258	-0.225	-0.331	0.003	-0.2144	-0.0480	2.4403
40258	-0.225	-0.331	0.003	-0.2144	-0.0480	2.4403
40274	-0.225	-0.331	0.003	-0.2144	-0.0480	2.4403
40320	-0.065	-0.318	0.003	-0.2150	-0.0479	2.4396
40322	-0.065	-0.318	0.003	-0.2150	-0.0479	2.4396
40334	-0.065	-0.318	0.003	-0.2150	-0.0479	2.4396
40383	-0.066	-0.284	0.003	-0.2156	-0.0479	2.4391
40383	-0.066	-0.284	0.003	-0.2156	-0.0479	2.4391
40395	-0.066	-0.284	0.003	-0.2156	-0.0479	2.4391
40417	-0.071	-0.260	0.003	-0.2159	-0.0479	2.4386
40451	-0.073	-0.242	0.003	-0.2163	-0.0479	2.4384
40455	-0.073	-0.242	0.003	-0.2163	-0.0479	2.4384
40482	-0.051	-0.225	0.003	-0.2165	-0.0479	2.4379
40494	-0.053	-0.220	0.003	-0.2166	-0.0479	2.4377
40519	-0.041	-0.212	0.003	-0.2168	-0.0479	2.4375
40536	-0.038	-0.206	0.003	-0.2169	-0.0479	2.4374
40580	0.004	-0.194	0.003	-0.2173	-0.0480	2.4368
40588	0.026	-0.193	0.003	-0.2174	-0.0480	2.4366
40595	0.026	-0.193	0.003	-0.2175	-0.0480	2.4367
40657	0.085	-0.189	0.003	-0.2182	-0.0481	2.4357
40659	0.085	-0.189	0.003	-0.2182	-0.0481	2.4357
40659	0.085	-0.189	0.003	-0.2182	-0.0481	2.4357
40681	0.061	-0.184	0.003	-0.2183	-0.0481	2.4352
40724	-0.065	-0.163	0.003	-0.2188	-0.0483	2.4345
40724	-0.065	-0.163	0.003	-0.2188	-0.0483	2.4345
40735	-0.065	-0.163	0.003	-0.2188	-0.0483	2.4345
40756	-0.112	-0.159	0.003	-0.2190	-0.0483	2.4337
40784	-0.103	-0.163	0.003	-0.2193	-0.0483	2.4334
40794	-0.103	-0.165	0.003	-0.2194	-0.0484	2.4332
40814	-0.105	-0.167	0.003	-0.2196	-0.0484	2.4331
40859	-0.069	-0.178	0.003	-0.2200	-0.0484	2.4322
40859	-0.069	-0.178	0.003	-0.2200	-0.0484	2.4322
40889	-0.029	-0.184	0.003	-0.2203	-0.0484	2.4318
40912	-0.040	-0.185	0.003	-0.2206	-0.0484	2.4312
40914	-0.040	-0.185	0.003	-0.2206	-0.0484	2.4312
40934	-0.040	-0.185	0.003	-0.2206	-0.0484	2.4312
40954	-0.017	-0.186	0.003	-0.2207	-0.0484	2.4308
40974	0.009	-0.186	0.003	-0.2209	-0.0484	2.4304
40996	0.041	-0.187	0.003	-0.2211	-0.0484	2.4301
41029	0.045	-0.184	0.003	-0.2214	-0.0484	2.4297
41038	0.069	-0.185	0.003	-0.2215	-0.0484	2.4295
41109	0.124	-0.185	0.003	-0.2222	-0.0485	2.4282
41109	0.124	-0.185	0.003	-0.2222	-0.0485	2.4282
41111	0.124	-0.185	0.003	-0.2222	-0.0485	2.4282
41115	0.124	-0.185	0.003	-0.2222	-0.0485	2.4282
41162	-0.038	-0.164	0.003	-0.2226	-0.0485	2.4273
41162	-0.038	-0.164	0.003	-0.2226	-0.0485	2.4273
41176	-0.097	-0.157	0.003	-0.2228	-0.0486	2.4269
41194	-0.114	-0.157	0.003	-0.2229	-0.0486	2.4265
41221	-0.107	-0.160	0.003	-0.2231	-0.0486	2.4260
41235	-0.107	-0.160	0.003	-0.2231	-0.0486	2.4260
41259	-0.103	-0.163	0.003	-0.2233	-0.0486	2.4256
41275	-0.121	-0.163	0.003	-0.2234	-0.0486	2.4253
41299	-0.152	-0.161	0.003	-0.2236	-0.0486	2.4250
41315	-0.174	-0.159	0.003	-0.2237	-0.0486	2.4249
41339	-0.209	-0.152	0.002	-0.2238	-0.0486	2.4246
41361	-0.213	-0.144	0.001	-0.2240	-0.0485	2.4244
41376	-0.225	-0.135	0.001	-0.2241	-0.0485	2.4241
41427	-0.200	-0.123	0.001	-0.2246	-0.0483	2.4234
41427	-0.200	-0.123	0.001	-0.2246	-0.0483	2.4234
41438	-0.185	-0.122	0.001	-0.2247	-0.0483	2.4232
41471	-0.066	-0.128	0.001	-0.2250	-0.0482	2.4228
41494	-0.012	-0.133	0.001	-0.2251	-0.0482	2.4224
41494	-0.012	-0.133	0.001	-0.2251	-0.0482	2.4224
41514	-0.026	-0.133	0.001	-0.2253	-0.0481	2.4222
41559	-0.161	-0.120	-0.000	-0.2257	-0.0480	2.4216
41561	-0.161	-0.120	-0.000	-0.2257	-0.0480	2.4216
41576	-0.181	-0.119	-0.001	-0.2258	-0.0480	2.4214
41619	-0.161	-0.117	-0.002	-0.2262	-0.0479	2.4209
41619	-0.161	-0.117	-0.002	-0.2262	-0.0479	2.4209
41654	0.005	-0.138	-0.002	-0.2266	-0.0478	2.4204
41656	0.005	-0.138	-0.002	-0.2266	-0.0478	2.4204
41676	0.037	-0.147	-0.002	-0.2268	-0.0478	2.4201
41694	0.040	-0.150	-0.002	-0.2269	-0.0478	2.4200
41722	0.014	-0.152	-0.002	-0.2271	-0.0478	2.4197
41742	-0.022	-0.153	-0.002	-0.2273	-0.0478	2.4194
41758	-0.016	-0.155	-0.002	-0.2275	-0.0477	2.4193
41796	0.053	-0.163	-0.002	-0.2278	-0.0477	2.4189
41798	0.053	-0.163	-0.002	-0.2278	-0.0477	2.4189
41824	0.029	-0.168	-0.002	-0.2281	-0.0477	2.4186
41834	0.029	-0.168	-0.002	-0.2282	-0.0477	2.4185
41858	0.011	-0.170	-0.002	-0.2284	-0.0477	2.4183
41922	0.083	-0.189	-0.002	-0.2290	-0.0477	2.4177
41922	0.083	-0.189	-0.002	-0.2290	-0.0477	2.4177
41924	0.083	-0.189	-0.002	-0.2290	-0.0477	2.4177
41970	0.153	-0.200	-0.002	-0.2294	-0.0477	2.4173
41970	0.153	-0.200	-0.002	-0.2294	-0.0477	2.4173
41975	0.135	-0.200	-0.002	-0.2295	-0.0478	2.4173
42015	0.052	-0.186	-0.002	-0.2298	-0.0478	2.4170
42017	0.052	-0.186	-0.002	-0.2298	-0.0478	2.4170
42036	0.013	-0.181	-0.002	-0.2300	-0.0478	2.4168
42062	-0.034	-0.181	-0.002	-0.2303	-0.0478	2.4166
42076	-0.035	-0.181	-0.002	-0.2303	-0.0478	2.4166
42106	-0.016	-0.183	-0.002	-0.2306	-0.0478	2.4164
42120	0.012	-0.187	-0.002	-0.2306	-0.0478	2.4164
42135	0.043	-0.194	-0.002	-0.2309	-0.0478	2.4163
42180	0.001	-0.191	-0.002	-0.2313	-0.0478	2.4160
42182	0.001	-0.191	-0.002	-0.2313	-0.0478	2.4160
42229	0.019	-0.187	-0.002	-0.2317	-0.0478	2.4159
42231	0.019	-0.187	-0.002	-0.2317	-0.0478	2.4159
42234	0.019	-0.187	-0.002	-0.2317	-0.0478	2.4159
42270	-0.020	-0.186	-0.002	-0.2321	-0.0478	2.4159
42275	-0.020	-0.186	-0.002	-0.2321	-0.0478	2.4158
42295	-0.011	-0.188	-0.002	-0.2323	-0.0478	2.4159
42324	0.015	-0.191	-0.002	-0.2325	-0.0477	2.4158
42334	0.012	-0.191	-0.002	-0.2326	-0.0477	2.4159
42355	0.008	-0.190	-0.002	-0.2327	-0.0477	2.4159
42374	-0.003	-0.189	-0.002	-0.2329	-0.0477	2.4159
42414	-0.011	-0.183	-0.002	-0.2332	-0.0477	2.4159
42414	-0.011	-0.183	-0.002	-0.2332	-0.0477	2.4159
42440	0.022	-0.183	-0.002	-0.2334	-0.0477	2.4158
42454	0.038	-0.183	-0.002	-0.2335	-0.0477	2.4158
42475	0.045	-0.183	-0.002	-0.2337	-0.0477	2.4158
42497	0.043	-0.181	-0.001	-0.2338	-0.0477	2.4158
42520	0.036	-0.179	0.000	-0.2340	-0.0477	2.4158
42534	0.013	-0.176	0.001	-0.2341	-0.0477	2.4158
42554	-0.067	-0.166	0.002	-0.2342	-0.0477	2.4159
42578	-0.120	-0.157	0.002	-0.2344	-0.0476	2.4159
42598	-0.119	-0.152	0.002	-0.2345	-0.0476	2.4159
42617	-0.108	-0.152	0.002	-0.2346	-0.0476	2.4159
42645	-0.076	-0.153	0.002	-0.2348	-0.0476	2.4159
42662	-0.081	-0.152	0.002	-0.2350	-0.0476	2.4160
42699	-0.061	-0.150	0.002	-0.2353	-0.0475	2.4160
42699	-0.061	-0.150	0.002	-0.2353	-0.0475	2.4160
42715	-0.042	-0.150	0.002	-0.2354	-0.0475	2.4161
42745	-0.037	-0.147	0.002	-0.2357	-0.0475	2.4162
42761	-0.028	-0.147	0.002	-0.2358	-0.0475	2.4162
42776	-0.002	-0.148	0.002	-0.2359	-0.0475	2.4163
42795	0.028	-0.151	0.002	-0.2360	-0.0475	2.4163
42833	0.116	-0.163	0.002	-0.2364	-0.0474	2.4164
42835	0.116	-0.163	0.002	-0.2364	-0.0474	2.4164
42855	0.070	-0.161	0.002	-0.2365	-0.0474	2.4165
42895	-0.127	-0.146	0.002	-0.2369	-0.0474	2.4167
42899	-0.127	-0.146	0.002	-0.2369	-0.0474	2.4167
42915	-0.118	-0.145	0.002	-0.2370	-0.0475	2.4168
42943	-0.090	-0.148	0.002	-0.2373	-0.0475	2.4168
42955	-0.074	-0.150	0.002	-0.2373	-0.0475	2.4169
42976	-0.025	-0.158	0.002	-0.2375	-0.0474	2.4170
42997	-0.023	-0.161	0.002	-0.2377	-0.0474	2.4170
43014	0.008	-0.169	0.002	-0.2379	-0.0474	2.4171
43048	0.063	-0.179	0.002	-0.2382	-0.0474	2.4172
43066	0.056	-0.180	0.002	-0.2383	-0.0474	2.4172
43074	0.049	-0.180	0.002	-0.2384	-0.0474	2.4173
43119	0.048	-0.183	0.002	-0.2388	-0.0474	2.4174
43124	0.032	-0.182	0.002	-0.2389	-0.0474	2.4175
43134	0.009	-0.180	0.002	-0.2389	-0.0474	2.4175
43191	-0.082	-0.168	0.002	-0.2394	-0.0475	2.4177
43191	-0.082	-0.168	0.002	-0.2394	-0.0475	2.4177
43195	-0.082	-0.168	0.002	-0.2394	-0.0475	2.4177
43225	0.003	-0.179	0.002	-0.2397	-0.0475	2.4178
43238	0.022	-0.181	0.002	-0.2398	-0.0475	2.4179
43255	0.036	-0.183	0.002	-0.2399	-0.0475	2.4179
43290	0.032	-0.186	0.002	-0.2402	-0.0475	2.4181
43294	0.032	-0.186	0.002	-0.2403	-0.0475	2.4181
43316	0.047	-0.188	0.002	-0.2405	-0.0475	2.4182
43367	0.081	-0.189	0.002	-0.2409	-0.0475	2.4184
43367	0.081	-0.189	0.002	-0.2409	-0.0475	2.4184
43377	0.072	-0.188	0.002	-0.2410	-0.0475	2.4184
43427	0.066	-0.187	0.004	-0.2414	-0.0476	2.4186
43427	0.066	-0.187	0.004	-0.2414	-0.0476	2.4186
43489	0.051	-0.187	0.006	-0.2419	-0.0477	2.4188
43489	0.051	-0.187	0.006	-0.2419	-0.0477	2.4188
43489	0.051	-0.187	0.006	-0.2419	-0.0477	2.4188
43495	0.051	-0.187	0.006	-0.2419	-0.0477	2.4188
43515	0.038	-0.187	0.006	-0.2421	-0.0477	2.4189
43548	0.056	-0.188	0.006	-0.2424	-0.0477	2.4190
43554	0.056	-0.188	0.006	-0.2424	-0.0477	2.4190
43600	-0.012	-0.186	0.006	-0.2429	-0.0478	2.4192
43604	-0.012	-0.186	0.006	-0.2429	-0.0478	2.4192
43615	-0.012	-0.186	0.006	-0.2429	-0.0478	2.4192
43635	-0.029	-0.181	0.006	-0.2431	-0.0479	2.4193
43655	-0.013	-0.179	0.006	-0.2433	-0.0479	2.4194
43677	-0.006	-0.178	0.006	-0.2434	-0.0479	2.4194
43696	-0.015	-0.176	0.006	-0.2435	-0.0479	2.4195
43740	-0.023	-0.177	0.006	-0.2439	-0.0479	2.4196
43740	-0.023	-0.177	0.006	-0.2439	-0.0479	2.4196
43759	-0.062	-0.173	0.006	-0.2440	-0.0479	2.4197
43792	-0.120	-0.165	0.006	-0.2443	-0.0480	2.4197
43795	-0.130	-0.163	0.006	-0.2444	-0.0480	2.4198
43866	-0.152	-0.157	0.006	-0.2449	-0.0480	2.4199
43866	-0.152	-0.157	0.006	-0.2449	-0.0480	2.4199
43866	-0.152	-0.157	0.006	-0.2449	-0.0480	2.4199
43877	-0.135	-0.158	0.006	-0.2450	-0.0479	2.4199
43895	-0.093	-0.162	0.006	-0.2452	-0.0479	2.4200
43915	-0.086	-0.164	0.006	-0.2454	-0.0479	2.4200
43935	-0.090	-0.165	0.006	-0.2455	-0.0479	2.4201
43968	-0.108	-0.165	0.006	-0.2458	-0.0479	2.4201
43985	-0.098	-0.165	0.006	-0.2460	-0.0479	2.4202
43995	-0.098	-0.165	0.006	-0.2460	-0.0479	2.4202
44027	-0.018	-0.168	0.006	-0.2463	-0.0478	2.4203
44037	-0.018	-0.168	0.006	-0.2463	-0.0478	2.4203
44062	0.064	-0.173	0.006	-0.2466	-0.0478	2.4203
44106	0.131	-0.184	0.006	-0.2471	-0.0479	2.4204
44108	0.131	-0.184	0.006	-0.2471	-0.0479	2.4204
44116	0.094	-0.181	0.006	-0.2471	-0.0479	2.4205
44134	0.012	-0.173	0.006	-0.2473	-0.0480	2.4205
44158	-0.095	-0.161	0.006	-0.2476	-0.0480	2.4205
44175	-0.122	-0.159	0.006	-0.2478	-0.0481	2.4206
44201	-0.107	-0.165	0.006	-0.2480	-0.0481	2.4206
44214	-0.041	-0.181	0.006	-0.2482	-0.0481	2.4207
44240	0.041	-0.194	0.006	-0.2484	-0.0482	2.4207
44259	0.097	-0.205	0.006	-0.2486	-0.0482	2.4207
44274	0.115	-0.211	0.006	-0.2487	-0.0482	2.4208
44305	0.119	-0.219	0.005	-0.2491	-0.0483	2.4208
44328	0.080	-0.218	0.004	-0.2493	-0.0483	2.4208
44337	0.056	-0.216	0.004	-0.2494	-0.0483	2.4208
44355	0.027	-0.212	0.004	-0.2495	-0.0484	2.4208
44394	0.007	-0.209	0.004	-0.2499	-0.0484	2.4209
44395	0.007	-0.209	0.004	-0.2499	-0.0484	2.4209
44453	0.017	-0.213	0.004	-0.2506	-0.0486	2.4209
44453	0.017	-0.213	0.004	-0.2506	-0.0486	2.4209
44455	0.017	-0.213	0.004	-0.2506	-0.0486	2.4209
44475	0.051	-0.215	0.004	-0.2507	-0.0486	2.4209
44506	0.126	-0.216	0.004	-0.2510	-0.0486	2.4209
44517	0.136	-0.217	0.004	-0.2511	-0.0486	2.4209
44657	0.047	-0.364	0.000	-0.2522	-0.0490	2.4209
44657	0.047	-0.364	0.000	-0.2522	-0.0490	2.4209
44657	0.047	-0.364	0.000	-0.2522	-0.0490	2.4209
44657	0.047	-0.364	0.000	-0.2522	-0.0490	2.4209
44657	0.047	-0.364	0.000	-0.2522	-0.0490	2.4209
44659	0.047	-0.364	0.000	-0.2522	-0.0490	2.4209
44659	0.047	-0.364	0.000	-0.2522	-0.0490	2.4209
44678	0.316	-1.110	-0.011	-0.2524	-0.0491	2.4210
44698	0.842	-2.185	-0.020	-0.2525	-0.0491	2.4211
44715	1.124	-2.693	-0.024	-0.2526	-0.0491	2.4211
44744	1.996	-4.104	-0.039	-0.2524	-0.0494	2.4215
44756	2.180	-4.350	-0.047	-0.2522	-0.0495	2.4217
44793	2.447	-4.531	-0.086	-0.2519	-0.0498	2.4220
44797	2.446	-4.504	-0.102	-0.2513	-0.0501	2.4221
44814	2.404	-4.419	-0.115	-0.2512	-0.0503	2.4221
44845	2.248	-4.198	-0.156	-0.2497	-0.0512	2.4223
44879	2.051	-3.991	-0.177	-0.2489	-0.0518	2.4222
44879	2.051	-3.991	-0.177	-0.2489	-0.0518	2.4222
44919	1.853	-3.695	-0.188	-0.2459	-0.0536	2.4220
44921	1.853	-3.695	-0.188	-0.2459	-0.0536	2.4220
44934	1.813	-3.590	-0.188	-0.2447	-0.0543	2.4219
44954	1.734	-3.413	-0.185	-0.2433	-0.0551	2.4217
44990	1.514	-3.111	-0.176	-0.2423	-0.0558	2.4215
45001	1.403	-2.980	-0.170	-0.2421	-0.0560	2.4214
45044	1.184	-2.615	-0.144	-0.2400	-0.0573	2.4212
45046	1.184	-2.615	-0.144	-0.2400	-0.0573	2.4212
45056	1.159	-2.531	-0.138	-0.2401	-0.0573	2.4212
45079	1.081	-2.421	-0.124	-0.2389	-0.0580	2.4212
45101	0.976	-2.330	-0.111	-0.2378	-0.0586	2.4212
45123	0.902	-2.257	-0.097	-0.2368	-0.0592	2.4212
45154	0.855	-2.156	-0.077	-0.2359	-0.0597	2.4214
45154	0.855	-2.156	-0.077	-0.2359	-0.0597	2.4214
45176	0.845	-2.107	-0.065	-0.2354	-0.0600	2.4215
45200	0.829	-2.081	-0.052	-0.2339	-0.0608	2.4215
45216	0.817	-2.054	-0.047	-0.2339	-0.0608	2.4216
45235	0.791	-2.050	-0.038	-0.2329	-0.0613	2.4216
45254	0.781	-2.060	-0.032	-0.2318	-0.0619	2.4216
45279	0.766	-2.047	-0.025	-0.2317	-0.0619	2.4217
45305	0.788	-2.073	-0.016	-0.2308	-0.0624	2.4217
45318	0.820	-2.104	-0.011	-0.2300	-0.0628	2.4217
45343	0.896	-2.163	-0.003	-0.2288	-0.0634	2.4216
45359	0.922	-2.184	-0.001	-0.2284	-0.0636	2.4216
45393	0.970	-2.253	0.006	-0.2269	-0.0643	2.4216
45409	0.939	-2.248	0.007	-0.2271	-0.0643	2.4216
45422	0.924	-2.284	0.010	-0.2256	-0.0650	2.4216
45463	0.926	-2.339	0.013	-0.2236	-0.0660	2.4215
45465	0.926	-2.339	0.013	-0.2236	-0.0660	2.4215
45487	0.945	-2.400	0.016	-0.2214	-0.0671	2.4215
45505	0.938	-2.400	0.016	-0.2211	-0.0673	2.4215
45514	0.939	-2.411	0.017	-0.2202	-0.0677	2.4215
45535	0.944	-2.416	0.019	-0.2182	-0.0687	2.4214
45560	0.959	-2.387	0.019	-0.2168	-0.0694	2.4214
45576	0.964	-2.374	0.020	-0.2149	-0.0703	2.4213
45612	0.874	-2.303	0.021	-0.2123	-0.0716	2.4213
45616	0.874	-2.303	0.021	-0.2123	-0.0716	2.4213
45639	0.827	-2.270	0.021	-0.2101	-0.0726	2.4212
45663	0.797	-2.206	0.022	-0.2073	-0.0739	2.4211
45681	0.790	-2.169	0.022	-0.2067	-0.0742	2.4211
45736	0.806	-1.996	0.023	-0.2019	-0.0765	2.4209
45736	0.806	-1.996	0.023	-0.2019	-0.0765	2.4209
45738	0.806	-1.996	0.023	-0.2019	-0.0765	2.4209
45780	0.706	-1.900	0.025	-0.1983	-0.0782	2.4208
45782	0.706	-1.900	0.025	-0.1983	-0.0782	2.4208
45794	0.681	-1.882	0.026	-0.1968	-0.0789	2.4208
45839	0.631	-1.801	0.030	-0.1925	-0.0809	2.4207
45840	0.628	-1.792	0.030	-0.1929	-0.0807	2.4207
45858	0.667	-1.771	0.031	-0.1892	-0.0823	2.4206
45884	0.668	-1.713	0.031	-0.1876	-0.0831	2.4206
45912	0.640	-1.662	0.032	-0.1864	-0.0837	2.4206
45921	0.622	-1.642	0.032	-0.1851	-0.0843	2.4205
45976	0.567	-1.570	0.034	-0.1802	-0.0865	2.4204
45979	0.567	-1.570	0.034	-0.1802	-0.0865	2.4204
45979	0.567	-1.570	0.034	-0.1802	-0.0865	2.4204
46033	0.642	-1.614	0.037	-0.1760	-0.0885	2.4203
46035	0.642	-1.614	0.037	-0.1760	-0.0885	2.4203
46035	0.642	-1.614	0.037	-0.1760	-0.0885	2.4203
46055	0.642	-1.614	0.037	-0.1760	-0.0885	2.4203
46079	0.726	-1.718	0.042	-0.1686	-0.0917	2.4200
46109	0.702	-1.699	0.042	-0.1688	-0.0917	2.4200
46123	0.694	-1.706	0.044	-0.1666	-0.0927	2.4200
46140	0.698	-1.702	0.044	-0.1661	-0.0930	2.4199
46159	0.721	-1.705	0.046	-0.1635	-0.0942	2.4199
46199	0.794	-1.753	0.051	-0.1588	-0.0963	2.4197
46201	0.794	-1.753	0.051	-0.1588	-0.0963	2.4197
46214	0.794	-1.753	0.051	-0.1589	-0.0963	2.4197
46249	0.785	-1.794	0.054	-0.1524	-0.0992	2.4195
46261	0.787	-1.793	0.055	-0.1512	-0.0997	2.4195
46274	0.796	-1.786	0.056	-0.1498	-0.1004	2.4194
46309	0.797	-1.720	0.057	-0.1457	-0.1022	2.4193
46334	0.798	-1.651	0.057	-0.1431	-0.1034	2.4193
46334	0.798	-1.651	0.057	-0.1431	-0.1034	2.4193
46360	0.806	-1.590	0.058	-0.1397	-0.1049	2.4192
46380	0.805	-1.544	0.058	-0.1367	-0.1063	2.4192
46396	0.765	-1.518	0.057	-0.1350	-0.1071	2.4191
46433	0.628	-1.460	0.059	-0.1307	-0.1091	2.4190
46435	0.628	-1.460	0.059	-0.1307	-0.1091	2.4190
46455	0.555	-1.421	0.060	-0.1272	-0.1106	2.4189
46495	0.474	-1.337	0.061	-0.1218	-0.1130	2.4188
46541	0.504	-1.261	0.064	-0.1153	-0.1159	2.4187
46541	0.504	-1.261	0.064	-0.1153	-0.1159	2.4187
46541	0.504	-1.261	0.064	-0.1153	-0.1159	2.4187
46557	0.519	-1.229	0.065	-0.1114	-0.1177	2.4186
46576	0.544	-1.216	0.065	-0.1096	-0.1185	2.4185
46602	0.566	-1.183	0.067	-0.1060	-0.1200	2.4184
46644	0.550	-1.099	0.068	-0.0997	-0.1228	2.4183
46644	0.550	-1.099	0.068	-0.0997	-0.1228	2.4183
46655	0.576	-1.077	0.068	-0.0980	-0.1235	2.4183
46674	0.618	-1.041	0.069	-0.0949	-0.1249	2.4182
46694	0.637	-0.987	0.070	-0.0920	-0.1262	2.4182
46717	0.614	-0.945	0.071	-0.0892	-0.1275	2.4182
46775	0.566	-0.831	0.069	-0.0830	-0.1303	2.4181
46775	0.566	-0.831	0.069	-0.0830	-0.1303	2.4181
46781	0.573	-0.824	0.070	-0.0813	-0.1311	2.4181
46833	0.615	-0.847	0.073	-0.0743	-0.1344	2.4179
46833	0.615	-0.847	0.073	-0.0743	-0.1344	2.4179
46837	0.615	-0.847	0.073	-0.0743	-0.1344	2.4179
46889	0.688	-0.949	0.075	-0.0667	-0.1380	2.4178
46889	0.688	-0.949	0.075	-0.0667	-0.1380	2.4178
46895	0.688	-0.949	0.075	-0.0667	-0.1380	2.4178
46914	0.727	-0.975	0.075	-0.0639	-0.1393	2.4177
46941	0.814	-1.013	0.076	-0.0595	-0.1414	2.4176
46957	0.826	-1.023	0.076	-0.0576	-0.1423	2.4176
47000	0.830	-1.045	0.076	-0.0524	-0.1448	2.4175
47000	0.830	-1.045	0.076	-0.0524	-0.1448	2.4175
47016	0.845	-1.054	0.077	-0.0502	-0.1459	2.4175
47055	0.839	-1.076	0.077	-0.0438	-0.1490	2.4175
47067	0.843	-1.079	0.077	-0.0424	-0.1497	2.4175
47076	0.849	-1.079	0.077	-0.0405	-0.1506	2.4174
47113	0.844	-1.059	0.077	-0.0357	-0.1529	2.4174
47118	0.844	-1.059	0.077	-0.0357	-0.1529	2.4174
47154	0.778	-1.029	0.076	-0.0303	-0.1555	2.4174
47154	0.778	-1.029	0.076	-0.0303	-0.1555	2.4174
47174	0.772	-1.027	0.076	-0.0284	-0.1564	2.4173
47224	0.751	-0.991	0.076	-0.0192	-0.1610	2.4172
47224	0.751	-0.991	0.076	-0.0192	-0.1610	2.4172
47241	0.756	-0.981	0.075	-0.0175	-0.1618	2.4172
47254	0.782	-0.960	0.075	-0.0140	-0.1636	2.4172
47274	0.788	-0.948	0.075	-0.0123	-0.1644	2.4172
47342	0.704	-0.856	0.074	-0.0013	-0.1698	2.4171
47342	0.704	-0.856	0.074	-0.0013	-0.1698	2.4171
47382	0.864	-0.851	0.074	0.0039	-0.1723	2.4171
47392	0.890	-0.851	0.074	0.0061	-0.1734	2.4171
47392	0.890	-0.851	0.074	0.0061	-0.1734	2.4171
47394	0.890	-0.851	0.074	0.0061	-0.1734	2.4171
47418	0.857	-0.843	0.074	0.0103	-0.1756	2.4171
47439	0.825	-0.829	0.073	0.0134	-0.1771	2.4172
47454	0.816	-0.806	0.073	0.0170	-0.1790	2.4172
47480	0.818	-0.779	0.073	0.0210	-0.1810	2.4172
47494	0.818	-0.767	0.073	0.0223	-0.1817	2.4172
47515	0.783	-0.742	0.072	0.0257	-0.1835	2.4172
47564	0.662	-0.696	0.072	0.0317	-0.1864	2.4172
47566	0.662	-0.696	0.072	0.0317	-0.1864	2.4172
47583	0.651	-0.695	0.072	0.0350	-0.1882	2.4172
47594	0.650	-0.697	0.072	0.0372	-0.1894	2.4172
47623	0.654	-0.691	0.072	0.0406	-0.1911	2.4172
47640	0.684	-0.702	0.072	0.0439	-0.1929	2.4172
47673	0.663	-0.695	0.072	0.0482	-0.1952	2.4171
47677	0.657	-0.691	0.072	0.0477	-0.1948	2.4171
47695	0.633	-0.697	0.072	0.0507	-0.1964	2.4171
47727	0.621	-0.720	0.073	0.0536	-0.1977	2.4171
47735	0.650	-0.735	0.073	0.0551	-0.1986	2.4171
47757	0.724	-0.774	0.073	0.0579	-0.1999	2.4172
47782	0.737	-0.834	0.074	0.0628	-0.2027	2.4171
47816	0.802	-0.893	0.075	0.0663	-0.2044	2.4172
47816	0.802	-0.893	0.075	0.0663	-0.2044	2.4172
47856	0.816	-0.940	0.076	0.0709	-0.2066	2.4173
47856	0.808	-0.948	0.076	0.0726	-0.2076	2.4173
47876	0.780	-0.957	0.076	0.0742	-0.2085	2.4173
47915	0.747	-0.988	0.076	0.0818	-0.2125	2.4173
47920	0.747	-0.988	0.076	0.0818	-0.2125	2.4173
47935	0.777	-0.995	0.076	0.0837	-0.2135	2.4173
47957	0.838	-1.000	0.076	0.0863	-0.2148	2.4174
47974	0.918	-0.998	0.076	0.0895	-0.2165	2.4174
48038	0.927	-0.922	0.075	0.1003	-0.2223	2.4174
48038	0.927	-0.922	0.075	0.1003	-0.2223	2.4174
48038	0.927	-0.922	0.075	0.1003	-0.2223	2.4174
48075	0.957	-0.898	0.075	0.1059	-0.2253	2.4175
48087	0.953	-0.894	0.075	0.1076	-0.2262	2.4175
48103	0.893	-0.864	0.074	0.1112	-0.2282	2.4175
48139	0.775	-0.806	0.073	0.1169	-0.2314	2.4175
48141	0.775	-0.806	0.073	0.1169	-0.2314	2.4175
48155	0.775	-0.806	0.073	0.1169	-0.2314	2.4175
48180	0.794	-0.724	0.072	0.1235	-0.2351	2.4175
48196	0.804	-0.700	0.072	0.1253	-0.2362	2.4175
48214	0.810	-0.636	0.071	0.1297	-0.2386	2.4175
48235	0.826	-0.590	0.070	0.1338	-0.2411	2.4174
48254	0.812	-0.558	0.070	0.1358	-0.2422	2.4175
48277	0.768	-0.532	0.070	0.1386	-0.2437	2.4175
48295	0.739	-0.523	0.070	0.1401	-0.2446	2.4175
48316	0.639	-0.504	0.069	0.1447	-0.2473	2.4175
48337	0.610	-0.513	0.069	0.1467	-0.2483	2.4175
48354	0.589	-0.528	0.070	0.1491	-0.2498	2.4175
48381	0.550	-0.561	0.070	0.1519	-0.2513	2.4175
48394	0.571	-0.586	0.070	0.1533	-0.2521	2.4176
48421	0.664	-0.659	0.071	0.1574	-0.2545	2.4176
48465	0.786	-0.781	0.073	0.1633	-0.2578	2.4176
48468	0.786	-0.781	0.073	0.1633	-0.2578	2.4176
48477	0.786	-0.781	0.073	0.1630	-0.2576	2.4176
48495	0.827	-0.835	0.073	0.1664	-0.2595	2.4176
48526	0.873	-0.907	0.074	0.1711	-0.2623	2.4176
48571	0.809	-1.003	0.077	0.1776	-0.2660	2.4177
48577	0.792	-1.022	0.078	0.1792	-0.2669	2.4177
48577	0.792	-1.022	0.078	0.1792	-0.2669	2.4177
48600	0.792	-1.041	0.078	0.1806	-0.2676	2.4177
48631	0.793	-1.080	0.081	0.1874	-0.2715	2.4177
48634	0.793	-1.080	0.081	0.1874	-0.2715	2.4177
48690	0.912	-1.058	0.080	0.1953	-0.2760	2.4177
48692	0.912	-1.058	0.080	0.1953	-0.2760	2.4177
48694	0.912	-1.058	0.080	0.1953	-0.2760	2.4177
48739	0.802	-0.947	0.079	0.2049	-0.2816	2.4177
48741	0.802	-0.947	0.079	0.2049	-0.2816	2.4177
48756	0.779	-0.930	0.078	0.2068	-0.2827	2.4177
48786	0.722	-0.863	0.078	0.2113	-0.2854	2.4178
48796	0.704	-0.830	0.077	0.2139	-0.2870	2.4178
48819	0.675	-0.779	0.076	0.2172	-0.2889	2.4178
48835	0.665	-0.751	0.076	0.2188	-0.2898	2.4178
48876	0.607	-0.646	0.075	0.2256	-0.2936	2.4178
48890	0.634	-0.643	0.075	0.2273	-0.2947	2.4178
48894	0.657	-0.643	0.075	0.2290	-0.2957	2.4178
48921	0.686	-0.660	0.075	0.2326	-0.2977	2.4179
48945	0.708	-0.667	0.075	0.2360	-0.2998	2.4179
48965	0.752	-0.666	0.075	0.2394	-0.3018	2.4178
48987	0.860	-0.664	0.075	0.2437	-0.3045	2.4178
48995	0.860	-0.664	0.075	0.2437	-0.3045	2.4178
49054	0.935	-0.610	0.075	0.2520	-0.3094	2.4178
49056	0.935	-0.610	0.075	0.2520	-0.3094	2.4178
49056	0.935	-0.610	0.075	0.2520	-0.3094	2.4178
49074	0.869	-0.589	0.075	0.2566	-0.3124	2.4178
49118	0.752	-0.566	0.073	0.2603	-0.3146	2.4178
49118	0.752	-0.566	0.073	0.2603	-0.3146	2.4178
49137	0.686	-0.589	0.072	0.2639	-0.3169	2.4178
49168	0.659	-0.659	0.072	0.2687	-0.3197	2.4178
49174	0.659	-0.659	0.072	0.2687	-0.3197	2.4178
49194	0.653	-0.693	0.071	0.2714	-0.3215	2.4178
49243	0.672	-0.772	0.070	0.2776	-0.3252	2.4178
49243	0.672	-0.772	0.070	0.2776	-0.3252	2.4178
49255	0.643	-0.797	0.070	0.2811	-0.3275	2.4178
49295	0.767	-0.819	0.069	0.2867	-0.3309	2.4178
49297	0.767	-0.819	0.069	0.2867	-0.3309	2.4178
49348	0.768	-0.843	0.069	0.2932	-0.3346	2.4178
49348	0.768	-0.843	0.069	0.2932	-0.3346	2.4178
49361	0.777	-0.851	0.068	0.2950	-0.3358	2.4178
49403	0.838	-0.876	0.068	0.3024	-0.3403	2.4179
49440	0.799	-0.860	0.065	0.3098	-0.3448	2.4179
49442	0.799	-0.860	0.065	0.3098	-0.3448	2.4179
49446	0.799	-0.860	0.065	0.3097	-0.3447	2.4179
49455	0.761	-0.846	0.064	0.3114	-0.3458	2.4179
49502	0.635	-0.760	0.061	0.3193	-0.3507	2.4178
49502	0.635	-0.760	0.061	0.3193	-0.3507	2.4178
49518	0.627	-0.742	0.061	0.3206	-0.3514	2.4178
49563	0.591	-0.675	0.060	0.3280	-0.3560	2.4178
49563	0.591	-0.675	0.060	0.3280	-0.3560	2.4178
49612	0.681	-0.608	0.059	0.3374	-0.3618	2.4178
49614	0.681	-0.608	0.059	0.3374	-0.3618	2.4178
49614	0.681	-0.608	0.059	0.3374	-0.3618	2.4178
49642	0.723	-0.555	0.059	0.3430	-0.3654	2.4177
49655	0.706	-0.537	0.058	0.3446	-0.3663	2.4177
49682	0.613	-0.478	0.058	0.3492	-0.3692	2.4177
49700	0.588	-0.454	0.058	0.3517	-0.3708	2.4177
49719	0.605	-0.421	0.057	0.3553	-0.3732	2.4177
49752	0.631	-0.377	0.057	0.3593	-0.3757	2.4177
49770	0.623	-0.375	0.057	0.3606	-0.3764	2.4178
49794	0.578	-0.374	0.057	0.3655	-0.3796	2.4178
49796	0.578	-0.374	0.057	0.3655	-0.3796	2.4178
49815	0.577	-0.395	0.057	0.3688	-0.3818	2.4178
49838	0.569	-0.411	0.057	0.3699	-0.3825	2.4178
49855	0.512	-0.450	0.057	0.3733	-0.3847	2.4178
49877	0.487	-0.481	0.058	0.3758	-0.3863	2.4178
49905	0.498	-0.533	0.058	0.3796	-0.3888	2.4177
49930	0.531	-0.599	0.058	0.3829	-0.3908	2.4177
49934	0.531	-0.599	0.058	0.3829	-0.3908	2.4177
49955	0.629	-0.651	0.059	0.3859	-0.3928	2.4177
49974	0.747	-0.704	0.060	0.3888	-0.3947	2.4176
50004	0.852	-0.746	0.060	0.3909	-0.3960	2.4177
50015	0.888	-0.772	0.060	0.3919	-0.3965	2.4177
50046	0.940	-0.838	0.061	0.3961	-0.3994	2.4176
50056	0.933	-0.860	0.062	0.3974	-0.4002	2.4176
50085	0.886	-0.918	0.062	0.4007	-0.4022	2.4177
50094	0.885	-0.936	0.063	0.4020	-0.4030	2.4177
50115	0.879	-0.955	0.063	0.4031	-0.4037	2.4177
50134	0.901	-0.999	0.064	0.4065	-0.4060	2.4177
50187	0.952	-1.130	0.064	0.4144	-0.4110	2.4177
50190	0.952	-1.130	0.064	0.4144	-0.4110	2.4177
50196	0.952	-1.130	0.064	0.4144	-0.4110	2.4177
50251	0.845	-1.148	0.064	0.4240	-0.4173	2.4177
50251	0.845	-1.148	0.064	0.4240	-0.4173	2.4177
50255	0.845	-1.148	0.064	0.4240	-0.4173	2.4177
50316	0.862	-1.066	0.063	0.4335	-0.4235	2.4176
50316	0.862	-1.066	0.063	0.4335	-0.4235	2.4176
50316	0.862	-1.066	0.063	0.4335	-0.4235	2.4176
50354	0.955	-0.985	0.059	0.4396	-0.4274	2.4176
50358	0.955	-0.985	0.059	0.4394	-0.4272	2.4176
50374	0.961	-0.946	0.057	0.4428	-0.4294	2.4176
50413	0.757	-0.873	0.054	0.4493	-0.4336	2.4176
50417	0.759	-0.880	0.053	0.4492	-0.4335	2.4176
50479	0.619	-0.794	0.052	0.4584	-0.4395	2.4176
50481	0.619	-0.794	0.052	0.4584	-0.4395	2.4176
50481	0.619	-0.794	0.052	0.4584	-0.4395	2.4176
50495	0.625	-0.772	0.052	0.4606	-0.4410	2.4176
50524	0.603	-0.706	0.051	0.4659	-0.4444	2.4176
50541	0.588	-0.656	0.051	0.4692	-0.4466	2.4176
50555	0.581	-0.634	0.051	0.4709	-0.4478	2.4176
50578	0.575	-0.612	0.050	0.4728	-0.4490	2.4176
50598	0.526	-0.544	0.049	0.4776	-0.4522	2.4176
50619	0.456	-0.508	0.049	0.4795	-0.4534	2.4175
50634	0.424	-0.503	0.049	0.4808	-0.4542	2.4175
50654	0.399	-0.503	0.049	0.4845	-0.4566	2.4175
50674	0.381	-0.496	0.048	0.4857	-0.4574	2.4175
50695	0.357	-0.496	0.048	0.4878	-0.4587	2.4175
50745	0.413	-0.611	0.049	0.4938	-0.4625	2.4174
50745	0.413	-0.611	0.049	0.4938	-0.4625	2.4174
50760	0.439	-0.650	0.049	0.4956	-0.4638	2.4174
50774	0.494	-0.708	0.049	0.4982	-0.4654	2.4174
50809	0.598	-0.811	0.050	0.5022	-0.4680	2.4174
50815	0.598	-0.811	0.050	0.5022	-0.4680	2.4174
50835	0.722	-0.898	0.051	0.5069	-0.4711	2.4174
50886	0.857	-0.970	0.052	0.5123	-0.4745	2.4174
50889	0.857	-0.970	0.052	0.5122	-0.4745	2.4174
50900	0.904	-0.978	0.052	0.5156	-0.4767	2.4174
50916	0.916	-0.978	0.052	0.5171	-0.4777	2.4174
50935	0.921	-0.978	0.052	0.5184	-0.4786	2.4174
50955	0.959	-0.977	0.050	0.5234	-0.4819	2.4174
50997	0.943	-0.965	0.047	0.5289	-0.4855	2.4173
50997	0.943	-0.965	0.047	0.5289	-0.4855	2.4173
51046	0.728	-0.937	0.044	0.5355	-0.4899	2.4173
51046	0.728	-0.937	0.044	0.5355	-0.4899	2.4173
51056	0.714	-0.929	0.044	0.5373	-0.4912	2.4173
51082	0.701	-0.917	0.044	0.5413	-0.4939	2.4173
51095	0.692	-0.913	0.044	0.5428	-0.4949	2.4173
51120	0.672	-0.896	0.044	0.5464	-0.4973	2.4173
51147	0.583	-0.860	0.044	0.5511	-0.5003	2.4173
51160	0.540	-0.824	0.043	0.5542	-0.5024	2.4173
51182	0.532	-0.783	0.043	0.5578	-0.5048	2.4172
51223	0.570	-0.725	0.042	0.5624	-0.5078	2.4172
51225	0.570	-0.725	0.042	0.5624	-0.5078	2.4172
51236	0.583	-0.710	0.042	0.5640	-0.5088	2.4172
51254	0.593	-0.678	0.042	0.5678	-0.5113	2.4172
51278	0.583	-0.651	0.042	0.5713	-0.5135	2.4172
51304	0.587	-0.620	0.041	0.5765	-0.5171	2.4172
51319	0.576	-0.612	0.041	0.5782	-0.5182	2.4172
51344	0.566	-0.597	0.041	0.5817	-0.5205	2.4171
51354	0.566	-0.597	0.041	0.5817	-0.5205	2.4171
51387	0.522	-0.568	0.040	0.5871	-0.5240	2.4171
51406	0.520	-0.555	0.040	0.5904	-0.5262	2.4171
51414	0.520	-0.555	0.040	0.5904	-0.5262	2.4171
51466	0.582	-0.562	0.040	0.5968	-0.5303	2.4170
51466	0.582	-0.562	0.040	0.5968	-0.5303	2.4170
51478	0.559	-0.598	0.040	0.6000	-0.5325	2.4170
51495	0.523	-0.621	0.040	0.6018	-0.5337	2.4170
51516	0.480	-0.665	0.041	0.6047	-0.5356	2.4170
51546	0.472	-0.723	0.043	0.6082	-0.5379	2.4170
51555	0.488	-0.756	0.044	0.6104	-0.5394	2.4170
51575	0.480	-0.793	0.046	0.6138	-0.5417	2.4170
51594	0.482	-0.809	0.047	0.6157	-0.5429	2.4170
51624	0.487	-0.844	0.049	0.6210	-0.5464	2.4170
51721	0.519	-0.753	0.049	0.6310	-0.5526	2.4170
51721	0.519	-0.753	0.049	0.6310	-0.5526	2.4170
51723	0.519	-0.753	0.049	0.6310	-0.5526	2.4170
51723	0.519	-0.753	0.049	0.6310	-0.5526	2.4170
51723	0.519	-0.753	0.049	0.6310	-0.5526	2.4170
51762	0.328	-0.202	0.032	0.6353	-0.5554	2.4170
51772	0.124	0.178	0.023	0.6369	-0.5564	2.4170
51776	-0.142	0.651	0.013	0.6387	-0.5576	2.4171
51794	-0.364	1.039	0.004	0.6399	-0.5584	2.4171
51840	-1.159	2.465	-0.030	0.6459	-0.5624	2.4174
51840	-1.159	2.465	-0.030	0.6459	-0.5624	2.4174
51854	-1.159	2.465	-0.030	0.6459	-0.5624	2.4174
51874	-1.571	3.144	-0.066	0.6514	-0.5662	2.4178
51906	-1.726	3.312	-0.094	0.6547	-0.5686	2.4179
51916	-1.739	3.333	-0.101	0.6556	-0.5693	2.4179
51944	-1.736	3.351	-0.113	0.6574	-0.5706	2.4179
51976	-1.681	3.222	-0.126	0.6601	-0.5725	2.4178
51976	-1.681	3.222	-0.126	0.6601	-0.5725	2.4178
52020	-1.341	2.839	-0.133	0.6647	-0.5758	2.4177
52028	-1.292	2.785	-0.134	0.6652	-0.5763	2.4176
52034	-1.292	2.785	-0.134	0.6652	-0.5763	2.4176
52059	-1.109	2.547	-0.132	0.6677	-0.5782	2.4176
52076	-0.985	2.415	-0.128	0.6690	-0.5793	2.4175
52094	-0.875	2.259	-0.124	0.6708	-0.5805	2.4175
52116	-0.787	2.124	-0.116	0.6723	-0.5818	2.4175
52134	-0.708	1.982	-0.108	0.6740	-0.5831	2.4174
52166	-0.601	1.783	-0.095	0.6765	-0.5850	2.4174
52186	-0.529	1.689	-0.089	0.6780	-0.5860	2.4175
52196	-0.429	1.609	-0.079	0.6793	-0.5872	2.4174
52232	-0.350	1.449	-0.063	0.6826	-0.5896	2.4174
52234	-0.350	1.449	-0.063	0.6826	-0.5896	2.4174
52271	-0.345	1.324	-0.044	0.6869	-0.5928	2.4175
52278	-0.319	1.274	-0.044	0.6879	-0.5933	2.4175
52297	-0.284	1.278	-0.036	0.6893	-0.5946	2.4175
52339	-0.250	1.254	-0.019	0.6939	-0.5982	2.4176
52339	-0.250	1.254	-0.019	0.6939	-0.5982	2.4176
52355	-0.241	1.241	-0.016	0.6955	-0.5993	2.4176
52380	-0.277	1.270	-0.011	0.6975	-0.6009	2.4176
52394	-0.291	1.274	-0.008	0.6991	-0.6021	2.4176
52417	-0.354	1.360	-0.002	0.7016	-0.6044	2.4176
52455	-0.399	1.412	0.003	0.7050	-0.6070	2.4176
52466	-0.411	1.433	0.004	0.7059	-0.6077	2.4176
52487	-0.436	1.458	0.006	0.7082	-0.6095	2.4176
52499	-0.460	1.456	0.007	0.7096	-0.6104	2.4176
52514	-0.502	1.488	0.008	0.7114	-0.6120	2.4176
52535	-0.502	1.488	0.008	0.7114	-0.6120	2.4176
52600	-0.648	1.623	0.012	0.7168	-0.6167	2.4176
52600	-0.648	1.623	0.012	0.7168	-0.6167	2.4176
52602	-0.648	1.623	0.012	0.7168	-0.6167	2.4176
52615	-0.654	1.646	0.012	0.7177	-0.6175	2.4175
52634	-0.666	1.677	0.012	0.7182	-0.6182	2.4175
52665	-0.627	1.656	0.012	0.7206	-0.6200	2.4176
52685	-0.600	1.615	0.012	0.7219	-0.6209	2.4176
52695	-0.585	1.586	0.011	0.7225	-0.6215	2.4176
52737	-0.504	1.430	0.009	0.7255	-0.6236	2.4176
52737	-0.504	1.430	0.009	0.7255	-0.6236	2.4176
52756	-0.432	1.403	0.009	0.7261	-0.6242	2.4176
52800	-0.165	1.290	0.007	0.7288	-0.6266	2.4175
52800	-0.165	1.290	0.007	0.7288	-0.6266	2.4175
52852	-0.099	1.182	0.002	0.7322	-0.6297	2.4175
52852	-0.099	1.182	0.002	0.7322	-0.6297	2.4175
52854	-0.099	1.182	0.002	0.7322	-0.6297	2.4175
52916	-0.195	1.103	-0.006	0.7360	-0.6336	2.4174
52916	-0.195	1.103	-0.006	0.7360	-0.6336	2.4174
52918	-0.195	1.103	-0.006	0.7360	-0.6336	2.4174
52939	-0.170	1.102	-0.008	0.7368	-0.6348	2.4174
52962	-0.125	1.090	-0.010	0.7379	-0.6360	2.4173
52976	-0.111	1.085	-0.011	0.7384	-0.6366	2.4173
52995	-0.106	1.080	-0.012	0.7395	-0.6377	2.4173
53015	-0.121	1.065	-0.014	0.7408	-0.6390	2.4173
53038	-0.128	1.051	-0.016	0.7421	-0.6403	2.4172
53055	-0.130	1.049	-0.017	0.7426	-0.6410	2.4172
53107	-0.122	1.017	-0.021	0.7454	-0.6440	2.4171
53107	-0.122	1.017	-0.021	0.7454	-0.6440	2.4171
53115	-0.122	1.017	-0.021	0.7454	-0.6440	2.4171
53135	-0.137	1.012	-0.022	0.7462	-0.6452	2.4170
53169	-0.264	0.993	-0.025	0.7477	-0.6470	2.4169
53175	-0.264	0.993	-0.025	0.7477	-0.6470	2.4169
53221	-0.344	0.979	-0.028	0.7499	-0.6499	2.4168
53221	-0.344	0.979	-0.028	0.7499	-0.6499	2.4168
53235	-0.340	0.971	-0.028	0.7501	-0.6500	2.4168
53254	-0.323	0.974	-0.028	0.7502	-0.6505	2.4168
53280	-0.303	0.946	-0.028	0.7516	-0.6524	2.4167
53297	-0.292	0.933	-0.028	0.7522	-0.6533	2.4167
53314	-0.292	0.933	-0.028	0.7522	-0.6533	2.4167
53335	-0.283	0.918	-0.029	0.7528	-0.6543	2.4167
53374	-0.264	0.873	-0.029	0.7542	-0.6560	2.4166
53376	-0.264	0.873	-0.029	0.7542	-0.6560	2.4166
53423	-0.283	0.818	-0.030	0.7555	-0.6577	2.4165
53425	-0.283	0.818	-0.030	0.7555	-0.6577	2.4165
53435	-0.246	0.813	-0.030	0.7557	-0.6581	2.4165
53456	-0.141	0.798	-0.030	0.7560	-0.6589	2.4164
53477	-0.076	0.786	-0.030	0.7566	-0.6598	2.4164
53505	-0.083	0.770	-0.030	0.7570	-0.6610	2.4163
53515	-0.083	0.770	-0.030	0.7570	-0.6610	2.4163
53540	-0.102	0.746	-0.030	0.7574	-0.6619	2.4163
53555	-0.120	0.737	-0.030	0.7578	-0.6626	2.4163
53578	-0.119	0.726	-0.030	0.7583	-0.6634	2.4163
53631	-0.085	0.690	-0.030	0.7592	-0.6651	2.4162
53636	-0.085	0.690	-0.030	0.7592	-0.6651	2.4162
53636	-0.085	0.690	-0.030	0.7592	-0.6651	2.4162
53666	-0.135	0.655	-0.030	0.7594	-0.6664	2.4161
53697	-0.121	0.625	-0.030	0.7599	-0.6675	2.4160
53703	-0.121	0.625	-0.030	0.7600	-0.6676	2.4160
53714	-0.109	0.617	-0.030	0.7600	-0.6679	2.4160
53735	-0.098	0.607	-0.030	0.7601	-0.6684	2.4159
53759	-0.102	0.582	-0.030	0.7604	-0.6693	2.4159
53774	-0.133	0.560	-0.030	0.7604	-0.6699	2.4158
53797	-0.163	0.535	-0.031	0.7606	-0.6706	2.4158
53820	-0.196	0.508	-0.031	0.7609	-0.6714	2.4158
53837	-0.193	0.486	-0.031	0.7610	-0.6721	2.4157
53858	-0.190	0.468	-0.031	0.7612	-0.6727	2.4157
53903	-0.171	0.430	-0.031	0.7617	-0.6741	2.4156
53905	-0.171	0.430	-0.031	0.7617	-0.6741	2.4156
53915	-0.171	0.430	-0.031	0.7617	-0.6741	2.4156
53942	-0.157	0.398	-0.031	0.7615	-0.6754	2.4155
53958	-0.167	0.389	-0.031	0.7617	-0.6758	2.4155
53979	-0.171	0.382	-0.031	0.7619	-0.6762	2.4154
53998	-0.148	0.372	-0.031	0.7619	-0.6770	2.4154
54014	-0.119	0.363	-0.031	0.7619	-0.6776	2.4153
54036	-0.107	0.358	-0.031	0.7622	-0.6779	2.4153
54058	-0.134	0.341	-0.031	0.7620	-0.6787	2.4153
54096	-0.226	0.320	-0.031	0.7623	-0.6797	2.4152
54100	-0.226	0.320	-0.031	0.7623	-0.6797	2.4152
54114	-0.253	0.314	-0.031	0.7623	-0.6800	2.4152
54179	-0.260	0.285	-0.031	0.7623	-0.6819	2.4152
54179	-0.260	0.285	-0.031	0.7623	-0.6819	2.4152
54193	-0.265	0.283	-0.031	0.7624	-0.6822	2.4151
54211	-0.280	0.280	-0.031	0.7623	-0.6828	2.4151
54221	-0.301	0.278	-0.031	0.7623	-0.6831	2.4151
54234	-0.301	0.278	-0.031	0.7623	-0.6831	2.4151
54290	-0.306	0.263	-0.031	0.7621	-0.6848	2.4150
54290	-0.306	0.263	-0.031	0.7621	-0.6848	2.4150
54294	-0.306	0.263	-0.031	0.7621	-0.6848	2.4150
54332	-0.123	0.250	-0.031	0.7620	-0.6858	2.4150
54334	-0.123	0.250	-0.031	0.7620	-0.6858	2.4150
54358	-0.123	0.229	-0.032	0.7617	-0.6866	2.4149
54375	-0.149	0.223	-0.032	0.7617	-0.6868	2.4149
54423	-0.300	0.193	-0.032	0.7615	-0.6879	2.4149
54427	-0.300	0.193	-0.032	0.7615	-0.6879	2.4149
54471	-0.279	0.171	-0.032	0.7612	-0.6891	2.4149
54471	-0.279	0.171	-0.032	0.7612	-0.6891	2.4149
54475	-0.294	0.165	-0.032	0.7611	-0.6894	2.4149
54508	-0.316	0.154	-0.032	0.7609	-0.6900	2.4149
54514	-0.317	0.151	-0.032	0.7608	-0.6902	2.4149
54543	-0.312	0.142	-0.032	0.7607	-0.6908	2.4149
54554	-0.312	0.142	-0.032	0.7607	-0.6908	2.4149
54576	-0.283	0.128	-0.032	0.7603	-0.6914	2.4149
54605	-0.293	0.112	-0.032	0.7601	-0.6922	2.4148
54652	-0.287	0.091	-0.032	0.7597	-0.6933	2.4147
54657	-0.287	0.091	-0.032	0.7597	-0.6933	2.4147
54657	-0.287	0.091	-0.032	0.7597	-0.6933	2.4147
54674	-0.261	0.080	-0.032	0.7593	-0.6937	2.4147
54699	-0.240	0.072	-0.032	0.7591	-0.6942	2.4147
54716	-0.226	0.069	-0.032	0.7591	-0.6944	2.4146
54745	-0.224	0.054	-0.032	0.7587	-0.6951	2.4146
54758	-0.246	0.049	-0.032	0.7586	-0.6953	2.4146
54792	-0.322	0.040	-0.032	0.7584	-0.6960	2.4146
54794	-0.322	0.040	-0.032	0.7584	-0.6960	2.4146
54814	-0.322	0.040	-0.032	0.7584	-0.6960	2.4146
54834	-0.358	0.035	-0.032	0.7579	-0.6966	2.4146
54855	-0.338	0.032	-0.032	0.7576	-0.6971	2.4146
54875	-0.307	0.027	-0.032	0.7574	-0.6973	2.4146
54933	-0.266	0.013	-0.033	0.7569	-0.6984	2.4146
54933	-0.266	0.013	-0.033	0.7569	-0.6984	2.4146
54935	-0.266	0.013	-0.033	0.7569	-0.6984	2.4146
54963	-0.202	0.017	-0.033	0.7566	-0.6987	2.4146
54982	-0.116	0.022	-0.033	0.7564	-0.6991	2.4146
55003	-0.062	0.023	-0.033	0.7561	-0.6995	2.4146
55025	-0.084	0.018	-0.033	0.7558	-0.6999	2.4146
55037	-0.107	0.015	-0.033	0.7557	-0.7001	2.4146
55056	-0.167	0.008	-0.033	0.7554	-0.7005	2.4146
55117	-0.357	-0.023	-0.033	0.7545	-0.7017	2.4147
55117	-0.357	-0.023	-0.033	0.7545	-0.7017	2.4147
55119	-0.357	-0.023	-0.033	0.7545	-0.7017	2.4147
55143	-0.373	-0.033	-0.033	0.7542	-0.7021	2.4147
55173	-0.424	-0.048	-0.033	0.7537	-0.7027	2.4146
55175	-0.424	-0.048	-0.033	0.7537	-0.7027	2.4146
55194	-0.464	-0.053	-0.033	0.7535	-0.7029	2.4146
55226	-0.522	-0.064	-0.033	0.7530	-0.7035	2.4146
55239	-0.536	-0.068	-0.033	0.7528	-0.7037	2.4146
55256	-0.518	-0.073	-0.033	0.7525	-0.7039	2.4146
55297	-0.448	-0.086	-0.033	0.7518	-0.7045	2.4146
55299	-0.448	-0.086	-0.033	0.7518	-0.7045	2.4146
55365	-0.463	-0.102	-0.033	0.7508	-0.7053	2.4147
55365	-0.463	-0.102	-0.033	0.7508	-0.7053	2.4147
55367	-0.463	-0.102	-0.033	0.7508	-0.7053	2.4147
55379	-0.442	-0.103	-0.033	0.7506	-0.7054	2.4147
55395	-0.430	-0.103	-0.033	0.7504	-0.7055	2.4147
55417	-0.419	-0.103	-0.033	0.7502	-0.7056	2.4147
55440	-0.365	-0.101	-0.034	0.7497	-0.7060	2.4147
55468	-0.356	-0.102	-0.034	0.7493	-0.7063	2.4147
55474	-0.356	-0.102	-0.034	0.7493	-0.7063	2.4147
55494	-0.430	-0.105	-0.034	0.7489	-0.7065	2.4147
55521	-0.456	-0.102	-0.034	0.7485	-0.7068	2.4147
55558	-0.417	-0.092	-0.035	0.7480	-0.7072	2.4147
55560	-0.417	-0.092	-0.035	0.7480	-0.7072	2.4147
55574	-0.394	-0.094	-0.035	0.7477	-0.7073	2.4147
55612	-0.331	-0.083	-0.036	0.7472	-0.7077	2.4147
55614	-0.331	-0.083	-0.036	0.7472	-0.7077	2.4147
55636	-0.275	-0.086	-0.036	0.7468	-0.7079	2.4147
55668	-0.283	-0.096	-0.036	0.7463	-0.7083	2.4147
55674	-0.283	-0.096	-0.036	0.7463	-0.7083	2.4147
55697	-0.270	-0.099	-0.036	0.7458	-0.7084	2.4147
55737	-0.262	-0.104	-0.035	0.7452	-0.7089	2.4148
55741	-0.262	-0.104	-0.035	0.7452	-0.7090	2.4148
55755	-0.255	-0.106	-0.034	0.7450	-0.7091	2.4148
55789	-0.289	-0.116	-0.032	0.7444	-0.7095	2.4148
55813	-0.307	-0.121	-0.032	0.7440	-0.7098	2.4148
55815	-0.307	-0.121	-0.032	0.7440	-0.7098	2.4148
55834	-0.325	-0.128	-0.032	0.7436	-0.7098	2.4148
55876	-0.339	-0.136	-0.032	0.7430	-0.7103	2.4149
55876	-0.339	-0.136	-0.032	0.7430	-0.7103	2.4149
55930	-0.490	-0.152	-0.032	0.7419	-0.7109	2.4149
55930	-0.490	-0.152	-0.032	0.7419	-0.7109	2.4149
55934	-0.490	-0.152	-0.032	0.7419	-0.7109	2.4149
55955	-0.420	-0.152	-0.032	0.7416	-0.7110	2.4149
55999	-0.100	-0.157	-0.031	0.7406	-0.7114	2.4150
56001	-0.100	-0.157	-0.031	0.7406	-0.7114	2.4150
56061	-0.147	-0.169	-0.029	0.7396	-0.7118	2.4151
56061	-0.147	-0.169	-0.029	0.7396	-0.7118	2.4151
56061	-0.147	-0.169	-0.029	0.7396	-0.7118	2.4151
56074	-0.147	-0.169	-0.029	0.7396	-0.7118	2.4151
56123	-0.426	-0.177	-0.029	0.7385	-0.7124	2.4152
56123	-0.426	-0.177	-0.029	0.7385	-0.7124	2.4152
56170	-0.450	-0.185	-0.029	0.7376	-0.7128	2.4153
56170	-0.450	-0.185	-0.029	0.7376	-0.7128	2.4153
56174	-0.450	-0.185	-0.029	0.7376	-0.7128	2.4153
56237	-0.546	-0.201	-0.029	0.7363	-0.7131	2.4154
56239	-0.546	-0.201	-0.029	0.7363	-0.7131	2.4154
56239	-0.546	-0.201	-0.029	0.7363	-0.7131	2.4154
56289	-0.561	-0.199	-0.029	0.7353	-0.7134	2.4154
56289	-0.561	-0.199	-0.029	0.7353	-0.7134	2.4154
56295	-0.561	-0.199	-0.029	0.7353	-0.7134	2.4154
56314	-0.540	-0.204	-0.030	0.7349	-0.7133	2.4154
56349	-0.466	-0.203	-0.030	0.7342	-0.7134	2.4154
56354	-0.466	-0.203	-0.030	0.7342	-0.7134	2.4154
56416	-0.151	-0.205	-0.028	0.7330	-0.7134	2.4154
56419	-0.151	-0.205	-0.028	0.7330	-0.7134	2.4154
56419	-0.151	-0.205	-0.028	0.7330	-0.7134	2.4154
56434	-0.147	-0.208	-0.028	0.7328	-0.7134	2.4154
56470	-0.150	-0.207	-0.026	0.7323	-0.7136	2.4154
56474	-0.150	-0.207	-0.026	0.7323	-0.7136	2.4154
56495	-0.137	-0.199	-0.026	0.7319	-0.7136	2.4154
56537	-0.189	-0.193	-0.026	0.7312	-0.7138	2.4155
56541	-0.189	-0.193	-0.026	0.7311	-0.7139	2.4155
56560	-0.221	-0.191	-0.026	0.7308	-0.7139	2.4155
56579	-0.226	-0.188	-0.026	0.7306	-0.7140	2.4155
56594	-0.262	-0.188	-0.026	0.7302	-0.7140	2.4156
56617	-0.262	-0.187	-0.026	0.7300	-0.7142	2.4156
56635	-0.245	-0.187	-0.026	0.7298	-0.7142	2.4156
56669	-0.249	-0.187	-0.026	0.7291	-0.7144	2.4156
56675	-0.249	-0.187	-0.026	0.7291	-0.7144	2.4156
56694	-0.271	-0.188	-0.026	0.7287	-0.7144	2.4156
56724	-0.277	-0.187	-0.026	0.7282	-0.7146	2.4156
56735	-0.272	-0.187	-0.026	0.7280	-0.7146	2.4156
56755	-0.274	-0.187	-0.026	0.7277	-0.7146	2.4156
56782	-0.318	-0.188	-0.026	0.7273	-0.7147	2.4157
56808	-0.396	-0.192	-0.026	0.7267	-0.7147	2.4157
56816	-0.396	-0.192	-0.026	0.7267	-0.7147	2.4157
56834	-0.396	-0.192	-0.026	0.7267	-0.7147	2.4157
56860	-0.450	-0.195	-0.026	0.7261	-0.7145	2.4156
56880	-0.457	-0.197	-0.026	0.7259	-0.7146	2.4157
56901	-0.450	-0.196	-0.026	0.7255	-0.7146	2.4157
56953	-0.461	-0.182	-0.026	0.7246	-0.7147	2.4157
56953	-0.461	-0.182	-0.026	0.7246	-0.7147	2.4157
56955	-0.461	-0.182	-0.026	0.7246	-0.7147	2.4157
56979	-0.405	-0.168	-0.026	0.7243	-0.7145	2.4157
57015	-0.297	-0.163	-0.026	0.7236	-0.7145	2.4157
57015	-0.297	-0.163	-0.026	0.7236	-0.7145	2.4157
57039	-0.271	-0.165	-0.026	0.7233	-0.7145	2.4157
57064	-0.246	-0.173	-0.026	0.7228	-0.7145	2.4157
57075	-0.255	-0.177	-0.026	0.7226	-0.7145	2.4157
57133	-0.342	-0.164	-0.026	0.7216	-0.7144	2.4158
57133	-0.342	-0.164	-0.026	0.7216	-0.7144	2.4158
57135	-0.342	-0.164	-0.026	0.7216	-0.7144	2.4158
57186	-0.413	-0.178	-0.026	0.7206	-0.7144	2.4158
57186	-0.413	-0.178	-0.026	0.7206	-0.7144	2.4158
57195	-0.413	-0.178	-0.026	0.7206	-0.7144	2.4158
57232	-0.356	-0.187	-0.026	0.7197	-0.7142	2.4158
57234	-0.356	-0.187	-0.026	0.7197	-0.7142	2.4158
57259	-0.322	-0.202	-0.026	0.7192	-0.7141	2.4157
57294	-0.221	-0.219	-0.026	0.7186	-0.7141	2.4157
57296	-0.221	-0.219	-0.026	0.7186	-0.7141	2.4157
57316	-0.179	-0.230	-0.026	0.7182	-0.7140	2.4157
57337	-0.158	-0.236	-0.026	0.7178	-0.7139	2.4157
57360	-0.137	-0.242	-0.026	0.7173	-0.7139	2.4157
57375	-0.120	-0.245	-0.026	0.7171	-0.7139	2.4157
57409	-0.074	-0.253	-0.026	0.7164	-0.7139	2.4157
57426	-0.105	-0.256	-0.026	0.7162	-0.7138	2.4157
57434	-0.105	-0.256	-0.026	0.7162	-0.7138	2.4157
57459	-0.263	-0.262	-0.026	0.7157	-0.7137	2.4157
57494	-0.362	-0.268	-0.026	0.7150	-0.7136	2.4157
57494	-0.362	-0.268	-0.026	0.7150	-0.7136	2.4157
57545	-0.351	-0.271	-0.026	0.7144	-0.7134	2.4157
57566	-0.331	-0.271	-0.026	0.7141	-0.7134	2.4157
57566	-0.331	-0.271	-0.026	0.7141	-0.7134	2.4157
57574	-0.309	-0.268	-0.026	0.7139	-0.7133	2.4157
57602	-0.286	-0.261	-0.026	0.7135	-0.7133	2.4157
57628	-0.266	-0.253	-0.026	0.7131	-0.7132	2.4157
57634	-0.266	-0.253	-0.026	0.7131	-0.7132	2.4157
57660	-0.238	-0.240	-0.026	0.7126	-0.7130	2.4157
57688	-0.223	-0.234	-0.026	0.7122	-0.7130	2.4157
57694	-0.223	-0.234	-0.026	0.7122	-0.7130	2.4157
57717	-0.233	-0.226	-0.026	0.7118	-0.7126	2.4156
57735	-0.226	-0.222	-0.026	0.7116	-0.7127	2.4156
57759	-0.216	-0.214	-0.026	0.7113	-0.7126	2.4156
57787	-0.195	-0.208	-0.026	0.7110	-0.7124	2.4156
57829	-0.134	-0.193	-0.025	0.7102	-0.7123	2.4156
57838	-0.134	-0.193	-0.025	0.7102	-0.7124	2.4156
57838	-0.134	-0.193	-0.025	0.7102	-0.7124	2.4156
57854	-0.125	-0.193	-0.025	0.7099	-0.7122	2.4156
57881	-0.143	-0.194	-0.025	0.7095	-0.7121	2.4156
57895	-0.162	-0.195	-0.024	0.7093	-0.7121	2.4156
57939	-0.267	-0.197	-0.024	0.7086	-0.7121	2.4156
57939	-0.267	-0.197	-0.024	0.7086	-0.7121	2.4156
57955	-0.267	-0.197	-0.024	0.7086	-0.7121	2.4156
57975	-0.256	-0.192	-0.024	0.7082	-0.7118	2.4156
57997	-0.160	-0.183	-0.023	0.7077	-0.7117	2.4156
58016	-0.152	-0.189	-0.023	0.7074	-0.7116	2.4156
58062	-0.227	-0.202	-0.021	0.7066	-0.7115	2.4156
58062	-0.227	-0.202	-0.021	0.7066	-0.7115	2.4156
58074	-0.227	-0.202	-0.021	0.7066	-0.7115	2.4156
58124	-0.178	-0.193	-0.018	0.7057	-0.7112	2.4156
58128	-0.156	-0.197	-0.018	0.7056	-0.7111	2.4156
58135	-0.156	-0.197	-0.018	0.7056	-0.7111	2.4156
58158	-0.088	-0.206	-0.018	0.7052	-0.7110	2.4156
58207	-0.044	-0.229	-0.018	0.7044	-0.7108	2.4156
58207	-0.044	-0.229	-0.018	0.7044	-0.7108	2.4156
58215	-0.044	-0.229	-0.018	0.7044	-0.7108	2.4156
58271	-0.235	-0.248	-0.018	0.7035	-0.7106	2.4156
58273	-0.235	-0.248	-0.018	0.7035	-0.7106	2.4156
58275	-0.235	-0.248	-0.018	0.7035	-0.7106	2.4156
58310	-0.243	-0.249	-0.018	0.7030	-0.7104	2.4157
58316	-0.257	-0.250	-0.018	0.7028	-0.7103	2.4157
58343	-0.290	-0.254	-0.018	0.7025	-0.7103	2.4157
58390	-0.241	-0.253	-0.018	0.7017	-0.7099	2.4157
58392	-0.241	-0.253	-0.018	0.7017	-0.7099	2.4157
58394	-0.241	-0.253	-0.018	0.7017	-0.7099	2.4157
58441	-0.189	-0.225	-0.017	0.7010	-0.7097	2.4156
58443	-0.189	-0.225	-0.017	0.7010	-0.7097	2.4156
58458	-0.185	-0.222	-0.017	0.7007	-0.7095	2.4156
58478	-0.186	-0.221	-0.017	0.7006	-0.7094	2.4156
58503	-0.158	-0.215	-0.017	0.7001	-0.7092	2.4156
58565	-0.158	-0.217	-0.017	0.6990	-0.7088	2.4155
58565	-0.158	-0.217	-0.017	0.6990	-0.7088	2.4155
58565	-0.158	-0.217	-0.017	0.6990	-0.7088	2.4155
58611	-0.054	-0.224	-0.017	0.6982	-0.7086	2.4155
58613	-0.054	-0.224	-0.017	0.6982	-0.7086	2.4155
58615	-0.054	-0.224	-0.017	0.6982	-0.7086	2.4155
58638	-0.043	-0.234	-0.017	0.6979	-0.7084	2.4155
58668	-0.044	-0.247	-0.017	0.6975	-0.7081	2.4155
58688	-0.034	-0.252	-0.017	0.6970	-0.7080	2.4155
58714	-0.084	-0.255	-0.017	0.6966	-0.7079	2.4156
58714	-0.084	-0.255	-0.017	0.6966	-0.7079	2.4156
58737	-0.141	-0.258	-0.017	0.6963	-0.7078	2.4156
58760	-0.177	-0.260	-0.017	0.6960	-0.7076	2.4156
58803	-0.223	-0.264	-0.017	0.6954	-0.7074	2.4156
58803	-0.223	-0.264	-0.017	0.6954	-0.7074	2.4156
58825	-0.283	-0.264	-0.017	0.6951	-0.7073	2.4156
58861	-0.376	-0.258	-0.017	0.6946	-0.7071	2.4156
58861	-0.376	-0.258	-0.017	0.6946	-0.7071	2.4156
58888	-0.404	-0.253	-0.017	0.6943	-0.7069	2.4156
58898	-0.409	-0.251	-0.017	0.6941	-0.7068	2.4156
58921	-0.394	-0.249	-0.017	0.6939	-0.7066	2.4155
58940	-0.370	-0.248	-0.017	0.6937	-0.7066	2.4155
59105	-0.692	0.144	-0.026	0.6913	-0.7056	2.4156
59109	-0.692	0.144	-0.026	0.6913	-0.7056	2.4156
59111	-0.692	0.144	-0.026	0.6913	-0.7056	2.4156
59113	-0.692	0.144	-0.026	0.6913	-0.7056	2.4156
59113	-0.692	0.144	-0.026	0.6913	-0.7056	2.4156
59115	-0.692	0.144	-0.026	0.6913	-0.7056	2.4156
59115	-0.692	0.144	-0.026	0.6913	-0.7056	2.4156
59115	-0.692	0.144	-0.026	0.6913	-0.7056	2.4156
59115	-0.692	0.144	-0.026	0.6913	-0.7056	2.4156
59134	-1.078	0.427	-0.032	0.6910	-0.7053	2.4156
59183	-1.650	0.846	-0.051	0.6900	-0.7044	2.4158
59183	-1.650	0.846	-0.051	0.6900	-0.7044	2.4158
59195	-1.650	0.846	-0.051	0.6900	-0.7044	2.4158
59224	-1.664	0.865	-0.069	0.6891	-0.7036	2.4158
59238	-1.657	0.855	-0.075	0.6887	-0.7032	2.4158
59261	-1.596	0.840	-0.084	0.6881	-0.7025	2.4159
59285	-1.509	0.831	-0.087	0.6878	-0.7025	2.4158
59296	-1.381	0.817	-0.093	0.6871	-0.7016	2.4158
59320	-1.318	0.797	-0.096	0.6864	-0.7009	2.4158
59382	-1.059	0.678	-0.095	0.6845	-0.6994	2.4157
59390	-1.010	0.656	-0.094	0.6841	-0.6990	2.4157
59390	-1.010	0.656	-0.094	0.6841	-0.6990	2.4157
59398	-1.002	0.653	-0.094	0.6842	-0.6992	2.4157
59416	-0.957	0.607	-0.091	0.6835	-0.6986	2.4157
59466	-0.941	0.497	-0.080	0.6818	-0.6968	2.4158
59466	-0.941	0.497	-0.080	0.6818	-0.6968	2.4158
59480	-0.921	0.476	-0.077	0.6813	-0.6964	2.4158
59495	-0.906	0.455	-0.074	0.6810	-0.6961	2.4158
59521	-0.849	0.402	-0.068	0.6806	-0.6960	2.4159
59559	-0.766	0.347	-0.057	0.6794	-0.6951	2.4159
59561	-0.766	0.347	-0.057	0.6794	-0.6951	2.4159
59574	-0.767	0.339	-0.054	0.6790	-0.6947	2.4159
59627	-0.679	0.315	-0.038	0.6771	-0.6929	2.4159
59627	-0.679	0.315	-0.038	0.6771	-0.6929	2.4159
59669	-0.569	0.313	-0.030	0.6760	-0.6920	2.4159
59669	-0.569	0.313	-0.030	0.6760	-0.6920	2.4159
59675	-0.569	0.313	-0.030	0.6760	-0.6920	2.4159
59695	-0.569	0.313	-0.030	0.6760	-0.6920	2.4159
59714	-0.585	0.312	-0.021	0.6746	-0.6905	2.4158
59737	-0.596	0.310	-0.018	0.6742	-0.6902	2.4158
59754	-0.621	0.312	-0.017	0.6739	-0.6899	2.4158
59783	-0.690	0.305	-0.012	0.6728	-0.6889	2.4158
59801	-0.689	0.303	-0.011	0.6728	-0.6890	2.4158
59817	-0.703	0.306	-0.010	0.6725	-0.6889	2.4159
59835	-0.718	0.311	-0.008	0.6720	-0.6884	2.4159
59856	-0.747	0.326	-0.006	0.6712	-0.6875	2.4159
59875	-0.748	0.332	-0.006	0.6713	-0.6878	2.4159
59921	-0.755	0.385	-0.005	0.6702	-0.6867	2.4159
59923	-0.755	0.385	-0.005	0.6702	-0.6867	2.4159
59935	-0.745	0.408	-0.005	0.6694	-0.6858	2.4158
59955	-0.758	0.422	-0.005	0.6689	-0.6853	2.4158
60002	-0.799	0.457	-0.004	0.6677	-0.6842	2.4158
60012	-0.784	0.461	-0.004	0.6673	-0.6838	2.4158
60015	-0.784	0.461	-0.004	0.6673	-0.6838	2.4158
60038	-0.769	0.464	-0.004	0.6666	-0.6831	2.4158
60059	-0.757	0.464	-0.004	0.6659	-0.6823	2.4158
60076	-0.756	0.463	-0.004	0.6656	-0.6820	2.4158
60096	-0.729	0.462	-0.004	0.6650	-0.6814	2.4158
60123	-0.719	0.450	-0.004	0.6638	-0.6800	2.4157
60163	-0.721	0.427	-0.005	0.6628	-0.6791	2.4157
60163	-0.721	0.427	-0.005	0.6628	-0.6791	2.4157
60175	-0.734	0.413	-0.005	0.6620	-0.6783	2.4157
60196	-0.746	0.402	-0.005	0.6614	-0.6775	2.4157
60215	-0.755	0.381	-0.005	0.6607	-0.6768	2.4157
60242	-0.759	0.356	-0.005	0.6601	-0.6762	2.4157
60284	-0.687	0.330	-0.006	0.6586	-0.6747	2.4157
60286	-0.687	0.330	-0.006	0.6586	-0.6747	2.4157
60295	-0.687	0.330	-0.006	0.6586	-0.6747	2.4157
60322	-0.705	0.310	-0.006	0.6568	-0.6725	2.4157
60403	-0.425	0.268	-0.007	0.6540	-0.6696	2.4157
60405	-0.425	0.268	-0.007	0.6540	-0.6696	2.4157
60405	-0.425	0.268	-0.007	0.6540	-0.6696	2.4157
60405	-0.425	0.268	-0.007	0.6540	-0.6696	2.4157
60415	-0.382	0.256	-0.008	0.6535	-0.6690	2.4157
60464	-0.446	0.231	-0.010	0.6518	-0.6671	2.4158
60464	-0.446	0.231	-0.010	0.6518	-0.6671	2.4158
60478	-0.473	0.231	-0.011	0.6514	-0.6666	2.4158
60517	-0.530	0.228	-0.012	0.6503	-0.6656	2.4158
60521	-0.540	0.227	-0.012	0.6497	-0.6648	2.4159
60535	-0.551	0.225	-0.012	0.6493	-0.6644	2.4159
60561	-0.560	0.217	-0.012	0.6485	-0.6636	2.4159
60581	-0.509	0.210	-0.012	0.6475	-0.6625	2.4159
60594	-0.509	0.210	-0.012	0.6476	-0.6627	2.4159
60614	-0.428	0.202	-0.012	0.6461	-0.6607	2.4159
60636	-0.393	0.189	-0.013	0.6454	-0.6600	2.4158
60659	-0.391	0.182	-0.013	0.6453	-0.6600	2.4158
60675	-0.444	0.175	-0.013	0.6447	-0.6593	2.4158
60724	-0.582	0.174	-0.013	0.6436	-0.6583	2.4157
60724	-0.582	0.174	-0.013	0.6436	-0.6583	2.4157
60736	-0.599	0.184	-0.013	0.6430	-0.6576	2.4157
60790	-0.584	0.232	-0.012	0.6414	-0.6558	2.4156
60790	-0.584	0.232	-0.012	0.6414	-0.6558	2.4156
60795	-0.584	0.232	-0.012	0.6414	-0.6558	2.4156
60829	-0.664	0.262	-0.012	0.6401	-0.6544	2.4156
60836	-0.703	0.268	-0.012	0.6396	-0.6537	2.4156
60854	-0.728	0.273	-0.012	0.6392	-0.6533	2.4156
60876	-0.736	0.280	-0.011	0.6384	-0.6523	2.4156
60910	-0.714	0.287	-0.009	0.6372	-0.6510	2.4157
60914	-0.714	0.287	-0.009	0.6372	-0.6510	2.4157
60934	-0.667	0.285	-0.007	0.6362	-0.6497	2.4156
60960	-0.629	0.280	-0.006	0.6354	-0.6489	2.4156
60975	-0.608	0.273	-0.006	0.6345	-0.6476	2.4156
60996	-0.592	0.267	-0.007	0.6337	-0.6468	2.4156
61026	-0.613	0.257	-0.007	0.6327	-0.6457	2.4156
61035	-0.613	0.257	-0.007	0.6327	-0.6457	2.4156
61054	-0.602	0.240	-0.007	0.6311	-0.6435	2.4156
61104	-0.585	0.210	-0.007	0.6299	-0.6422	2.4156
61104	-0.585	0.210	-0.007	0.6299	-0.6422	2.4156
61114	-0.585	0.210	-0.007	0.6299	-0.6422	2.4156
61144	-0.595	0.171	-0.004	0.6284	-0.6404	2.4156
61171	-0.571	0.158	-0.003	0.6275	-0.6394	2.4156
61174	-0.571	0.158	-0.003	0.6275	-0.6394	2.4156
61229	-0.543	0.150	-0.002	0.6255	-0.6371	2.4156
61229	-0.543	0.150	-0.002	0.6255	-0.6371	2.4156
61235	-0.543	0.150	-0.002	0.6255	-0.6371	2.4156
61256	-0.495	0.157	-0.002	0.6246	-0.6360	2.4156
61279	-0.430	0.164	-0.002	0.6240	-0.6354	2.4156
61295	-0.404	0.167	-0.002	0.6237	-0.6350	2.4156
61328	-0.453	0.175	-0.001	0.6223	-0.6332	2.4155
61342	-0.503	0.183	-0.001	0.6214	-0.6322	2.4155
61364	-0.555	0.190	-0.001	0.6208	-0.6315	2.4155
61379	-0.584	0.194	-0.001	0.6204	-0.6311	2.4155
61409	-0.637	0.207	-0.001	0.6193	-0.6296	2.4155
61416	-0.637	0.207	-0.001	0.6193	-0.6298	2.4155
61435	-0.678	0.212	-0.001	0.6184	-0.6286	2.4155
61456	-0.698	0.213	-0.001	0.6177	-0.6277	2.4155
61522	-0.717	0.212	-0.001	0.6154	-0.6250	2.4155
61522	-0.717	0.212	-0.001	0.6154	-0.6250	2.4155
61540	-0.708	0.210	-0.001	0.6143	-0.6236	2.4155
61540	-0.708	0.210	-0.001	0.6143	-0.6236	2.4155
61602	-0.702	0.196	-0.001	0.6118	-0.6205	2.4154
61604	-0.702	0.196	-0.001	0.6118	-0.6205	2.4154
61604	-0.702	0.196	-0.001	0.6118	-0.6205	2.4154
61615	-0.702	0.196	-0.001	0.6118	-0.6205	2.4154
61641	-0.596	0.180	-0.001	0.6106	-0.6187	2.4154
61658	-0.514	0.162	-0.001	0.6096	-0.6175	2.4154
61677	-0.427	0.147	-0.001	0.6090	-0.6166	2.4154
61731	-0.392	0.125	-0.001	0.6072	-0.6148	2.4154
61735	-0.392	0.125	-0.001	0.6071	-0.6148	2.4154
61737	-0.392	0.125	-0.001	0.6071	-0.6148	2.4154
61760	-0.414	0.138	-0.001	0.6060	-0.6133	2.4154
61780	-0.398	0.148	-0.001	0.6051	-0.6122	2.4154
61833	-0.366	0.138	-0.001	0.6025	-0.6091	2.4154
61833	-0.366	0.138	-0.001	0.6025	-0.6091	2.4154
61835	-0.366	0.138	-0.001	0.6025	-0.6091	2.4154
61879	-0.391	0.109	-0.002	0.6005	-0.6067	2.4154
61886	-0.391	0.109	-0.002	0.6005	-0.6067	2.4154
61897	-0.383	0.103	-0.002	0.5999	-0.6058	2.4154
61922	-0.352	0.090	-0.002	0.5986	-0.6043	2.4154
61934	-0.349	0.083	-0.002	0.5980	-0.6035	2.4154
61960	-0.344	0.071	-0.002	0.5971	-0.6024	2.4154
61974	-0.344	0.071	-0.002	0.5972	-0.6025	2.4154
61994	-0.338	0.052	-0.001	0.5957	-0.6005	2.4153
62018	-0.334	0.035	-0.000	0.5946	-0.5992	2.4153
62034	-0.348	0.025	-0.000	0.5941	-0.5985	2.4153
62084	-0.430	0.023	-0.000	0.5927	-0.5968	2.4153
62086	-0.430	0.023	-0.000	0.5928	-0.5970	2.4153
62097	-0.434	0.026	-0.000	0.5923	-0.5963	2.4153
62114	-0.443	0.031	-0.000	0.5921	-0.5961	2.4153
62139	-0.415	0.057	-0.000	0.5910	-0.5947	2.4153
62156	-0.404	0.066	-0.000	0.5906	-0.5942	2.4153
62178	-0.415	0.081	-0.000	0.5900	-0.5933	2.4153
62207	-0.510	0.104	0.001	0.5889	-0.5920	2.4153
62218	-0.545	0.114	0.001	0.5885	-0.5914	2.4153
62236	-0.583	0.125	0.002	0.5881	-0.5909	2.4153
62255	-0.616	0.137	0.002	0.5877	-0.5903	2.4153
62274	-0.645	0.164	0.002	0.5867	-0.5889	2.4153
62301	-0.633	0.180	0.003	0.5861	-0.5882	2.4154
62315	-0.637	0.186	0.003	0.5857	-0.5877	2.4154
62334	-0.693	0.197	0.003	0.5847	-0.5862	2.4153
62355	-0.695	0.200	0.003	0.5843	-0.5857	2.4153
62381	-0.650	0.205	0.003	0.5828	-0.5837	2.4153
62402	-0.630	0.206	0.003	0.5819	-0.5826	2.4153
62414	-0.623	0.205	0.003	0.5815	-0.5821	2.4153
62435	-0.598	0.204	0.003	0.5808	-0.5810	2.4153
62457	-0.591	0.201	0.003	0.5800	-0.5799	2.4153
62504	-0.532	0.184	0.003	0.5783	-0.5778	2.4153
62504	-0.532	0.184	0.003	0.5783	-0.5778	2.4153
62528	-0.512	0.168	0.002	0.5771	-0.5761	2.4153
62536	-0.499	0.162	0.002	0.5767	-0.5756	2.4153
62555	-0.489	0.155	0.002	0.5762	-0.5749	2.4153
62588	-0.424	0.131	0.002	0.5744	-0.5726	2.4153
62596	-0.424	0.131	0.002	0.5744	-0.5727	2.4153
62614	-0.414	0.121	0.002	0.5735	-0.5714	2.4153
62673	-0.427	0.095	0.002	0.5711	-0.5683	2.4153
62673	-0.427	0.095	0.002	0.5711	-0.5683	2.4153
62675	-0.427	0.095	0.002	0.5711	-0.5683	2.4153
62731	-0.407	0.066	0.002	0.5686	-0.5650	2.4152
62735	-0.407	0.066	0.002	0.5686	-0.5650	2.4152
62735	-0.407	0.066	0.002	0.5686	-0.5650	2.4152
62768	-0.354	0.050	0.002	0.5667	-0.5625	2.4152
62774	-0.354	0.050	0.002	0.5667	-0.5625	2.4152
62794	-0.348	0.040	0.002	0.5655	-0.5608	2.4152
62816	-0.361	0.031	0.001	0.5644	-0.5593	2.4152
62835	-0.368	0.028	0.001	0.5640	-0.5589	2.4152
62854	-0.364	0.022	0.001	0.5631	-0.5575	2.4152
62879	-0.345	0.014	0.001	0.5622	-0.5564	2.4152
62902	-0.378	0.008	0.001	0.5613	-0.5553	2.4153
62914	-0.378	0.008	0.001	0.5613	-0.5553	2.4153
62942	-0.490	0.005	0.001	0.5598	-0.5532	2.4153
62961	-0.550	0.009	0.002	0.5590	-0.5520	2.4153
62978	-0.576	0.013	0.002	0.5583	-0.5511	2.4153
62995	-0.580	0.016	0.002	0.5580	-0.5507	2.4153
63021	-0.561	0.025	0.002	0.5573	-0.5499	2.4153
63034	-0.548	0.032	0.002	0.5568	-0.5490	2.4153
63063	-0.463	0.053	0.003	0.5556	-0.5473	2.4153
63095	-0.404	0.074	0.003	0.5544	-0.5456	2.4153
63101	-0.404	0.074	0.003	0.5545	-0.5458	2.4153
63115	-0.406	0.080	0.003	0.5540	-0.5451	2.4153
63139	-0.406	0.090	0.003	0.5532	-0.5440	2.4153
63158	-0.427	0.099	0.003	0.5521	-0.5423	2.4153
63174	-0.445	0.103	0.003	0.5518	-0.5420	2.4153
63205	-0.493	0.119	0.003	0.5505	-0.5403	2.4152
63215	-0.506	0.124	0.003	0.5501	-0.5397	2.4152
63235	-0.511	0.130	0.003	0.5496	-0.5391	2.4152
63256	-0.476	0.137	0.003	0.5487	-0.5378	2.4152
63279	-0.424	0.140	0.003	0.5481	-0.5371	2.4152
63301	-0.407	0.140	0.001	0.5473	-0.5360	2.4152
63315	-0.418	0.139	0.000	0.5467	-0.5352	2.4152
63334	-0.425	0.138	0.000	0.5458	-0.5339	2.4152
63363	-0.445	0.138	0.001	0.5449	-0.5328	2.4153
63398	-0.472	0.136	0.000	0.5435	-0.5311	2.4153
63398	-0.472	0.136	0.000	0.5435	-0.5311	2.4153
63421	-0.507	0.135	0.000	0.5427	-0.5299	2.4153
63434	-0.530	0.134	0.000	0.5421	-0.5291	2.4153
63471	-0.598	0.133	0.000	0.5408	-0.5275	2.4153
63479	-0.602	0.131	0.000	0.5404	-0.5268	2.4153
63495	-0.600	0.122	-0.001	0.5394	-0.5253	2.4153
63533	-0.592	0.109	-0.003	0.5381	-0.5238	2.4153
63535	-0.578	0.103	-0.003	0.5375	-0.5229	2.4153
63580	-0.425	0.077	-0.004	0.5355	-0.5201	2.4153
63584	-0.425	0.077	-0.004	0.5355	-0.5201	2.4153
63594	-0.368	0.067	-0.004	0.5348	-0.5191	2.4153
63618	-0.330	0.051	-0.004	0.5338	-0.5178	2.4153
63647	-0.332	0.034	-0.004	0.5328	-0.5164	2.4153
63666	-0.333	0.022	-0.004	0.5318	-0.5152	2.4153
63674	-0.320	0.018	-0.004	0.5314	-0.5145	2.4153
63700	-0.292	0.010	-0.004	0.5305	-0.5133	2.4153
63719	-0.288	0.001	-0.004	0.5296	-0.5121	2.4153
63736	-0.305	-0.007	-0.004	0.5288	-0.5110	2.4153
63754	-0.304	-0.013	-0.004	0.5278	-0.5096	2.4154
63776	-0.341	-0.018	-0.004	0.5269	-0.5083	2.4154
63799	-0.331	-0.021	-0.004	0.5260	-0.5072	2.4154
63814	-0.318	-0.023	-0.004	0.5255	-0.5065	2.4154
63843	-0.291	-0.028	-0.004	0.5243	-0.5048	2.4154
63880	-0.245	-0.032	-0.004	0.5226	-0.5023	2.4154
63880	-0.245	-0.032	-0.004	0.5226	-0.5023	2.4154
63930	-0.253	-0.030	-0.004	0.5209	-0.5003	2.4154
63932	-0.253	-0.030	-0.004	0.5209	-0.5003	2.4154
63934	-0.253	-0.030	-0.004	0.5209	-0.5003	2.4154
63967	-0.294	-0.016	-0.004	0.5195	-0.4984	2.4154
63976	-0.310	-0.009	-0.004	0.5189	-0.4975	2.4154
63995	-0.322	0.001	-0.004	0.5180	-0.4961	2.4154
64014	-0.328	0.005	-0.004	0.5175	-0.4955	2.4153
64034	-0.356	0.012	-0.004	0.5167	-0.4943	2.4153
64060	-0.411	0.023	-0.004	0.5155	-0.4926	2.4153
64074	-0.418	0.026	-0.004	0.5151	-0.4921	2.4153
64095	-0.413	0.033	-0.004	0.5143	-0.4907	2.4153
64118	-0.382	0.038	-0.004	0.5136	-0.4898	2.4153
64179	-0.343	0.054	-0.004	0.5119	-0.4878	2.4153
64179	-0.343	0.054	-0.004	0.5119	-0.4878	2.4153
64179	-0.343	0.054	-0.004	0.5119	-0.4878	2.4153
64199	-0.381	0.067	-0.004	0.5111	-0.4865	2.4153
64232	-0.499	0.093	-0.004	0.5098	-0.4848	2.4153
64235	-0.499	0.093	-0.004	0.5098	-0.4848	2.4153
64263	-0.571	0.110	-0.003	0.5084	-0.4827	2.4153
64300	-0.545	0.112	-0.003	0.5070	-0.4808	2.4154
64300	-0.545	0.112	-0.003	0.5070	-0.4808	2.4154
64340	-0.499	0.108	-0.003	0.5055	-0.4788	2.4154
64342	-0.499	0.108	-0.003	0.5055	-0.4788	2.4154
64356	-0.485	0.108	-0.003	0.5050	-0.4779	2.4154
64414	-0.374	0.104	-0.003	0.5023	-0.4741	2.4154
64414	-0.374	0.104	-0.003	0.5023	-0.4741	2.4154
64414	-0.374	0.104	-0.003	0.5023	-0.4741	2.4154
64438	-0.285	0.088	-0.003	0.5011	-0.4723	2.4154
64455	-0.273	0.080	-0.004	0.5007	-0.4719	2.4154
64476	-0.296	0.067	-0.004	0.4999	-0.4707	2.4153
64494	-0.306	0.058	-0.004	0.4989	-0.4692	2.4153
64514	-0.290	0.053	-0.004	0.4985	-0.4687	2.4153
64545	-0.247	0.046	-0.004	0.4973	-0.4671	2.4153
64555	-0.247	0.046	-0.004	0.4973	-0.4671	2.4153
64606	-0.341	0.049	-0.004	0.4952	-0.4644	2.4153
64606	-0.341	0.049	-0.004	0.4952	-0.4644	2.4153
64614	-0.341	0.049	-0.004	0.4952	-0.4644	2.4153
64648	-0.231	0.062	-0.004	0.4936	-0.4620	2.4154
64654	-0.231	0.062	-0.004	0.4937	-0.4621	2.4154
64675	-0.194	0.065	-0.004	0.4929	-0.4611	2.4154
64711	-0.267	0.072	-0.004	0.4917	-0.4594	2.4154
64728	-0.367	0.079	-0.004	0.4910	-0.4584	2.4155
64734	-0.367	0.079	-0.004	0.4911	-0.4587	2.4155
64757	-0.493	0.097	-0.003	0.4900	-0.4570	2.4155
64798	-0.540	0.118	-0.003	0.4887	-0.4553	2.4155
64798	-0.540	0.118	-0.003	0.4887	-0.4553	2.4155
64816	-0.594	0.122	-0.003	0.4882	-0.4545	2.4156
64875	-0.814	0.145	-0.003	0.4862	-0.4518	2.4156
64875	-0.814	0.145	-0.003	0.4862	-0.4518	2.4156
64877	-0.814	0.145	-0.003	0.4862	-0.4518	2.4156
64894	-0.807	0.154	-0.003	0.4854	-0.4506	2.4156
64917	-0.733	0.162	-0.002	0.4846	-0.4494	2.4156
64935	-0.660	0.163	-0.002	0.4839	-0.4483	2.4156
64959	-0.640	0.162	-0.002	0.4830	-0.4469	2.4156
65036	-0.491	0.158	-0.002	0.4803	-0.4431	2.4156
65049	-0.478	0.156	-0.002	0.4798	-0.4425	2.4156
65056	-0.486	0.155	-0.002	0.4794	-0.4419	2.4156
65056	-0.486	0.155	-0.002	0.4794	-0.4419	2.4156
65056	-0.486	0.155	-0.002	0.4794	-0.4419	2.4156
65081	-0.504	0.154	-0.002	0.4783	-0.4404	2.4156
65104	-0.481	0.151	-0.002	0.4774	-0.4390	2.4156
65114	-0.481	0.151	-0.002	0.4774	-0.4390	2.4156
65134	-0.458	0.139	-0.002	0.4761	-0.4372	2.4156
65154	-0.464	0.130	-0.002	0.4753	-0.4359	2.4156
65197	-0.436	0.113	-0.002	0.4739	-0.4343	2.4156
65197	-0.436	0.113	-0.002	0.4739	-0.4343	2.4156
65216	-0.406	0.101	-0.002	0.4730	-0.4329	2.4156
65235	-0.366	0.087	-0.002	0.4718	-0.4313	2.4156
65285	-0.366	0.067	-0.002	0.4700	-0.4289	2.4156
65285	-0.366	0.067	-0.002	0.4700	-0.4289	2.4156
65296	-0.380	0.064	-0.002	0.4694	-0.4281	2.4156
65316	-0.395	0.061	-0.002	0.4689	-0.4274	2.4156
65338	-0.383	0.054	-0.002	0.4679	-0.4261	2.4156
65355	-0.324	0.045	-0.002	0.4671	-0.4249	2.4156
65382	-0.296	0.035	-0.002	0.4662	-0.4237	2.4156
65396	-0.328	0.025	-0.002	0.4651	-0.4220	2.4156
65415	-0.353	0.021	-0.002	0.4648	-0.4217	2.4156
65469	-0.408	0.021	-0.001	0.4629	-0.4192	2.4156
65469	-0.408	0.021	-0.001	0.4629	-0.4192	2.4156
65490	-0.396	0.027	-0.001	0.4622	-0.4183	2.4156
65494	-0.396	0.027	-0.001	0.4622	-0.4183	2.4156
65514	-0.389	0.034	-0.001	0.4615	-0.4174	2.4156
65551	-0.332	0.050	-0.001	0.4601	-0.4155	2.4157
65557	-0.332	0.050	-0.001	0.4601	-0.4155	2.4157
65575	-0.298	0.060	-0.001	0.4592	-0.4141	2.4157
65616	-0.285	0.080	-0.001	0.4577	-0.4122	2.4157
65618	-0.285	0.080	-0.001	0.4577	-0.4122	2.4157
65668	-0.475	0.114	-0.000	0.4561	-0.4102	2.4157
65668	-0.475	0.114	-0.000	0.4561	-0.4102	2.4157
65674	-0.475	0.114	-0.000	0.4561	-0.4102	2.4157
65725	-0.570	0.141	-0.000	0.4540	-0.4074	2.4156
65725	-0.570	0.141	-0.000	0.4540	-0.4074	2.4156
65735	-0.570	0.141	-0.000	0.4540	-0.4074	2.4156
65791	-0.443	0.135	-0.004	0.4510	-0.4034	2.4156
65791	-0.443	0.135	-0.004	0.4510	-0.4034	2.4156
65795	-0.443	0.135	-0.004	0.4510	-0.4034	2.4156
65821	-0.433	0.126	-0.005	0.4497	-0.4015	2.4156
65847	-0.444	0.119	-0.005	0.4486	-0.4002	2.4156
65855	-0.444	0.119	-0.005	0.4486	-0.4002	2.4156
65910	-0.421	0.103	-0.005	0.4461	-0.3969	2.4156
65914	-0.421	0.103	-0.005	0.4461	-0.3970	2.4156
65914	-0.421	0.103	-0.005	0.4461	-0.3970	2.4156
65941	-0.429	0.094	-0.005	0.4447	-0.3951	2.4156
65961	-0.452	0.090	-0.005	0.4438	-0.3939	2.4156
65975	-0.448	0.088	-0.005	0.4432	-0.3932	2.4156
65999	-0.413	0.080	-0.005	0.4421	-0.3916	2.4156
66014	-0.395	0.076	-0.005	0.4416	-0.3910	2.4156
66034	-0.360	0.066	-0.005	0.4407	-0.3898	2.4155
66063	-0.393	0.058	-0.005	0.4393	-0.3878	2.4155
66084	-0.413	0.055	-0.005	0.4387	-0.3872	2.4155
66094	-0.413	0.055	-0.005	0.4387	-0.3872	2.4155
66128	-0.353	0.039	-0.006	0.4369	-0.3847	2.4155
66135	-0.353	0.039	-0.006	0.4369	-0.3847	2.4155
66327	-0.210	-0.066	-0.009	0.4293	-0.3746	2.4155
66329	-0.210	-0.066	-0.009	0.4293	-0.3746	2.4155
66329	-0.210	-0.066	-0.009	0.4293	-0.3746	2.4155
66329	-0.210	-0.066	-0.009	0.4293	-0.3746	2.4155
66329	-0.210	-0.066	-0.009	0.4293	-0.3746	2.4155
66329	-0.210	-0.066	-0.009	0.4293	-0.3746	2.4155
66332	-0.210	-0.066	-0.009	0.4293	-0.3746	2.4155
66332	-0.210	-0.066	-0.009	0.4293	-0.3746	2.4155
66334	-0.210	-0.066	-0.009	0.4293	-0.3746	2.4155
66374	0.458	-0.681	-0.021	0.4274	-0.3722	2.4156
66374	0.458	-0.681	-0.021	0.4274	-0.3722	2.4156
66374	0.458	-0.681	-0.021	0.4274	-0.3722	2.4156
66396	0.813	-0.958	-0.039	0.4262	-0.3704	2.4157
66414	0.875	-0.990	-0.047	0.4258	-0.3699	2.4157
66434	0.959	-0.991	-0.069	0.4249	-0.3687	2.4158
66459	0.987	-0.962	-0.089	0.4241	-0.3677	2.4159
66485	0.928	-0.959	-0.110	0.4233	-0.3666	2.4160
66498	0.889	-0.958	-0.117	0.4229	-0.3663	2.4160
66549	0.817	-0.992	-0.134	0.4213	-0.3640	2.4161
66553	0.811	-0.983	-0.134	0.4212	-0.3640	2.4161
66555	0.811	-0.983	-0.134	0.4212	-0.3640	2.4161
66596	0.898	-0.977	-0.131	0.4200	-0.3623	2.4161
66596	0.898	-0.977	-0.131	0.4200	-0.3623	2.4161
66614	0.876	-0.960	-0.129	0.4197	-0.3619	2.4161
66663	0.633	-0.863	-0.111	0.4181	-0.3598	2.4159
66663	0.633	-0.863	-0.111	0.4181	-0.3598	2.4159
66675	0.557	-0.850	-0.106	0.4180	-0.3595	2.4159
66717	0.359	-0.785	-0.092	0.4172	-0.3584	2.4159
66719	0.359	-0.785	-0.092	0.4172	-0.3584	2.4159
66746	0.248	-0.735	-0.077	0.4163	-0.3571	2.4158
66774	0.203	-0.685	-0.068	0.4154	-0.3560	2.4159
66777	0.203	-0.685	-0.068	0.4154	-0.3560	2.4159
66802	0.091	-0.661	-0.058	0.4151	-0.3552	2.4158
66814	-0.005	-0.632	-0.050	0.4146	-0.3544	2.4158
66837	-0.038	-0.618	-0.047	0.4144	-0.3540	2.4158
66859	-0.121	-0.583	-0.037	0.4137	-0.3528	2.4159
66904	-0.106	-0.536	-0.028	0.4125	-0.3510	2.4160
66904	-0.106	-0.536	-0.028	0.4125	-0.3510	2.4160
66915	-0.106	-0.536	-0.028	0.4125	-0.3510	2.4160
66935	-0.112	-0.523	-0.023	0.4118	-0.3498	2.4160
66958	-0.150	-0.525	-0.020	0.4115	-0.3490	2.4160
66978	-0.162	-0.512	-0.017	0.4109	-0.3481	2.4160
66995	-0.135	-0.513	-0.015	0.4107	-0.3475	2.4160
67035	-0.066	-0.494	-0.013	0.4095	-0.3458	2.4160
67035	-0.066	-0.494	-0.013	0.4095	-0.3458	2.4160
67055	-0.011	-0.510	-0.011	0.4094	-0.3450	2.4160
67080	0.027	-0.513	-0.010	0.4089	-0.3442	2.4160
67102	0.058	-0.507	-0.009	0.4084	-0.3434	2.4160
67114	0.077	-0.517	-0.008	0.4083	-0.3429	2.4160
67134	0.109	-0.518	-0.006	0.4079	-0.3422	2.4159
67159	0.145	-0.508	-0.005	0.4072	-0.3417	2.4159
67174	0.143	-0.502	-0.005	0.4071	-0.3417	2.4159
67237	0.069	-0.502	-0.005	0.4058	-0.3392	2.4159
67237	0.069	-0.502	-0.005	0.4058	-0.3392	2.4159
67239	0.069	-0.502	-0.005	0.4058	-0.3392	2.4159
67258	0.085	-0.501	-0.005	0.4055	-0.3390	2.4159
67277	0.181	-0.522	-0.005	0.4050	-0.3380	2.4159
67297	0.222	-0.527	-0.005	0.4047	-0.3376	2.4159
67337	0.239	-0.550	-0.005	0.4042	-0.3363	2.4159
67337	0.239	-0.550	-0.005	0.4042	-0.3363	2.4159
67354	0.230	-0.550	-0.005	0.4038	-0.3360	2.4159
67404	0.229	-0.548	-0.005	0.4030	-0.3344	2.4159
67404	0.229	-0.548	-0.005	0.4030	-0.3344	2.4159
67414	0.229	-0.548	-0.005	0.4030	-0.3344	2.4159
67437	0.268	-0.544	-0.005	0.4028	-0.3336	2.4159
67464	0.260	-0.538	-0.005	0.4023	-0.3327	2.4158
67474	0.260	-0.538	-0.005	0.4023	-0.3327	2.4158
67499	0.224	-0.522	-0.005	0.4020	-0.3318	2.4158
67519	0.183	-0.515	-0.005	0.4018	-0.3315	2.4158
67535	0.124	-0.502	-0.005	0.4017	-0.3309	2.4157
67569	0.084	-0.483	-0.005	0.4012	-0.3300	2.4157
67577	0.084	-0.483	-0.005	0.4012	-0.3300	2.4157
67595	0.054	-0.467	-0.005	0.4011	-0.3294	2.4157
67614	0.049	-0.457	-0.005	0.4010	-0.3291	2.4157
67646	0.033	-0.434	-0.005	0.4007	-0.3283	2.4157
67654	0.014	-0.425	-0.005	0.4006	-0.3280	2.4156
67703	0.078	-0.409	-0.005	0.4000	-0.3268	2.4156
67703	0.078	-0.409	-0.005	0.4000	-0.3268	2.4156
67719	0.033	-0.396	-0.005	0.4001	-0.3261	2.4156
67763	-0.104	-0.365	-0.005	0.3996	-0.3252	2.4156
67765	-0.104	-0.365	-0.005	0.3996	-0.3252	2.4156
67775	-0.113	-0.355	-0.005	0.3997	-0.3248	2.4156
67815	-0.053	-0.331	-0.007	0.3993	-0.3238	2.4156
67817	-0.053	-0.331	-0.007	0.3993	-0.3238	2.4156
67837	-0.103	-0.314	-0.009	0.3993	-0.3230	2.4156
67856	-0.127	-0.307	-0.009	0.3991	-0.3228	2.4156
67886	-0.162	-0.288	-0.011	0.3989	-0.3220	2.4156
67927	-0.147	-0.277	-0.013	0.3986	-0.3208	2.4156
67927	-0.147	-0.277	-0.013	0.3986	-0.3208	2.4156
67936	-0.089	-0.279	-0.013	0.3986	-0.3205	2.4156
67956	0.008	-0.284	-0.013	0.3985	-0.3201	2.4156
67980	0.114	-0.292	-0.013	0.3983	-0.3194	2.4156
67997	0.133	-0.294	-0.013	0.3983	-0.3188	2.4155
68024	0.114	-0.292	-0.013	0.3981	-0.3182	2.4155
68054	0.135	-0.291	-0.013	0.3979	-0.3175	2.4155
68054	0.135	-0.291	-0.013	0.3979	-0.3175	2.4155
68105	0.195	-0.292	-0.013	0.3978	-0.3164	2.4154
68105	0.195	-0.292	-0.013	0.3978	-0.3164	2.4154
68114	0.195	-0.292	-0.013	0.3978	-0.3164	2.4154
68135	0.080	-0.275	-0.013	0.3979	-0.3156	2.4154
68159	0.043	-0.264	-0.013	0.3978	-0.3152	2.4154
68181	0.016	-0.252	-0.013	0.3978	-0.3148	2.4153
68240	0.097	-0.247	-0.013	0.3976	-0.3139	2.4153
68240	0.097	-0.247	-0.013	0.3976	-0.3139	2.4153
68240	0.097	-0.247	-0.013	0.3976	-0.3139	2.4153
68254	0.235	-0.257	-0.013	0.3976	-0.3135	2.4153
68274	0.275	-0.261	-0.013	0.3975	-0.3133	2.4153
68294	0.293	-0.266	-0.013	0.3975	-0.3128	2.4153
68323	0.183	-0.258	-0.013	0.3976	-0.3123	2.4153
68349	0.059	-0.240	-0.013	0.3975	-0.3119	2.4153
68355	0.059	-0.240	-0.013	0.3975	-0.3119	2.4153
68374	-0.028	-0.214	-0.013	0.3976	-0.3113	2.4153
68399	-0.053	-0.201	-0.013	0.3977	-0.3110	2.4153
68418	-0.089	-0.191	-0.013	0.3977	-0.3106	2.4153
68434	-0.118	-0.186	-0.013	0.3977	-0.3103	2.4153
68468	-0.121	-0.178	-0.013	0.3977	-0.3098	2.4153
68480	-0.121	-0.177	-0.013	0.3977	-0.3095	2.4153
68510	-0.111	-0.172	-0.013	0.3977	-0.3090	2.4153
68538	-0.077	-0.171	-0.013	0.3977	-0.3086	2.4153
68538	-0.077	-0.171	-0.013	0.3977	-0.3086	2.4153
68556	-0.052	-0.169	-0.013	0.3978	-0.3081	2.4152
68580	-0.052	-0.165	-0.013	0.3978	-0.3077	2.4152
68605	-0.058	-0.161	-0.013	0.3978	-0.3073	2.4152
68618	-0.081	-0.158	-0.013	0.3978	-0.3070	2.4152
68665	-0.160	-0.141	-0.013	0.3978	-0.3063	2.4151
68668	-0.160	-0.141	-0.013	0.3978	-0.3063	2.4151
68674	-0.160	-0.141	-0.013	0.3978	-0.3063	2.4151
68725	-0.054	-0.137	-0.013	0.3979	-0.3052	2.4151
68725	-0.054	-0.137	-0.013	0.3979	-0.3052	2.4151
68735	-0.054	-0.137	-0.013	0.3979	-0.3052	2.4151
68754	-0.042	-0.135	-0.013	0.3979	-0.3048	2.4151
68778	-0.011	-0.129	-0.013	0.3980	-0.3042	2.4150
68796	0.058	-0.128	-0.013	0.3980	-0.3039	2.4150
68819	0.136	-0.128	-0.013	0.3980	-0.3036	2.4151
68855	0.233	-0.128	-0.012	0.3980	-0.3032	2.4151
68855	0.233	-0.128	-0.012	0.3980	-0.3032	2.4151
68883	0.314	-0.131	-0.010	0.3981	-0.3027	2.4150
68914	0.346	-0.137	-0.008	0.3981	-0.3023	2.4143
68916	0.346	-0.137	-0.008	0.3981	-0.3023	2.4143
68936	0.372	-0.144	-0.007	0.3981	-0.3021	2.4135
68955	0.386	-0.149	-0.006	0.3981	-0.3019	2.4129
68974	0.413	-0.157	-0.006	0.3981	-0.3017	2.4118
68995	0.391	-0.161	-0.006	0.3982	-0.3015	2.4099
69028	0.351	-0.163	-0.006	0.3982	-0.3012	2.4086
69039	0.313	-0.161	-0.006	0.3982	-0.3011	2.4078
69056	0.312	-0.158	-0.006	0.3983	-0.3010	2.4053
69111	0.304	-0.156	-0.006	0.3983	-0.3004	2.4013
69120	0.304	-0.157	-0.006	0.3983	-0.3003	2.4003
69129	0.319	-0.160	-0.006	0.3984	-0.3002	2.3987
69135	0.319	-0.160	-0.006	0.3984	-0.3002	2.3987
69154	0.336	-0.163	-0.006	0.3984	-0.3000	2.3978
69174	0.358	-0.170	-0.006	0.3985	-0.2999	2.3925
69200	0.324	-0.169	-0.006	0.3985	-0.2996	2.3914
69219	0.236	-0.159	-0.006	0.3986	-0.2995	2.3873
69256	0.143	-0.143	-0.006	0.3987	-0.2992	2.3825
69261	0.138	-0.140	-0.006	0.3988	-0.2991	2.3803
69284	0.132	-0.137	-0.006	0.3988	-0.2989	2.3802
69347	0.104	-0.128	-0.006	0.3989	-0.2983	2.3692
69351	0.104	-0.128	-0.006	0.3989	-0.2982	2.3702
69351	0.104	-0.128	-0.006	0.3989	-0.2982	2.3702
69354	0.104	-0.128	-0.006	0.3989	-0.2982	2.3702
69380	0.071	-0.117	-0.006	0.3990	-0.2979	2.3628
69394	0.067	-0.115	-0.006	0.3990	-0.2978	2.3614
69415	0.067	-0.110	-0.006	0.3991	-0.2976	2.3556
69451	0.052	-0.106	-0.004	0.3991	-0.2972	2.3511
69455	0.052	-0.106	-0.004	0.3991	-0.2972	2.3511
69474	0.076	-0.107	-0.003	0.3993	-0.2970	2.3425
69494	0.122	-0.109	-0.003	0.3993	-0.2967	2.3384
69520	0.194	-0.114	-0.003	0.3994	-0.2965	2.3303
69552	0.192	-0.114	-0.003	0.3994	-0.2962	2.3267
69554	0.192	-0.114	-0.003	0.3994	-0.2962	2.3267
69574	0.182	-0.111	-0.003	0.3994	-0.2960	2.3232
69615	0.172	-0.101	-0.003	0.3996	-0.2955	2.3074
69615	0.172	-0.101	-0.003	0.3996	-0.2955	2.3074
69635	0.172	-0.101	-0.003	0.3996	-0.2955	2.3074
69679	0.173	-0.103	-0.003	0.3997	-0.2951	2.2883
69684	0.163	-0.102	-0.003	0.3998	-0.2950	2.2833
69696	0.163	-0.100	-0.003	0.3998	-0.2949	2.2794
69717	0.171	-0.095	-0.003	0.3999	-0.2948	2.2734
69747	0.229	-0.093	-0.003	0.3999	-0.2946	2.2654
69760	0.255	-0.093	-0.003	0.3999	-0.2945	2.2646
69774	0.279	-0.094	-0.003	0.4000	-0.2944	2.2600
69816	0.259	-0.095	-0.003	0.4000	-0.2942	2.2481
69816	0.259	-0.095	-0.003	0.4000	-0.2942	2.2481
69834	0.280	-0.095	-0.003	0.4001	-0.2941	2.2406
69857	0.300	-0.094	-0.003	0.4001	-0.2940	2.2335
69885	0.297	-0.088	-0.003	0.4002	-0.2938	2.2235
69900	0.295	-0.087	-0.003	0.4002	-0.2937	2.2197
69929	0.317	-0.095	-0.003	0.4003	-0.2936	2.1994
69942	0.325	-0.098	-0.003	0.4004	-0.2935	2.1943
69954	0.328	-0.102	-0.003	0.4004	-0.2935	2.1884
69985	0.291	-0.106	-0.003	0.4005	-0.2933	2.1746
69997	0.264	-0.105	-0.003	0.4005	-0.2933	2.1684
70020	0.220	-0.100	-0.003	0.4006	-0.2932	2.1593
70047	0.184	-0.092	-0.003	0.4006	-0.2930	2.1492
70056	0.148	-0.086	-0.003	0.4007	-0.2930	2.1428
70102	0.008	-0.060	-0.003	0.4008	-0.2928	2.1179
70102	0.008	-0.060	-0.003	0.4008	-0.2928	2.1179
70118	-0.016	-0.054	-0.003	0.4009	-0.2928	2.1095
70136	-0.038	-0.046	-0.003	0.4009	-0.2926	2.1000
70158	-0.032	-0.042	-0.003	0.4009	-0.2925	2.0921
70189	0.016	-0.039	-0.002	0.4010	-0.2923	2.0755
70228	-0.030	-0.029	-0.001	0.4011	-0.2919	2.0537
70232	-0.030	-0.029	-0.001	0.4011	-0.2919	2.0537
70237	-0.030	-0.029	-0.001	0.4011	-0.2919	2.0537
70296	0.160	-0.040	-0.001	0.4012	-0.2915	2.0187
70296	0.160	-0.040	-0.001	0.4012	-0.2915	2.0187
70298	0.160	-0.040	-0.001	0.4012	-0.2915	2.0187
70332	0.191	-0.051	-0.001	0.4013	-0.2912	1.9945
70346	0.189	-0.052	-0.001	0.4013	-0.2911	1.9879
70364	0.182	-0.053	-0.001	0.4013	-0.2911	1.9786
70375	0.182	-0.053	-0.001	0.4013	-0.2911	1.9786
70395	0.141	-0.048	-0.001	0.4014	-0.2909	1.9557
70430	0.116	-0.043	-0.001	0.4014	-0.2908	1.9444
70434	0.116	-0.043	-0.001	0.4014	-0.2908	1.9444
70458	0.109	-0.044	-0.001	0.4014	-0.2906	1.9321
70485	0.111	-0.044	-0.001	0.4015	-0.2905	1.9141
70495	0.111	-0.044	-0.001	0.4015	-0.2905	1.9141
70549	0.169	-0.049	-0.001	0.4016	-0.2903	1.8755
70549	0.169	-0.049	-0.001	0.4016	-0.2903	1.8755
70555	0.169	-0.049	-0.001	0.4016	-0.2903	1.8755
70576	0.187	-0.054	-0.001	0.4016	-0.2902	1.8616
70595	0.209	-0.063	-0.001	0.4016	-0.2901	1.8498
70634	0.260	-0.079	-0.000	0.4017	-0.2900	1.8347
70634	0.260	-0.079	-0.000	0.4017	-0.2900	1.8347
70658	0.270	-0.084	-0.000	0.4017	-0.2899	1.8227
70677	0.226	-0.082	-0.000	0.4017	-0.2899	1.8086
70734	0.057	-0.053	-0.001	0.4018	-0.2897	1.7694
70734	0.057	-0.053	-0.001	0.4018	-0.2897	1.7694
70734	0.057	-0.053	-0.001	0.4018	-0.2897	1.7694
70760	0.072	-0.048	-0.001	0.4018	-0.2896	1.7527
70774	0.086	-0.048	-0.001	0.4018	-0.2896	1.7444
70794	0.123	-0.050	-0.001	0.4019	-0.2895	1.7273
70816	0.128	-0.051	-0.001	0.4019	-0.2894	1.7136
70861	0.139	-0.052	-0.001	0.4020	-0.2892	1.6860
70863	0.139	-0.052	-0.001	0.4020	-0.2892	1.6860
70875	0.127	-0.049	-0.001	0.4020	-0.2892	1.6780
70895	0.046	-0.036	-0.001	0.4020	-0.2891	1.6625
70914	-0.022	-0.022	-0.001	0.4021	-0.2890	1.6477
70978	-0.055	-0.004	-0.001	0.4021	-0.2887	1.6065
70978	-0.055	-0.004	-0.001	0.4021	-0.2887	1.6065
70978	-0.055	-0.004	-0.001	0.4021	-0.2887	1.6065
71025	-0.039	-0.002	-0.001	0.4021	-0.2884	1.5719
71025	-0.039	-0.002	-0.001	0.4021	-0.2884	1.5719
71034	-0.039	-0.002	-0.001	0.4021	-0.2884	1.5719
71057	0.018	-0.008	-0.001	0.4021	-0.2883	1.5500
71082	0.088	-0.016	-0.001	0.4021	-0.2881	1.5337
71097	0.132	-0.026	-0.000	0.4021	-0.2880	1.5187
71119	0.137	-0.032	-0.000	0.4021	-0.2879	1.5050
71146	0.130	-0.037	-0.000	0.4021	-0.2878	1.4911
71157	0.131	-0.039	-0.000	0.4021	-0.2878	1.4820
71175	0.131	-0.039	-0.000	0.4021	-0.2878	1.4820
71199	0.192	-0.053	-0.000	0.4021	-0.2876	1.4554
71223	0.213	-0.060	-0.000	0.4021	-0.2876	1.4437
71235	0.213	-0.060	-0.000	0.4021	-0.2876	1.4437
71254	0.231	-0.069	-0.000	0.4021	-0.2875	1.4221
71309	0.191	-0.074	-0.000	0.4021	-0.2874	1.3958
71311	0.191	-0.074	-0.000	0.4021	-0.2874	1.3958
71317	0.191	-0.074	-0.000	0.4021	-0.2874	1.3958
71336	0.167	-0.075	-0.000	0.4021	-0.2874	1.3793
71374	0.170	-0.075	-0.000	0.4021	-0.2873	1.3626
71374	0.170	-0.075	-0.000	0.4021	-0.2873	1.3626
71395	0.181	-0.075	-0.000	0.4021	-0.2874	1.3541
71414	0.195	-0.076	-0.000	0.4021	-0.2873	1.3394
71442	0.208	-0.076	-0.000	0.4021	-0.2873	1.3304
71458	0.219	-0.078	-0.000	0.4021	-0.2872	1.3186
71515	0.166	-0.075	-0.000	0.4021	-0.2871	1.2921
71522	0.147	-0.071	-0.000	0.4021	-0.2871	1.2859
71524	0.147	-0.071	-0.000	0.4021	-0.2871	1.2859
71534	0.147	-0.071	-0.000	0.4021	-0.2871	1.2859
71587	0.034	-0.040	-0.000	0.4021	-0.2870	1.2473
71587	0.034	-0.040	-0.000	0.4021	-0.2870	1.2473
71595	0.034	-0.040	-0.000	0.4021	-0.2870	1.2473
71653	0.031	-0.034	-0.000	0.4021	-0.2868	1.1995
71655	0.031	-0.034	-0.000	0.4021	-0.2868	1.1995
71655	0.031	-0.034	-0.000	0.4021	-0.2868	1.1995
71680	0.016	-0.032	-0.000	0.4021	-0.2868	1.1866
71712	-0.034	-0.024	-0.000	0.4020	-0.2865	1.1628
71715	-0.034	-0.024	-0.000	0.4020	-0.2865	1.1628
71734	-0.034	-0.024	-0.000	0.4020	-0.2865	1.1628
71790	0.138	-0.043	-0.000	0.4020	-0.2863	1.1171
71790	0.138	-0.043	-0.000	0.4020	-0.2863	1.1171
71795	0.148	-0.049	-0.000	0.4020	-0.2862	1.1104
71816	0.146	-0.055	-0.000	0.4020	-0.2862	1.1017
71844	0.145	-0.063	-0.000	0.4019	-0.2861	1.0787
71854	0.145	-0.063	-0.000	0.4019	-0.2861	1.0787
71903	0.148	-0.067	-0.000	0.4019	-0.2859	1.0371
71905	0.148	-0.067	-0.000	0.4019	-0.2859	1.0371
71915	0.138	-0.067	-0.000	0.4019	-0.2859	1.0284
71945	0.125	-0.067	-0.000	0.4019	-0.2858	1.0124
71958	0.133	-0.068	-0.000	0.4019	-0.2858	1.0053
71974	0.152	-0.071	-0.000	0.4019	-0.2858	0.9963
71994	0.191	-0.081	-0.000	0.4019	-0.2857	0.9769
72016	0.210	-0.088	-0.000	0.4019	-0.2857	0.9634
72038	0.173	-0.087	-0.000	0.4019	-0.2856	0.9494
72058	0.125	-0.082	-0.000	0.4019	-0.2856	0.9414
72109	0.138	-0.075	-0.000	0.4019	-0.2856	0.9094
72109	0.138	-0.075	-0.000	0.4019	-0.2856	0.9094
72115	0.138	-0.075	-0.000	0.4019	-0.2856	0.9094
72141	0.109	-0.071	-0.000	0.4019	-0.2855	0.8976
72155	-0.007	-0.061	-0.000	0.4019	-0.2855	0.8842
72175	-0.066	-0.054	-0.000	0.4019	-0.2855	0.8778
72194	-0.186	-0.035	-0.000	0.4019	-0.2855	0.8629
72220	-0.251	-0.019	-0.000	0.4019	-0.2854	0.8511
72252	-0.269	0.001	-0.000	0.4019	-0.2853	0.8335
72292	-0.140	-0.004	-0.000	0.4018	-0.2850	0.8057
72292	-0.140	-0.004	-0.000	0.4018	-0.2850	0.8057
72294	-0.140	-0.004	-0.000	0.4018	-0.2850	0.8057
72335	-0.119	-0.011	-0.000	0.4018	-0.2848	0.7766
72342	-0.119	-0.011	-0.000	0.4018	-0.2848	0.7757
72359	-0.081	-0.015	-0.000	0.4018	-0.2847	0.7610
72395	0.062	-0.035	-0.000	0.4017	-0.2845	0.7390
72395	0.062	-0.035	-0.000	0.4017	-0.2845	0.7390
72415	0.161	-0.053	-0.000	0.4017	-0.2844	0.7254
72434	0.161	-0.053	-0.000	0.4017	-0.2844	0.7241
72466	0.200	-0.073	-0.000	0.4017	-0.2843	0.6991
72475	0.200	-0.073	-0.000	0.4017	-0.2843	0.6991
72495	0.200	-0.078	0.000	0.4017	-0.2842	0.6865
72518	0.221	-0.086	0.000	0.4016	-0.2842	0.6728
72572	0.235	-0.098	0.000	0.4016	-0.2842	0.6461
72572	0.235	-0.098	0.000	0.4016	-0.2842	0.6452
72616	0.207	-0.100	0.000	0.4016	-0.2842	0.6212
72618	0.207	-0.100	0.000	0.4016	-0.2842	0.6212
72618	0.207	-0.100	0.000	0.4016	-0.2842	0.6212
72672	0.125	-0.086	0.000	0.4017	-0.2843	0.5846
72674	0.125	-0.086	0.000	0.4017	-0.2843	0.5835
72676	0.125	-0.086	0.000	0.4017	-0.2843	0.5835
72701	0.104	-0.078	0.000	0.4017	-0.2843	0.5704
72727	0.080	-0.067	0.000	0.4017	-0.2844	0.5503
72736	0.080	-0.067	0.000	0.4017	-0.2843	0.5498
72754	0.071	-0.065	0.000	0.4017	-0.2843	0.5394
72801	0.107	-0.067	0.000	0.4017	-0.2842	0.5142
72801	0.107	-0.067	0.000	0.4017	-0.2842	0.5142
72815	0.107	-0.067	0.000	0.4017	-0.2842	0.5142
72837	-0.013	-0.050	0.000	0.4017	-0.2843	0.4930
72875	-0.163	-0.021	-0.001	0.4017	-0.2842	0.4737
72876	-0.163	-0.021	-0.001	0.4017	-0.2842	0.4737
72898	-0.213	-0.002	-0.002	0.4018	-0.2842	0.4612
72925	-0.150	0.005	-0.004	0.4018	-0.2841	0.4447
72941	-0.121	0.005	-0.004	0.4017	-0.2840	0.4390
72955	-0.083	0.002	-0.004	0.4017	-0.2840	0.4320
72996	0.001	-0.019	-0.004	0.4017	-0.2838	0.4087
73000	0.001	-0.019	-0.004	0.4017	-0.2838	0.4087
73014	0.001	-0.019	-0.004	0.4017	-0.2838	0.4087
73034	-0.048	-0.023	-0.004	0.4017	-0.2837	0.3924
73055	-0.091	-0.023	-0.004	0.4016	-0.2836	0.3799
73080	-0.105	-0.022	-0.004	0.4016	-0.2835	0.3691
73095	-0.097	-0.023	-0.004	0.4016	-0.2835	0.3630
73127	-0.073	-0.027	-0.004	0.4016	-0.2834	0.3478
73139	-0.069	-0.029	-0.004	0.4016	-0.2834	0.3419
73154	-0.048	-0.035	-0.004	0.4015	-0.2833	0.3348
73215	0.042	-0.058	-0.004	0.4015	-0.2832	0.3056
73217	0.042	-0.058	-0.004	0.4015	-0.2832	0.3056
73219	0.042	-0.058	-0.004	0.4015	-0.2832	0.3056
73234	0.052	-0.061	-0.004	0.4015	-0.2832	0.3009
73264	0.172	-0.080	-0.004	0.4014	-0.2831	0.2814
73278	0.187	-0.087	-0.004	0.4014	-0.2831	0.2702
73295	0.187	-0.087	-0.004	0.4014	-0.2831	0.2702
73346	0.115	-0.094	-0.004	0.4013	-0.2831	0.2388
73346	0.115	-0.094	-0.004	0.4013	-0.2831	0.2388
73355	0.115	-0.094	-0.004	0.4013	-0.2831	0.2388
73380	0.049	-0.084	-0.004	0.4013	-0.2832	0.2187
73408	-0.003	-0.074	-0.004	0.4013	-0.2832	0.2071
73422	-0.015	-0.070	-0.004	0.4012	-0.2832	0.2013
73441	-0.012	-0.066	-0.004	0.4012	-0.2832	0.1913
73474	0.066	-0.069	-0.004	0.4012	-0.2832	0.1749
73476	0.066	-0.069	-0.004	0.4012	-0.2832	0.1749
73495	0.066	-0.069	-0.004	0.4012	-0.2832	0.1749
73518	0.087	-0.078	-0.004	0.4011	-0.2831	0.1524
73534	0.055	-0.077	-0.004	0.4011	-0.2831	0.1468
73557	-0.019	-0.071	-0.004	0.4010	-0.2831	0.1320
